title,rating,body,author,date
Devuelta.,"1,0 de 5 estrellas","En mi caso, no digo que sea lo normal, al mes de funcionamiento ha empezado a derramar agua por debajo de la máquina. La he devuelto.",Alberto.,Revisado en España el 13 de junio de 2024
Muy pobre,"1,0 de 5 estrellas",Muy pobre,Javier Aguirre Bilbao,Revisado en España el 13 de junio de 2024
Buena,"5,0 de 5 estrellas",Es buena cafetera,Cuenta Amazón Cáceres,Revisado en España el 4 de junio de 2024
Calidad,"5,0 de 5 estrellas","Espectacular, gran calidad",Elena,Revisado en España el 3 de junio de 2024
Desastroso post venta,"1,0 de 5 estrellas","Falla a los 4 meses, la marca me da largas con la garantía, sin solución para que me la recojan, si te falla es dinero tirado a la basura",Alejandra,Revisado en España el 25 de mayo de 2024
Todo perfecto,"5,0 de 5 estrellas",Buena cafetera .Me tuesto en casa cafe verde y el resultado es optimo Gracias,juan jose marti contreras,Revisado en España el 19 de mayo de 2024
Medio bajo,"3,0 de 5 estrellas","Producto medio bajo ,por el precio que tiene no se puede pedir mas",Luis hornero garcia,Revisado en España el 2 de mayo de 2024
Buena,"5,0 de 5 estrellas",Mucho plástico pero hace su función perfectamente,Sonia,Revisado en España el 28 de abril de 2024
Como siempre la rapidez de la entrega,"5,0 de 5 estrellas",Una buena cafetera inmejorable calidad precio,Manuel García Perea,Revisado en España el 25 de abril de 2024
Temperatura,"3,0 de 5 estrellas","Play Video
La temperatura es demasiado baja! Ver vídeo! Puedes ajustar la temperatura en algún lugar? De lo contrario, no se puede utilizar para café porque la preparación está demasiado fría! La temperatura óptima de preparación del café es de 86 – 92 °C durante el proceso de preparación. A la salida de la cafetera la temperatura debe ser de aproximadamente 85 °C.",Ralf Mueller,Revisado en España el 15 de abril de 2024
Todo bien,"5,0 de 5 estrellas",Tras los primeros usos todo correcto. Buena calidad precio,Cliente Amazon,Revisado en España el 1 de abril de 2024
Llego rápido,"3,0 de 5 estrellas",Preciosa pero a la semana se rompió la jarrita,Lourdes R.,Revisado en España el 27 de marzo de 2024
Buena calidad,"5,0 de 5 estrellas",Muy buena la recomiendo,Johana,Revisado en España el 13 de marzo de 2024
El precio,"1,0 de 5 estrellas","En general bien, el cuerpo un poco endeble, pero bien",Samuel Permuy Peña,Revisado en España el 12 de marzo de 2024
cumple su funcion,"4,0 de 5 estrellas","ajustada relación articulo calidad-precio, excesivo plástico en su fabricación (titulo ya lo indica) y austeros acabados, aunque cumple su función y de fácil uso",carlos martinez porcar,Revisado en España el 8 de marzo de 2024
Calidad precio,"4,0 de 5 estrellas",Buena calidad precio.,Andrei G,Revisado en España el 3 de marzo de 2024
Funciona bién,"5,0 de 5 estrellas","La cafetera es lo que queriamos, está bien hecha y funciona bién.",Gemma,Revisado en España el 28 de febrero de 2024
Genial,"5,0 de 5 estrellas",Buen producto y a muy buen precio.,Mary,Revisado en España el 22 de febrero de 2024
Calidad,"5,0 de 5 estrellas",La compré en diciembre y funciona muy bien..hace capuchinos muy cremosos y el depósito extraible de leche es muy práctico...el café sale caliente y cremoso si le coges el tranquillo al molinillo..tb se limpia sola cosa que agradezco,Antonio,Revisado en España el 20 de febrero de 2024
mala calidad de plasticos. no encajan las piezas,"1,0 de 5 estrellas","Nos pareció sospechoso que la caja estuviera claramente manipulada y abierta, asi como que las piezas no estuvieran en sus cartones y bolsas de plasticos. Aparentemente se habia usado porque no encontramos restos de cafe, posos en filtro ni en la jarra. Comprendimos que el anterior comprador tuvo la misma pesima impresion que nosotros: plasticos de muy mala calidad, apertura de filtro que apenas encaja sin tener que forzarla y cafetera muy endeblita en general. Compre TAURUS huyendo de otras marcas ""baratas"" pero decepción total de cafetera. La proxima será MELITTA u otro fabricante con mejor calidad (y más precio obviamente).",FRANCISCO NIEVES TOLEDO,Revisado en España el 18 de febrero de 2024
Perfecto,"5,0 de 5 estrellas",Todo bien como siempre,Juan Rodriguez,Revisado en España el 5 de febrero de 2024
Genial espuma,"5,0 de 5 estrellas",Espuma de los capuchinos genial. Calidad precio del producto muy buena.,Eduardo R G,Revisado en España el 30 de enero de 2024
Mal,"1,0 de 5 estrellas","Se ha estropeado en una semana, hemos pedido la devolución y no viene nadie a buscarla. Fatal la cafetera y fatal Amazon",LDF,Revisado en España el 10 de enero de 2024
No me ha gustado,"3,0 de 5 estrellas","Compré la cafetera el 16 pero no me gustó, no tenía opción de café largo que es el que más hacemos en casa. Por lo demás se ve de calidad. La pega es que la devolví y el dinero me tenía que llegar como mucho el 26 de diciembre, el día 6 de enero contacté con el vendedor después de esperar y sobrepasar ampliamente el plazo y me contestó el 7 que iba a verificar el estado, no dijo nada y he tenido que contactar con Amazon y amablemente han solucionado el problema mediando ellos, pero el mal rato te lo llevas, que son 300 euros que ves que no te están devolviendo como toca.",Esther,Revisado en España el 9 de enero de 2024
Excelente cafetera automática,"5,0 de 5 estrellas","Puedes tomar café riquísimo con un solo botón, incluso con leche. Muy fácil de configurar y limpiar.",Alfonso,Revisado en España el 26 de diciembre de 2023
El artículo se devolvio,"2,0 de 5 estrellas",No hacía el café con leche ni capuccino. Una pena porque hacía muy buen café.,Lilo,Revisado en España el 13 de diciembre de 2023
Cafetera semiautomática compacta,"5,0 de 5 estrellas","Mi incursión en el mundo del café en grano y de especialidad no ha podido ser mejor gracias a esta cafetera semiautomática.
Fácil de usar y de instalar y con dimensiones que se adaptan a casi cualquier rincón en la cocina.",Alejandro,Revisado en España el 12 de diciembre de 2023
Cafetera correcta,"5,0 de 5 estrellas","Lo esperado, cumple perfectamente",Suso,Revisado en España el 26 de noviembre de 2023
Muy recomendable,"5,0 de 5 estrellas","Play Video
Compré está cafetera porque teníamos una de este tipo en la oficina
Tras unas semanas de uso estamos encantados. Menú muy intuitivo, café rico y el espumador con el depósito de leche es un plus",Manuel M LLama,Revisado en España el 26 de noviembre de 2023
Gran cafetera latte al mejor peecio,"5,0 de 5 estrellas","Have años que tengo superautomaticas , quería una con opción latte sin pagar demás . Muy contento con la cafetera de Taurus",Cliente Amazon,Revisado en España el 24 de noviembre de 2023
Fácil de usar,"5,0 de 5 estrellas",Me ha encantado la cafetera y es muy fácil de usar,"Pedro, Moreno",Revisado en España el 20 de noviembre de 2023
Cafe de barista y muy compacta,"5,0 de 5 estrellas","Las funciones que tiene para preparar el café son fáciles y rápidas de programar, además de que el depósito de leche la deja súper espumosa para el capuccino. Me cabe genial en la cocina y eso que tenía el espacio justo, se nota que es súper compacta. Además la entrega fué muy rápida, la recomiendo!!",Blanca,Revisado en España el 20 de noviembre de 2023
genial,"5,0 de 5 estrellas",era para un regalo y esta muy contenta. con descuento. calidad precio excelente.,Antonio,Revisado en España el 18 de noviembre de 2023
Cafetera top súper compacta,"5,0 de 5 estrellas","He probado varías cafeteras automáticas domésticas y esta es la mejor sin duda. Súper sencilla , con todos los accesorios integrados y muy compacta (un plus para no tener demasiados electrodomésticos en cocina) y además muy intuitiva con muchos tipos de café. El café está buenísimo, como un barista profesional… estoy muy contenta con esta compra.",Mamen,Revisado en España el 17 de noviembre de 2023
Cafetera,"5,0 de 5 estrellas","Cafetera de toda la vida y que funciona perfectamente a día de hoy la sigo teniendo y usando a diario, recomendable",Christian,Revisado en España el 13 de noviembre de 2023
Esta muy bien,"4,0 de 5 estrellas",Esta muy bien para hacer café de diario. Los materiales son de platico y pueden parecer frágiles pero cumplen.,aquesadarascon,Revisado en España el 13 de octubre de 2023
Bueno,"5,0 de 5 estrellas",Muy buena y muy eficaz,Dorina Popa,Revisado en España el 10 de octubre de 2023
Buen producto,"5,0 de 5 estrellas","buen producto a buen precio. Lo llevamos utilizando hace unos meses y todo correcto.
Una cafetera de goteo de calidad a buen precio",jesus,Revisado en España el 6 de octubre de 2023
Perfecto,"5,0 de 5 estrellas",Es tal cual anuncia el vendedor.,Jordi,Revisado en España el 25 de septiembre de 2023
Muy buena relación calidad precio,"4,0 de 5 estrellas",Hace un café estupendo. Fácil de limpiar.,Susana,Revisado en España el 22 de septiembre de 2023
Cafetera,"3,0 de 5 estrellas","Tiene buen precio, pero no de muy buena calidad.",De muy buena calidad.,Revisado en España el 12 de agosto de 2023
Pequeñita para una persona,"5,0 de 5 estrellas",Me ha gustado el tamaño que tiene porque para una persona para hacerte un café de dos tazas es perfecta y muy ligera,Cliente Amazon,Revisado en España el 9 de agosto de 2023
Filtro,"4,0 de 5 estrellas",Al poco tiempo se rompió el filtro,Beatriz Francisco Lago,Revisado en España el 19 de julio de 2023
Buena marca,"4,0 de 5 estrellas","Esta muy bien, es una cafetera normalita. El problema es que la taza es pequeña. Pero nada más.",Javier,Revisado en España el 13 de julio de 2023
Útil y fácil de usar,"5,0 de 5 estrellas",Una buena compra. Relación calidad precio adecuada. Funciona perfectamente. Empacado con mucho cuidado.,Carolina Erazo Rivera,Revisado en España el 4 de julio de 2023
Mediocre,"3,0 de 5 estrellas",Plásticos de mala calidad,Isabel,Revisado en España el 29 de junio de 2023
Practica y sencilla de usar.,"5,0 de 5 estrellas","Sencilla de usar, bonita y económica.",DOLORES UREÑA,Revisado en España el 27 de junio de 2023
Buena funcionalidad,"4,0 de 5 estrellas",Buena calidad,maria,Revisado en España el 17 de junio de 2023
Cómoda y funcional,"4,0 de 5 estrellas",Tal como indica es el producto,Miguel Angel,Revisado en España el 15 de junio de 2023
"Bueno, no está mal...","3,0 de 5 estrellas","Tenía una Taurus similar pero se estropeó. He pedido una similar, por no decir igual, y las calidades han descendido un montón... No me la esperaba así, sinceramente.",Cliente Amazon,Revisado en España el 13 de junio de 2023
Decepcionante,"2,0 de 5 estrellas","Taurus era una marca de confianza, pero esta cafetera no les ha salido muy bien, las medidas del depósito de agua y las de la jarra no coinciden, no sabes cuánto café estás haciendo, el muelle de goteo funciona unas veces si y otras no, para servir el café la tapa de la jarra ha de estar abierta o se sale por todos lados. En definitiva me ha decepcionado, no la compréis",Amazon Customer,Revisado en España el 10 de junio de 2023
Todo bien,"5,0 de 5 estrellas",Funciona perfectamente. Muy rapida,Fer,Revisado en España el 7 de junio de 2023
Me gusta,"5,0 de 5 estrellas",Trae filtro y cuchara medidora,Cindy Pamela Suazo Agurcia,Revisado en España el 30 de mayo de 2023
rapidez,"5,0 de 5 estrellas",muy buena y comoda,Gloria,Revisado en España el 26 de mayo de 2023
Normal,"4,0 de 5 estrellas","Hace su función de manera normal, el café sale muy rico pero eso ya depende del que compres. Diría que la anterior que tuve tardaba algo menos pero nada importante.",William,Revisado en España el 23 de mayo de 2023
Segunda cafetera. Segunda devolución,"1,0 de 5 estrellas","Compré en su dia esta cafetera. Al año, dejo de funcionar. Amazon me hizo un reemplazo sin mayor problema. Esa segunda se acabo fastidiando con el tiempo y entré a comprar otra dado el buen servicio postventa que me ofrecieron. Tirando de reviews compré la misma sin caer que era el mismo modelo.
Ni 3 meses después, deja de funcionar. Contacto con amazon y que me apañe con el fabricante. No recomiendo para nada comprarla. El uso ha sido de una cafetera cada 2 dias y una vez acabada se ha apagado de la corriente, ni se ha usado para calentar el café ni nada. Vale la pena gastar mas dinero en algo mejor.",Quintaro,Revisado en España el 21 de mayo de 2023
Calidad Precio perfecta para el día a día sin lujos,"5,0 de 5 estrellas","Es una cafetera sin pretensiones que va perfecta para la utilización del día a día, muy sencilla, hace buen café y de muy fácil manejo.",Javier Frutos,Revisado en España el 5 de mayo de 2023
Gotera,"4,0 de 5 estrellas","Buena cafetera,lo único que el filtro del café se tumba de lado enseguida y se te cae el café",Santiago,Revisado en España el 2 de mayo de 2023
Perfecto,"5,0 de 5 estrellas",Según la descripción y funciona perfectamente,Fede,Revisado en España el 30 de abril de 2023
Muy bien,"5,0 de 5 estrellas",Que decir de la cafetera de toda la vida va genial,Elisabel,Revisado en España el 26 de abril de 2023
La jarra de cristal se rompe facilmente,"3,0 de 5 estrellas","Ya llevo 2 jarras desde que la compré y voy a comprar la tercera.
No me gusta la calidad de este cristal he tenido otras y son bastante más resistentes",Pere,Revisado en España el 15 de abril de 2023
Jarra cristal mal templada,"1,0 de 5 estrellas",La jarra de cristal se ha quebrado por debajo a los dos días de usarla.,Charly,Revisado en España el 30 de marzo de 2023
Me encanta!,"5,0 de 5 estrellas","He dejado de fumar hace tres años. Con ello el café no me gustaba tanto.. pero lo necesito. Y esta cafetera ha vuelto a hacer que me guste. Es mas me encanta el café con esta maquina. Unico pero. La base no tiene ninguna gomita anti deslizante. Tienes aue aguantarla para pulsar el botón o se va.. jaja. Otro contra es la jarra. No ha roto todavia. Pero la veo super delicada.. tampoco se le puede pedir mas por el precio. Un 10. Me encanta. Por saber si me gustaba este tipo de café me ha valido. Ya si quieres mas pues a comprar un modelo mas “profesional” y no ocasional. Es mi expresión a decir que se ve muy simple. Ligera, exenta de larga durabilidad pero igual nos sorprende. Una semana con ella. Espero que dure mucho. No está el tiempo para andar gastando jaja recomiendo su compra si.",Ben,Revisado en España el 28 de marzo de 2023
Buena cafetera de calidad,"5,0 de 5 estrellas","Buena cafetera, fácil de usar y limpiar, trae filtro incluido.",Roberto Almoril,Revisado en España el 15 de marzo de 2023
Practica y comoda,"4,0 de 5 estrellas","Cafetera practica para el dia a dia. Varios inconvenientes:
1. El depósito de agua es pequeño, con lo que la jarra no se llena de café completamente.
2. No hay filtros standard para ella. Hay que recortarlos.
3. Deja un poco de sedimento en el cafe.

Aun asi, sirve para el dia a dia y hacer cafe para 3-4 tazas sin problema",Blanca,Revisado en España el 6 de marzo de 2023
Regular,"2,0 de 5 estrellas",Difícil de manejar por el poco peso que tiene,Isabel,Revisado en España el 5 de marzo de 2023
Me ha durado dos años y media,"1,0 de 5 estrellas",Una porqueria de producto. La usamos una vez a la semana y se han quemado las resistencias,Patricia sanz tola,Revisado en España el 28 de febrero de 2023
Cafetera 12t Taurus,"5,0 de 5 estrellas","Sensacional. Gran capacidad, rapida y silenciosa.",Rodri,Revisado en España el 24 de febrero de 2023
su utilidad,"5,0 de 5 estrellas",muy bueno,Cliente de Kindle Juan Manuel Larios lledo,Revisado en España el 18 de febrero de 2023
Buen producto,"5,0 de 5 estrellas","Pille una oferta y no lo pensé, buena marca a precio inmejorable. Luego en casa lo esperado. Funciona muy bien y rápida",Javier Delgado González,Revisado en España el 18 de febrero de 2023
Muy buen producto,"5,0 de 5 estrellas","Buena compra en relación a precio y calidad, recomendado",Elizabeth,Revisado en España el 14 de febrero de 2023
Buena calidad del café,"5,0 de 5 estrellas","Da para doce tazas cada vez, buen sabor del café. Sin problemas, fácil de usar",Hector,Revisado en España el 13 de febrero de 2023
Lo malísima que me ha salido,"1,0 de 5 estrellas",Es un desastre de cafetera no la compreis,Miguel Ángel Posado Rebordinos,Revisado en España el 9 de febrero de 2023
Buena cafetera,"4,0 de 5 estrellas","Buena cafetera aunque quizá el depósito de café lo veo un poco endeble, parece que se vaya a romper cuando la abres",RICARDO,Revisado en España el 20 de enero de 2023
Esta bien,"3,0 de 5 estrellas","Está bien cumple las expectativas, no diría que es la mejor opción posible pero la verdad que para usarla de forma eventual cumple más que suficiente.",Sergio Navarro,Revisado en España el 13 de enero de 2023
Hermoso,"5,0 de 5 estrellas",Bueno bonito y económico va genial !! Y es el tamaño. Ideal para una pareja !! Me encanto,Karen Baez,Revisado en España el 12 de enero de 2023
Correcto,"5,0 de 5 estrellas",Funciona muy bien. Hace su trabjo,marc,Revisado en España el 8 de enero de 2023
Facilidad de uso y calidad del café.,"5,0 de 5 estrellas",Esta es la quinta que tenemos del mismo modelo y siempre las hemos cambiado por el desgaste. La utilizamos mucho!,Arturo Navarro Arranz,Revisado en España el 1 de enero de 2023
Geniales,"5,0 de 5 estrellas","Una cafetera pequeña y sencilla de usar , con unos resultados geniales",Cliente Amazon,Revisado en España el 16 de diciembre de 2022
cafetera de filtro,"4,0 de 5 estrellas",de momento funciona bien,Claris,Revisado en España el 12 de diciembre de 2022
Cafetera,"5,0 de 5 estrellas",Es buenísima y la recomiendo,Cliente Amazon,Revisado en España el 6 de diciembre de 2022
Perfecta relación calidad/precio,"5,0 de 5 estrellas","Perfecta para hacer capuccinos/caffe latte. Saca buena espuma, es fácil de manejar y muy intuitiva. Recomendable un vistazo al manual para conocer los símbolos que van apareciendo de vez en cuando y pueden dejarte atascad@: p.ej. la limpieza del cabezal donde se deposita la dosis del café.
Como única pega, no tiene (o aún no lo he descubierto) un dosificador a parte del de grano, que sería útil para situaciones como la nuestra, que dependiendo de la persona bebe café normal y otras descafeinado. Lo bueno es que puedes hacerte la emulsión de la leche sola, con lo que luego puedes añadir café o té.
Muy muy muy recomendable por su relación calidad/precio.",JV,Revisado en España el 7 de julio de 2024
Segundas partes nunca fueron buenas...,"4,0 de 5 estrellas","Se rompió la jarra de mi ""antigua"" cafetera Taurus Verona 6 y debido al elevado costo del recambio, opté por comprar la misma cafetera. Miré otras marcas y modelos, pero el buen resultado de mi querida cafetera, me hizo decantar la compra por el mismo modelo. Este ""nueva"" versión de la Taurus Verona 6 ""versión 2.0"", funciona de maravilla, pero muestra el ""aligeramiento"" de los materiales para reducir costes. No parece tan robusta y los plásticos son algo mas delgados. Entre lo positivo, el porta-filtros que ahora puede desmontarse para limpiar, el visor frontal de agua, temporizador de desconexión y la rapidez en disponer del café. Entre lo negativo, la aparente ""fragilidad"" por el plástico empleado y el pulsador de encendido/apagado (no se le puede acoplar un interruptor horario programable, para tener el café a la hora deseada). A pesar de todo espero que mi nueva cafetera me dure como la primera.",Pelotillo,Revisado en España el 5 de junio de 2020
Muy cómoda. Café sale muy bueno,"5,0 de 5 estrellas","Es muy fácil e intuitiva de usar. El café solo sale bueno. El con leche y capuchino, espectacular de rico.
El auto limpiado está muy bien y el mantenimiento ( limpiar el depósito y demás) muy cómodo y te avisa cuando hacerlo ( cada 8-10 cafés mas o menos ).
Muy contento con la compra",Gusman,Revisado en España el 15 de junio de 2024
Perfecta relación calidad precio,"5,0 de 5 estrellas","Compramos la cafetera para reducir el coste y desperdicio de la cafetera de capsulas que teníamos anteriormente. Ya había tenido cafeteras de este tipo por lo que conocía su funcionamiento.

La cafetera llegó a tiempo, perfectamente embalada y en buen estado.

Funcionamiento sencillo y eficaz. Permite hasta 4 tazas (de buen tamaña) y mantiene el café caliente después de haber terminado de prepararlo.

Fácil de limpiar el filtro reutilizable que tiene y la taza de cristal.

Hasta ahora, encantados con el rendimiento de la máquina",Cliente Amazon,Revisado en España el 28 de noviembre de 2022
Buen café,"5,0 de 5 estrellas","Algo lenta en calentar, pero hace el café muy rico. El espumador es una pasada, lo pone como en las cafeterías.",Roberto,Revisado en España el 29 de junio de 2024
Muy buena calidad,"5,0 de 5 estrellas","Llegó bien empanada y protegida, enviaron el Albarrán de la compra trajo de regalo una cuchara medidora, la jarra es de un vidrio que es grueso y se nota resistente, encantada con la compra",Valessa,Revisado en España el 19 de julio de 2024
Excelente,"5,0 de 5 estrellas",Precio cálidas super recomendada. Ha sido la que más me a durado hasta el punto que compre otra para el trabajo,Cliente Amazon,Revisado en España el 18 de julio de 2024
Modelo idóneo.,"5,0 de 5 estrellas",Elijo este modelo porque me gusta prepararme el café muy diluido y con esta cafetera de goteo lo puedo conseguir.,Margarita B. de Palma de Mallorca.,Revisado en España el 30 de junio de 2024
Buen café,"5,0 de 5 estrellas",La cogí porque se me estropeó la que tenía y la verdad que muy contenta con ella.,Sony,Revisado en España el 28 de junio de 2024
Temperatura,"3,0 de 5 estrellas","La temperatura es demasiado baja! Ver vídeo! Puedes ajustar la temperatura en algún lugar? De lo contrario, no se puede utilizar para café porque la preparación está demasiado fría! La temperatura óptima de preparación del café es de 86 – 92 °C durante el proceso de preparación. A la salida de la cafetera la temperatura debe ser de aproximadamente 85 °C.",Ralf Mueller,Revisado en España el 15 de abril de 2024
Cafetera de goteo acorde al precio,"4,0 de 5 estrellas","Me he pasado de la cafetera de cápsulas a la de goteo por dos motivos, porque tomo mucho café al día y necesito que sea más suave y ya de paso todo sea dicho, el gasto el café es más económico.

Porqué he elegido esta? No es porque sea tauro ( que lo soy 😆) básicamente buscaba una marca de confianza, porque lleva toda la vida haciendo pequeño electrodoméstico y porque estéticamente me ha gustado.

Y después de este preámbulo...qué tal café hace y qué tal es?

El café sale rico y qué tal es?

Bueno pues para lo que hemos pagado.. es lo que hay, la jarra está bien pero al sacar la propia jarra y tener poco peso la cafetera...pues la desplazas y la parte de arriba donde está el filtro es donde se nota que es un poco endeble pero no quiere decir que sea mala.
Tiene un sistema anti goteo y se apaga sola tras hacer el café a los 40 minutos.
Está guay porque donde apoya la jarra mantiene más tiempo caliente el café

Resumen: si no te quieres gastar mucho es una buena opción. No es la mejor pero si muy aceptable y hace buen café y estéticamente es muy chula.",SUBARASHII😺,Revisado en España el 30 de noviembre de 2020
Cafetera básica,"4,0 de 5 estrellas","Es una cafetera de goteo básica básica.
Queríamos una cafetera para hacer del tirón el café de todos por la mañana y en eso cumple. Me gusta que es pequeñita y no hace demasiado ruido.
Su uso no puede ser más fácil, rellenar café y agua, darle a un botón y esperar 5/10 minutos y ya.

Porque no le pongo 5 estrellas?

Porque costando más de 20e esperaba mejores materiales, es muy plasticosa.
Además es muy lenta. Si haces para 10 tazas (Que vienen siendo unas 6 o 7 normales) tarda casi 10 minutos.
En la foto de la caja sale que hace el café con crema pero que va, no tiene potencia suficiente para ello (y eso usando café del bueno,que en la automática sale un cuarto de taza de crema).

Vamos, que si lo que buscáis es una cafetera baratilla que no ocupe mucho para hacer el café de todos del tirón es una buena opción.

Pero si lo que queréis es una cafetera rápida, de calidad y que haga un delicioso café cremoso...mejor invertir un poco más.

Os pongo fotillos para que veáis los materiales y como hace el café",Alexa,Revisado en España el 9 de agosto de 2019
Muy buena relación calidad precio,"4,0 de 5 estrellas","Play Video
Hace un café estupendo. Fácil de limpiar.",Susana,Revisado en España el 22 de septiembre de 2023
Una cafetera muy muy básica,"2,0 de 5 estrellas","La cafetera cumple su papel, pero tiene una apariencia muy pobretona. El material no me gustó.",Murcia,Revisado en España el 14 de junio de 2024
Muy recomendable,"5,0 de 5 estrellas","Compré está cafetera porque teníamos una de este tipo en la oficina
Tras unas semanas de uso estamos encantados. Menú muy intuitivo, café rico y el espumador con el depósito de leche es un plus",Manuel M LLama,Revisado en España el 26 de noviembre de 2023
Cafetera de plastico y endeble,"3,0 de 5 estrellas","No entiendo tantas buenas reseñas. Tuve una cafetera de 15 euros que era mejor que ""esto"". Me duró 16 años, esta no creo que dure ni uno. Es de plasticucho malo, endeble, la sujección del portafiltros es floja e inestable, el filtro no encaja bien, parece como si no fuera especifico de esta cafetera. La superficie de la base sobre la que se pone la jarra tiene marcas por el perimetro, como si la hubieran sujetado con unas pinzas de herrero, y ademas venia sin embalar, en su propia caja pero sin proteccion alguna de la misma, inexplicable tratándose de un objeto con cristal. Es tan ligera que no puede operarse con una mano, ya que no tiene goma en las patas y resbala por toda la encimera. Vamos es de chiste. No tengo ni idea de qué tal café hará, porque solo de ver lo endeble que es la he devuelto en el acto. Demasiado cara para la calidad que tiene, prefiero buscar otra.",Gabriel,Revisado en España el 2 de septiembre de 2022
Buena bonita y barata,"5,0 de 5 estrellas","Pues a pesar de que elegí esta cafetera por su precio y buenas opiniones, me ha sorprendido porque no esperaba que funcionara tan bien como lo hace.
Partiendo de la base el tipo de café que hace tipo de cafeteras, tengo que decir que sale muy bueno. Ni un resto de posos en el café, el filtro permanente lavable que contiene hace muy bien su función.
El manejo es muy sencillo, tanto el llenado de deposito de agua como la realización del café. Un punto a favor es que se puede programar para que te prepare el café cuando quieras tenerlo listo (por ejemplo por la mañana al levanatarse). He probado o programación y lo hace estupendamente y no es nada complicado de hacer. Únicamente hay que tener en cuenta que se debe poner en hora el reloj, y luego se programa la hora de preparación. Si se desenchufa obviamente pierde la hora del reloj, hay que tenerlo en cuenta.
Desde luego la relación calidad precio es buenísima, la oferta actual de Amazon es muy buena. Volvería a comprarla para regalar o la recomendaría a mi familia o amistades.",Carol,Revisado en España el 27 de enero de 2021
Excelente cafetera automática,"5,0 de 5 estrellas","Play Video
Puedes tomar café riquísimo con un solo botón, incluso con leche. Muy fácil de configurar y limpiar.",Alfonso,Revisado en España el 26 de diciembre de 2023
La mejor cafetera,"5,0 de 5 estrellas","Me ha funcionado tan bien que tuve que cambiarla porque la primera se me estropeó a causa de una subida de tensión y la volví a comprar. Fácil de limpiar: la jarra y el soporte del filtro. Puedes dosificar la intensidad del café, para 6 tazas de agua añado 5 cucharadas de café molido y un poco de canela en polvo, sale un café suave y muy aromático. Pero atención: no utilizo el filtro de plástico que viene con la cafetera, utilizo filtros de papel Melitta directamente en el soporte. Al principio usaba el filtro original y dejaba demasiado poso de café, con el de papel esto no ocurre.",Ruth Saavedra,Revisado en España el 7 de mayo de 2022
"Buena,bonita y barata","4,0 de 5 estrellas","Empecemos hablando que es una cafetera barata, por lo que partimos de que casi todo es plástico. Llevo con ella casi un año y tienes sus cosillas, un pelin lenta si haces el tope de cafés que te deja.Nada del otro mundo. En cuanto al cuerpo de la cafetera es todo de plástico que da la sensación de que se va a romper pero a la mía le he echo de todo y hay sigue.
En cuanto a los que mas me cabrea por decirlo de alguna manera es que el filtro pilla el color del café y no hay manera de quitárselo.",FjModder,Revisado en España el 21 de junio de 2020
Llevo mucho tiempo usando éste modelo,"5,0 de 5 estrellas","Me gusta mucho ésta cafetera por el diseño, no ocupa demasiado espacio, por la rapidez con la que hace el café y lo bueno que sale. Habrá cafeteras más bonitas, pero hasta ahora ésta es la que más me gusta. El precio no puede ser mejor. La anterior que tenía no sé la de años que me tiré con ella. Encima la jarra es de 12 tazas para lo poco que abulta la cafetera. De momento no cambio de marca ni de modelo.",ROSAG,Revisado en España el 14 de enero de 2022
Muy buena compra,"4,0 de 5 estrellas","Buscaba una cafetera sencilla, barata y eficiente, no quería un robot que se encendiera para preparar el café, o demás complicaciones, sólo una cafetera simple, vi los comentarios de esta y la verdad estoy muy a gusto con la compra, es sencilla, buen precio y cumple con su función, muy buena. Solo modificaría el que al abrir para poner quitar café el soporte del filtro queda enganchado con el vaso de la cafetera, hay que cogerle el tranquillo, pero fuera de eso va muy bien.",HEGOMU,Revisado en España el 7 de agosto de 2020
Sin duda repetiría,"5,0 de 5 estrellas","Es la más compacta que he tenido y llevo más de 20 años usando este tipo de cafeteras.
Es muy rápida a la hora de hacer el café y hace muy poco ruido.
El café es el típico que sale con este tipo de cafeteras. La cantidad máxima da para dos vasos completos de café. Yo no uso el cestillo para el café que viene, utilizo directamente un filtro de café tipo 2. El café me sale oscuro, no aguado, eso sí, recordemos que es una cafetera de goteo.",Luis,Revisado en España el 26 de julio de 2021
Fácil de usar y de limpiar. Materiales parecen poco resistentes,"3,0 de 5 estrellas","La he comprado porque la vi en casa de un familiar y me parecía bastante buena. Una vez en casa en las indicaciones de uso, dice que hay que realizar un par de usos solo con agua para limpiar los conductos de la máquina, pero no son suficientes, así que recomiendo al menos realizar 6 procesos, ya que el primer café me salió con sabor a plástico caliente. Después de eso, sale un buen café, rápido y sencillo de usar. La única pega que le puedo poner a parte de que los materiales no parecen muy resistentes es que en mi caso la tapadera de la jarra no está bien posicionada con respecto al orificio de salida del café como se puede ver en la foto",Miguel Sánchez fdez,Revisado en España el 16 de diciembre de 2020
Frágil,"4,0 de 5 estrellas","Cafetera de plástico y la jarra de cristal que no pesa nada, la noto muy frágil la jarra de cristal, no tiene pinta de durar mucho",Isa,Revisado en España el 8 de mayo de 2022
Buena Calidad,"5,0 de 5 estrellas","La cafetera es muy buena, tiene buenos materiales y gran capacidad para hacer unas buenas cuantas de tazas de café. Tambien se limpia muy facil, quizás el unico punto negativo que le puedo ver son... sus ""patas"", al no ser de goma... sobre una superficie lisa, resbala y se puede llegar a desplazar, por lo demás... todo genial.",P. Snake,Revisado en España el 24 de julio de 2022
Perfecta,"5,0 de 5 estrellas","Es una máquina sencilla y perfecta para hacer un buen café.
Le damos dos uso diarios y de momento va muy bien.
Calienta el agua en un momento y hace buen café.
El filtro labable es una maravilla.
Tamaño discreto cabe en cualquier rincon.
No es de las grandes pero para tomar unos buenos y abundantes cafés 4 personas va de sobras.
Para tacitas se podría estirar hasta 6 tranquilamente.",Roberto,Revisado en España el 16 de diciembre de 2021
Muy buena opción por su excelente relación calidad/precio,"5,0 de 5 estrellas","Evidentemente que no es una cafetera de cápsulas, por lo tanto, no se puede esperar de esta cafetera que haga un espresso cremoso, pues para eso ya existen otras cafeteras. En este caso, el café que resulta es más bien tipo café americano, pero es rápida, limpia, cómoda, el aroma pues como siempre depende del tipo de café que le pongas y sobretodo es muy práctica. Por su capacidad permite hacer 6 tazas de café (ideal para comidas o cenas en casa cuando hay invitados) y por supuesto, tomarte el café de primera hora y luego tomar un segundo café a media mañana, mantiene bastante bien la temperatura. El material es plástico, pero suficientemente robusto y de momento funciona a la perfección y estamos encantados. Buscábamos esto en la máquina, y a un precio muy bueno.",joaquin,Revisado en España el 18 de julio de 2016
Está como la imagen y fonctiona muy rápido,"4,0 de 5 estrellas",Está fácil de usar,Taoufik Bel afia,Revisado en España el 31 de octubre de 2022
Cumple su función,"4,0 de 5 estrellas","Para el precio que tiene funciona adecuadamente. Hace el café rápido y sin apenas ruido. Pesa muy poco, casi parece de juguete, pero por 20€ no esperaba más. Se limpia fácilmente. Por el momento estoy satisfecho.",Rubén,Revisado en España el 14 de octubre de 2021
Perfecta por el precio,"4,0 de 5 estrellas","La llevo usando más de un mes y es perfecta por el precio. Buscaba una pequeña pues tengo otra cafeteras y no quería que ocupara mucho.
El café muy bueno.",Celia Gutiérez,Revisado en España el 1 de noviembre de 2021
Recomendable,"4,0 de 5 estrellas","Ya tenía la Verona 6 como veis en la foto, pero me quedaba corto de café; así que opté por la Verona 12 y tampoco me ha decepcionado… para mi gusto, queda bien el café.",Felipe T.,Revisado en España el 20 de julio de 2021
Sencilla y funcional,"4,0 de 5 estrellas","Para purgarla, basta con hacer primero antes de usarla dos depósitos de agua sin café, y otra con dos cucharadas vinagre diluido o dos cucharaditas diluidas de bicarbonato, para quitarle el olor y sabor a nuevo empezar a disfrutarla.",Cliente Amazon,Revisado en España el 3 de mayo de 2021
Buen café,"5,0 de 5 estrellas","Te ahorras el pastizal que cuesta una máquina de las ""modernas"", sus capsulitas que generan residuos sin fin...y hace un café decente, para los que estamos ingiriendo esta infusión constantemente. Me encanta. Hace años la tengo en el trabajo, y compré otra igual para casa.",javier,Revisado en España el 20 de mayo de 2022
Correcta,"4,0 de 5 estrellas",Todo lo que debe hacer una cafetera de este tipo.,Suk!B,Revisado en España el 29 de marzo de 2022
Cumple su función.,"4,0 de 5 estrellas","Cumple su función, podría ser algo mas sofisticada, pero lo que tiene que hacer lo hace correctamente.",Cliente Amazon,Revisado en España el 19 de diciembre de 2021
"Tamaño justo, buen precio, fácil de usar y limpiar. What else?","5,0 de 5 estrellas","El tamaño justo de estanco para una persona a la que le gusta el café y no quiere ni estar haciendo cafeteras continuamente ni que se pase días hasta terminarla. No deja posos como había leído en los comentarios, si la llenas convenientemente el agua se filtra correctamente sin hacer revisar el café y por lo tanto sin posos. Es fácil de usar y fácil de limpiar",Ángel Megino Fernández,Revisado en España el 24 de abril de 2021
De calidad muy justa,"3,0 de 5 estrellas","Tengo la hermana mayor pero por espacio necesitaba una más pequeña y ha sido un poco decepcionante al comparar en la calidad de los materiales de construcción y notar una gran merma en esta, el plástico da la sensación de durar poco. Por precio calidad esta un poco por debajo hubiera preferido pagar más pero recibir un mejor artículo.",MARIA G.,Revisado en España el 12 de agosto de 2021
Justo lo que dicen,"4,0 de 5 estrellas","No huele a plastico ,fácil de usar, si no te gusta el café muy cargado, pon una dosis menos ,es decir si pones para 4 tazas echa 3 medidas de café. No se lep uede pedir más por un precio tan ridiculo, si quieres más calidad tendrás que pagarla.",FRANCISCO GOMEZ,Revisado en España el 22 de julio de 2020
Funcional y rápida,"4,0 de 5 estrellas",Nunca había tenido una cafetera de goteo y la encuentro muy prática. El café no sale aguado (es lo que me daba más miedo) y tiene muy buen sabor. Es muy fácil de limpiar y de usar. La jarra es de cristal pero el resto es de plástico y parece un poco endeble... De momento llevo un mes usándola casi cada día y no me ha dado problemas.,Little_Grasshopper,Revisado en España el 15 de agosto de 2019
Cafetera a chorro,"3,0 de 5 estrellas","Si eres de los que les preocupa que el grano de café sea molido sólo por cuchillas cerámicas, haztelo mirar.
Este trasto es para preparar tanques de café. Y ya. Cumple su función. Correcta por el precio que tiene.",Sergio Rebollo,Revisado en España el 3 de enero de 2022
Mala calidad,"1,0 de 5 estrellas","Me la han traído hoy, y hoy mismo he pedido la devolución. Es endeble, frágil, de un plástico blando que no creo que aguante mucho uso. Las partes plásticas móviles, como son el depósito para el café, o la tapa de la jarra, parece que se vayan a romper en cualquier momento. Parece de juguete, aunque mi hija tiene juguetes mucho más consistentes. He llenado y vaciado el depósito cuatro veces más dos con café, y no he conseguido que se fuera el olor y sabor a plástico en ningún momento. Y eso de que es antigoteo, desde luego no ha sido lo que he visto. Ha goteado, y mucho. Como ejemplo de la poca consistencia de sus materiales: pesa tan poco, que para encenderla, aún con el depósito lleno, tienes que sujetar con la otra mano cuando pulsas el botón de encendido para evitar que se desplace. En resumen, me ha decepcionado mucho.",carlos,Revisado en España el 8 de junio de 2020
Reseña,"1,0 de 5 estrellas","No pasaron ni dos años desde que la compré por 26€ y ha dejado de funcionar.

Entonces recurro a la garantía y me dicen que: me ofrecen o un reembolso completo si devuelvo el producto defectuoso o 3€ de descuento si la vuelvo a comprar, ahora que esta a 35€ jajaja

Deberían hacer un reemplazo del producto. Muy mal servicio Amazon

Claramente la devolví y espero la compensación económica de lo que me costó",El Yadra,Revisado en España el 16 de agosto de 2022
Malísima: 6 meses ha durado,"1,0 de 5 estrellas","La cafetera se ha estropeado en 6 meses, sin más, sin caidas, sin mal uso, sin nada de nada, ha dejado de funcionar. Además durante estos 6 meses el filtro dejaba pasar el café, por lo que acababas bebiendo cafe con tropezones. Un cero pelotero.
Edito para comentar que por suerte Amazon me la ha cambiado, muy contenta con Amazón (con la cafetera no)",Marta A.,Revisado en España el 6 de octubre de 2021
Un error de compra,"1,0 de 5 estrellas","Llegó perfectamente. Es demasiado ligera, un poco más de peso sería estupendo. El agua desborda el filtro y siempre hay posos de café. A veces se queda atascada y no sale nada, así que tienes que elevar un poco la jarra (manualmente) para que el café caiga. Malísima compra, no la recomiendo. Pensé que siendo Taurus ofrecería una cierta garantía, pero fue un error.",Cristina G,Revisado en España el 22 de enero de 2022
"Parece de juguete , las tapas de platico no encajan bien, pierde agua no es antigoteo mienten","1,0 de 5 estrellas","Parece de juguete , las tapas de platico no encajan bien
el cafe se hace rapido de sabor bien pero lo dicho es enana y por el precio me parece cara viendo otras que hay . no la recomiendo la verdad y lo de que tiene antigoteo , menuda mentira no la compreis la voy a devolver",Carlos,Revisado en España el 17 de noviembre de 2021
Averiada en un mes de uso,"1,0 de 5 estrellas","Después de unos pocos usos, el ponerla en marcha, la cafetera empezó a perder todo el agua del depósito por la base.
Se había soltado el conducto que sale del depósito hacia la resistencia.
Afortunadamente no ocurrió habiéndola dejado programada y retiramos inmediatamente el agua de la encimera, muebles y suelo de la cocina.",belen,Revisado en España el 11 de noviembre de 2021
Una PORQUERÍA con mayúsculas,"1,0 de 5 estrellas","El tamaño está bien, para una persona o una pareja, es lo correcto. Pero solo eso es lo aceptable en este producto... Calidad pésima de materiales, plástico chino malísimo con un olor insoportable que no se vá de ninguna manera, tiene pinta de romper como reciba cualquier pequeño golpe. El café para las 6 tazas sale aguado y el filtro deja pasar parte de los posos... Incomprensible!! No tiene una base antideslizante y patina en una superficie lisa. He perdido el tiempo comprando esta PORQUERÍA, no entiendo las opiniones de la gente que pone por las nubes este producto, deben estar compradas.",Ashvard,Revisado en España el 7 de julio de 2018
ha dejado de salir agua,"1,0 de 5 estrellas","quiero contactar con Taurus, ya que con Amazon es imposible, ni correo, ni teléfono, nada.
la cafetera a dejado de salir agua, he realizado las recomendaciones del fabricante en lavar con agua sola cada semana y nada. echas el agua y solo sale 3 tazas, sigues añadiendo agua y así cada rato y nada, tarda como 50 minutos en salir igualmente.
la compre en enero de este año, 2021, por favor, me pueden enviar a garantía??? gracias.",Lourdes Psicoterapeuta,Revisado en España el 28 de febrero de 2021
Funcionaba bien,"1,0 de 5 estrellas",Esta bien hace el café muy rápido ya que yo con la mitad de tazas que puede hacer tengo de sobras para dos personas .Iba muy bien pero en menos de un mes de repente puse agua como siempre y se salía por debajo así que la devolví.,Cristina,Revisado en España el 10 de diciembre de 2021
Buena cafetera con mal servicio técnico,"1,0 de 5 estrellas","La cafetera es rápida, amplia 12 tazas para amantes del café.
El filtro se rompió después de 15 usos y no entra dentro de la garantía, otros 9 euros.
Por ese precio sale más a cuenta otra cafetera, porque el filtro deja mucho que desear y volverá a romperse",David,Revisado en España el 24 de marzo de 2022
"Todo iba bien , hasta que dejo de tener el botón de mantener el café caliente apagado","1,0 de 5 estrellas","En principio muy bien, pero después dejo de mantener el café caliente y se apaga sola!!! Así que me quedo sin café caliente porque ya no puedo hacer la devolución. Muy mala experiencia, pero en principio todo perfecto. Ese ha sido el único fallo!!!!",Aristel Santana,Revisado en España el 17 de diciembre de 2021
Mala calidad,"1,0 de 5 estrellas","Sabía que la cafetera era de plástico, pero me esperaba una mejor calidad. Tiene muy poco peso. Para sacar el filtro y limpiarlo tienes que retirar la jarra antes, ya que el filtro hay que sacarlo de lado. No creo que dure mucho, posiblemente la devuelva antes.
Lo único bueno que tiene es la medida, que es pequeña para unas 2 personas (6 tazas) y que viene con filtro permanente.",Carlos Javier,Revisado en España el 2 de febrero de 2021
La jarra derrama fácilmente al servir,"1,0 de 5 estrellas",Compacta y fácil de usar pero cada vez que servimos el café la jarra tiene un diseño que se escurre fácilmente y desperdiciamos mucho en cada uso,leigomgal,Revisado en España el 10 de octubre de 2022
No cumplió mis expectativas,"1,0 de 5 estrellas","Es incómoda para llenar ya que la tapa no se desplaza los suficiente. Como para verter la jarra con el agua hasta el máximo, luego el sistema antigoteo no funcionaba, vino defectuosa, al Sacar la jarra seguía goteando. Realice devolución",Yo,Revisado en España el 9 de enero de 2022
No recomendable,"1,0 de 5 estrellas","Llegó perfectamente. Es demasiado ligera, un poco más de peso sería estupendo. Pero por lo demás, funciona correctamente.

Reviso comentario. El agua desborda el filtro y siempre hay posos de café. A veces se queda atascada y no sale nada, así que tienes que elevar un poco la jarra (manualmente) para que el café caiga. Malísima compra, no la recomiendo. Pensé que siendo Taurus ofrecería una cierta garantía, pero fue un error.",Cliente de Amazon,Revisado en España el 22 de septiembre de 2020
Un mes y ya no funciona. Solucionado!!!,"1,0 de 5 estrellas","La compramos el día 13 de agosto y estábamos muy contentos con ella hasta que hoy ha dejado de funcionar, es todo un misterio, se enciende pero no hace café. La devolveremos y buscaremos otra.
—————————
Amazon nos ha entregado hoy una cafetera nueva, la rapidez en la gestión ha sido increíble. Aún no la hemos probado pero esperemos que funcione bien durante más tiempo! Gracias!",Arantxa Mariño,Revisado en España el 21 de septiembre de 2020
se estropeo en dos meses. hubo que comprar otra,"1,0 de 5 estrellas",no me hA GUSTAdo que se estropeara en dos mese y tu vimos que reponerla.,Cliente Amazon,Revisado en España el 24 de noviembre de 2022
Ha dejado de funcionar,"1,0 de 5 estrellas","A los tres meses de la compra, ha dejado de funcionar. Ya que el fusible de casa salta cuando la enchufamos para preparar el café. Entendemos que la cafetera ha sufrido un daño interno que no nos deja enchufarla. Le he dado una estrella porque es fácil de limpiar, pero de poco sirve si solo te dura tres meses como a nosotros.",JYE,Revisado en España el 9 de septiembre de 2020
El café sale muy muy aguado,"1,0 de 5 estrellas","La compre porque tenia muy buenas reseñas.... Pero muy descontenta con el producto, si no le pongo filtro de papel caen los posos al café... Y el café sale súper aguado, para que el café con leche salga con color tengo que poner más de medio vaso de café y poca leche... Jamás se me volverá a ocurrir comprar esta cafetera, no la recomiendo para nada!!!!",Judit López Pérez,Revisado en España el 19 de julio de 2020
Material de mala calidad,"1,0 de 5 estrellas","Vino con la tapa del agua suelta (pestaña rota) al tercer café ya lo vierte por fuera de la jarra. Plástico de mala calidad, parece de juguete.",Alex y Marina,Revisado en España el 8 de enero de 2022
Mal servicio,"1,0 de 5 estrellas","Bonita la cafétera pero el servicio técnico falta, A un mes se estalló el vaso el cual hizo que se chorrera el café y dañara la pantalla Led, solicité garantía y me enviaron a un sitio el cual hasta el sol de hoy he tenido respuesta. Mal servicio",DASATEL,Revisado en España el 22 de octubre de 2020
Pedí devolución dos veces y las dos veces vino así .,"1,0 de 5 estrellas",En ambas oportunidades la cafetera vino rota.,Alejandro R.,Revisado en España el 15 de noviembre de 2022
Cafetera de unos materiales muy malos y endeble,"1,0 de 5 estrellas",Mala calidad de materiales,Sandra,Revisado en España el 18 de junio de 2022
SE HA ROTO LA JARRA DE CRISTAL AL MES,"1,0 de 5 estrellas","Al mes, se abrió un puntito en la jarra de cristal, y se ha ido rajando. Ni le di golpe, ni se cayó, ni ha habido cambio de temperatura, porque según se hace el café lo dejo reposar hasta la mañana siguiente.",Christian,Revisado en España el 26 de octubre de 2020
Todo plástico del malo,"1,0 de 5 estrellas","Aparentemente bonita. Pero desde el primer momento que la cojes notas la poca calidad del material del que está hecho. No pesa casi nada, los plásticos son ligeros y da mucha sensación de debilidad.

No tiene patas de goma, son de plastico, por lo que se mueve por toda la encimera hasta que metes la jarrra.",Samuel Moreno,Revisado en España el 25 de octubre de 2019
2 meses y ha cascado,"1,0 de 5 estrellas","En dos meses ha dejado de funcionar, se enciende el botón pero no hace café, el agua no sube....a ver si ahora se hacen cargo y me dan una solución rapidito...",Piterino,Revisado en España el 7 de mayo de 2021
Horrenda,"1,0 de 5 estrellas","Horrenda, la he comprado para mi nueva casa y cuando la e ido a poner se sale el café por todos los lados y a consecuencia de que no cae bien en la jarra todo los posos y el café se derraman x arriba. La voy a devolver.",barbara,Revisado en España el 1 de mayo de 2020
Justo a los 2 años deja de funcionar,"1,0 de 5 estrellas",Ha dejado de funcionar,Pepe Córdoba,Revisado en España el 16 de abril de 2022
La compre en septiembre ya no funciona.,"1,0 de 5 estrellas","La compre en septiembre ya no funciona.
La puedo devolver....No sé ponen.en contacto conmigo",Alejandra,Revisado en España el 26 de diciembre de 2021
Decepcion,"1,0 de 5 estrellas",El producto es muy tosco. Los plásticos muy inconsistente y el encaje de la jarra es muy dificultoso teniendo que obligar la sujeción de plastico. Me sorprende que Taurus haya diseñado esta cafetera.,Pergoleto,Revisado en España el 25 de enero de 2021
Abierta y caja manchada de algo asqueroso como mahonesa o grasa,"1,0 de 5 estrellas",La caja estaba abierta y totalmente manchada como grasa o mahonesa. Mi esposa la tiro inmediatamente y no pude ni hacer foto a la caja,Juan Antonio Montero,Revisado en España el 27 de junio de 2021
No recomendada.,"1,0 de 5 estrellas","9 mese me ha durado, he tenido que comprar otra, y es la segunda que tengo a la que le pasa esto. A los 9 meses de uso diario, No se que ocurre en su mecanismo que tarda mas de media hora en hacer el café, a veces llega el apagado automático de 40 minutos, antes que haya podido salir todo el agua. Malisima, no recomiendo su compra.",Roberto,Revisado en España el 21 de septiembre de 2017
pésima compra,"1,0 de 5 estrellas","No la recomiendo, primero que la válvula no funciona correctamente pierde café al quira la jarra y hoy después de 3 meses de la compra se ha partido la jarra con el calentador base que lleva.",Cristina,Revisado en España el 30 de septiembre de 2020
Me ha durado exactamente 2 meses y 3 dias,"1,0 de 5 estrellas",Parece de juguete y lo es! Dos meses ha durado. Una vergüenza.,Itzi GO,Revisado en España el 24 de noviembre de 2021
Pésima compra,"1,0 de 5 estrellas","Un verdadero timo. Tras 11 meses de uso, llenar una taza de café tarda 37'25 minutos.",Cliente Amazon,Revisado en España el 12 de octubre de 2021
"Una estafa, muy mala calidad","1,0 de 5 estrellas","Gran estafa: no hace 12 tazas, el filtro no filtra correctamente y no mantiene el café caliente ni 15 minutos. No la recomiendo para nada, es tirar el dinero.",Roser Amills,Revisado en España el 28 de diciembre de 2020
Tirar el dinero,"1,0 de 5 estrellas","Con un mes de uso se sale el agua por fuera,aunque lo intente cerrar de todas las maneras. Y ya no estoy en plazo para devolverlo,asi que muy mal tendre que tirarla.",SARA,Revisado en España el 3 de septiembre de 2020
No dura nada,"1,0 de 5 estrellas",El producto no tiene ni un año y se ha roto la jarra por la mitad.,CAROL,Revisado en España el 20 de julio de 2021
Quiere pero le falta.,"1,0 de 5 estrellas","Mal. A las pocas semanas se apagó y no volvió a encender más.

No está mal. El termostato puede ser un problema para mantener el café siempre caliente pues regula y se apaga con mucha frecuencia. El resto, según su propósito, es aceptable.",Juan Carlos Toro Linares,Revisado en España el 20 de noviembre de 2019
Plásticuchooooo Y la jarra de cristal como se hpose una mosca te la rompe,"1,0 de 5 estrellas",Las cafeteras que usan las muñecas Barbie son mejores que esta,Pablo G.,Revisado en España el 30 de octubre de 2021
No baja el agua,"1,0 de 5 estrellas","Después de tres meses utilizando la cafetera, ha dejado de funcionar, no baja el agua...",Amparo CM,Revisado en España el 21 de junio de 2021
Malisima,"1,0 de 5 estrellas",El filtro permanente no vale para nada!!todo posos!!muy decepcionado,José Antonio Manzano botran,Revisado en España el 19 de octubre de 2021
Sistema antigoteo pesimo,"1,0 de 5 estrellas","Sistema antigoteo pésimo. No lo volvería a comprar. Para que demonios pone que no gotea, si luego cae a chorro. Ya casi todo lo que se fabrica es de mala calidad y a precio de oro. Mala compra",Miriam,Revisado en España el 14 de diciembre de 2019
Sabor a plástico,"1,0 de 5 estrellas","Lamentandolo mucho, tuvimos que devolver el producto. No había forma de que el café dejará de saber a plástico...",Anónimo,Revisado en España el 19 de enero de 2021
quiro devolverlo,"1,0 de 5 estrellas",No funciona,CRISTINA,Revisado en España el 29 de septiembre de 2021
Se sale el cafe,"1,0 de 5 estrellas","Mala calidad.
Se sale el cafe y tarda una eternidad en hacer el café.
No la recomiendo.",Luis,Revisado en España el 15 de noviembre de 2020
Mala calidad,"1,0 de 5 estrellas","No me ha durado no un año, no la recomiendo nada",Cliente Amazon,Revisado en España el 9 de marzo de 2021
"Mala calidad, no funciona bien","1,0 de 5 estrellas","No la recomiendo no calienta bien el café después, y necesito devolverla",Baldo,Revisado en España el 8 de enero de 2021
Una MALA compra,"1,0 de 5 estrellas","Se me ha roto a los 8 meses de uso, estoy intentando conseguir la factura para llevarlo a la casa oficial y repararlo, se supone que tiene garantia ..., y no hay manera. Tras varios correos a Amazon, no recibo ninguna ayuda .
Muy mala compra y muy mal servicio
Manuel Marin",manuel marin,Revisado en España el 29 de junio de 2018
Muy poca calidad,"1,0 de 5 estrellas","Muy poca calidad.
Un error de compra.",jose manuel herrero,Revisado en España el 2 de abril de 2021
cafetera sencilla,"1,0 de 5 estrellas","Duro 4 días, plásticos malos",Javier,Revisado en España el 12 de marzo de 2021
Malisima,"1,0 de 5 estrellas","Fatal... No recomiendo para nada comprarla.. no ha durado ni un mes..
El otro día haciendo café.. empezé a oler a chamuscado.. y se quemó un poco por debajo de la cafetera y ya no va.
La peor cafetera q he tenido...",Domingo,Revisado en España el 15 de enero de 2019
"No la compréis, dinero tirado.","1,0 de 5 estrellas","Las dos de 12 tazas se rompieron y quién me conoce sabe que no rompo ""cosas"" porque me cuesta el dinero. Está de 6 pues meses.
A estas cafeteras les pasa ""algo"".",Ana,Revisado en España el 21 de julio de 2019
"Muy inestable, patas de plástico que resbalan","1,0 de 5 estrellas","El principal problema es el agarre a la superficie de apoyo, solo tiene unos salientes de plástico que resbalan un montón, con cualquier roce la cafetera se desplaza por la mesa o encimera",Paz,Revisado en España el 25 de abril de 2019
"Nefasta, no vale para nada","1,0 de 5 estrellas",Muy fragil,Cliente Amazon,Revisado en España el 26 de febrero de 2021
No aguanta el café caliente. Se apaga,"1,0 de 5 estrellas",Se apaga una vez hecho el café. No lo mantiene caliente,Cliente Amazon,Revisado en España el 26 de junio de 2020
Nota,"1,0 de 5 estrellas",Saca muchos posas en el cafe,Cliente Amazon,Revisado en España el 4 de septiembre de 2020
No filtra bien,"1,0 de 5 estrellas","El agua se queda en el filtro, se atasca y no filtra bien. Pones para 12 tazas, salen 6-7, y el resto no filtra. No la recomiendo.",Jorge L.,Revisado en España el 25 de marzo de 2019
Bluff. La hubiera devuelto,"1,0 de 5 estrellas",Gotea. El café no sale nada bueno. Una decepcion,Cliente Amazon,Revisado en España el 3 de abril de 2019
Cafetera débil,"1,0 de 5 estrellas",Muy debil... y el cristal rompio en el fondo sin razón ninguna. Me dio 3 meses de uso solo. Mala compra,Jan Ola Ohlsson,Revisado en España el 28 de junio de 2019
a durado poco,"1,0 de 5 estrellas",sabe mucho a plástico y en pocos meses se apaga deja de calentar no lo recomiendo,Elias,Revisado en España el 31 de julio de 2019
Rota,"1,0 de 5 estrellas",La jarra ha venido rota,BEATRIZ,Revisado en España el 16 de mayo de 2020
No dura ni 3 meses,"1,0 de 5 estrellas","Lleva una goma interna que se fastidia enseguida. Pedí una de respuesto y me cobraron 12 euros y me duró dos meses.
Una estafa de cafetera. Malísima",Cristian GP,Revisado en España el 2 de diciembre de 2018
defectuosa,"1,0 de 5 estrellas",Muy pequeña. La jarra no baja a la altura correcta por lo que se queda el café en el deposito. No filtra bien y deja caer el grano del café. Se rompió en los primeros usos el filtro,Cliente Amazon,Revisado en España el 23 de octubre de 2016
Antigoteo malo,"1,0 de 5 estrellas",El sistema antigoteo no funciona bien,Daniel,Revisado en España el 11 de noviembre de 2019
Dejo de funcionar a los 6 meses.,"1,0 de 5 estrellas","Ha durado 6 meses, ayer no encendio, no calienta, mal producto, no recomendable.",EDGAR SANTIESTEBAN,Revisado en España el 7 de mayo de 2019
Decepcionada,"1,0 de 5 estrellas","No me ha gustado, porque es una cafetera que cuando se calienta huele a plástico, el material es muy malo. La tuve que tirar.",Graciela O.,Revisado en España el 3 de noviembre de 2016
No ha durado,"1,0 de 5 estrellas",7 meses despues de comprarla ha dejado de funcionar...muy mala expericencia con esta marca,David,Revisado en España el 20 de julio de 2022
No funciona bien,"1,0 de 5 estrellas","Recibimos la cafetera en el plazo acordado. Al probarla con agua primero para limpiarla, no pasaba bien y se quedaba en el filtro, pero a la hora de utilizarla con el café, lo llenamos para hacer el máximo de la jarra y no llegó ni a la mitad, se quedaban posos en la cafetera y hacían imposible que bajara el café, cosa que ya observamos que pasaba con agua.
La hemos devuelto después de ese uso porque si va así ahora no quiero imaginar cuando lleve más tiempo.",Mélani,Revisado en España el 16 de febrero de 2021
Café sabor plastico,"1,0 de 5 estrellas","Horrible, solo sabe el café a plástico. El plástico es el mismo que el de los juguetes chinos. Se la dejaré a mi hija para jugar, eso si la dejaré sin enchufe 😉. Las opiniones buenas seguro que son a cambio de reembolsos.",Cliente Amazon,Revisado en España el 30 de mayo de 2020
Muy básica,"1,0 de 5 estrellas","Muy básica, con materiales muy endebles, es barata pero tampoco vale más... fácil de usar y de limpiar
Tras dos meses de uso... el cristal de la jarra se resquebraja sin recibir ningún golpe. Dinero tirado a la basura.",Carmen,Revisado en España el 10 de agosto de 2019
La peor cafetera del Mundo.,"1,0 de 5 estrellas","La peor cafetera del mundo, no solamente los materiales dejan mucho que desear, sino que está mal diseñada: Es im-po-si-ble servir el café con la jarra sin que se derrame, el temporizador para que se apague sola tarda mucho y quema el café, el antigoteo se atasca y no funciona, sólo puedes preparar café para 6 tazas, porque si no, el agua cae tan rápido que desborda el filtro y cae por fuera con restos de café.
Mi consejo, gastate un euro más en cualquier otra cafetera, lo agradecerás.",Amazon Customer,Revisado en España el 24 de junio de 2016
Estropeada totalmente en 3 meses,"1,0 de 5 estrellas","Al mes se resquebrajo el cristal del depósito. Sin ningún golpe ni nada, supongo que del calor, así que imagínate la calidad del mismo: es menos grueso que la sombra de un alambre. Yo creo que si lo miras fijamente, explota porque es increíble lo fino que es.

Pero bueno.... La cafetera iba.... con el cristal resquebrajado pero tampoco se salía el café.

Hoy puedo deciros que la cafetera ha muerto. Mi mujer ha intentado hacer café y a mitad ha empezado a salir el típico olor a cable quemado y su lucecita roja se ha apagado. Ya no enciende.

Gracias Taurus por estafarme noseyanicuanto me costó. Y no! No voy a mandarla a ningún lado a reclamar la garantía ni a pelearme or Internet con el señor Taurus. No estoy ya para esas chorradas.",Daniel,Revisado en España el 4 de octubre de 2020
"Comprada junio 21 para la casa de verano, pues estamos a julio y la use 11 días y ya se estropeó","2,0 de 5 estrellas","Para cerrar el depósito del café necesitas las, 2 manos para encajarlo bien, y luego meter la tetera.
Por 23€rebajada si no serían 30, no compensa",Vane,Revisado en España el 10 de julio de 2022
defectuoso,"2,0 de 5 estrellas","el uso de la cafetera muy bien. al ir a fregar la jarra del cafe , se nos ha estallado y se a roto, por si hay alguna duda, no ha tenido golpe ni venia rota ni nada",Elena,Revisado en España el 4 de marzo de 2022
No cumple con lo esperado,"2,0 de 5 estrellas","Me ha decepcionado la cafetera.
El soporte que tiene para cuando retiras la taza no hace su función y terminado el café tienes que esperar un buen rato a que termine de soltar hasta la última gota. Sino empieza a gotear. Por lo que el anti goteo no está haciendo su función.",Javier Hita Aranda,Revisado en España el 5 de abril de 2021
No es lo que esperaba,"2,0 de 5 estrellas",No la recomendaría....no se si es la mía que ha venido con ese defecto o es que son todas asi pero cuesta meter y sacar la jara ... he tenido otras por el mismo precio y con mejor calidad...no quiero decir con eso que hace un mal café...pero pudiera echar marcha atrás....no la hubiera comprado...,Nieves Blanca Perez Pidal,Revisado en España el 31 de mayo de 2020
Calidad regular calidad baja pero el precio es bajo.,"2,0 de 5 estrellas",Estanco si,JBS123,Revisado en España el 29 de septiembre de 2022
Cafetera justita,"2,0 de 5 estrellas","No tiene una cosa indispensable... que deje de sacar café cuando quitas la jarra. Cuando te quieres servir antes de que termine de hacer el café, es imposible porque sigue sacando café como si no hubiera un mañana... muy molesto. Por otro lado, la jarra pierde depende de como la vuelcas.",Carlos T,Revisado en España el 1 de septiembre de 2020
Dejó de funcionar después de dos años de un día para otro.,"2,0 de 5 estrellas","A mí me ha durado apenas dos años. No sé si será la obsolescencia programada, pero de un día para otro dejó de funcionar. Mientros lo hizo, como cualquier cafetera de este precio, materiales plásticos de calidad normal.",Mobru,Revisado en España el 8 de julio de 2020
Nada satisfecha.,"2,0 de 5 estrellas","Un poco endeble, no se si no la uso bien, pero el café me sale con muchos posos. No la recomiendo. Por ese precio hay mucha variedad.",MJo,Revisado en España el 24 de agosto de 2020
Problemas al servir el café.,"2,0 de 5 estrellas","Al servir en los vasos o tazas se derrama un chorrito de café. Para que no choree, hay que servirlo con la tapa levantada y es un inconveniente. Tiene algún problema de diseño.",El Nene,Revisado en España el 7 de noviembre de 2020
Funciona fatal,"2,0 de 5 estrellas",Fatal. No funciona correctamente. El café no sale bien por el agujero y empieza a salir por arriba por rebosamiento. Nada recomendable.,Joan,Revisado en España el 24 de enero de 2021
Estropeada al mes,"2,0 de 5 estrellas","Compre esta cafetera porque la tenia un conocido y le funcionaba bien. He tenido la mala suerte de que se me ha estropeado al mes de uso, por lo tanto he tenido que usar la garantia del fabricante. Al principio funciono perfectamente, espero que una vez arreglada no me vuelva a pasar nada.",JOSE VELAZQUEZ,Revisado en España el 31 de julio de 2018
"Cumple su función, de momento.","2,0 de 5 estrellas","Se ve malilla y endeble, de plástico flojo y de juguete. De momento el primer uso ha ido bien. A ver...

Editado: ha durando 3 años y medio justos. Ya no funciona la resistencia que calienta el agua.",Usuario de Amazon,Revisado en España el 17 de mayo de 2019
Parece más un juguete que un electrodomestico,"2,0 de 5 estrellas","Cafetera realmente pequeña, pensé que daría para dos tazas grandes y no es así, ni llenandola a tope. El sistema antigoteo no es estanco. Y el filtro interior es de los que con el tiempo cuesta limpiar.",Ignacio R,Revisado en España el 2 de mayo de 2020
Invierte en algo mejor,"2,0 de 5 estrellas",Muy muy muy poca cosa....,DAVID ORTEGA,Revisado en España el 11 de mayo de 2021
Tapa rota,"2,0 de 5 estrellas","Se ha roto la tapa en unos.meses, la compré en julio y a penas la utilice... Una pena",Raquel Gómez,Revisado en España el 11 de diciembre de 2020
Buena,"2,0 de 5 estrellas",Esta bien cumple con su función,Grillo,Revisado en España el 2 de agosto de 2020
No me gusto,"2,0 de 5 estrellas",El artículo como tal sirve pero no da para 6 tazas de café como dice la descripción es muy pequeña parece de juguete,Gabriela,Revisado en España el 10 de junio de 2020
El antigoteo no funciona,"2,0 de 5 estrellas","Lo buenos, que es barata y hace su función.
La cafetera parece robusta, pero según se va usando pierde muchas de sus funciones.
El antigoteo dejó de funcionar con el uso, y el apagado automático también.",María Fernández,Revisado en España el 16 de septiembre de 2018
Ahora compraría otra,"2,0 de 5 estrellas","Cafetera de plástico, parece frágil.
Sinceramente, hubiera comprado otra más robusta de haberlo sabido.",Dave,Revisado en España el 29 de noviembre de 2019
Muy de juguete,"2,0 de 5 estrellas","Muy de plástico , el café sale regular",Maria Coderch,Revisado en España el 25 de enero de 2021
Ya hace tiempo que la tuve que cambiar,"2,0 de 5 estrellas",Funcionaba muy bien,Michel,Revisado en España el 8 de marzo de 2021
no recomendable,"2,0 de 5 estrellas","se me averio antes del primer año de uso, mala calidad",Manche,Revisado en España el 26 de noviembre de 2019
Pésima,"2,0 de 5 estrellas","Desde que la coges se nota que es de muy mala calidad , plástico muy débil que al hacer el café se desfigura de la misma calor del agua.Intentas sacar la jarra y te llevas toda la cafetera",Cliente Amazon,Revisado en España el 11 de febrero de 2018
Mala compra.,"2,0 de 5 estrellas","Toda de plástico demasiado fino, espero que por el calor no se deforme.
Pesa tan poco que hay que sujetarla para todo.
Una mala decisión no barata. No me ha gustado",María,Revisado en España el 29 de agosto de 2019
"Hola. La cafetera vino con una pieza rota, la que cierra el depósito del agua","2,0 de 5 estrellas","Hola. La cafetera vino con una pieza rota, la que cierra el depósito del agua",SABIO,Revisado en España el 7 de mayo de 2019
Mala calidad,"2,0 de 5 estrellas","Plástico que no ajusta, el cierre del deposito de café se queda medio abierto.
La sensación es que va a durar poco. La foto es engañosa, mejor haber comprado otra, aunque valga mas.",fernando varela,Revisado en España el 2 de marzo de 2018
Mal resultado,"2,0 de 5 estrellas",Resultado nefasto. Funcionó mal desde el principio y ahora ni siquiera se puede conectar.,Cliente Amazon,Revisado en España el 8 de diciembre de 2018
El cafe que saca tiene sabor de plastico.,"2,0 de 5 estrellas",La e usado unas cuantas veces y limpiado muy bien pero el cafe huele a plastico,mariano,Revisado en España el 16 de octubre de 2018
Me ha durado 6 meses,"2,0 de 5 estrellas","Sabía que era una cafetera funcional y sencilla, por el precio no se podía pedir maravillas.. Eso es una cosa y otra es que deje de funcionar a los 6 MESES de comprarla.
De un día para otro, funciona el botón de encendido pero no hace nada. No se calienta, no baja el agua. Nada.

FATAL, un dinero tirado a la basura, porque con 6 meses de uso, eso es tirar el dinero a la basura. LAMENTABLE",Elena G.,Revisado en España el 5 de febrero de 2018
Pequeña pero inestable,"3,0 de 5 estrellas","Pequeña y curiosa, peor también tiene sus contras. Pesa tan poco que se mueve un montón nada más coger la jarra o al intentar ponerla nuevamente en su sitio. Inestable. Un poco más de peso en la base no le va mal. Además tiene el depósito del café tan pequeño, que is echas la dosificación para 6 tazas, se desborda el café porque no cae el agua al mismo tiempo que entra. Es pequeña y no aparatosa, por lo que para mi cumple suficientemente, sin ser la mejor cafetera del mundo",Cliente Amazon,Revisado en España el 11 de julio de 2020
El sabor,"3,0 de 5 estrellas",Calidad / precio. Esta bastante bien. Estoy satisfecho.,MILO,Revisado en España el 20 de mayo de 2022
Cafetera endeble,"3,0 de 5 estrellas",Es una cafetera muy endeble. No tiene resistencia. Parece de juguete. Pensaba que sería mejor.,isabel porcar calis,Revisado en España el 14 de mayo de 2022
Embalado nefasto,"3,0 de 5 estrellas",Una cafetera màs. Lo que no me gustó fue con no venìa embalado en una caja de amazon,Yoyito,Revisado en España el 10 de enero de 2022
"Material un poco endeble, incómoda de abrir y cerrar y diseño poco manejable","3,0 de 5 estrellas","Plástico blando en la parte del filtro, parece de mala calidad, para abrir y cerrar choca con la jarra y hay que sacarla. Para encender y apagar hay que sujetarla porque pesa demasiado poco y se mueve. Calidad mediocre",Cliente Amazon,Revisado en España el 30 de junio de 2021
hay que limpiarla mucho!,"3,0 de 5 estrellas",se atasca mucho y hay que limpiarla todas las semanas con vinagre! por lo demas bien!,carlos,Revisado en España el 3 de diciembre de 2021
"Demasiado frágil, fácil rotura.","3,0 de 5 estrellas","Es fácil de usar y de limpiar, pero es muy endeble y de fácil rotura.",Cliente Amazon,Revisado en España el 18 de marzo de 2022
Rapidez,"3,0 de 5 estrellas","Si la lleno se salen los posos al café, por lo demás bien",Santiago Solano Martínez,Revisado en España el 4 de abril de 2022
Silenciosa y fácil de usar,"3,0 de 5 estrellas","En contra: Me compré este producto para reemplazar otra cafetera. Las comparaciones son odiosas. La anterior cafetera, si tenía una capacidad de 6 tazas, sacaba líquido para 6 tazas. Esta en cambio saca para 5.

A favor: pesa poco, es fácil de limpiar y el café está bueno.",Laura,Revisado en España el 26 de diciembre de 2020
Bien pero..,"3,0 de 5 estrellas","Es fácil de usar, es una pena que no tenga un sistema anti goteo, si lo quitas de su base sigue echando café y puede estropear la máquina. Es para dejar haciéndolo entero. No es para prisas.",Jesús Sancho Centeno,Revisado en España el 26 de febrero de 2021
Podría ser mejor,"3,0 de 5 estrellas","Los plásticos parecen de poca calidad, pero el motivo de darle sólo tres estrellas es porque el filtro que trae “permanente” solo ha durado tres meses",Javier,Revisado en España el 29 de junio de 2021
Buena relación precio-calidad,"3,0 de 5 estrellas","Parece un poco de juguete en cuanto a la calidad del plástico, pero al final funciona bastante bien.",Puravidabuenanota,Revisado en España el 21 de septiembre de 2021
otro,"3,0 de 5 estrellas","dificil de manejar,
ES UN ARMATOSTE.
medidas desproprcionadas...
lo sienO.
RECLAMO REEMBOLSo incondicional",AMG,Revisado en España el 7 de diciembre de 2021
Es un poco más lenta que la anterior que tenia pero va perfectamente,"3,0 de 5 estrellas","Vengo de usar la taurus óptima y es más rápida que la verona, aunque no hay problema se pone un ratito antes unos 15 minutos y listo, también es más pequeña y era lo que buscaba, me tiraba un poco para atrás que el sistema de goteo fuera de muelle, pero va bien.Hace su función correctamente, pedí el producto por la tarde y al día siguiente por la mañana lo recibí, super rápido, embalaje bueno. Producto tal y como se describe en la foto",Cliente vip 2017,Revisado en España el 3 de mayo de 2017
"Bonita, barata... pero ¿buena?","3,0 de 5 estrellas","La máquina funciona bien y el precio está genial, pero tiene un fallo que no se ha resuelto (es mi tercera máquina de este modelo). El fallo consiste en que el sistema antigoteo no funciona bien y pierde líquido.",Francisco,Revisado en España el 10 de noviembre de 2020
Fácil de usar.,"3,0 de 5 estrellas","Lo peor es que gotea,no mucho,pero gotea.",CARMEN ALVAREZ-OSSORIO ORTIZ,Revisado en España el 3 de enero de 2022
Muy ligera,"3,0 de 5 estrellas",Es muy de plástico y cuando sacas la jarra de su posición se mueve toda la cafetera entera porque no pesa casi nada.,Marifé Sánchez Muñoz,Revisado en España el 3 de mayo de 2021
Fácil uso y limpieza,"3,0 de 5 estrellas","Es cómoda de usar y limpiar, pero cuando está en goteo y se quita la taza sigue cayendo el goteo y la placa se ensucia bastante. Por lo demas buen precio.",sensi.arroyo,Revisado en España el 28 de noviembre de 2020
Fallo reloj,"3,0 de 5 estrellas",No iba bien el reloj por lo que no se podía programar. La devolvimos. La usamos un par de veces y el café muy rico. El servicio de entrega y devolución perfecto,Alicia Esteban,Revisado en España el 31 de octubre de 2020
Poco resistente,"3,0 de 5 estrellas",Un poco enclenque y materiales de no muy buena calidad,LS,Revisado en España el 10 de julio de 2021
Fácil de usar,"3,0 de 5 estrellas",Esta bien,Antonio Rodriguez Real,Revisado en España el 26 de septiembre de 2021
Correcto,"3,0 de 5 estrellas","Hace una semana que la recibií y de momento funciona bien, no tengo queja. Como corresponde a un producto de este rango de precio, está fabricada con plasticos finos y blandos y se nota algo endeble y frágil. Digamos que es todo lo contrario a un producto robusto. Veremos cómo aguanta el paso del tiempo.",Martí,Revisado en España el 12 de octubre de 2018
No está mal...,"3,0 de 5 estrellas","Buena compra calidad precio.
Es lo que esperas para una cafetera así a este precio.

Pegas. El contenedor de café es demasiado blando y se desencaja de vez en cuando al manipularlo.
La goma del pitorro que dispensa el café se sale en ocasiones al manipularlo cuando el pitorro se queda enganchado en la jarra.",Cliente Amazon,Revisado en España el 30 de mayo de 2018
Solo bonito y barato...bueno bo,"3,0 de 5 estrellas",Plastico de poca calidad.el goteo se atasca.,Fran,Revisado en España el 21 de junio de 2021
Normal,"3,0 de 5 estrellas",Bastante buena en uso y limpieza pero en material muy débil parece de juguete.,Antonio,Revisado en España el 23 de marzo de 2021
Igual que en la foto,"3,0 de 5 estrellas",La esperaba más fuerte,maribel,Revisado en España el 17 de julio de 2021
Justa,"3,0 de 5 estrellas","Filtro muy pequeño, el asa un poco endeble, pasable sin más",gema,Revisado en España el 28 de abril de 2021
Perfectas,"3,0 de 5 estrellas","Me he dejado llevar un poco por las opiniones, es una cafetera de gran capacidad y laa verdad el café sale muy rico, pero, no se cuanto durara, excepto la jarra que es de vidrio, el reto es totalmente de plastico, un poco alto el precio.",Pinky,Revisado en España el 9 de enero de 2019
Cafetera basica,"3,0 de 5 estrellas","Cumple con lo que se puede esperar por el precio, es una cafetera que hace café y punto.
La calidad de los materiales y fabricación es barata, que es lo que cabe esperar por el precio.",Cliente Amazon,Revisado en España el 12 de enero de 2020
Jarra se derrama,"3,0 de 5 estrellas",Es sencilla de usar pero la jarra cada vez que echo café en la taza se derrama. Es un problema porque la tenemos en el trabajo y a todos nos pasa lo mismo. Voy a contactar con vendedor a ver si es normal.,Cliente Amazon,Revisado en España el 4 de octubre de 2019
Fácil manejo,"3,0 de 5 estrellas",Tenía un modelo parecido y está quiza por sacar pega al insertar la taza del café dentro de la cafetera va tan justo el espacio que forcejeas un poco pra meterlo.,jon ander,Revisado en España el 7 de agosto de 2020
Es pequeñita!,"3,0 de 5 estrellas",Esta muy chula pero nunca pensé que fuese tan pequeñita jaja.. Parece como de muñecas.. esperaba que fuese tamaño normal solo por eso no les daré las 5 estrellas..,Laura Gonzalo,Revisado en España el 13 de abril de 2020
Está bien pero tenía una versión anterior para mi mucho mejor por 3 detalles,"3,0 de 5 estrellas","Para mi hay 3 cosas que no me han gustado:
1) Interruptor ON/OFF no se puede dejar en una de esas posiciones para conectarlo a un reloj temporizador
2) Siempre gotea, y caen gotas en la base que calienta la jarra
3) El mecanismo de apertura y cierre de donde se pone el café siempre roza con la jarra y parece poco robusto
El resto bien.",Miquel,Revisado en España el 27 de junio de 2016
Bien pero a veces gotea por fuera,"3,0 de 5 estrellas","Bien en general, fácil de usar, algo lento, pero se tiene paciencia cuando el café sale rico. Últimamente está fallando por algún lado y gotea café fuera...",G,Revisado en España el 9 de septiembre de 2020
Muy básica,"3,0 de 5 estrellas",Quizá por el precio no se puede pedir mucho más. Muy de plástico aunque funciona sin problemas.,Fran Fuego,Revisado en España el 23 de diciembre de 2020
Muy chiquita,"3,0 de 5 estrellas",Muy chiquita y tarda a calentar,Luiz Pinto,Revisado en España el 19 de enero de 2021
No medidas,"3,0 de 5 estrellas","La medida de la jarra no coincide con la del depósito de agua, hay que echar más agua para la antidad de la jarra.",Cliente Amazon,Revisado en España el 26 de enero de 2020
Buena cafetera,"3,0 de 5 estrellas",El precio es muy bueno y calidad del café es buena. Le echo en falta interruptor ON/OFF para poder apagar y encender conectandola a un enchufe inteligente (Teckin),Cormoix,Revisado en España el 22 de abril de 2019
Acorde al precio,"3,0 de 5 estrellas","Normalita, todo plástico, lo normal para el precio. La jarra entra muy justa y no hay manera de sacarla sin que gotee café sobre la placa antes de que actúe el sistema ""anti goteo"".",Jabmb,Revisado en España el 20 de septiembre de 2019
Buena cafetera pero sin mas,"3,0 de 5 estrellas",No calienta lo suficiente y el café se queda frío en poco tiempo,Javier,Revisado en España el 25 de octubre de 2020
Interruptor roto,"3,0 de 5 estrellas","El interruptor permanece encendido, ni enciende ninapaga al pullsarlo y no funciona la cafetera. Estoy en plazo de devolverla pero justo tiré la.caja hace dos días. Una pena porque estaba contenta con ella.",Candi López,Revisado en España el 10 de marzo de 2018
Está bien pero...,"3,0 de 5 estrellas","Esa cafetera cumple con su función pero cada vez que retiramos el vaso, se engancha con el sistema anti-goteo, por lo que me temo que éste se rompa pronto. El tiempo dirá.",Cliente Amazon,Revisado en España el 19 de marzo de 2018
Hace su función,"3,0 de 5 estrellas",Hace su función pero parece de juguete el plástico es pésimo,Cliente,Revisado en España el 25 de agosto de 2020
Maria,"3,0 de 5 estrellas","No es que haya costado mucho, pero a los dos días ha empezado a gotear , es muy lenta y no se agarra bien a la superficie, bueno por lo que ja costado digamos que esta bien",vasile dorel pop,Revisado en España el 27 de septiembre de 2017
Uso fácil.,"3,0 de 5 estrellas",Muy fácil de usar.,Rumpelstiltskin,Revisado en España el 25 de julio de 2020
Plástico del malo pero por ese precio...,"3,0 de 5 estrellas",Plástico del malo,Tomás Estrada Carrasco,Revisado en España el 8 de agosto de 2020
Justita,"3,0 de 5 estrellas","Cumple con lo que dicen, la calidad justita, plástico regular, y le falta en la base unas gomas porque se mueve muchísimo",javier justo amoedo,Revisado en España el 13 de noviembre de 2019
Muy cutre,"3,0 de 5 estrellas",Es pequeña. No ajusta. Baja calidad. Plastiquero. Se sale el café por arriba y por la válvula de paso a la jarra,marcos coronado,Revisado en España el 16 de octubre de 2018
Correcta.,"3,0 de 5 estrellas","Correcta cumple su función, es muy sencilla y los materias un poco débiles para mi opinión. Pero funciona bien.",Fernando Perez Marques,Revisado en España el 23 de noviembre de 2019
Decepcion,"3,0 de 5 estrellas","Es facil de limpiar, pero no ay manera de que el cafe salga bien,",Cliente Amazon,Revisado en España el 9 de enero de 2020
Tiene buena presencia.,"3,0 de 5 estrellas","Es bastante normalilla, hay que tratarla con mucho cuidado para que no se desarme.",Cliente Amazon,Revisado en España el 3 de marzo de 2019
Cumple,"3,0 de 5 estrellas",Funciona bien,Jose manuel,Revisado en España el 20 de noviembre de 2020
Sencilla,"3,0 de 5 estrellas","Sencilla, funciona correctamente, pero no mantiene caliente el café mucho tiempo",jlo,Revisado en España el 17 de noviembre de 2019
Bién,"3,0 de 5 estrellas","Todo bien,pero me ha llegado con la tapa donde se pone el agua rota,por lo demás normal, ya había tenido una como esta y funciona bien.",Cliente Amazon,Revisado en España el 31 de diciembre de 2016
Esta Bien para el Precio,"3,0 de 5 estrellas","Esta Bien para el Precio, no se puede pedir mas ...",Mauricio,Revisado en España el 9 de mayo de 2019
dudoso,"3,0 de 5 estrellas",de momento esta funcionando espero y me dure años no como otras que pedí que al poco tiempo se estropearon,"david,serono100",Revisado en España el 9 de febrero de 2022
Buena cafetera al uso,"3,0 de 5 estrellas","Quería tener una cafetera de este tipo para hacer grandes cantidades de café y así no tener que preocuparme por ello cada dos por tres. Además, la marca Taurus siempre me ha inspirado confianza porque la utiliza gente de mi entorno. Así que me compré esta Taurus Verona y por esa parte ha cumplido. El agua no hace falta echarlo con la jarra de la máquina porque tiene un medidor que permite elegir cuántas tazas de café quieres hacer (el tope es 12, lo cual es bastante), y tiene otra serie de facilidades que consiguen que hacer café con esta máquina resulte fácil.
No obstante, hay unas cuantas pegas que le he visto, y que no hacen a este producto ser perfecto:
-Su material es demasiado endeble. Compuesto básicamente por plástico, hay partes (sobre todo donde se pone el café) que parece que va a romperse en cualquier momento. De hecho, simplemente limpiándola y sin aplicarla mucha fuerza rompí uno de los dientes que enganchan la tapadera a la jarra de vidrio.
-Se llena mucho de polvo. No sé exactamente por qué, pero el polvo se pega bastante a su superficie negra y hay que pasarle el trapo cada dos por tres.
Por todo ello, he de decir que es una máquina que cumple durante un tiempo, pero es probable que termine dándote algún problema. Dados estos motivos, no supone una gran mejora con respecto a modelos anteriores, más robustos, así que ya ahí valora con cuál te compensa hacerte. El sabor del café, eso sí, no sale malo.",Juana Martínez,Revisado en España el 4 de febrero de 2021
"Una cafetera normal, pero programable","3,0 de 5 estrellas","La cafetera es bonita, tiene un diseño que está bien, pero que tampoco se diferencia demasiado de los modelos que hay en el mercado.

Tiene mucha capacidad, para 12 tazas se supone, pero yo creo que salen 8 como mucho.

Lo mejor que tiene es que es programable, así que podemos prepararla para que el café esté recién hecho en cuanto nos levantemos.

Además, la base lo mantendrá caliente.

Lo que la encuentro es muy cara, porque no deja de ser una cafetera sencilla, quitando la programación no tiene nada especial.

Aunque el filtro se supone que es permanente encuentro mejor ponerle uno de papel, porque para mi gusto este deja pasar posos.",Stapler,Revisado en España el 11 de diciembre de 2019
"Plastico muy blandito, parece poco resistente, no es comparable con bosch","3,0 de 5 estrellas","Cafetera de goteo, muy sencilla de plastico parece poco resistente, nada que ver con la anterior que tenia Bosch",Elena Barris Oms,Revisado en España el 20 de junio de 2020
NO DESTACA EN NADA PERO CUMPLE EN TODO,"3,0 de 5 estrellas","Estamos ante una cafetera de goteo de la marca taurus , en concreto el modelo verona legend.

Este modelo destaca sobre todo por su temporizador digital , su pantalla lcd , una capacidad realmente buena a mi parecer de algo más de 1 litro , en concreto 1 litro y 200 , un sistema antigoteo y una placa calefactora con un sistema que se apaga de forma autónoma en caso de que acabemos de usarla y se nos olvide desconectarla.

Tiene una potencia correcta de 900w , sin embargo su potencia no va acompañada con la rapidez de preparación de los cafés, tras haber probado varias cafeteras, puedo decir que esta es bastante lenta,.
Sus materiales son bastante plasticosos, no denota gran calidad desde el primer momento que la sacamos.

El precio es correcto , sin más , no llega a 60 euros, pero su mayor problema es la gran competencia que tiene en el aspecto de las cafeteras de goteo e incluso de las cafetera de capsulas.

En definitiva, es ideal para un uso ocasional , para hacer un par de tazas como mucho , a un precio correcto , en definitiva buena compra, aunque miraría alguna otra opción antes de comprar esta.",ANALISTA ANALIZADO,Revisado en España el 1 de enero de 2020
Precio,"3,0 de 5 estrellas","La he usado unos dias, no la volvería a comprar .
1. Tamaño: buscaba una pequeña así que está bien para mí uso, si no usáis el filtro permanente usar filtro de papel 1x4 si lo usáis junto el 1x2.
2 sabor: aquí mi causa para no comprarla, el café no sabe bien, he leído que lo hace buenísimo, ni idea tienen , use una de más calidad dos días antes y se notaba un mejor sabor, y no es que salga muy caliente que digamos.
3. No es compatible con enchufes wifi tipo Alexa, si se apaga y enciende hay que darle al botón lateral de nuevo.
4. Tarda bastante en hacer café, de una taza me refiero no toda la jarra.

Resumen para el precio que tiene, gastaos más",Alberto,Revisado en España el 8 de abril de 2021
Economica y funciona bien.. pero el sistema de filtro no es tan bueno,"3,0 de 5 estrellas",Por el precio genial.. la compraria de nuevo.. pero el sistema supertior de filtro no es bueno.. prefiero lo que tienen tapa.. uso otroa que tiene tapa..,L. Simoni,Revisado en España el 20 de febrero de 2021
Hace buen café,"3,0 de 5 estrellas",Hace buen café pero el sistema anti goteo no funciona.,Rober,Revisado en España el 2 de enero de 2021
Pues lo que viene a ser una cafetera,"4,0 de 5 estrellas","Nada del otro mundo, correcto",Andres,Revisado en España el 13 de enero de 2022
Cumple su función muy correctamente .,"4,0 de 5 estrellas","Era justo lo que queríamos . Mi
Marido quería una cafetera pequeñita para los cafés del día . Ahora con el teletrabajo, muy recurrido. Ocupa poco espacio que era un requisito primordial . Calidad / Precio muy correcta .",Cristina,Revisado en España el 9 de noviembre de 2020
Taurus cafetera Verona 6 tazas,"4,0 de 5 estrellas",Es una cafetera que hacer un café muy rico. Es pequeña para poder ponerla en cualquier parte. La cantidad de seis cafés no es correcta si tomas el café más grande. Para que quede bien el café al principio es necesario primero llenarla con agua y hacer una cafetera y más tarde con café hacer unas cuantas cafeteras y todo esto tirarlo. Lo único que parece de juguete.,J.E.N,Revisado en España el 20 de febrero de 2019
Buena relación calidad/precio,"4,0 de 5 estrellas","Es una cafetera de goteo de buen tamaño si sois muchos en casa o sueles tener visitas a las que invitas a café. No te va a durar 10 años, es de plástico de no muy buena calidad, pero funciona muy bien y a ese precio es una buena compra.
PD: los que decís que el café sale aguado es que no entendéis el concepto de cafetera de goteo.",FJSM,Revisado en España el 18 de octubre de 2018
"Bien, aunque poco grosor en el plástico.","4,0 de 5 estrellas","Cumple muy bien su función a un precio justo. Rápida, no gotea y fácil de limpiar. El punto negativo es para las primeras impresiones que da el plástico donde se pone el café, el cual es fino y a simple vista parece que se rompe con la mirada. Como digo, esa es la primera impresión ya que con el uso te das cuenta de que podía ser más robusto pero funciona perfecto.",David I.,Revisado en España el 31 de marzo de 2017
simpleza de manejo,"4,0 de 5 estrellas",sencilla y práctica,SEVILLA,Revisado en España el 28 de marzo de 2022
Cafetera muy simple a un precio razonable,"4,0 de 5 estrellas","Una cafetera muy básica. La tengo desde hace muy poco, pero de momento hace bien el café y es rápida. Por decir algo, el cacito de echar café coge muy poca dosis, yo lo echo con uno tipo a los que se usan con los bebés q son un poco más grandes",Diana,Revisado en España el 8 de marzo de 2020
Practica,"4,0 de 5 estrellas",Practica y fácil de usar pero la veo un poco fragil,Amazon Customer,Revisado en España el 22 de octubre de 2021
"Bien, pero mejorable","4,0 de 5 estrellas","De momento funciona bien, tiene un fallo en el diseño del goteo hacia la jarra, el pivote es muy largo y cuesta meter y sacar la jarra de la placa térmica.
Los plásticos son más blandos que en otro modelo de otra marca que tenía antes.
Es rápida, el café sale bien y no deja colar posos.
Ahora falta ver lo que dura, las anteriores de otras marcas, al año y pico se han estropeado.",Emilio,Revisado en España el 19 de enero de 2017
Sencilla y práctica,"4,0 de 5 estrellas","Me gusta porque es muy fácil de usar, solo apretando el botón, y funciona bien, el café sale rico. El tamaño está muy bien porque da para varias tazas. Preferiría que el compartimento para el café se abriera por arriba porque a veces no cierra bien pero tengo cuidado.",PATRICIA,Revisado en España el 20 de mayo de 2020
Buen café,"4,0 de 5 estrellas","Llevo varias semanas utilizando la cafetera y la verdas es que estoy muy contento con el resultado hasta hoy.
Es pequeñita por lo que se puede poner en cualquier rincón de la cocina, no hace falta ponerle filtro de café y además el sistema antigoteo funciona perfectamente.
El único pero es que para echar café o sacar el filtro tienes que sacar la cafetera previamente. Por lo demás genial.",Flash,Revisado en España el 5 de octubre de 2018
Cafetera pequeña y resolutiva,"4,0 de 5 estrellas","Me ha gustado mucho es compacta y se limpia muy bien. El cafe sale mas rico que en la anterior de goteo, ademas tiene un diseño muy guapo.",Laura Rimada Palacio,Revisado en España el 18 de enero de 2021
Cafetera que cumple las expectativas,"4,0 de 5 estrellas",Llevo unas semanas con la cafetera y estoy bastante contenta es muy rápida y hace un café bueno. No le doy 5 estrellas porque la verdad es que es plástico y no tengo claro cuánto durará,Sonia N.,Revisado en España el 27 de julio de 2020
RÁPIDA LA ENTREGA,"4,0 de 5 estrellas",Se ha entregado muy ràpido y muy buena calidad,JOSE,Revisado en España el 16 de septiembre de 2021
Muy fácil de usar,"4,0 de 5 estrellas","Muy fácil de usar para alguien como yo, que por no tomar café no está acostumbrado a manejarse con cafeteras. Acabé comprando otra para mis padres que también funciona a la perfección. Compra muy recomendable!",ailoher,Revisado en España el 30 de septiembre de 2020
Cafetera Verona,"4,0 de 5 estrellas","Cafetera básica, que cumple con su cometido. Fácil de usar y limpiar.",Angel,Revisado en España el 14 de septiembre de 2021
Muy buena,"4,0 de 5 estrellas","Fácil de usar , buen cafe",EVA,Revisado en España el 16 de octubre de 2021
Buen precio y hace buen café,"4,0 de 5 estrellas","Por el precio pagado casi no se puede pedir más, cumple perfectamente con su cometido, el plástico parece un poco frágil, y la jarra también, aún así me parece una buena compra.",Cliente Amazon,Revisado en España el 18 de septiembre de 2020
Solo salen 5 tazas,"4,0 de 5 estrellas","Con el agua hasta la marca de 6, solo salen 5 tazas. El filtro que trae no vale para nada, enseguida se pone sucio. Yo uso filtros de papel, creo que es más practico. Es pequeña y coqueta, las colocas en cualquier sitio, apenas ocupa 15 cm2. Demasiado ligera, deberían ponerle un poco mas de peso en la base.
El café sale muy bueno!",Miguel,Revisado en España el 2 de diciembre de 2017
cafetera 6 tazas,"4,0 de 5 estrellas",Es una cafetera de 6 tazas con un diseño bonito. Es pequeñita por lo que la puedes colocar en cualquier sitio. Donde se echa el café es desmontable para que sea fácil de limpiar. Y el café sale bueno. De momento la acabo de comprar asi que no se si durará mucho.,ROBERTO,Revisado en España el 29 de diciembre de 2018
"No defrauda, pues responde a lo expuesto. Relación calidad/precio buena","4,0 de 5 estrellas",Responde a lo esperado,jose luis borniquel baque,Revisado en España el 18 de agosto de 2021
HACE SU MISION,"4,0 de 5 estrellas","Para lo que lo quiero que es tener café siempre hecho en casa, es perfecto, la calidad en ralación a su precio inmejorable. Si necesitas una cafetera económica y de calidad, esta es la tuya....no dudes comprarla.",cvives,Revisado en España el 22 de abril de 2020
Cafetera sin más.,"4,0 de 5 estrellas",El sistema anti goteo no funciona.,CG2,Revisado en España el 5 de octubre de 2021
Buena cafetera,"4,0 de 5 estrellas",Buena relación calidad precio,andres,Revisado en España el 2 de octubre de 2021
Comodo programar,"4,0 de 5 estrellas",Facil usa,Rosa,Revisado en España el 30 de noviembre de 2021
Cumple su función.,"4,0 de 5 estrellas","Cafetera que cumple su función.
Para una persona o dos que es suficiente. Eso si la medida son para 6 tazas pequeñas.
El cafe lo hace bastante rápido. en menos de 10 min.
Trae un filtro, aunque le puedes poner los filtro de papel que venden en cualquier supermercado.",Angel JP,Revisado en España el 25 de octubre de 2019
Justo lo que buscaba,"4,0 de 5 estrellas",Justo lo que buscaba,Santiel1765,Revisado en España el 2 de septiembre de 2021
Precio,"4,0 de 5 estrellas",Calidad y fácil manejo,Cliente AmazonTomas,Revisado en España el 24 de junio de 2021
Cumple su función,"4,0 de 5 estrellas","La calidad del material no es que sea la mejor, ya que es puro plástico, pero llevo más de un mes usándola y cumple su función perfectamente.",Usuario,Revisado en España el 16 de agosto de 2020
Sencilla y pequeña,"4,0 de 5 estrellas","Es muy simple, el material es un poco endeble, hay que ser algo cuidadosa pero por el precio está muy bien. La compré por el tamaño y porque no necesitamos mucha cantidad. La recomiendo si quieres una cafetera sencilla y un café normal.",Alex269,Revisado en España el 1 de septiembre de 2019
"Funcionamiento correcto, pero demasiado ligera","4,0 de 5 estrellas","La cafetera funciona bien, el tamaño es reducido pero es demasiado ligera por lo que ante cualquier manipulación, se mueve. Para coger la jarra, si no la inclinas, sacando primero la zona inferior ligeramente para cogerla, la cafetera se mueve, y lo mismo para dejarla nuevamente en su sitio.",Fernando,Revisado en España el 8 de agosto de 2018
Era lo que buscaba.,"4,0 de 5 estrellas","Para las personas que les gusta el café suave y tirando a aguado como a mi, esta cafetera la recomiendo. Hace el café muy rápido ya que desde que apretas el botón empieza a brotar agua hirviendo sobre el café en menos de treinta segundos y es muy fácil de limpiar. Si me surge alguna pega lo comentaré más adelante.",Gil,Revisado en España el 10 de septiembre de 2016
Barata,"4,0 de 5 estrellas","Buena relación calidad precio, aunque no sé si durará mucho ya es veo el plástico un poco frágil.",Ana V,Revisado en España el 27 de noviembre de 2020
Buena cafetera,"4,0 de 5 estrellas","Bueno, pues eso una cafetera que no chorrea como otra marca rara que tenía antes, Taurus es marca reconocida y experta en estos aparataos. todo bien.",Francisco Morilla Gómez,Revisado en España el 10 de julio de 2020
Contento,"4,0 de 5 estrellas",Cafetera de goteo que cumple con lo que tiene que hacer. Funciona bien y sin problemas.,Francisco 59,Revisado en España el 18 de octubre de 2020
Cafe rapido,"4,0 de 5 estrellas","Buena calidad precio, hace bien el cafe y rapido. La unica pega que al principio deja sabor el plastico en el cafe. Parece de juguete pero funciona de maravilla.",BRAVO,Revisado en España el 4 de abril de 2020
.,"4,0 de 5 estrellas","La cafetera funciona muy bien, es comoda de usar. No he tenido ningún problema con ella y cumple completamente su función.",Cliente Amazon,Revisado en España el 21 de julio de 2020
Muy buena cafetera,"4,0 de 5 estrellas","Sólo hay una cosita que no me gusta, que el depósito de café se abre hacia un lado. Pero el filtro que trae es muy bueno, no hacen falta filtros de papel añadidos. Buen tamaño, se limpia fácil",ELENA S,Revisado en España el 2 de diciembre de 2018
Bien,"4,0 de 5 estrellas","El único pero que pondría es que no se levanta la parte de arriba es fijo, y eso es cómodo que se levante. Por lo demás bien rápida y calidad precio correcto.",Cliente amazon palo,Revisado en España el 22 de enero de 2020
facil de usar,"4,0 de 5 estrellas",sencilla que cumple con lo esperado,julen,Revisado en España el 16 de febrero de 2021
Buena,"4,0 de 5 estrellas",Esta bien pero llego un poco defectuosa.,Magdalena sofia garcia,Revisado en España el 30 de enero de 2021
Buena compra,"4,0 de 5 estrellas","Buena cafetera, la usamos todos los días para unas 10 personas aproximadamente. La única pega, usamos filtros de papel puesto que con el que viene se sale el café.",Jose Ramon,Revisado en España el 26 de febrero de 2020
normalita,"4,0 de 5 estrellas","la cafetera ha sido para un lugar que no iba a usarse mucho. Está bonita. Se rompió por abajo (soltando el agua) concretamente 2 años y 2 meses después de comprarla, así que ya no hay garantía.",Almudena,Revisado en España el 13 de julio de 2018
Fácil y útil,"4,0 de 5 estrellas",Eficaz y barata.,shs,Revisado en España el 15 de marzo de 2021
qualidad precio bueno,"4,0 de 5 estrellas","la cafetera esta muy bien, qualidad precio bueno. El solo problema que puedo encontrar es que parece mas pequeña de lo normal,por 12 tasas, es pequeña, però a parte de eso , el producto es bueno",Miquel P.,Revisado en España el 17 de julio de 2018
Muy buena cafetera 👌,"4,0 de 5 estrellas","Me gusta porque cuela rapido y el cafe y sale limpio, lo que menos me gusta es que la base donde va la jarra se mancha fácilmente y es difícil de limpiar.",Rossy,Revisado en España el 3 de marzo de 2019
Rápida y limpia,"4,0 de 5 estrellas","Fácil de usar y rápido, hace café más rápido de lo que pensaba. Para el café diario la recomiendo",Alejandro p.,Revisado en España el 3 de julio de 2020
Buen,"4,0 de 5 estrellas",Buena relación calidad-precio.,David Fernández González,Revisado en España el 8 de marzo de 2021
compra satisfactoria,"4,0 de 5 estrellas","es pequeña pero sirve para lo que la necesito...parece de juguete pero hace el cafe rapido y no ocupa mucho espacio ,la volveria a comprar",Mónica,Revisado en España el 16 de marzo de 2020
Cumple su función,"4,0 de 5 estrellas","¡Me encanta! Sencilla, rápida y que cumple su función. Quería algo pequeño y es el tamaño perfecto, por lo menos 5 cafés se sacan y eso que me gustan cargadetes.",Mailén,Revisado en España el 4 de enero de 2020
Recomendable,"4,0 de 5 estrellas",Muy contenta. Fácil de usar y hace un buen café. Para mi ha resultado muy útil,R,Revisado en España el 4 de agosto de 2020
Muy buen producto,"4,0 de 5 estrellas","Super rápida, y facil de usar.
¡¡Estoy encantada con ella!!",LAURA,Revisado en España el 4 de noviembre de 2020
Contento con la compra,"4,0 de 5 estrellas","Una cafetera para hacer café, sin más.
Funciona correctamente.
El café de cápsulas no me gusta",David,Revisado en España el 17 de julio de 2020
Comodidad,"4,0 de 5 estrellas",Es muy fácil de usar y de limpiar,Marga,Revisado en España el 18 de septiembre de 2020
Buena cafetera para una persona sola o matrimonio joven sin familia.,"4,0 de 5 estrellas","Funciona a la perfección y hace buen café, la pega quizás el depósito de agua tenía que ser un poco más grande. Se desarma fácil para la limpieza del filtro.",Enrique,Revisado en España el 19 de junio de 2018
Funciona,"4,0 de 5 estrellas",Funciona bien. Muy barata construcción. Espero que dure.,Amazon Customer,Revisado en España el 11 de octubre de 2020
El tamaño (el que buscaba),"4,0 de 5 estrellas","Cumple las expectativas que me habia marcado. Entrega rápida. Producto correcto, Funciona sin problemas.",CARLOS BENITO GONZALEZ,Revisado en España el 3 de julio de 2020
Practico,"4,0 de 5 estrellas","En principio quedé un poco decepcionado con el tamaño, pero después de usarla varias veces se adapta perfectamente a lo que estaba buscando.",Juan Bustamante,Revisado en España el 18 de febrero de 2020
Rapida,"4,0 de 5 estrellas",Comoda y rapida,david,Revisado en España el 20 de diciembre de 2020
la calidad del producto,"4,0 de 5 estrellas","Ya la conocía y me gusta mucho esta cafetera, por eso la he comprado. Fácil de usar y de limpiar",Cliente Amazon,Revisado en España el 2 de julio de 2019
Lo que necesitaba,"4,0 de 5 estrellas",Hay que tratarla con cuidado. Tiene pinta de un poco frágil.,SILVIA ARMENDARIZ,Revisado en España el 24 de julio de 2020
Buena compra,"4,0 de 5 estrellas",Bien. Pesa poco y gran capacidad. Espero que el plástico sea de calidad. No me cuesta sacar la jarra haciendo un pequeño giro con la muñeca. Café rico.,María Virginia,Revisado en España el 26 de marzo de 2018
De momento va bien,"4,0 de 5 estrellas","Llevo varios meses con ella y va fenomenal. Es más sencilla que otras del segmento, pero cumple bien su función de hacer café.",perretxikue,Revisado en España el 24 de octubre de 2018
Buen producto,"4,0 de 5 estrellas","Pues una cafetera de goteo de 20 euros. Funciona correctamente, es algo lenta pero por su precio poco mas se puede pedir. Es recomendable.",Alejandro,Revisado en España el 20 de septiembre de 2018
Buen cafe de goteo,"4,0 de 5 estrellas","El acabado del plastico no me gusta mucho, para lo que vale no se puede pedir más. El café que hace es bueno, típico café de cafetera de goteo.",JOSE FRANCISCO,Revisado en España el 16 de noviembre de 2017
Calidad Precio 10,"4,0 de 5 estrellas","Levo tiempo usándola y no encuentro defecto, el café es normal prefiero el de cafetera Italiana pero para hacer una buena jarra de café mas que aceptable.",Iago,Revisado en España el 25 de enero de 2018
Bueno,"4,0 de 5 estrellas",Buen producto relación precio calidad,J mena,Revisado en España el 10 de septiembre de 2020
Cafetera de goteo. Sin más,"5,0 de 5 estrellas","Para preparar café. De fácil uso. En serio, ¿qué se supone que debo reseñar? No es muy grande y el café sabe bien. Aunque en eso también influye el tipo de café y la cantidad que se use.",Felix Ortiz,Revisado en España el 30 de enero de 2022
Cómoda,"5,0 de 5 estrellas","Segunda que compro
Único fallo que es incómoda la jarra para meter al lavavajillas. Separar la tapa es misión imposible o corres riesgo de romperla y meterla sin separar la tapa es complicado por la forma
De resto muy bien",Tati,Revisado en España el 26 de diciembre de 2021
Me ha gustado mucho!,"5,0 de 5 estrellas","Hace tiempo que queria una cafetera de este tipo y me decidi por esta. Estoy encantada la verdad! yo personalmente le pongo un filtro tambien aparte del reutilizable que lleva y sale un cafe bien bueno! Es de plastico asi que no hay que ser bruto usandola pero si no lo eres esta perfecto.
La unica pega que pondria es que compre para 6 tazas y aunque lleno el tanque hasta el max. que serian las 6 tazas, una vez terminado el cafe la jarra me marca que ha echo cafe para 5!",Cliente Amazon,Revisado en España el 3 de diciembre de 2019
Genial !!!,"5,0 de 5 estrellas","Quiero dar las gracias primero al servicio de att. al cliente de Amazon. Pedí una primera cafetera del mismo modelo, la cual llegó con el vaso de vidrio roto. Al instante tramité la devolución y Amazon, como de costumbre, ya me había enviado su sustituta incluso antes de la devolución. Un 12 sobre 10. La cafetera en sí, es un muy buen producto en calidad y precio. Realiza su función perfectamente. Es una buena compra",Manel Serrano,Revisado en España el 18 de agosto de 2020
Hace café bien,"5,0 de 5 estrellas","Es lo que se espera , yo la
Compre para tenerla en un a finca para cuando viene mucha gente …",María,Revisado en España el 3 de agosto de 2022
Perfecta,"5,0 de 5 estrellas","He usado varias cafeteras, pero está es perfecta, funciona muy bien y me está durando muchos años. Fácil de limpiar. Tras terminar, sigue unos minutos encendida, dejando el café caliente",Vinu Cliente Amazon,Revisado en España el 15 de enero de 2022
Lo que buscaba,"5,0 de 5 estrellas","Una cafetera simple. Es de plástico-plastico, por el precio no esperes otra cosa. En la foto se puede ver la cantidad de café q ha salido con agua para 6 tazas, el máximo, y echando 6 cacitos de café (el bote típico de alubias). No se ha desbordado el café. Se hace rápido. Estoy contenta.",Carmen,Revisado en España el 3 de abril de 2021
Cafetera recomendable 100%,"5,0 de 5 estrellas","Totalmente recomendable para todo aquel que busque hacerse un café bueno y rápido.
Obvio que no es igual que una cafetera espresso ya que esta es por goteo, pero sale una buena calidad de café y además es bastante sencilla de limpiar.",Josema Torres,Revisado en España el 15 de septiembre de 2021
Sorprendido para bien,"5,0 de 5 estrellas","Me había hecho a la idea que estas cafeteras por goteo y estos precios no podría esperar mucho pero destacó dos cosas: Facilidad de limpieza y café por goteo muy correcto.
Para 6 tazas tiene un tamaño pequeño, justo lo que necesitaba. Recomiendo guardar el filtro que trae para ocasiones excepcionales y usar mejor filtro de papel para un mejor filtrado.
Todo un acierto en mi opinión.",Barrantes,Revisado en España el 3 de marzo de 2020
Hace buen café,"5,0 de 5 estrellas","La compré para el trabajo y si lo se la compro mas grande.
Hace buen café eso me dicen un poco incomodo lo del filtro
y para echar el café estoy acostumbrada a más grande pero se
limpia facilmente.",ALICIA,Revisado en España el 1 de junio de 2021
Muy rápida,"5,0 de 5 estrellas","Perfecta, para hacer una jarra de café en poco tiempo y sin utilizar filtros de papel.",Martín Bañón Hernández,Revisado en España el 31 de julio de 2022
Contento con la compra,"5,0 de 5 estrellas","Un producto a la vista normal, pero después de tener varias cafeteras, es de destacar que esta a parte de su precio que es muy económico es muy sencilla de usar y no gotea nada, no pierde líquido y encima es visualmente elegante.",Israel,Revisado en España el 19 de marzo de 2021
Genial,"5,0 de 5 estrellas","El producto genialmente, y el servicio de entrega y devolución funciona a la perfección.
Me llego una maquina que no funcionaba bien y me enviaron otra al otro día.
Buen servicio y buen producto.",LUIS RODRIGUEZ ZAYAS,Revisado en España el 29 de agosto de 2021
Buen producto,"5,0 de 5 estrellas","Encantada con la cafetería. Buena calidad, el cristal de la jarra guerte y gordo. Me ha sorprendido para bien. Se apaga sola si se queda encendida cuando ha terminado de hacer el café.
No con mucho tiempo, la base de la resistencia donde apoya la jarra se pone muy feo. Es el único comentario negativo, por lo de mas todo genial.",Victoria,Revisado en España el 9 de julio de 2020
Buena cafetera,"5,0 de 5 estrellas",Es muy sencilla de usar y el cafe lo hace excelente y rápido. Un 10.,Un Usuario,Revisado en España el 3 de julio de 2022
"Buen precio, fácil de usar y de limpiar.","5,0 de 5 estrellas",Lo que más me ha gustado es su facilidad de uso y de limpieza. Pesa muy poco. Además fijate si será sencilla que solo tiene un botón.,Javier G.,Revisado en España el 18 de octubre de 2021
Buena compra,"5,0 de 5 estrellas","Por el precio que tiene, es un producto de marca con filtro permanente, lo cual se agradece. Quizás la calidad de los materiales es un poco endeble pero no significa que sea un mal producto. Cumple con nota, es fácil de usar, hace buen café, es rápida y tiene apagado automático.
Por el precio que tiene muy recomendable.",david,Revisado en España el 12 de junio de 2020
Tenía una igual. Me gusta su funcionamiento.,"5,0 de 5 estrellas","Teníamos una igual en el trabajo y a base de usos y usos por muchas manos terminó estropeandose. Queríamos tener otra igual por la facilidad de uso, limpieza y mantenimiento.",José L. Torres,Revisado en España el 22 de agosto de 2021
Buena y sencilla cafetera,"5,0 de 5 estrellas","Sencilla y estupenda cafetera. Además, se apaga al de 30' si nos usa, lo que contribuye a su eficiencia energética. La única parte mala es que la placa se suele ensuciar y algunas manchas se quedan ahí, algo común a muchas cafeteras de goteo. Es algo en lo que deberían investigar más las marcas para solucionarlo",Begoña,Revisado en España el 26 de mayo de 2020
Café rico,"5,0 de 5 estrellas","Buen producto, buen vendedor",Alberto F.,Revisado en España el 26 de septiembre de 2022
Buenísima!,"5,0 de 5 estrellas","Muy sencillo de usar, se apaga sola frente a “olvidos” y sale un café excelente.
Hay que tener cuidado de no llenarla demasiado de agua ni café porque entonces caen posos.",Gema,Revisado en España el 17 de julio de 2021
volvería a comprarla,"5,0 de 5 estrellas","Tiene una relación calidad-precio muy buena. Por el tamaño la recomiendo para hacer de dos a cuatro tazas (grandes). Lo mejor es el apagado automático(30 minutos), el sabor del café y el tamaño (ocupa poco espacio). Lo peor es que tienes que agarrar la cafetera para meter y sacar la jarra porque la cafetera pesa poco y el muelle de la válvula antigoteo (que creo que le llaman así a esa válvula por llamarla de alguna forma) ofrece bastante resistencia.",Angel,Revisado en España el 22 de febrero de 2018
Ideal para personas con casas pequeñas,"5,0 de 5 estrellas","Es pequeñita, muy mona, suficiente para una o dos personas. Aunque puedes hacer café hasta para 5 creo.
Fácil de limpiar, me gusta que se ve la cantidad de agua que pones. Es bastante rápida.",Isabel,Revisado en España el 13 de abril de 2021
Funciona muy bien hacer café en un momento y se limpian el café,"5,0 de 5 estrellas",Buena bonita y barata funciona muy bien limpia muy bien el cafe muy bueno compré una de la marca aigostar la tuve que devolver el interruptor dejó de funcionar en solo 3 meses,dag,Revisado en España el 3 de mayo de 2021
Comoda,"5,0 de 5 estrellas","No soy super fan de las cafeteras de goteo, prefiero el sabor de una italiana. Pero ciertamente esta es más comoda y el filtro se reutiliza.

Parece mas cara de lo que es en la distancia, de cerca no porque es de plástico.
Por el precio es una cafetera correcta",Antonio,Revisado en España el 2 de agosto de 2020
Muy bien,"5,0 de 5 estrellas","Ha sido una buena compra, de fácil manejo y limpieza,",Astrid Luna,Revisado en España el 25 de abril de 2022
Me encanta esta cafetera,"5,0 de 5 estrellas","Me encanta esta cafetera, ya venía de la versión de 6 tazas y que la tengo en el trabajo. Y pense en comprarme una para casa pero más grande y me acorde de este modelo.
Muy fácil de usar y de limpiar y el café sale muy bueno.",NeoTech76,Revisado en España el 22 de noviembre de 2019
"Práctica y limpia, y da buen café.","5,0 de 5 estrellas","El café sale muy bien, yo pensaba que al ser de goteo iba a saber más flojo porque usaba una cafetera italiana, pero sabe muy bien.
Muy fácil de limpiar sobre todo ahora que empecé a utilizar filtros de papel. Tiras el filtro y enjuagas el deposito que se extrae solo.",Manuel C.,Revisado en España el 15 de mayo de 2019
Estupenda,"5,0 de 5 estrellas","Para dos personas está genial y para una, sobra. Abulta poco y aunque seguramente sea algo cara en Amazon, no es frecuente encontrar un tamaño así en las tiendas. Y si además te la traen a casa, mejor todavía. Yo estoy encantada.",Cris,Revisado en España el 31 de octubre de 2020
Práctica y básica. Pero perfecta,"5,0 de 5 estrellas","Muy básica, sin florituras ni extras. El que busque una cafetera que funcione con voz o haga cappuccinos , que siga buscando. Esta es atractiva, rápida y sobre todo funcional. Encantado con ella y con el precio. El envío ha sido rápido.",Jon,Revisado en España el 22 de octubre de 2020
Pequeña pero matona,"5,0 de 5 estrellas","Es una cafetera pequeñita para 6 tazas pero va muy bien, es bonita y hace su función.

Por este precio no esperes grandes calidades pero para su precio me parece perfecta.",Lilith,Revisado en España el 22 de marzo de 2021
Pequeña pero matona!,"5,0 de 5 estrellas","Pequeña y ligera, perfecto para una u dos personas. Muy contento y la volvería a comprar.",Rafa,Revisado en España el 16 de octubre de 2021
Lo mejor es su gama,"5,0 de 5 estrellas",Sencilla y operativa,Detalles Personalba,Revisado en España el 30 de julio de 2022
Merece la pena,"5,0 de 5 estrellas","Cafetera sencilla es lo que buscaba hace bien el café a precio muy razonable y capacidad para 12 tazas, he tenido muy parecida a esta y me duro mucho tiempo espero que esta al ser marca más conocida dure bastante, contenta con la compra y el envío.",Laura,Revisado en España el 1 de julio de 2020
Buena cafetera.,"5,0 de 5 estrellas","Soy muy cafetero y esta cafetera, en su categoría, me ha sorprendido. La llevamos cuando salimos con la caravana, buscábamos algo con poca potencia para los campings, y hace un café muy rico, claro está depende de la calidad y cantidad de molido que le eches. Sistema antigoteo y lo mantiene caliente. La recomiendo.",Antonio Diaz,Revisado en España el 25 de septiembre de 2019
Descripción,"5,0 de 5 estrellas","Una cafetera de plástico horrible y buen funcionamiento me ha gustado Cuidado hasta donde llenas el café. Que se sale por todas p arte s.
llenado hasta arriba de agua.
y Toma12 Tazas del copón!",Jose,Revisado en España el 22 de diciembre de 2020
Bien,"5,0 de 5 estrellas",La verdad contento 😌 muy buena construcción y calidad trae un filtro muy bueno que si se lava con sentido común dura toda la vida. Tuve una cafetera parecida marca blanca y me duro 3 años y el filtro seguía bien.,Gesus 78,Revisado en España el 25 de mayo de 2020
Buena durabilidad,"5,0 de 5 estrellas","Después de 1 año sigue en perfectas condiciones, lo recomiendo, es sencilla de usar, no te vas a tomar un café de espectáculo pero por el precio indicado esta bien.",Diego,Revisado en España el 10 de marzo de 2021
Muy buen resultado y bonito diseño,"5,0 de 5 estrellas",Está dando muy buen resultado y tiene bonito diseño.,Susana Fdez,Revisado en España el 9 de marzo de 2022
