title,rating,body,author,date
Me encanta!,"5,0 de 5 estrellas",Es muy bonita estéticamente hablando pero lo mejor es q hace un café buenísimo. Es muy fácil de limpiar y tb es muy cómoda porque no necesita filtro. Yo la volvería a comprar.,Inmaculada Martinez Perez martinez perez,Revisado en España el 14 de julio de 2024
calidad,"5,0 de 5 estrellas",diseño,Gorka,Revisado en España el 14 de julio de 2024
Genial,"5,0 de 5 estrellas",Todo genial,Yailin,Revisado en España el 11 de julio de 2024
Cafetera,"1,0 de 5 estrellas","No vale para NADA. Es malísima
La jarra no sé corresponde con la cafetera, y hecha todo el café por fuera. La peor compra de mi vida.",Cristina,Revisado en España el 11 de julio de 2024
Nunca más,"1,0 de 5 estrellas","Al principio bien, la jarra entera en 10 minutos. Con el paso del tiempo, tarda más de media hora y se le queda agua en el tanque, saca 2 tazas menos por cada jarra",Zaida,Revisado en España el 10 de julio de 2024
Bonito diseño,"5,0 de 5 estrellas",Contenta con la cafetera. Lo único que es muy ligera y se mueve mucho al manipularla. Tuve que sujetarla a la encimera con nano cinta.,Gali,Revisado en España el 10 de julio de 2024
Rota,"1,0 de 5 estrellas",Es la segunda que me compro en menos de 3 días y vino con el mismo problema. La caja está en perfecto estado pero creo que es un problema de fábrica porque la otra que compré y devolví hoy por la mañana también estaba así.,Thais Santos da Rocha Bertassoni,Revisado en España el 8 de julio de 2024
Muy bonita,"5,0 de 5 estrellas",Es muy fácil de manejar,sonia,Revisado en España el 8 de julio de 2024
Buena cafetera,"5,0 de 5 estrellas","Esta cafetera por goteo está bien, al menos las veces que la he utilizado hasta ahora. Cumple con su función",Carlos,Revisado en España el 7 de julio de 2024
Útil,"5,0 de 5 estrellas",Nos va muy bien,Carmen,Revisado en España el 3 de julio de 2024
Malisima calidad en todo,"1,0 de 5 estrellas","Es un desastre, deja muchísimas borras porque el sistema de presión de la jarra de vidrio sobre el resorte que deja fluir el café funciona a veces si y a veces no. Deja muchísimos posos o borras de café.",Bonelli,Revisado en España el 1 de julio de 2024
Hace buen café,"5,0 de 5 estrellas",Hace café en pocos minutos,francisco c.,Revisado en España el 30 de junio de 2024
Práctico,"5,0 de 5 estrellas","A los que somos muy cafeteros nos viene bien para hacernos grandes dosis de café, es rápido de usar y fácil de limpiar.",Cliente Amazon,Revisado en España el 28 de junio de 2024
Funciona.,"4,0 de 5 estrellas","Cómoda y eficiente
. Muy buena relación calidad precio.",Gabriel,Revisado en España el 27 de junio de 2024
Decepcionada,"1,0 de 5 estrellas","Al poco de comprarla, salía más agua que café, a día de hoy no la podemos utilizar porque no funciona.",Judit,Revisado en España el 26 de junio de 2024
Rapidez,"5,0 de 5 estrellas","Me encanta es la segunda q tengo de esta marca para mi la
mejor 👍🏻 super recomendado",Andrea,Revisado en España el 25 de junio de 2024
Funciona bien,"4,0 de 5 estrellas","No se le puede pedir mucho más a una cafetera aunque debo decir que es más pequeña de lo que esperaba al recibirla. Funciona bien y el café sale como tiene que salir, sin más.",joaquin,Revisado en España el 23 de junio de 2024
Mala calidad,"1,0 de 5 estrellas",al tercer uso se rompe el fondo de la jarra,J. Antonio,Revisado en España el 22 de junio de 2024
Peso,"4,0 de 5 estrellas","De momento llevo dos días con ella y estoy muy contento.. Espero no tener problemas.
Recomiendo no coger la grande del todo porque resuelta muy pesada.",Domin,Revisado en España el 22 de junio de 2024
Cafetera,"5,0 de 5 estrellas",Muy buena para café rápido y funcionamiento,La calidad está muy bien y protege mucho,Revisado en España el 21 de junio de 2024
La jarra de vidrio de pesima calidad,"1,0 de 5 estrellas","Pésima calidad del vidrio, se ha quebrado lavándola, no he hecho fuerza ni un mal manejo, solo es una pésima calidad. No os creáis lo que dice la descripción, es un vidrio muy fino. Ahora tengo que comprar otro por 11€. Por lo demás funciona.",Mario,Revisado en España el 21 de junio de 2024
Me encanta es bonita y facil de usar,"5,0 de 5 estrellas","Me ha gustado el diseño , la comodidad y lo facil que resulta limpiarla .",MaRy,Revisado en España el 20 de junio de 2024
Que rico y fácil hacer cafe,"5,0 de 5 estrellas",Una cafetera fácil de limpiar muy exacta con los límites de carga y hace un café hunmmmmmm,Nacho,Revisado en España el 17 de junio de 2024
Genial,"5,0 de 5 estrellas","Me ha encantado, es fácil de manejar, programar y es muy rápida a la hora de hacer el café. Tenía mis dudas pero reconozco que estoy muy muy satisfecha con la compra",Joca,Revisado en España el 16 de junio de 2024
Muy buena,"5,0 de 5 estrellas","Me gusta mucho la cafetera, muchas capacidad, el dispensador interno de agua es grande, por lo tanto aprovecha el café de los costados y no se hace tanto el típico pozo en medio",Emilio,Revisado en España el 14 de junio de 2024
Buen producto,"4,0 de 5 estrellas",En general buen producto,MARCIAL GARCIA MORENO,Revisado en España el 13 de junio de 2024
A los 9meses pierde agua y ya no se puede hacer cafe,"1,0 de 5 estrellas",A los 9 meses pierde agua y ya no se puede hacer cafe,Lidia,Revisado en España el 12 de junio de 2024
Me encanta,"5,0 de 5 estrellas","Está genial, me viene bien ya que puedo programar la hora en la que se hará el café.",Eglis,Revisado en España el 12 de junio de 2024
Pequeña y práctica,"5,0 de 5 estrellas","Una cafetera sencilla pero funcional y bonita, tal vez un poco frágil.
De momento el funcionamiento es el correcto. Esperemos que dure mucho tiempo.",Carlos Mayo Martín,Revisado en España el 12 de junio de 2024
Está correcta pero mejorable.,"3,0 de 5 estrellas","La cafetera está bien por ese precio. Lo único que el plástico de la tapa podía ser más resistente y no tan endeble. Pero bueno, espero que dure.",Teresa,Revisado en España el 10 de junio de 2024
funciona muy bien y el cafe es muy aceptable,"5,0 de 5 estrellas","Muy facil de utilizar y el cafe es muy aceptable, al que le guste mas fuerte, lo mismo le sabe a poco",Francisco DG,Revisado en España el 9 de junio de 2024
En 6 meses dejo de funcionar,"1,0 de 5 estrellas","La cafetera es preciosa y está genial pero en 6 meses dejo de funcionar , se apagó un día y jamás volvió a encenderse. No volvería a comprarla.",Yasmina,Revisado en España el 8 de junio de 2024
Jarra fragil,"3,0 de 5 estrellas",La cafetera la tengo para una oficina donde trabajo. El café sale bueno y rápido. Lo único que hay que tener cuidado es con la jarra. Con un pequeño golpe se me fracturó,Kldero Review,Revisado en España el 7 de junio de 2024
Excelente,"5,0 de 5 estrellas","Es muy práctico el producto y ha llenado mis expectativas, correspondencia que es básicamente muy buena y práctica. No recomiendo ampliamente.",Luis Sequera,Revisado en España el 6 de junio de 2024
En general es fantástica,"4,0 de 5 estrellas","Cafetera de gran capacidad, ideal para los que tomamos mucho café en casa. El café sale bastante rico. Su sistema de goteo es bueno, tiene varias salidas para el agua, lo que hace que se aproveche mejor el café. Tiene una opción para que el café salga más intenso y temporizador para tener el café recién hecho por la mañana al despertar. Es fácil de limpiar y elegante. Tiene un pero, que hay que valorar muy mucho, que es que indican que tiene la función de recalentar para tomar el café caliente en cualquier momento y no es así. Solamente mantiene el café caliente durante 40 minutos y después se para. Siempre queda el microondas, tomarlo a temperatura ambiente o hacer lo justo para que no sobre, eso ya a criterio de cada uno. A pesar de esta pega que no me parece bien que lo anuncien cuando no es cierto, la cafetera cumple su función y me gusta mucho.",Ennalisse,Revisado en España el 4 de junio de 2024
"Buena para cafes normalitos , la jarra resiste poco no me llego al año","4,0 de 5 estrellas","Reseña de menos de un año.Rapida , cafe pasable cuando la pillas el tranquillo.no pongo 5 estrellas la jarra se rompe y desde amazon solo solucion de devolucion completa de producto y reembolso y comprate otra nueva aunque el aparato vaya bien no dan posibilidad del recambio de la tara que tienen y no ponen remedio al producto por parte de cecotec dado qie el modelo sigue en circubalacion(leer en preguntas y buscar jarra vereis que no soy la unica.os diria que va bien la cafetera y que para una nueva compra tampoco lo descartaria, en verdad la maquina no es mala si os sirve encontre un recambio que sirve para cumbia por aqui dado que ni un encargado de amazon podia darme ayudani en esto y eso que es un producto que venden ellos mismos. Senya - jarra de cristal para su cafetera SENYA SYBF-CM019, potencia calorífica 900 W es cara perole viene que ni al pelo",naomi aylagas teran,Revisado en España el 2 de junio de 2024
Mala calidad,"1,0 de 5 estrellas","El material principal es plástico y de muy mala calidad. El café sale con olor a plástico y ya llevo mas de un mes de usarla. Ya no la usaré mas, seguro estoy tomando café con residuos de plásticos.",Gabriela,Revisado en España el 31 de mayo de 2024
No es la que se anuncia,"5,0 de 5 estrellas",La cafetera muy bien y todo lo escrito anteriormente pero lo típico que pagas por una cosa y te mandan otra….,Syyta,Revisado en España el 31 de mayo de 2024
Buen cafe,"5,0 de 5 estrellas",Funciona perfectamente el café sabe rico y el filtro rehutilizable muy útil,Virgii,Revisado en España el 31 de mayo de 2024
El Temporizador,"4,0 de 5 estrellas","Relacion calidad precio bien.
El poder programarla para tener el café hecho a la hora que te levantas... genial.
Muy contento con la compra.",Tone,Revisado en España el 31 de mayo de 2024
Caen posos de café en a Jarra,"3,0 de 5 estrellas","He comprado filtros de papel de los que se usaban el la melitas antiguas de toda la vida pues y aun así caen posos en la jarra, creo que es porque el agua cae muy rápido y rebosa el café.",Cliente Amazon,Revisado en España el 30 de mayo de 2024
Cafetera muy sencilla y pequeñita,"5,0 de 5 estrellas","La cafetera es para uso puntual, así que en mi caso es más que suficiente. También cumple si es para uso diario de una persona o dos que no tomen mucho café. Para alguien cafetero o con varias personas en casa, recomendaría buscar otra más grande.",Comprador habitual,Revisado en España el 29 de mayo de 2024
El precio,"4,0 de 5 estrellas",Por ahora funciona bien,Rafael Navarrete Prados,Revisado en España el 29 de mayo de 2024
Recomendable,"5,0 de 5 estrellas",Una cafetera de goteo sencilla que cumple su función perfectamente.,Anna Cé,Revisado en España el 28 de mayo de 2024
Pésima,"1,0 de 5 estrellas","Bueno, después de estar usando la cafetera 4 meses, ha dejado de funcionar. No hace café. Es la peor cafetera de mi vida y eso que llevo muchas. Una pena",Ana,Revisado en España el 28 de mayo de 2024
Excelente compra!,"5,0 de 5 estrellas","Lo compré hace un tiempo y le doy 10 de 10, muy a gusto con la compra!",Iria,Revisado en España el 25 de mayo de 2024
Poco fiable,"1,0 de 5 estrellas","No me duró ni 6 meses, ya no funciona.",Daniel,Revisado en España el 23 de mayo de 2024
No cumplió con las expectativas que tenía de cafetera,"3,0 de 5 estrellas","Compré la cafetera para un familiar que visité en España y la verdad teniendo las características de cafeteras que tengo en México, no me gustaron sus funciones, porque por ejemplo no tiene para seleccionar el tamaño de la taza o número de tazas, es simplemente la cantidad de agua que se le ponga. No entiendo el por qué no hay cafeteras con esas características en España.",Sandra L.,Revisado en España el 22 de mayo de 2024
Cafetera,"2,0 de 5 estrellas",La luz que está en la hora es horrible y no se quita molesta demasiado tiene funciones que no sirven para nada.,Aura,Revisado en España el 21 de mayo de 2024
Muy bonita,"5,0 de 5 estrellas",Me encanta la verdad es más grande de lo que esperaba,Claudia Paz,Revisado en España el 20 de mayo de 2024
Encantada con mi cafetera,"5,0 de 5 estrellas","Gran capacidad de dos a tres días de rico café, conserva su sabor y aroma. Es lisenciosa y lo prepara enseguida. Encantada.",Laura,Revisado en España el 20 de mayo de 2024
Hace buen café,"5,0 de 5 estrellas","La cafetera la compré para mi madre, que es la que toma café de cafetera. Y según me dice el café sale muy bueno y además es bonita. De momento hace sólo una semana que la tengo y va muy bien. Se programa fácilmente. Nada que objetar. Recomendable.",Joaquin Badillo Nuñez,Revisado en España el 20 de mayo de 2024
Que haga buen cafe,"4,0 de 5 estrellas",Muy bien relación calidad precio,comprador satisfecho,Revisado en España el 19 de mayo de 2024
Todo perfecto,"5,0 de 5 estrellas","Teniendo el cuenta el precio, es una cafetera de batalla. Resliza su función perfectamente. Tiene bastante capacidad, es programable, el café sale caliente y rico, y aguanta caliente bastante tiempo. Además, tiene una función para volver a calentar.",Psije,Revisado en España el 15 de mayo de 2024
Buen sabor,"4,0 de 5 estrellas","El café tiene muy buen sabor y cunde bien, mucho mejor que la cafetera italiana que tenemos, muy cómodo dejar hecho el café a primera hora de la mañana y ya tienes para todo el dia",DVD,Revisado en España el 15 de mayo de 2024
Buena y duradera,"5,0 de 5 estrellas","He tardado más de varios meses en hacer la reseña para ver si es que duraba o no. Ahora, con mínimo un uso diario (casi siempre 2), puedo decir que sigue funcionando a la perfección y no se ha roto de momento nada, ni el vaso.",José I.,Revisado en España el 13 de mayo de 2024
Calidad buena,"4,0 de 5 estrellas",el café sale rico es fácil de limpiar y de usar,Maria del Carmen,Revisado en España el 10 de mayo de 2024
La marca,"2,0 de 5 estrellas","Compre la cafetera guiandome por la marca, y no fue buena la experiencia en la primera comilona de mucha gente en la que la use, se colapso el tubito que lleva el agua hacia el filtro y dificil de limpiar
No muy contenta",Natali,Revisado en España el 9 de mayo de 2024
Espectacular,"5,0 de 5 estrellas","Me ha gustado mucho, tenía otra marca y está es más práctica.
La recomiendo, 12 tazas, hierve rápido, no tiene opción de recalentar.",James T,Revisado en España el 8 de mayo de 2024
Funciona bem,"5,0 de 5 estrellas",Funciona bem,Cliente Amazon,Revisado en España el 8 de mayo de 2024
Me encanta,"5,0 de 5 estrellas","Tamaño fantástico, no ocupa tanto espacio y es sencillisima de usar, hasta trae una cucharita dosificadora de cafe",genesis,Revisado en España el 7 de mayo de 2024
Muy buen café,"5,0 de 5 estrellas",Muy contenta con mi cafetera hace un café muy bueno,Daniel,Revisado en España el 3 de mayo de 2024
Dura dos meses y rompe,"1,0 de 5 estrellas","En principio te puede dar hasta buena apariencia pero es una basura 2 meses de agua mineral y rompe (por lo visto en las reseñas es un problema que ocurre con éste producto)
La anterior que tuve tenía el mismo sistema y duro 2 años.
No tires el dinero con esta porquería",Raba,Revisado en España el 2 de mayo de 2024
Perfecta,"5,0 de 5 estrellas",Muy buena relación calidad precio,Jose Ramon Esteve Pastor,Revisado en España el 1 de mayo de 2024
Gran capacidad,"5,0 de 5 estrellas","Hace 12 tazas de café gran capacidad..más o menos 1 litro cada vez. Filtro de fácil limpieza y estéticamente a mí me parece muy retro, muy bonita. Mantiene el café caliente sin problemas",irene nicolas,Revisado en España el 1 de mayo de 2024
Compacta y bonita.,"5,0 de 5 estrellas",Cafetera sencilla y bonita. Llegó rápido y el precio es bueno.,Jacqueline Zambrano,Revisado en España el 30 de abril de 2024
ACEPTABLE,"4,0 de 5 estrellas","Es una buena cafetera de goteo, pero desde mi punto de vista, el café que hace no es muy intenso de sabor, pero es algo que te puedes esperar en una cafetera de goteo. Sí buscas café con mas cuerpo y sabor, mejor ir a por una de espresso, o tirar de la moka tradicional.",Nesla,Revisado en España el 28 de abril de 2024
Bien,"5,0 de 5 estrellas",Buen producto...,Díana,Revisado en España el 27 de abril de 2024
Rota,"1,0 de 5 estrellas","Pedí una hace tiempo y me vino rota.
Esta semana me saltó en oferta y la volví a comprar vino antes de tiempo .
El borde de plástico roto como de llevarla en el camión sin protección .
Cuando se hace el café se queda todo el agua en el filtro y la tienes que ayudar a la jarra para que salga .
Devuelta y ya no adquiero ninguna más",JOSE,Revisado en España el 25 de abril de 2024
Se ha roto en 4 meses,"1,0 de 5 estrellas","Ha durado 4 meses, estos productos Chinos cada vez son peores. Al final las cafeteras las harán de cartón",Angeles Coll Garcia,Revisado en España el 25 de abril de 2024
Estupendo producto,"5,0 de 5 estrellas",Relacion precio calidad excelente,MANUEL GONZALEZ OUTEIRAL,Revisado en España el 25 de abril de 2024
Tamaño,"4,0 de 5 estrellas","La cafetera a resultado muy buena y práctica para hacer el cafecito, únicamente el tamaño ya que pensábamos que sería un poco más grande, básicamente 2 tazas grandes y es todo lo que abarca",Me encanto!! El hueso me lo imaginaba un poco más grande al sacarlo sin embargo es práctico de sacar y meter. Vamos a esperar a saber si el dueño lo tiene por mucho tiempo 🐶🤭,Revisado en España el 23 de abril de 2024
Muy bonita,"5,0 de 5 estrellas","Funciona muy bien,café muy rico,pesa muy poco muy bonita estéticamente,muchas funciones viene con dos filtros y cuchara dosificadora .",Tati,Revisado en España el 22 de abril de 2024
Calidad certificada,"5,0 de 5 estrellas","Muy buen producto, una maravilla",Juan Andrés Peláez,Revisado en España el 22 de abril de 2024
El mejor café que me he tomado en casa,"5,0 de 5 estrellas","En casa somos muy cafeteros desde siempre y hemos tenido muchas cafeteras de goteo de muchas marcas y precios distintos, pero ninguna que haga un café con un sabor tan intenso. Pese a su precio economico, y materiales aparentemente de baja calidad, funciona a la perfeccion, hace un café excelente, es compacta y agradable a la vista. No puedo ponerle ninguna pega, salvo como dicen todos, la falta de informacion de la funcion de sus botones, aunque enseguida se puede deducir. Los dos superiores son para poner en hora el reloj de la cafetera. Los inferiores, de izquierda a derecha son:
1- Para poner la cafetera en funcionamiento en modo sabor intenso. Lo recomiendo al 100%. Aunque tarda sensiblemente mas en hacer el cafe, el sabor resultante merece muchisimo la pena.
2- Recalentamiento. Esta funcion activa la placa que está bajo la jarra para recalentar el café. Se activa unos 30 o 40 min y se apaga automaticamente. Aunque no he probado esta funcion, en otras cafeteras que si la he usado estropea el sabor del café.
3- Configuracion de puesta en marcha. Permite configurar cuando quieres que la cafetera se ponga a hacer el cafe. Puedes dejar la cafetera preparada por la noche y configurarla para que se ponga a hacer el cafe a primera hora de la mañana.
4- Encendido. Aqui se pone en funcionamento en modo normal.",Nazham,Revisado en España el 17 de octubre de 2019
Encantadísimo!!!!,"5,0 de 5 estrellas","La recibí esta mañana y una pasada de verdad.
Vengo de una de cápsulas y buscaba algo que no tuviera un desembolso tan grande cada 2 X 3 y sobretodo que pusiera programar para tenerlo hecho nada más despertar.

La presentación y protección es un 10, todo viene perfectamente protegido y preparado.

ANTES DE USARSE
Te recomiendan de entrada que hagas 2 ciclos completos de agua solo para limpiarla por dentro.
INSTRUCCIONES
- Levantas la tapa superior y pones agua en el depósito, en el lateral derecho ves para cuantas personas quieres. (Recomiendan no hacer café para menos de 4)
(Si quieres tamaño pequeño recomiendo 1, pero si te gusta más grande es 2 por cada persona)
2. Pones café en el filtro, una cucharada por número, o una extra si te gusta más intenso.
¡Y ya está listo para ponerlo en marcha!
Ahí tienes 3 opciones.
1 - El encendido normal (el botón de apagado/ encendido)
2 - El modo ultra intenso (el segundo botón de abajo, tarda un poco más en hacer el café pero sale con más sabor, sin ese modo tarda unos 10-11 min en hacerse.
3 - El modo PROGRAMACIÓN:
A) Para eso deberás poner primero la hora.
Arriba a la izquierda se pone la hora y arriba a la derecha, se ponen los minutos. (Una vez puesta la hora se puede seguir)
B) Apretando el tercer botón de abajo unos 3 segundos, se activa el modo programación para seleccionar una nueva hora de encendido, una vez en marcha, elegir con las horas y minutos de nuevo. (Recordad que tarda unos 11 min en hacerse)

IMPORTANTE: Leyendo los comentarios se puede llegar a un error de que se hay un modo de recalentamiento, etc.
Lo que explica la marca, es que el PRIMER BOTÓN DE ABAJO NO ES PARA RECALENTAR NI MODO ULTRA INTENSO, SINO PARA LA LIMPIEZA ANTI CAL, que se recomienda hacer 4 veces al año, poniendo agua + unas gotas de vinagre o antical.
Y NO HAY UN BOTÓN DE RECALENTAR... LO QUE PONE ES QUE DURANTE 40 MIN SE MANTENDRÁ CALIENTE POR LA PLANCHA DE ABAJO Y QUE PASADO ESE TIEMPO SE APAGARÁ POR SEGURIDAD.

Quería aclarar esto porque ahí están todos presuponiendo los botones, Y LO DICE MUY CLARO.

LIMPIEZA
Una vez terminado, se vacía el filtro, y se saca, junto al embudo y la jarra, y se limpia con agua y jabón.
A parte para aumentar la vida útil recomiendan hacer la limpieza antical 4 veces al año como he explicado arriba. (Con agua+vinagre o antical, y apretando el primer botón de abajo)

OPINIÓN PERSONAL
De momento ENCANTADÍSIMO con esta cafetera, lo hace muy bien, rápido, deja ese agradable olor a café en la cocina y muy bien de sabor, la limpieza se hace muy fácil y el tema de programar el café para tenerlo hecho antes de despertar ES UNA PASADA (recordar programarlo unos 10 min antes de la hora deseada).
El envío ha sido muy rápido y satisfactorio, y el precio de 34'90€, aunque no estaba en oferta la veo un súper precio para lo que ofrece y la calidad de los materiales.
Esta marca española destaca por su fiabilidad y calidad a buen precio, he comprado varios artículos de ellos y siempre de 10.

La volvería a comprar por la calidad de los materiales y prestaciones, el sabor y aroma intenso, el modo de programar que es TOP, la facilidad de limpieza, la independencia ante caras cápsulas, el bonito y moderno diseño con pantalla y SU PRECIO.

Espero que les haya servido. Si es así darme me gusta por favor. ;)

Feliz año 2022",Manu Blasco Aráez,Revisado en España el 23 de enero de 2022
"Lo que esperaba, muy buena compra","5,0 de 5 estrellas","He elegido esta cafetera porque me gusta el café americano, quería una cafetera de gran capacidad y que además fuera bonita y pegara con los muebles de mi cocina.
Antes tenía una cafetera de 6 tazas redonda y casi abultaba más que esta. Es una cafetera de gran capacidad pero estrecha, alta y no ocupa mucho de profundo o sea que mejor que la anterior y me da el doble de café. Es muy cómoda de usar, tiene filtro permanente, cuchara y el sistema de goteo es como el de la ducha con lo que el agua se reparte mejor por todo el café y se aprovecha más su aroma.
Es como cualquier cafetera americana de toda la vida, de plástico, con acero inoxidable delante, mismo funcionamiento que todas (salvo por lo del goteo), fácil de usar, fácil de limpiar, cómoda....
y la jarra es muy grande y se ve un cristal resistente aunque como siempre, estas jarras son delicadas, yo recomiendo que según se termina el café fregarla, secarla por fuera y volver a ponerla en la cafetera y no dejarla escurriendo y que se pueda tocar con la vajilla y romperse.
Me sorprende que nadie le haya comprado o nadie la haya valorado estando en Amazon desde 2015 porque es muy cuadradita, muy mona, y muy buena, y marca española.",Espe,Revisado en España el 3 de abril de 2019
Cafetera con una excelente relacion calidad precio.,"5,0 de 5 estrellas","En 3 años llevo 3 cafeteras, ya no sé si es por la mala calidad de sus componentes, o bien porque hacemos mucho café en casa, pero antes aún haciendo la misma cantidad de cafe, podian llegar a durarme hasta 5 años. La ultima que he comprado duró exactamente 12 meses y 4 dias, y se rompio por la pieza plastica que sujeta el asa a la jarra de vidrio. Tuve que comprar otra casi sin darme tiempo a valorar , y me decanté por esta de Cecotec pese a que sinceramente me hablaron muy mal de la relacion calidad precio de los productos de esta marca y sobre todo de su servicio postventa. Pero me arriesgué y bueno tengo que decir que aunque llevo un mes usandola, lo que mas me tiene sorprendida es lo bueno que sale el café aun utilizando el mismo. Supongo que será porque es mucho mas estanca y guarda mas el aroma, o que por ejemplo la pieza de goteo del agua es muy amplia y cubre casi toda la superficie del café , el agua no cae solo por un orificio sino que tiene como una pieza amplia con varios agujeros y esto hace que el café se infusione mucho mejor. El café sale bastante caliente, y aun que quede tiempo alli no se recalienta ni sabe a quemado. A falta de probar la durabilidad de sus piezas, esta cafetera por su forma de hacer el café me encanta.. Y tambien otra consideracion, es muy facil echarle agua, y la jarra no se ""baba"" como otras.. Me ha encantado.

En un año se me ha estropeado, es cierto que la usamos muchisimo, nuestra cafetera en casa no para, pero lo que notamos es que la placa calorifica se oxida en seguida, aunque tengas cuidado de que no te caiga ninguna gota, porque siempre tenemos un papel absorvente a mano para poner, pero es casi imposible que alguna vez no le caiga algo.. y acaba por corroerse la placa, incluso yo diri aque con el calor. Al final la tuvimos que cambiar , despues de un año porque dejo de calentar. Compre otra hace dos meses , y en menos tiempo que la otra, la placa calorifica ya esta como dañada.. ni la limpiamos con abrasivos, ni la frotamos, nada.. simplemente le pasamos papel para limpiar la posible suciedad.. pero se pone horrible. y la verdad es que hace un cafe estupendo por el sistema que tiene de vertido de agua. Veremos a ver lo que dura esta.",amcavi,Revisado en España el 18 de febrero de 2023
Para amantes del café rápido y poco intenso,"1,0 de 5 estrellas","Edito: 2 meses de uso y ha se ha roto una pieza. La que va entre el embudo y la barra. És de plàstico y dificilmente reemplazable. Veremos como se comporta Cecotec con la garantia.
Compramos la cafetera de goteo por las buenas críticas que habian y porque en casa de mis padres ya lo había probado así, aunque ellos suelen usar café torrefacto del Camello, y tal vez tendría que haber mirado cantidad de café que utilizan para hacer una cafetera.
En nustro caso he probado ya diferentes cafés, Marcilla gran aroma natural, Lidl, Lavazza Crema e Gusto, Borbone, y ahora Fortaleza intensisimo. El fortaleza por ahora el peor.
Cosas buenas, fácil de usar, y limpiar, todo y que donde se aloja el filtro se mueve mucho y entiendo que se debería poder sacar para limpiarlo a fondo pero no he conseguido ver como.
Cosas no tan buenas, gastas muchísimo café para tener un café medianamente digno y que esté totalmente aguado, vengo de cafetera italiana y lo prensaba para que me saliese mas negro que un grillo, como he leído en algun otro comentario, el receptáculo del agua está hecho para zurdos, ya que si usas la mano derecha, por esa parte casi no hay espacio para echar agua y no liar una piscina en la cocina, aunque tiene téoricamente un freno para que no caiga el café cuando sacas la jarra mientras se está haciendo (30 segundos creo) la mayoría de veces al sacarla, cae café, dejando la mancha y teniendolo que limpiar cuando se enfria. La tapa para accecder al filtro o al espacio para el agua, esta demasiado dura, un simple cierre en click le hubiese ido mejor, al abrirla lo normal es que se te caiga el agua y como debe ponerse a muy alta temperatura siempre que abres cae agua fuera de la condesnación que se genera en la tapa.
En conclusión es una cafetera que para el precio no está mal, por cierto siempre hago el café con el botón intenso seleccionado, porque sino es agua sucia lo que sale, pero no la recomiendo para quien le guste el cafe sólo, en cambio con leche, bueno, pasable...",Xavier,Revisado en España el 5 de abril de 2024
Doce tazas de aguachirle si atiende a las instrucciones de uso de la cafetera,"3,0 de 5 estrellas","Antes de leer los esenciales puntos negativos de esta cafetera, empecemos por los ASPECTOS POSITIVOS:

Es bonita de diseño con los apliques frontales de aluminio (parece aluminio más que acero inoxidable). A simple vista es sólida. El teclado y el display LCD funcionan perfectamente, aunque la luz roja fija de calentamiento de la base, tras el filtrado del café no se activa. Viene con dosificador y filtro permanente extraíble. Este modelo tiene capacidad para 1'5 litros de capacidad o 12 tazas de café de 125 mililitros (medio vaso de los de agua). Apenas la presión del agua caliente hace ruido en el dispositivo de la cafetera. La programación de puesta en marcha funciona al segundo.

Y ahora vayamos a los ASPECTOS NEGATIVOS:

¿Un litro y medio de café? De lo que aquí sale es un litro y medio de aguachirle, si atiende a las instrucciones de uso de la cafetera, instrucciones por otra parte que no se ajustan al funcionamiento real y están muy mal explicadas. ¿Y por qué aparece ese exceso de agua en el café? Porque el tamaño del filtro y consecuentemente del embudo de filtrado, donde va la cestita del filtro permanente (por cierto, el embudo no es desmontable para su limpieza), es de 1*4. Es decir, para 4 tazas (Medio litro de café); no para 12. 4 tazas de 125 mililitros (1/2 vaso de los de agua = 1 taza). Si a esto añadimos que el dosificador, que parece una cucharilla de juguete, es para tazas de café solo (75 ml), casi 1/3 de un vaso de agua, quiere decir que usted está tomando, siguiendo las instrucciones de la marca, un café 3 veces más flojo que el que pueda tomar en una cafetería. O sea, un café aguado 100%. Puro aguachirle de auténtico lujo, si atiende las instrucciones de que el agua sea embotellada o mineral. Tendrá usted que hacer jeribeques mentales para cómo sacar partido a su cafetera y hacer un café de calidad, pero teniendo en cuenta que si llena mucho la cestita del filtro o el filtro de papel, se desborda, y en consecuencia su café tendrá posos a punta pala. Porque la cafetera va más deprisa soltando agua que el filtro en absorberlo. Ni aun activando el botón de café intenso va lo suficientemente lento para que el café absorba bien el agua. El proceso va a toda mecha. Quizá si la cafetera hubiera tenido 600w o 650w de resistencia en vez de los 950 que tiene este modelo, el proceso sería más lento, pero el café saldría más intenso y estaría mejor aprovechado.

Por toda la parte negativa aquí expuesta y si usted deplora un café flojito, únicamente para dar color a la leche, tiene dos opciones recién comprada está cafetera: o devolverla, o si le da pereza por los trastornos que esto pueda suponerle, atender alguno de los siguientes TRUCOS:

1) - EL prospecto informativo dice que no debe funcionar con menos agua que la destinada al preparado para 4 tazas. Y yo añadiría: ni con más tampoco. PREPARE CAFÉ PARA SÓLO 4 TAZAS. Pero no agregue con el dosificador sólo 4 raciones, sino 12 con colmo (12 cucharadas soperas rasas u 8 con colmo, cuchara de adulto). Y eso sí, y esto es importante ACCIONE SIEMPRE EL BOTÓN DE CAFÉ INTENSO. Para ello NO ponga en funcionamiento la cafetera con el botón principal (Power - On/Off-) y luego pulsando el botón de café intenso porque es como si no lo hiciera. PULSE DIRECTAMENTE EL BOTÓN DE CAFÉ INTENSO Y LA CAFETERA SE PONDRÁ EN MARCHA.

2) - Si recibe visitas o prefiere no hacer café reciente, y quiere tener litro y medio para su consumo personal o familiar de la semana o para tener para varios días, repita 3 veces la operación del punto 1). Lo que debe hacer es:

+ Llenar el depósito de agua hasta el nivel 12 y poner la dosis para 4 tazas en el filtro (8 cucharadas soperas con colmo, 12 rasas)

+ Pulsar el encendido de la cafetera con el botón de café intenso.

+ Esperar a que el nivel baje hasta 8 y pulsar de nuevo el botón de café intenso para que se pare el proceso de la cafetera.

+ Esperar entre 5 y 10 minutos a que el agua sea absorbido por el café, abrir la tapa con cuidado de que el vapor no le queme la cara y comprobar si es así.

+ Si ya se ha absorbido el agua, cambiar el filtro de papel con cuidado de que no se rompa ni de quemarse, o limpiar el permanente y agregar al mismo, o al nuevo de papel, café reciente molido para otras 4 tazas (12 cucharadas soperas rasas. También, para ahorrar café, puede hacer un recuelo; no todo el café si está bien prieto en el filtro se empapa bien, por lo que puede aprovecharlo en una segunda cocción. Eso sí, el café al recalentar le saldrá más amargo y perderá las características naturales de su origen –""taninos""–. Es una buena solución si lo va a mezclar siempre con leche; si suele tomarlo solo y es exigente con los taninos (*) del café, mejor no recolarlo. En este caso y si vive solo/a, mejor adquirir una cafetera exprés de estilo italiana, como en las cafeterías, o una de cápsulas, pero ambas opciones son más caras).

+ Y finalmente, pulsar de nuevo el botón de café intenso para que la cafetera se ponga de nuevo en marcha.

+ Cuando el nivel de agua baje hasta 4 repita la operación para las siguientes 4 y últimas tazas (No sé aconseja ya un segundo recuelo, corre el riesgo de aguar el café).

(Si únicamente quiere 8 tazas, realice esta operación sólo una vez, para ello llene el depósito hasta el nivel 8. Para otras posibilidades de llenado -10, 9, 6 tazas, etc.- tendrá que experimentar la cantidad de café que a usted le satisfaga atendiendo a las proporciones).

3) - Si esta operación le supone mucho tiempo, puede hacer lo siguiente: llene el depósito de agua al nivel 12. Ponga café en el filtro para 4 tazas (12 cucharadas soperas rasas) y antes de poner en funcionamiento la cafetera, siempre PULSANDO EL BOTÓN DE CAFÉ INTENSO, eche en la jarra de litro y medio de 6 a 8 cucharadas soperas con colmo de café soluble. El café resultante sabrá a café instantáneo, pero tendrá un aroma a café recién hecho gracias al café del filtro, y tendrá más cuerpo.

NOTA -1-: Todas las marcas de cafeteras de goteo para 12 tazas tienen el mismo problema para obtener un café que no esté aguado, dado que todas tienen un embudo para filtros de 1*4. De hecho en los comercios no se encuentran filtros ya sean permanentes o desechables de papel que no sean 1*4. Aunque los hubo de 1*8. En consecuencia, éste no es un problema de esta marca, sino del modelo en sí de 12 tazas. Un problema de los fabricantes, que parece que hayan supeditado su sistema de goteo a los fabricantes de filtros y no al revés. Ante la ausencia de filtros de mayor tamaño, parece que hayan adaptado sus embudos al tamaño de los filtros.

NOTA -2- Téngalo en cuenta: en el filtro permanente (la cestita) de 1*4 cabe
menos café que en el filtro de papel 1*4, por lo que se recomienda éste último. Las cantidades expuestas en los ""TRUCOS"" están experimentadas y corroboradas en filtros de papel.

NOTA -3- La programación para tener café a la hora deseada NO FUNCIONA CON EL BOTÓN DE CAFÉ INTENSO y para ello tendrá que poner el reloj a la hora actual con los botones de al lado del LED, pulsar el botón PROG y poner la hora y/o los minutos en que se desea activar la cafetera. Y como es lógico, sin olvidar dejarla enchufada a la red, por lo que por seguridad es mejor aislarla de otros elementos que pudieren causar combustión en caso de cortocircuito o sobrecarga (tenga en cuenta que son 950W de potencia), sobre todo si la programa para activarse durante la noche y se va usted a la cama, y nunca debajo de la campana extractora de humos. Para la programación es recomendable HACERLO SÓLO PARA 4 TAZAS.

(*) — El diccionario de la R.A.E. aún no contempla la acepción de ""característica natural de un producto"" (color, sabor, olor) para productos como el vino, el café, o el aceite de la palabra 'tanino'.",Alberto S.M.8428,Revisado en España el 29 de febrero de 2024
"Cafetera Goteo Coffee 66 Smart. Tecnología Extreme Aroma, Digital con pantalla LCD.","5,0 de 5 estrellas","CINCO ESTRELLAS PARA LA CAFETERA, PERO CERO PATATERO AL DEPARTAMENTO DE VENTAS DE LA MARCA.
No entiendo como una marca como esta enviá, al menos en este caso, unas instrucciones de uso tan malísimas .
Dice que tiene determinadas funciones como son Reloj, para programación automática de inicio, control de goteo para que el sabor sea mas intenso. Es decir a mas lentitud sobre el molido de agua hirviendo y mas aprovechamiento de las sustancias de la infusión que se traduce en mas intensidad, por lo tanto (menos rápido= mas tiempo de espera= mas intensidad de sabor). En la otra vertiente, por lo tanto a mas rapidez en el vertido del agua hirviendo, menos intensidad de la infusión pero menos tiempo de espera, que se traduce (mas rápido= menos tiempo de espera= menos intensidad de sabor).
Otra cosa que debería saber todo aquel que utilice cualquier cafetera, es que en la calidad de la infusión así como en su filtrado, también interviene el grueso del grano de la molienda.
Hasta aquí por mi parte todo sigue nebuloso porque no da ni una explicación de que funciones ocupa cada botoncito. Tal parece que el departamento de producción de la marca no supiera nada de lo que fabrica. Así que tienes que armarte de paciencia porque probablemente no sepas donde te encuentras, hasta las diez primeras jarras de café que hayas hecho. Entre tanto si no eres rápido a lo mejor se te caduca la garantía.
Dice que puedes programar la hora de inicio mediante el reloj (aun estoy en ello).
De momento he averiguado que con los dos botones superiores, el de la izquierda controla las horas enteras del reloj. El de la derecha los minutos.
De los cuatro siguientes inferiores y de izquierda a derecha he averiguado:
el 1º si lo pulso en posición de encendido o pagado (led verde o azul) sale el agua mas rápidamente o mas lentamente. Por lo tanto debe de ser el control de intensidad de sabor.
El 2º La resistencia bajo la jarra se activa (también o led verde o azul), por lo tanto es la función de mantenimiento para tener el café caliente una vez hecho.
El 4º Es el de apagado y encendido (como los demás led verde encendido y azul apagado)
Así que por eliminación nos queda el 3º que debe ser por tanto la función de programar la cafetera, pero aun no tengo ni idea, porque en las explicaciones te dice todo muy claro, pero ni una sola mención a que manera tienes para identificar cualquiera de sus botones porque los botones no tienen nada que ver con la designación que te da. Botones de ¿¿¿ Hour, Minute, Prog, Strong???
Si esto le sirve a futuros compradores (sumidos en la oscuridad del desconocimiento por culpa de la marca), me alegraré un montón, pero mas me alegraría si la marca pusiera un folleto de instrucciones, colgado en su Web como es debido. No creo que les lleve mas de diez minutos.",Eduardo ¿No tengo permiso? ¿Y eso porque?,Revisado en España el 30 de enero de 2020
Compra acertada!,"5,0 de 5 estrellas","Play Video
Llegó en tiempo y perfectas condiciones. Facil de usar, muy intuitivo. A pesar de haber varios comentarios sobre el manual, de que es muy simple y por lo tanto dificil de poner la cafetera en marcha, yo lo he encontrado muy intuitivo y facil.

El gusto de cada persona en marca de café y su intensidad, es diferente, yo por ejemplo prefiero fuerte y por lo tanto hecho una cucharra de cafe extra siempre, es decir para 5 tazas de café hecho 6 cucharras de cafe, a parte de poner la opción de sabor intenso de la cafetera.

Adjunto video de como he puesto la cafetera en hora y como programar que prepare café una hora determinada, espero que sea de ayuda por si a alguien le está sugiriendo problemas.",Johanna Forssell,Revisado en España el 28 de agosto de 2020
Cafe rico,"4,0 de 5 estrellas","La verdad que sale rico, caliente, muy buena compra",Dario Beiro,Revisado en España el 18 de julio de 2024
Fantástica cafetera a muy buen precio,"5,0 de 5 estrellas",Fantástica cafetera a muy buen precio. La compra anterior de otra marca solo duró 4 meses y costó el doble. Hasta ahora estoy muy contento. Botón especial también para café más fuerte.,steve c Spain,Revisado en España el 15 de julio de 2024
Muy bien,"5,0 de 5 estrellas",Tal y cómo se describe,Loren,Revisado en España el 19 de julio de 2024
Buen café,"5,0 de 5 estrellas",Cada día disfrutando de ella,Alberto,Revisado en España el 18 de julio de 2024
Buena calidad,"5,0 de 5 estrellas",Todo perfecto,Guillermo,Revisado en España el 17 de julio de 2024
No está mal…,"4,0 de 5 estrellas","Pero, ¿qué sentido tiene poner los números de la jarra de cristal de color negro si su contenido es negro?(café).

Hace cinco años compré una marca “la pava” por aquí (Amazon) y hasta ahora, pero está no sé…

Me la comeré por así decirlo pero, el tema de la jarra es de cajón (que yo sepa no se hierve leche 🥛 ahí, como para poder ver los números).

Luego, solo sale inscrito el modelo pero no la marca…

En fin, no está mal pero…

Tengo la digital (12 cups) y con la antigua se podía programar hacer el café fuerte pero con esta…necesito un Master & Commander.com porque las instrucciones no son para nada, claras (vamos que, el código binario se queda atrás),",Катерина7,Revisado en España el 22 de febrero de 2024
Buenas funcionalidades y buen café de goteo.,"4,0 de 5 estrellas","Diseño atractivo, buenas funcionalidades como la de café FUERTE y muy fácil de usar gracias al panel frontal del aparato. La única pega que le encuentro es que por condensación, queda todo el cajetín mojado por gotas que se quedan en el interior del compartimento del filtro y plásticos que lo conforman. debido al cierre hermético del conjunto. Es un problema funcional de diseño, que condensa el vapor debido al cierre hermético del depósito, filtro i emisor de agua hirviendo.",Josep Serrano,Revisado en España el 13 de marzo de 2024
Fácil de usar,"4,0 de 5 estrellas","Me encanta que se pueda programar y que mantenga el café caliente. Es bastante compacta, así que no ocupa mucho espacio en la encimera y eso, para mí, es lo más importante. El café sale rico, la verdad es que me gusta más que hecho en cafetera italiana.
La jarra parece bastante delicada, he visto otras con jarras más resistentes, espero que solo sea la apariencia y que resista.
También condensa mucho en la tapa, ya había visto comentarios al respecto pero bueno, creo que es un mal menor.
Cogí la que viene con 2 filtros reutilizables.
En general, y habiendo pagado 34 euros, muy contenta con la compra.",Dalsome,Revisado en España el 6 de enero de 2024
La gran cantidad,"4,0 de 5 estrellas",Muy buena pero la pegatina q lleva en la frontal no sirve,Andrés de Freitas,Revisado en España el 18 de abril de 2024
Manual não explica,"4,0 de 5 estrellas","El manual es pesimo! Dice por ejemplo que despues de parpadear la bombilla ella se queda fija, pero eso no pasa! Queda parpadeando hasta el final de los 40 minutos. Me gustó que se puede programar e eso funciona bien. El sabor no sé todavia evaluar, porqué estoy probando diversos tipos de café...lo mejos, hasta ahora fue con molido al instante y recalentado (! Ni van a creer, pero el recalentado quedó con sabor mucho mejor!). Otra cosa es que no se puede hacer el intenso programado...o no logré entender como. Si que se puede recalentar...basta con apretar el boton de lugar y comienza a parpadear la bombilla y recalienta...no sé porqué no lo explican en el manual. Cuanto al tamaño y apariencia, si, perfectos..
.",cyro campagnola,Revisado en España el 27 de noviembre de 2023
Cafetera,"4,0 de 5 estrellas","La cafetera es una pasada rápida y sencilla de manejar tiene para hacerse una limpieza ella sola, trae dos filtros que vienen muy bien para hacer café sin necesidad de lavar rápidamente el usado",Jose Anastasio Bernaldez,Revisado en España el 24 de marzo de 2024
Cafetera d goteo sin más.,"4,0 de 5 estrellas",Cumple su función y está bien en relación calidad precio.,Marcela,Revisado en España el 14 de abril de 2024
Cafetera,"4,0 de 5 estrellas","Es como la describen,es cómoda de fácil manejo y calidad precio genial",Cafetera,Revisado en España el 14 de abril de 2024
Charo García,"4,0 de 5 estrellas","La cafetera funciona muy bien, lo único que no me gusta es el filtro permanente que pasa el agua muy rápido y deja posos del café en la taza, así que pongo un filtro desechable y así funciona mejor",Charo,Revisado en España el 16 de marzo de 2024
Practica y bonita,"4,0 de 5 estrellas","Las cafeteras de goteo no tienen ningun misterio, el sistema es igual en todas. Me decanté por esta, por su diseño de lineas rectas y color negro y acero. Quizas es un poco mas alta que otras, pero al final te cabe en el mismo hueco. Ventajas respecto a otras: 1- Me gusta que para echar el cafe, se levante la tapa en vez de que gire hacia un lado el recipiente (en mi caso tengo el tostador sl lado y siempre me molestaba con la anterior que tenia ese sistema). 2- El filtro es permanente y se limpia muy fácil con agua, olvídate de comprar filtros de papel. 3- La jarra tiene boca ancha, lo que facilita su limpieza, hay otras que la boca es muy estrecha y cuesta limpiarla.
Como negativo (por eso no pongo 5 estrellas), es que llenando el depósito hasta la marca de 12 tazas y llenando el recipiente de cafe con cafe para 12 tazas, el cafe queda demasiado aguado. Para mi gusto, yo lleno el recipiente de cafe como para 12 tazas y echo agua, como para 8 o 9 tazas y asi consigo un cafe mas intenso.",Gustavo,Revisado en España el 1 de julio de 2023
MUY BUEN CAFE Y FACIL DE USAR,"4,0 de 5 estrellas","En resumen se puede decir que es una caferera muy facil de usar y hace un cafe muy bueno en poco tiempo, además se nota que los materiales con los que esta fabricada son de calidad.

Paso a describir con más detalle esta cafetera. En mi caso he comprado el modelo más sencillo, solo tiene un botón de apagado y encendido.

La primera impresión cuando sacas la cafetera de la caja es que es de muy buena calidad ya qie esta fabricada en plástico y aluminio y ambos tienen muy buen tacto y aspecto, siendo robusta y con muy buen diseño.

Al abrir su cubierta superior observamos el depósito de agua con una capacidad máxima de 1,5 litros (12 tazas).

Igualmente podemos observar en filtro donde echar el café, el cial sale facilmente y tiene un pequeño asa para sacar y meter el filtro en el portafiltro.

El difusor por el que sale el agua tiene varios agujeros y parece una regadera, lo que hace que el agua llegue de foa uniforme al cafe que contiene el filtro.

La jarra tiene una capacidad de 1',5 litros.

La cafetera tiene una pitencia de 950w, lo que hace qie el café salga en poco tiempo.

El funcionamiento es muy simple, llenamos el depósito de agua, echamos la cantidad de café deseada en el filtro, cerramos la tapa superior y pulsamos el boton de encendido.

El cafe esta listo en poco tiempo y el sabor es muy bueno.

Yo he probado con varias cantidades de café y agua hasta que he encontrado el sabor deseado...

Por último decir que la cafetera incluye una cucharilla para medir la contidad de cafe, en teoría es una cucharilla por taza de café... Pero como he dicho anteriormente eso es orientativo.

Lo peor de esta cafetera es el manual de instrucciones, que no explica nada.

Las piezas de la cafetera son facilmente desmontables por ño que su limpieza es muy facil.

Recomiendo totalmente esta cafetera.",Jorge,Revisado en España el 20 de marzo de 2022
Tener cafe listo,"4,0 de 5 estrellas","Es exactamente lo que habia pedido, en medidas y funcionamiento, lo unico que cuando termina de hacer el cafe genera tanto bao que tienes que limpiarla mas a menudo que la que tenia antes.",Miguel Ángel Encabo,Revisado en España el 13 de marzo de 2024
Genial,"4,0 de 5 estrellas",Es muy bonita y funciona genial,Mila sanchez,Revisado en España el 7 de abril de 2024
Funcionalidad,"4,0 de 5 estrellas","Es fácil de usar, la pantalla no se apaga siempre esta encendida no me gusta mucho, el café queda bien aunque no muy caliente.",Sergio Aldana,Revisado en España el 19 de marzo de 2024
A mí me gusta,"3,0 de 5 estrellas",A mí me gusta pero tengo que reconocer que desde que la tengo gasto más café y a mí familia no le gusta según ellos el café sale muy aguado...le veo el fallo que cuando haces el café se condensa en agua y creo que eso es un punto en contra parte del gasto de café...tiene que hacer como mínimo para 4 personas y yo para que salga una café médicamente bueno le pongo 5 casitos de café...no sé si recomendarla o no eso sí poner el café y programarla para que salga el café a la hora que tú quieras eso es un GRAN PUNTO A SU FAVOR SIN LUGAR A DUDAS.,Loli,Revisado en España el 17 de abril de 2024
Fácil de usar,"4,0 de 5 estrellas","Perfecta para la oficina, permite hacer hasta 12 cafés, incluso programar la cafetera.",Cliente Amazon,Revisado en España el 28 de marzo de 2024
La devolvi,"3,0 de 5 estrellas",Venía rota la devolví sin problema,Lorenzo del Real Vicente,Revisado en España el 18 de julio de 2024
Buena cafetera,"4,0 de 5 estrellas","Play Video
Maravillosa excepto por el poco tiempo que mantiene caliente el café","El único fallo es que apaga la base a los 40 mtos (no es incidencia, es para que no se queme el café) y es poco tiempo para dejarlo caliente",Revisado en España el 11 de marzo de 2024
CASI PERFECTA,"4,0 de 5 estrellas","Me encanta esta cafetera, hace un café riquísimo, yo la uso con filtro de papel, el café queda más limpio, sin posos. Me gusta muchísimo que es programable y a un precio muy asequible.
El único pero que le veo, en estos tiempos de ahorro energético es que la pantalla no se apaga a no ser que la desenchufes, lo que no es viable si la programas para hacer café a la mañana, la pantalla está toda la noche encendida con el consiguiente gasto eléctrico.
Por eso le pongo 4 estrellas y no 5.",Raul,Revisado en España el 11 de noviembre de 2023
Buena opción por calidad-precio Cafetera 6 tazas,"4,0 de 5 estrellas","Es una cafetera de goteo compacta, rápida y hace buen café.
Al ser de color oscuro no se distingue bien el nivel de agua que le echas y alguna vez se me ha salido por el hueco que lleva para ello en la parte de atrás.
Por lo demás, creo que en cafeteras pequeñas de goteo, por precio y diseño es la mejor.
Uno de esos casos en los que tienes que dar gracias a Cecotec por hacer buenos productos a precio accesible.",NDD,Revisado en España el 5 de diciembre de 2023
buen producto,"4,0 de 5 estrellas","Hace el cafe super rapido,me parece una buena compra",No me han llegado,Revisado en España el 19 de marzo de 2024
Utilidad,"4,0 de 5 estrellas","Es rápida y fácil de usar y lavar, lo único que la pantalla siempre queda prendida y no hay un modo descanso",Muy delicada con todos los detalles.,Revisado en España el 29 de febrero de 2024
Me encanta,"5,0 de 5 estrellas",Me encanta. El café es muy bueno y se hace en un momento. Muy fácil de usar y de limpiar. Lo que me encanta es que se puede programar para tener café caliente cuando te despiertas.,Nathalie,Revisado en España el 19 de abril de 2024
Calidad,"4,0 de 5 estrellas","De momento bien. Hace rico el café.
Pesa muy poco, tengo que sujetarla para levantar la tapa y no debo pasarme del agua porque por detrás tienen un orificio donde sale lo que sobra😂😂 . Me gusta que se apague cuando yo me olvido. Para la calidad y precio que tiene está bien.",ANA M. D.S.,Revisado en España el 18 de diciembre de 2023
No me termino de gustar,"4,0 de 5 estrellas","En primer lugar he de decir que funciona bien, el café sale caliente y la calidad de los materiales es aceptable pero en contra tiene que hace mucho vapor de agua que queda retenida debajo de la tapa y cuando la levantas está todo mojado y el agua queda retenida alrededor del filtro cosa que no nos ha gustado por que no se desagüa y queda ahí.",Sendrety,Revisado en España el 29 de noviembre de 2023
Lo justo para su precio,"4,0 de 5 estrellas","Todo d plástico, hace café y ya está , por ese precio.",ana,Revisado en España el 15 de febrero de 2024
El servicio postventa es un chiste de los muy malos,"1,0 de 5 estrellas","Antes de la verdadera reclamación, ni el café sale tan bueno como pintan, y la calidad el material es lamentable.
Os cuento mi historia con el SAC de esta empresa, con lo que les he escrito.
--------------------------------------------------------------------
Pedí un reemplazo de una cafetera Cecotec Smart 66, con menos de dos meses de uso, en la cual se rompió la jarra sola. Aún así no insistí en ello porque se puede romper una jarra de cristal (malo) por mil motivos diferentes. Este pedido se realizó el 25 de Enero. El plazo de entrega que me dijistéis era entre 10 y 15 días.

El 11 de Febrero puse una primera reclamación. No hubo ninguna explicación de por qué tardaba tanto, aún así no protesté porque pensé que efectivamente ibáis a arreglar el problema enviando la jarra. Este ticket de petición se abrió y cerró en menos de media hora, lo cual ya me parece raro.

El 19 de Febrero puse una nueva reclamación, con número 01440120. Esta vez no fuí suave, y os advertí que si para el martes 23 no tenía la jarra, no la quería. Aún así he esperado hasta hoy, día 26. Otra vez el ticket fue cerrado al poco rato de apertura (y esa manía de cerrar tickets de incidencias que no han sido resueltas???). Otra vez no fuisteis capaz de dar ninguna explicación.

En los tiempos que estamos pasando, puedo ir a cualquier compañía de transporte, enviar algo y estar al día siguiente en el destino solicitado. Han pasado 32 días desde el pedido y, puesto que carezco de explicaciones, solo puedo pensar que no habéis hecho absolutamente nada por el envío del producto que he pedido. ¿Sois capaces de dar una explicación ahora? Os he llamado de nuevo, y la primera pregunta que me han hecho es, literalmente, ""¿pero qué ha pedido usted exactamente?"". Y encima, vuestra querida trabajadora, se pone chula conmigo, el cliente cabreado con vuestro servicio. Y de paso, tira fichas al resto de empleados diciendo que ellos no tienen que saber qué pasa. Los trabajadores de ese departamento dejan mucho que desear.

Nunca, en mi vida, he visto un servicio de atención al cliente tan PÉSIMO, porque hasta las tiendas de barrio se preocupan más por el cliente. El descontento no es que sea enorme, es lo siguiente. Mi nivel de satisfacción con vosotros es leer la marca Cecotec en cualquier producto y querer huir, avisando a posibles compradores que ni se atrevan.

Como podéis imaginar, no quiero ya esta jarra. De hecho, si tengo algún día libre, no me importaría enviaros la cafetera que está intacta, que de un día para otro la tendríais.

Un consejo, una empresa no se mantiene en pie solo a base de ventas de productos a buen precio, necesita también un servicio de atención al cliente / postventa que ofrezca un mínimo de calidad para atender los problemas que puedan causar los productos, porque esto va a afectar a posibles compras en un futuro, tanto de la persona con el problema, como de otros posibles clientes, los cuales tendrán malas recomendaciones.
--------------------------------------------------------------------

Espero que, tras esta información que os he dado, os planteeis seriamente comprar cualquier producto Cecotec, porque esta es sólo una opinión de su servicio técnico de las mil que tienen, que no hay que mirar mucho para ver como todos tenemos punto en común. Como compréis un producto con defecto, y tengáis que poner una reclamación, mucha suerte (y paciencia, la necesitaréis).",Pejota,Revisado en España el 26 de febrero de 2021
"Producto bien, envío horrible (pero horrible).","1,0 de 5 estrellas","La cafetera, en sí, es lo que es y no hay más. Si buscas una cafetera programable esta está bien, no ocupa mucho espacio y es bonita. Aún no la hemos puesto en funcionamiento, por lo que no sé cómo sale el café.

El problema ha sido la entrega.
Al comprarla, pedí que me la empaquetasen en una caja de Amazon ya que era un regalo de navidad y, aunque tenía que llegar un día en que estaba yo en casa, prefería no arriesgar.
Pues todo mal: no me la empaquetaron; es decir, llegó con la caja de la cafetera a la vista y, por lo tanto, se veía el producto.
Además, llegó un día antes, yo no estaba en casa, la recibió mi pareja y se jorobó la sorpresa navideña.
Por otro lado, la caja venía con golpes y picada.

Iba a devolver el producto (la verdad es que me tocó bastante la moral el tema), pero a mí pareja le gustó tanto que, al final, nos la quedamos. Él feliz, pues todos felices.

En mí caso, después del minuto de enfado, no pasó nada más, le di el regalo adelantado cuando llegué a casa, ya está; pero si en casa hay niños o niñas (entiendo que no serán ellos los que abran la puerta, pero pueden darse accidentes), o hay alguien que compra algo realmente especial, esto es un poco vergonzoso (y más teniendo en cuenta que se especificó en el envío que no se viera el producto y, más, teniendo en cuenta las fechas que son. Un poco de cuidado, por la virgen ⚠️).

Querido Amazon, no me sirve de nada que me vendas el espíritu navideño a base de publi lacrimógena con niños y abuelos felices al rededor de paquetes de Amazon si después haces estas 💩. Fatal.",Laura,Revisado en España el 3 de diciembre de 2023
A evitar: no duran más de dos años,"1,0 de 5 estrellas","Jamás había visto un electrodoméstico con un fallo de diseño tan flagrante. En abril de 2021 compré la primera y me gustó mucho. Apenas dos años después me hice con otra porque la primera empezó a echar agua por donde no debía: se había abierto un agujerito en la canalización interna con el que el aparato calienta el agua que luego gotea al filtro. No le di más importancia, me había salido mala y es barata, después de todo. La sorpresa llega cuando la segunda cafetera, que compré en marzo de hace exactamente un año, ahora está teniendo el mismo problema: me encharca la encimera porque escupe agua por debajo por una rotura interna de las tuberías. Me parece evidente que hay un fallo de diseño y he caído dos veces, pero desde luego no voy a caer una tercera vez.",Alberto R. Aguiar,Revisado en España el 8 de abril de 2024
"Peligro, cortocircuita. Lo que parecía económico y de buena calidad se ha convertido en un peligro.","1,0 de 5 estrellas","MODELO CON DISPLAY: Comprado en abril 2020, parecía de buena calidad y precio. En septiembre 2021 empezó a gotear por abajo y a inundarse el display, sin motivo aparente (estaba bien cuidada, no se manipuló, ni movió ni volteó nunca). En octubre 2021 ha provocado un cortocircuito. NO COMPRAR, ES UN PELIGRO. Al estar en garantía, Amazon hizo la devolución. COMPRÉ EL MISMO MODELO SIN DISPLAY en octubre de 2021. Hoy es 02/09/2022 y... no tiene un año y desde hace una semana me está dejando la encimera empapada. Supongo que en algún momento cortocircuitará. Ni idea de por dónde pierde, pero cada día más. CECOTEC, nunca más.

SOBRE EL MODELO CON DISPLAY (Crítica al comprarla):

El manual en abril 2021 era lamentable, cosa inexplicable porque tiene cuatro cosas y ocupa unos pocos párrafos, que se redacta en cinco minutos. De todas formas no tiene mayor dificultad de uso.

Destacaba la potencia, era rápida y producía café a una buena temperatura, algo suele ser una deficiencia de este tipo de cafeteras. A 10/2021 ya da igual, si al final acaba con fugas de agua y provocando un cortocircuito. Y a 09/2022, confirmado que no es un fallo casual, sino sistemático, al verter también la sustituta sin display.

La pantalla retroiluminada no se puede desconectar, salvo que desenchufes el aparato (y se borrará la memoria del reloj). Y da igual porque acabará inundada sola.

Ojo al cargar el agua, pues es fácil apuntar mal y que salga por la zona de la placa eléctrica que mantiene el café caliente, y no es recomendable mojar esa zona. Esto no fue el problema, el agua entro por alguna zona supuestamente sellada de fábrica.

Ya veremos la obsolescencia de esta cafetera. ACTUALIZACIÓN: un añito y vierte y acaba cortocircuitando.

Normalmente en este tipo de productos se avería la resistencia y no se puede cambiar y hay que tirarla (debería ser delito, la pieza puede costar céntimos y debería ser un consumible para evitar residuos innecesarios). Y la tapa tiene un mecanismo que no se cuánto aguantará. Ojalá me sorprenda y dure un tiempo suficiente. Al año aguantó la tapa pero empezó a gotear por abajo, después ya a llover, y a inundarse el display, provocando un cortocircuito.

El diseño, para gustos. Destaca que es muy compacta y ocupa menos que la mayoría de cafeteras.

Por el precio que tiene, tienes más funciones que otras de marcas de más prestigio diseñadas para no durar. Aunque esta tiene el peligro de fugas de agua y riesgo de cortocircuito. Ojo.",MPR,Revisado en España el 19 de abril de 2020
Cafetera defectuosa.,"1,0 de 5 estrellas","Llegó, la prove enseguida y se salía el depósito por detrás a chorros, ni un poco de café salió. Amazon tendría que revisar los aparatos que venden o hacer más fácil su devolución y reembolso puesto que. No es culpa del cliente. Espero el reembolso lo antes posible. Esperando el reembolso después de 6 días",Shanti,Revisado en España el 19 de julio de 2024
Segunda vez que compro y tambien esta mal,"1,0 de 5 estrellas","La compré una vez y al día siguiente la devolví pensando que estaba defectuosa. Volví a comprarla nuevamente y hoy la he recibido y también está defectuosa.
En las instrucciones pone claramente que mientras se esta haciendo café parpadea una luz roja, que se queda fija para indicar cuando ha terminado de hacerse el café, dando paso a la placa calentadora durante 40 minutos y luego se apaga automáticamente.
Pues en las dos cafeteras esa luz parpadeante no queda fija en ningún momento, por lo que entiendo que está mal y que así no se mantendrá el café caliente porque la placa no se conectará.
Supongo que el fabricante tendrá una explicación y de no ser así la devolveré nuevamente.

Añado información: Pasados unos días el fabricante no se ha molestado en contestar nada, ni resolver el problema.
NO LA RECOMIENDO, ESTÁN TODAS MAL.",Catasol,Revisado en España el 16 de noviembre de 2023
Pesimo,"1,0 de 5 estrellas","Lo compre en enero de 2024, a menos de un mes la jarra de cristal se rajó, literal por echar agua, evidentemente ya no daban solución por esto por lo que compre una nueva jarra pero a marzo cada que se encendía saltaban los plomos de casa ya que hacia corto y dejó de funcionar del todo. Menos de 3 meses de uso y ya no funciona, pésima calidad. NO COMPRAR!!",Lennonvs,Revisado en España el 29 de marzo de 2024
No volvería a comprar,"1,0 de 5 estrellas",Muy mal diseñada... Donde se ha visto que el tope para el llenado de agua sea un agujero por detrás que te llena la cocina de agua... Todavía no he conseguido b tomar un café sin posos.. Da igual que la llenes mucho o que pongas poco café... Antes tenía una Bosch y estoy muy decepcionado con el cambio.... No la recomiendo.. Es solo apariencia.. Por Dios que no es reloj suizo.... Como se puede hacer tan mal una cafetera.,jose antonio,Revisado en España el 20 de febrero de 2024
Asistencia Técnica pesima.,"1,0 de 5 estrellas","La cafetera dejo de funcionar después de 4 meses, desde aquí quise poner reclamación y me mandaron a asistencia técnica de Cecotec, donde solicité reparación el pasado día 30 de enero de 2024, todavía no me han dado respuesta, nada mas solicitar la asistencia, en el estado de esta, apareció ""Garantía Pendiente de validación"" y así seguimos, les facilité, fecha de compra, factura....
Posventa de Cecotec pésimo, mira que he comprado cosas de esta marca, pues no lo volveré hacer, que vergüenza.",Cliente Amazon,Revisado en España el 7 de febrero de 2024
Se atasca,"1,0 de 5 estrellas","El sistema para que el agua caiga al cafe es pesimo, acaba apelmazando el café en el filtro, da igual si usas de papel o el que viene, eches normal o poco, no es consistente. Por no hablar de la cantidad de posos que deja.",J,Revisado en España el 16 de abril de 2024
devuelta,"1,0 de 5 estrellas","No puedo opinar sobre la cafetera porque no llegue a probarla de verdad.

Hasta donde puedo decir, no tiene boton de apagado, la enchufas, pones la hora, la programas, y esta siempre la luz azul encendida del reloj en azul, imposible apagarla.

Si la desenchufas, pierde la hora, ahi que ponerla en hora programarla, por lo cuál no es comoda.

Para colmo no pone Cecotec en ningun sito, el mismo modelo, comprada unos meses antes, tiene más plastico de calidad

Por este motivo la devolvi, sin llegar a usarla",Ilde,Revisado en España el 2 de enero de 2024
Vergonzoso. Llega rota,"1,0 de 5 estrellas","Llega con el sistema de goteo roto.
No volveré a comprar productos de esta marca.",Iván,Revisado en España el 18 de julio de 2024
Vino rota,"1,0 de 5 estrellas","La cafetera es preciosa, pero la voy a abrir y me llegó rota la parte donde cae el café. Que decepción. Me traen otra y vino bien, a los dos usos se me salió la pintura al calentador. No creo volver a comprar",Jessica,Revisado en España el 5 de marzo de 2024
Mala calidad de materiales,"1,0 de 5 estrellas","Funciona muy bien, pero la calidad de materiales es pésima. Comprada en septiembre de 2023 y a primeros de diciembre de 2023 el protector que cubre la placa ha empezado a levantarse. Hablado con Amazon he procedido a su devolución. Una cafetera que tiene uso ocasional y está en perfecto estado de conservación, es la normal general, cada vez quieren vender más barato pero a costa de pésimos materiales, no puede ser que en a penas 3 meses presenten esos fallos",Miguel,Revisado en España el 3 de diciembre de 2023
NO COMPRARLA!!!,"1,0 de 5 estrellas","Al principio funcionó muy bien pero a los 2 meses *(y el mes de agosto estuvo sin usar) el café echa muchos posos. He tenido cafeteras de tofo tipo incluidas baratas para playa y jamás me ha pasado ésto.
He contactactado con el vendedor y ni ha respondido. Tengo además el problema de que como funcionaba bién, tiré la caja, a ver qué sucede ahora con la devolución.
Editaré para actualizar si se ponen en contacto conmigo y me ofrecen una respuesta satisfactoria, pero NO RECOMIENDO LA CAFETERA. Las de Mediamark de 25€ me han salido mejor.",María,Revisado en España el 16 de septiembre de 2023
Cafe aguado,"1,0 de 5 estrellas","Me gusta el diseño y sus botones pero el café sale muy claro, aguado y sabor débil, probada con varios cafés de diferentes marcas y aumenrando cantidad de café y reduciendo agua.Aguado.",Cliente Amazon,Revisado en España el 13 de marzo de 2024
Estropeada a los tres meses,"1,0 de 5 estrellas","Lo dicho en el título. A los tres meses ha dejado de funcionar sin más. Se ve que calienta pero no echa agua por ningún lado.
Incluso haciéndole descalcificaciones periódicas y siempre con agua mineral.
En fin, ha ido directamente a la basura.
Con la fama que tiene el fabricante no me he molestado ni en enviarla a reparar para que estén meses mareandome.",Juan F.,Revisado en España el 20 de diciembre de 2023
Malisima Cafetera,"1,0 de 5 estrellas","Malisima cafetera, posos en el fondo siempre al hacer el cafe, nunca me habia pasado con una cafetera, creia que Cecotec era buena marca pero en cafeteras un 0, o he tenido mala suerte",Koke,Revisado en España el 12 de febrero de 2024
No lo compréis,"1,0 de 5 estrellas",Ha dejado de funcionar tras dos meses de uso y en la página no responden tras varios intentos de contactar con ellos,Dereck.,Revisado en España el 27 de marzo de 2024
Deja de funcionar al poco tiempo de comprarla,"1,0 de 5 estrellas","Se vierte todo el café por dentro y hay que lavarla entera después de cada jarra de café que se hace, y a los poco meses deja de funcionar.",MARI CARMEN,Revisado en España el 24 de febrero de 2024
Qué envíen una cafetera que al menos se encienda...,"1,0 de 5 estrellas","No hay mucho que decir al respecto.

La enchufo, pulso el botón y no pasa nada. Ni se enciende, ni hay indicio de que pase nada más...
No entiendo como no pasa un proceso de calidad tan básico como es el de enchufar el aparato antes de distribuirlo...

En cuanto a acabados y materiales, he de decir que tengo dos cafeteras del mismo diseño, pero con pantalla digital, y no solo los materiales son mucho mejores (el de esta Cecotec es de plástico muy endeble y duro. Muy mala factura) si no que los ajustes tampoco tienen nada que ver, estando los de esta mucho peor ejecutados. El filtro es de peor material, el cazo no se puede sacar, el deposito de agua tiene un aliviadero justo en el marcador de las 12 tazas con lo que nunca podras hacer cafeteras más grandes, etc. Lo que en la web parecia otra cafetera mas como las que tengo, (Yabano y otra igual con otro nombre que ya no venden) y llevan años funcionando sin problema, en esta ni funciona el contacto. No la volvería a comprar ni aunque funcionara.",Teseo,Revisado en España el 4 de febrero de 2022
Muy malo el servicio post venta CECOTEC,"1,0 de 5 estrellas","Compramos la cafetera a finales de septiembre y un mes después se estropeó . Cada vez que la poníamos a funcionar, saltaban los plomos de toda la casa. Me puse en contacto con CECOTEC, abrí una incidencia , me dijeron que me enviarían otra cafetera. Un mes después no tengo noticias de CECOTEC.",Lorena Ayuso Ruano,Revisado en España el 26 de noviembre de 2023
La garantía de Cecotec no vale para nada,"1,0 de 5 estrellas","A los 3 meses empezó a levantarse la capa protectora del calentador de la cafetera. En un año está como en la foto. Consigues contactar con Cecotec (no es fácil!) y te dicen que eso no entra en la garantía, que es un asunto cosmético y que eso no lo cubren. Nunca más volveré a comprar nada de esta marca. #CecotecBasura",Cliente Amazon,Revisado en España el 6 de octubre de 2023
No funciona la valvula de agua,"1,0 de 5 estrellas","La cafetera de goteo cumbia
Compre
No sube agua
La valvula del agua no funciona y no pude hacer uso de la cafetera desde que la compre .
La tengo muerta de risa
Lastina de tirar el dinero cin esta cafetera
Nadie quiere saber nada cuando no funciona",Cliente Amazon,Revisado en España el 3 de diciembre de 2023
Es de 10 tazas no de 12,"1,0 de 5 estrellas","La descripción es incorrecta sólo tiene 10 tazas y el sabor es aceptable....ahora veremos cuánto dura...ya se ha estropeado, no lo compréis!!! Es un timo, no funciona correctamente, el café sale con posos y no acaba de sacar toda la carga de agua😡",Nya,Revisado en España el 17 de diciembre de 2023
No cumple el plazo de entrega,"1,0 de 5 estrellas","El producto está bien y funciona correctamente, pero la entrega fue a través de Correos y según anunció de Amazon entregaban en el mismo día 1 para clientes Prime de septiembre ya que lo pedí a primera hora de la mañana y terminaron entregando el día 4 de septiembre y eso que soy cliente Prime.
Muy descontento con el sistema de envío.",fran,Revisado en España el 26 de septiembre de 2023
SE SALE EL AGUA,"1,0 de 5 estrellas","Se sale el agua, cuando echas agua para hacer el cafe",MARIA DOLORES LARA ROSALES,Revisado en España el 4 de abril de 2024
Buen precio como cafetera para salir del paso,"1,0 de 5 estrellas","Para 3 tazas y te lo tienes que tomar en el momento, el cafe sale no muy caliente y la función de mantener temperatura es como tener una plancha enchufada",juan carlos benitez moreno,Revisado en España el 29 de enero de 2024
Despues de casi dos meses,"1,0 de 5 estrellas","segunda cafetera que tengo de este modelo, la primera salió defectuosa y la devolví y compre otra de nuevo y ahora esta última la base donde apoya la jarra de cristal se rajó. los de amazon solo la devuelven pero no reemplazan el producto defectuoso, y ahora esta cafetera está casi el doble de precio, por lo que si la compro de nuevo la perjudicada vuelvo a ser yo, ya que pago mas por un producto que su rotura fue ajena a el uso de tres semanas. descontenta con la gestión de amazon ya que no reemplazan el producto.",Cliente Amazon,Revisado en España el 7 de abril de 2023
"Pantalla muy pequeña, un plástico, no es fácil de configurar","1,0 de 5 estrellas","Pantalla muy pequeña , difícil de configurar",eric,Revisado en España el 15 de abril de 2024
Muy mala,"1,0 de 5 estrellas","Una basura

Se sale el agua por todos lados y el café",Tere,Revisado en España el 21 de marzo de 2024
Decepción,"1,0 de 5 estrellas",Esperaba más de la marca y venía rota.,Maru garcia,Revisado en España el 5 de abril de 2024
Cafetera fiasco,"1,0 de 5 estrellas","Me compré esta cafetera por su diseño y marca
Ha sido todo un fiasco
Se me estropeo al mes.de usarla
Y hasta hoy
Sale el café a las dos horas, tiene siempre un ruido y el café sale malísimo
He querido contactar con la empresa cecotec para que me la arreglen y sigo esperando.
Seguro que he tenido mala suerte
Por qué la cafetera se ve genial
Pero no volvería a comprármela.",Nia,Revisado en España el 4 de julio de 2023
Pésima,"1,0 de 5 estrellas",Me empeño en comprar productos de ésta marca por ser españoles pero la calidad es pésima y no se hacen cargo de la garantía legal.,Raquel,Revisado en España el 30 de enero de 2024
No vale nada,"1,0 de 5 estrellas","Después de dos meses funcionando, empezó a sacar el agua por debajo de la cafetera.. Amazon te manda al servicio técnico de ceocotec.. El servicio tehnico ni caso te hacen... He abierto una incidencia desde el mes de mayo y nada... DINERO TIRADO ANQUE ESTA EN GARANTÍA.. NO COMPREIS",KRIS,Revisado en España el 12 de octubre de 2023
Dejo de funcionar al mes,"1,0 de 5 estrellas","Dejo de funcionar al mes de recibirlo, y no he podido devolverlo xq el periodo de devolución termino hace 3 días, me ha sorprendido para mal, aunque sea un artículo de segunda mano, vendido por Amazon, se entiende que si lo vende es xq está en buen estado, y no defectuoso, deberían comprobar estas cosas antes de venderlas. Mala experiencia que me obliga a comprar otra cafetera, y no la compraré por Amazon",alba,Revisado en España el 22 de junio de 2023
Muy mal,"1,0 de 5 estrellas",Obsolescencia programada total. A los dos años y diez meses ha hecho caput. Ya no tiene presión para subir el agua y no sale café ni agua. Está totalmente revisada y limpia.. He llamado a cecotec y la única solución que pague reparación y envío…muy descontenta.,Anabel,Revisado en España el 17 de octubre de 2023
Muy endeble,"1,0 de 5 estrellas","Tarda cinco minutos en hacer el café. Quema la carcasa cuando funciona. No se puede tocar por ningún lado mientras está encendido. Sigue saliendo vapor después de apagarla.
Nada recomendable.",Ana María,Revisado en España el 5 de enero de 2024
"Mala, mala, mala","1,0 de 5 estrellas","No ha durado ni un año. A los 10 meses empieza a perder agua el depósito. Contacto con el servicio técnico de Cecotec y todo perfecto, me mandan una nueva. Y sin dar más explicaciones recibo un email para informarme que no tienen stock y que solicite un reembolso a Amazon. Stock hay por que se sigue vendiendo en Amazon. En fin, primera y última vez que compro cosas de esta marca. Mal producto y mal servicio.",Fernando,Revisado en España el 20 de mayo de 2023
Cafetera con funcionamiento defectuoso tras un año,"1,0 de 5 estrellas","Tras un año de uso la cafetera dejó de funcionar bien.
Nunca llega a consumir todo el agua por lo que no acaba de hacerse el café. En la función de café “fuerte” con el depósito lleno de agua no llega a hacer café ni para una taza.
El vendedor me ha remitido a Cecotec y Cecotec me ha cerrado la incidencia sin pedirme nada ni darme explicaciones.
Cecotec nunca más!",Jorge,Revisado en España el 17 de junio de 2023
No calienta bien el café,"1,0 de 5 estrellas","Es muy bonita, pero tristemente no calienta el café como debería, no la devolví a tiempo pero me arrepiento de no haberlo echo porque nunca a calentado bien, el café queda tibio.",Manuel alexander,Revisado en España el 27 de diciembre de 2023
"Cecotec, nunca más","1,0 de 5 estrellas","Al inicio, parecía buena cafetera, café aceptable y la opción de programar que era un plus...
Pero a los dos años y un mes (será casualidad verdad?) empiezan las cosas raras, se pone en modo automático sola ,que te fastidia porque igual la tienes sin agua y piensas que se pueda estropear y vives pendiente de sus ""locuras"" para quitar el programa...descubrí que sin ponerla en hora ya no lo hacía, así que su plus se acabó. Pero al poco tiempo ya llegó el día que ni fu ni fa, pulsas los botones y como el que oye llover... Dos años y dos meses.
No es el primer producto Cecotec que tiene vida propia, devolví un robot aspirador porque le daba por pitar de madrugada sin razón ninguna.
Cecotec nunca más",Estefania,Revisado en España el 3 de junio de 2022
Mala compra,"1,0 de 5 estrellas","No calienta el café, se lo toma uno tibio.",No caliente mucho el café y tampoco dura mucho tiempo encendido.,Revisado en España el 7 de marzo de 2024
No funciona,"1,0 de 5 estrellas","Tras probarla, la luz roja parpadeante que se tiene que quedar fija cuando acaba de hacer cafe, no se queda fija, con lo cual no sabes cuando acaba. Ademas, faltan las instrucciones y solo vino un filtro en vez de dos. Devuelta",Enrique,Revisado en España el 13 de octubre de 2023
Duración de la cafetera un año y medio,"1,0 de 5 estrellas",Al llenar el depósito se sale el agua por debajo,rocio,Revisado en España el 1 de marzo de 2024
Café imbebible,"1,0 de 5 estrellas",Es agua colorada con las dosis recomendadas,roberto,Revisado en España el 10 de marzo de 2024
"Sencilla pero completa... durante dos años y medio, luego un pisapapeles","1,0 de 5 estrellas","Buenos días,

-Editado tras dos años y medio de uso-

Tras ése tiempo usándola una vez al día, ha dejado de calentar el agua y no funciona, buscando por internet veo que puede tratarse del termobloque, que al parecer es una pieza que se estropea de forma frecuente en este modelo concreto (se la recomendé a unos amigos y a ellos les duró dos años y un mes, se ve que lo de la tecnología obsoleta lo tienen pero que muy ajustado a la finalización de garantía...), la solución, mandarla al servicio técnico, así que toca buscar otra, pero ya os digo yo que no va a ser de esta marca

Un saludo,
__________________________________________________________________

Buscaba una cafetera para dejar lista gran cantidad de café de golpe para poder llenar el termo y llevarlo al trabajo, cuando llegó me sorprendió que fuese tan fácil de configurar, la opción de programar la hora a la que prepara el café está genial y el poder seleccionar que lo haga más fuerte es un extra. Sinceramente, relación calidad-precio insuperable.

Un saludo,",Andony,Revisado en España el 13 de enero de 2021
Apenas ha durado un año y el fabricante no responde Servicio pésimo!!,"1,0 de 5 estrellas","Después de un año utilizando la cafetera, esta tarda más de 10minutos en terminar de hacer el café.
He intentado en varias ocasiones contactar con el fabricante a través del Link de Amazon y no hay respuesta. Producto muy malo y Soporte del fabricante pésimo.
Actuando así, pueden dar todos los años que quieran de garantía, si no responden lo mismo les da.",Cliente Amazon,Revisado en España el 21 de junio de 2023
Se ha estropeado en un mes y ya no estaba en plazo para devolver,"1,0 de 5 estrellas","la compré exactamente el 8 de julio, así que me ha durado un mes. No sabemos la causa pero de un día para otro ha dejado de hacer café. desde luego no la recomiendo para nada.
No compré una cafetera mas barata confiando en la calidad y he tirado el dinero.",Nuria López Capa,Revisado en España el 6 de agosto de 2023
Rota a la primera utilización,"1,0 de 5 estrellas","Tuve que delvolverla porque el vidrio ya estaba roto, muy frágil!",Antoine,Revisado en España el 21 de febrero de 2024
Pierde agua por la base,"1,0 de 5 estrellas",Hace año y medio que la tengo y pierde agua por la base. Intento varias veces rellenar el formulario de soporte técnico con todos los datos que piden y no hay manera. Desde luego no pienso volver a comprar nada de esta marca.,Javier Alvarez,Revisado en España el 31 de agosto de 2023
Mal,"1,0 de 5 estrellas","Coge tanta temperatura que quema el café.. Ya da cierto aroma a quemado cuando está haciéndose y también al beber un regustillo similar, no entiendo por qué le ponen tanta potencia a éstos aparatos... El café es muy delicado y un auténtico arte hacerlo bien, necesita tiempo y cariño para lograrlo ¿que sentido tiene hacer una cafetera con mucha potencia? Sólo conseguirás que salga el café rápido y sabor a quemado, fin",pablo ulloa rodriguez,Revisado en España el 29 de marzo de 2023
No es la de la imagen,"1,0 de 5 estrellas","Vaya mamarracho, la he comprado para un regalo y cuando la he abierto vaya chasco, no es igual que la de la imagen, no pone cecotec sino cumbia. Parece una cafetera de Ali express. No sé como hará el café pero de primeras no me ha gustado. La caja me ha venido con un segundo precinto, de alguien que la devolvería... Un poco cutre. No estoy acostumbrada a estas cosas por parte de Amazon.",María Isabel,Revisado en España el 12 de marzo de 2023
UN DESASTRE,"1,0 de 5 estrellas","Comprada en Julio de este año, primero se rompió el tapon de seguridad que hace que puedas quitar la jarra mientras estas haciendo café y que no caiga agua. Esto sucedio porque cada vez que ponias la jarra tocaba este tapon hasta que al final se rompió. El ultimo dia que hice café tardó mas tiempo del habitual en hacerlo aunque no le di importancia. Hoy he vuelto a hacer cafe y solo se oye hervir el agua pero no llega donde se encuentra el café y por lo tanto no cae nada en la jarra, lo dicho. UN DESASTRE",Fco Ruiz Obiol,Revisado en España el 27 de septiembre de 2022
No sale agua,"1,0 de 5 estrellas",Un timo a los 6 meses ya no sale agua y eso que nunca le pusimos del grifo siempre mineral no hay excusas por la cal .,Pocho,Revisado en España el 2 de noviembre de 2023
Artículo defectuoso y muchas dificultades para su devolución,"1,0 de 5 estrellas","Tras largas esperas en que contestasen a mi llamada telefónica por parte de Cecotec, la unica contestación fue que tenía que devolver el producto por deficiencias. Tuve que recurrir a Amazon para que me facilitasen la forma de develverlo. Ya está en Correos, mi intención era cambiarlo, pero según creo entender me devolveran el importe. Esperare acontecimientos. Una verdadera pena que núnca crei que me sucediese tratandose de Amazon. Así que como décimos los gallegos ""ESTOU MOI PERO QUE MOI ENCABUXADO"".",Xosé Manoel Gómez Vázquez,Revisado en España el 4 de enero de 2023
malisima cafetera,"1,0 de 5 estrellas","la cafetera es malisima,me llego con la patilla que sujeta la base de calentar rota, y a la semana deja de echar el agua con lo cual no me hace el café.
me tendré que comprar otra cafetera.",cesar rebollo moreno,Revisado en España el 23 de agosto de 2023
Buen café mal funcionamiento,"1,0 de 5 estrellas","La compre el 31 de julio y todo fantástico, a día de hoy a dejado de funcionar, y como siempre la atención al cliente de Cecotec deja bastante que desear",Cliente Amazon,Revisado en España el 12 de octubre de 2023
Muy poco duradera,"1,0 de 5 estrellas",He tenido dos cafeteras iguales. Una en casa y otra en el pueblo. Las dos han dejado de funcionar en menos de 3 años con muy poco uso.,patrick demonty,Revisado en España el 20 de octubre de 2023
No recomiendo,"1,0 de 5 estrellas","No recomiendo su compra en absoluto. Cafetera que me ha desengañado mucho al sacarla de su caja. Es todo plástico de muy baja calidad, excepto el frontal de los mandos que es de inoxidable.
Es la primera vez que me pasa con un producto de cecotec y no creo que me vuelva a suceder.
Tal y como la saqué de su caja, la he vuelto a embalar para su devolución.",Aarón Nadal,Revisado en España el 26 de febrero de 2023
Año y medio y no funciona,"1,0 de 5 estrellas","La compré en febrero de 2022 y hasta el momento sin problema. De repente ha dejado de funcionar, no pasa el agua",Rocio,Revisado en España el 23 de noviembre de 2023
Cecotec siempre …,"1,0 de 5 estrellas","Pero en este caso el producto no es de calidad
En mi caso el café rebosa por el filtro atora la válvula de caída del café constantemente y derrama café por fuera
No es un buen producto",juan r.,Revisado en España el 30 de julio de 2023
penosa y el servicio SAT de cecotec peor aún,"1,0 de 5 estrellas","OJO CON CECOTEC! SE ME ESTROPEÓ a los 3 meses y se la llevaron para arreglarla. Pues, el SAT de cecotec me la rompió y me la mandó por 2 veces sin haberla reparado. tuve que poner una reclamación y después de muchos meses conseguí me mandaran una nueva, y no me han mandado factura. Me ha pasado lo mismo con la olla gm h deluxe. y , con esta aún espero solución . OJO!!!
Eso sí, no pagaría más de 24.95€ por ella.La cafetera se ve buena. La verdad es que en la foto parecía más robusta. Lo es, pero los botones suenan muy a plástico, pensaba eran táctiles (no lo son).
El café lo saca bueno (y eso que yo era de italiana). le hecho medida agua 6 y café para 10. (sale casi igual que la italiana).
Tengo una nespresso y prefiero esta.
Adjunto instrucciones botones, que leí no están completas. en cecotec me facilitaron pdf más completo",Esther,Revisado en España el 24 de abril de 2020
Ha llegado usada,"1,0 de 5 estrellas",Compré el producto nuevo y ha llegado usado y sucio. Una vergüenza.,Javi Falcon,Revisado en España el 31 de diciembre de 2023
Estropeada a las pocas semanas de llegar,"1,0 de 5 estrellas","Los primeros días funcionó correctamente pero a las pocas semanas, la máquina dejó de dispersar el agua que se le había vertido en el tanque. Esto hace que la extracción del café no sea correcta. Al mismo tiempo pasó de tardar pocos minutos en servir el café a tardar 15-20 minutos. El display se ha llenado de burbujas de agua.",Alex,Revisado en España el 8 de marzo de 2023
Que el café este bueno.,"1,0 de 5 estrellas","El agua caliente sobre el ""café"", cae mucha cantidad en poco tiempo y tiene dos problemas
1 - el café esta muy aguado, esta sin sabor. (el cestillo con cantidad suficiente de café y no mucha agua)
2 - al entrar mucha agua, el café no filtra bien y por la parte superior del cestillo, agua ""limpia"" cae en la jarra.",Diego Martinez,Revisado en España el 12 de marzo de 2023
No funciona después de 1 año,"1,0 de 5 estrellas","La cafetera dejó de funcionar un poco antes de cumplir el año de comprada, ya no succiona el agua del tanque, se ha verificado que no tenga residuos y que todo esté aparentemente bien pero no funcionó mas.",Ronald E.,Revisado en España el 11 de julio de 2023
"Bien mientras dure, después mal servicio postventa.","1,0 de 5 estrellas","Los primeros meses va bien, aunque se va degradando hasta que se estropea: la mayor parte del agua se evapora por las rendijas y apenas sale café, y entonces descubres el servicio postventa, aunque esté en garantía.

En la página web te cierran las reclamaciones sin contactar contigo; si consigues hablar por teléfono te piden que les envíes un vídeo de unos segundos máximo que luego rechazan porque en ese tiempo es imposible demostrar que no funciona bien.",Ismael,Revisado en España el 26 de octubre de 2022
Decepcionante,"1,0 de 5 estrellas",No funciona el modo poner en marcha a una hora en concreto. No te mantiene el café caliente tanto tiempo . El café lo hace demasiado aguado y se desperdicia mucho café. Buena marca pero mala cafetera,Cliente Amazon,Revisado en España el 16 de julio de 2023
Ha durado poco,"1,0 de 5 estrellas","Y cuidandola
Duró poco
Mala experiencia",Larm,Revisado en España el 7 de enero de 2024
Mala gestión por parte de Turaco,"1,0 de 5 estrellas","Compre una cafetera y pese a ser prime tardo 3 días pero bueno lo acepte, la cafetera vino bien y funcionaba perfecta y todo bien. Compre otra para un regalo y venía con partes rotas la caja rota el filtro no estaba. Intenté contactar con el vendedor y no recibí respuesta, volví a mandar otro mensaje y nada. Eso fue el 7 de abril.... Una gestión nefasta por lo que me he mestado en realizar una reseña para que sepáis que si os sale bien, perfecto pero como tengáis algún problema podéis quedaros esperando. Ahora realizaré la devolución y espero recibir el reembolso.",Ariel Lara Oliva,Revisado en España el 18 de abril de 2022
8 meses ha durado,"1,0 de 5 estrellas",Comprada en marzo y hoy la he llevado al punto limpio....8 meses y cafetera a la basura.,Pablo,Revisado en España el 8 de noviembre de 2023
Ha durado solo un año!,"1,0 de 5 estrellas","La cafetera está bien y hace su función, pero justo al cumplir el año ha dejado de funcionar.",Andrés,Revisado en España el 24 de octubre de 2023
problemas de filtrado,"1,0 de 5 estrellas","el cafe a veces contiene particulas de cafe, que mal",David Sanabria Abril,Revisado en España el 19 de diciembre de 2023
"Mala no, lo siguiente !!!","1,0 de 5 estrellas","Una estrella porque no puedo ponerle cero. Tras 6 meses de uso ha muerto.
Producto muy en la línea de Cecotec.
Malo, malo, malo, malísimo.
Si queréis tirar vuestro dinero, con esta cafetera no os vais a equivocar.",Fidel Orenga Abalos,Revisado en España el 15 de mayo de 2023
Nada de lo esperado,"1,0 de 5 estrellas","La cafetera, fabricada en China no es la de la imagen del anuncio. Ni siquiera es cecotec. Es chuna importada Por cecotec. Solo lleva en un etiqueta adhesiva la parte inferior (suelo de la cafetera. Es endeble, muy endeble el embellecedor se acero, y muy, muy liviano el plastico.
no lleva la marca cecotec al frente como en la foto. Me parece una tomadura de Pelo.",José C.,Revisado en España el 8 de octubre de 2022
No funciona como debería,"1,0 de 5 estrellas","Es el primer producto de cecotec que no me convence. Se cuela café en la jarra, si pones cafe para 12 tazas, se llega a colar en el depósito y acaba toda la cafetera sucia. Va bien con el tiempo hasta que haces varias veces 12 tazas con 12 cucharas rasas de café. Al final si la quieres usar tienes que poner la mitad de agua y café para que no sobresalga todo y acabe siendo un desastre. Para lavarla después un lío, no merece la pena tanto disgusto para una cafetera... debería funcionar mejor siendo tan simple de usar. Es el primer producto de esta marca que no recomiendo. La acabaremos cambiando por otra casi seguro.",Arturo Joaquín,Revisado en España el 4 de septiembre de 2021
Rebosa y estropeada,"1,0 de 5 estrellas","Se salta el esmalte donde apoya la jarra, rebosa el café del filtro, y ahora ha dejado de funcionar",Fuendlc,Revisado en España el 12 de septiembre de 2023
Después de un mes..ja no funcions,"1,0 de 5 estrellas",Muy mal resultado y no puedo ponerme en contacto para devolución,M.Àngels,Revisado en España el 2 de noviembre de 2023
El sistema antigoteo no funciona,"1,0 de 5 estrellas",Cuidado con el sistema antigoteo. No ha funcionado.,DSC,Revisado en España el 21 de noviembre de 2023
Funciona fatal..,"1,0 de 5 estrellas","La compré en junio de 2023, y estamos a marzo 2024, y ya no funciona. Hay que darle hasta cuatro veces para que se haga el café... Mal producto, muy malo...",Carmen Fernandez Bonilla,Revisado en España el 29 de junio de 2023
Salen posos,"2,0 de 5 estrellas",La cafetera es bastante mala. Siempre sale el café con posos y es de lo más incomodo tener que estar colando el café todos los días. No se usa filtro solo el que trae la cafetera de plástico. No la recomiendo.,Aida,Revisado en España el 20 de julio de 2024
Decepcionante,"2,0 de 5 estrellas","Hemos tenido otra cafetera de goteo y está es bastante mala. Si le pones un poco de más del café recomendado en las instrucciones, se sale del filtro, dejándote un dedo de posos en la jarra y si pones la cantidad que te recomienda, si te gusta más o menos el café, te sale un café ""aguarrichi"" . Solo una una opción de café si la quieres programar. La opción Fuerte es para cafés al instante. Aunque no hay mucha diferencia entre las opciones
Compramos está un poco por las opiniones de la gente. Y nos ha decepcionado . La hemos devuelto.",Sirlix,Revisado en España el 18 de abril de 2024
Una cafetera importada de China (de las que nadie les quería comprar),"2,0 de 5 estrellas","Una desastrosa compra. Como otro electrodoméstico Cecotec que tb adquirí en Amazon, se rompió pasadas unas semanas. Por el precio que pagué, quise ahorrarme el trabajo de tramitar una devolución. El contenedor del agua perdió estanqueidad, primero se fugaban unas gotas, cuando la tiré ya perdía medio depósito en cada uso. La resistencia era muy potente, y calentaba con rapidez. Sobre el papel las especificaciones eran buenas, pero la fabricación de la cafetera, una vergüenza para la Humanidad. Repito que no reclamé ni hice uso de la garantía; me pareció más rápido comprar otra cafetera en un comercio, e informar a mis conocidos sobre la penosa calidad de Cecotec como marca. La reputación se crea en el boca-oreja, y esta marca suena ya a fracaso. No fracases como yo.",J.G.Vía,Revisado en España el 11 de marzo de 2024
Dos estrellas por los dos años que ha durado,"2,0 de 5 estrellas","Mala calidad de componentes se ha roto el tubo metálico por el que calienta por varios sitios, el plato base malísimo se estropeó enseguida, la tapa cerraba regular, no creo que esté hecha para durar más de dos años y gracias. No suelo escribir reseñas pero es que este producto para mí, es de muy baja calidad.",DAVID,Revisado en España el 2 de abril de 2024
"Hora programable, va bien pero a 20 meses - conducto agua perforado. Arreglo por garantia","2,0 de 5 estrellas","NOTA noviembre 2021: Buen aparato mientras funciona. A la cuarta o quinta vez de descalcificar, se ""comió"" el conducto-resistencia del agua: perforado y ""kaputt"". Además la placa de mantener la jarra caliente, tb casi perforada por oxidación (la foto es de 18 meses después, ya totalmente picada). Positivo: el servicio de CECOTEC realizó reparación del conducto-resistencia por garantía, si bien no cambiaron la placa de calentamiento. Tardaron casi tres semanas entre envio y tener el aparato devuelto - pero cumplieron y es de agradecer. Aunque ya se q a otros 18 meses de uso, se volverá a romper la resistencia y entonces, ""adios garantía"".
------
Soy adicto al café americano y esta máquina es ideal. Calidad correspondiente a su precio, gran capacidad de casi 1,5 litros. En lo demás, una cafetera de goteo normal con la ventaja de poder programar la hora: cuando me levanto, el café ya está recien hecho. La seleccion de intensidad de sabor, no acabo de entender que hace o como funciona ( .... a falta de explicación alguna en el manual). La placa electrica mantiene el cafe hecho caliente durante 45 minutos pero a medio año ya empieza a oxidarse. La jarra es de buena calidad.

Negativos: el ""manual"" es poco mas que una lista de funciones, sin descripción sobre cómo manejarlas (algo típico en Cecotec, por cierto). El conjunto de la cafetera es relativamente grande, echo de menos tacos de goma para no resbalar sobre superficies lisas. La ""auto-limpieza"" consiste en que a cada 60 operaciones, aparece una luz verde que indica ni mas ni menos que .... ¡tienes que hacer la limpieza tu mismo, pasando manualmente un liquido decalcificador de toda la vida! ... y no aguantó este proceso mas de 4-5 veces, perforando el conducto de manera irreparable. Ver al principio del comentario.

OTRO CONTRAPUNTO IMPORTANTE a medio año de uso: la placa metálica que mantiene el café caliente durante 45 minutos se está oxidando a ritmo forzado. Problema típico de cafeteras de baja calidad, y no hay remedio ni recambio. Cuando se perfore del todo, habrá q tirar la máquina. Le doy un año más para ello, a lo sumo. NOTA noviembre 2021: profecía cumplida :((",Klaus Ehrlich,Revisado en España el 13 de junio de 2020
"No mantiene el café caliente en la jarra, y escurría agua desde la base.","2,0 de 5 estrellas","Si bien el café tiene aroma y sabor de buena calidad, es una decepción que el café dure caliente durante 15 minutos. Después de ello, aunque tiene la opción de mantener la base de la jarra caliente durante otros 30 o 40 minutos, la potencia es baja y el café no pasa de tibio. Adicionalmente, la que me llegó estaba defectuosa y debajo de la cafetera se formaba un charco de agua. La compré porque es el Amazon's Choice de cafeteras en su rango, y es una ventaja que venga con dos filtros lavables, pero que mantenga el café caliente es un requisito esencial que no cumple.",Ingrid,Revisado en España el 5 de diciembre de 2023
"No se ve nada en el interior, y es para zurdos","2,0 de 5 estrellas","Como digo en el título, no se ve nada en el interior (NADA), al abrir la tapa. Es completamente negro (todo), lo cual resulta absurdo si lo que se pretende es ofrecer comodidad a los usuarios. Resulta complicado echar el agua porque, además, la apertura más grande está en el lado izquierdo, cuando la marca de la medida del agua está al derecho. Con lo que, es ideal para zurdos, pero incomodísimo para diestros. No digo nada ya si se trata de personas mayores o con algún problema de movilidad, (mi padre, pudiendo usar otras cafeteras no puede usar ésta).",Soylaquetedigo,Revisado en España el 24 de octubre de 2023
Durabilidad: 2 años y medio.,"2,0 de 5 estrellas","Después de 30 felices meses, haciendo el café casi todos los días y haciendo la descalcificación a cada 5-6 meses según me pedía el led verde, la cafetera ha muerto. Hoy la encendí, el panel funciona pero no hace nada más. No calienta el agua y ni un ruido. La garantía era de 2 años, así que nada. Con todos los comentarios sobre la mala calidad del servicio técnico, ni les llamo. Abro la cafetera para ver si hay algo roto y no encuentro nada, todo está bien y en su sitio. Así que a la basura y compro otra de otra marca a ver si dura más. Rebajo de 5 a 2 estrellas.",Ennio,Revisado en España el 25 de agosto de 2023
Dudas de la cafetera Cecotec,"2,0 de 5 estrellas","Diseño,muy elegante.
El embudo, donde se deposita el café.Parece de papel de fumar,no se lo que puede durar.Y el filtro del café.No especifica, si se limpia o no.Porque lo lógico,es que se ciege con el uso .He hecho 3 cafeteras con agua mineral .Y la cuarta con café. Ha salido amargo y con muchos posos.
Si sigue así La devuelvo","No quiero que figure ni mi nombre y apellidos , ni mi direccion",Revisado en España el 5 de diciembre de 2023
La devolví,"2,0 de 5 estrellas","No me gustó nada, el café sale con posos.",Laura Rodriguez Jimenez,Revisado en España el 4 de marzo de 2024
Baja calidad,"2,0 de 5 estrellas","Pesa poco, materiales muy débiles, mucho plástico. Mejor gastarse algo más por una de mejor calidad.",Manuel Gallar,Revisado en España el 10 de febrero de 2024
Pierde agua,"2,0 de 5 estrellas","Funcionaba de maravilla hasta que empezó a encenderse y apagarse sólo, sin haberlo programado, y pierde muchísima agua del depósito. En sólo 2 años.
No lo recomiendo para nada.",Jose Luis,Revisado en España el 3 de enero de 2024
Manual de instrucciones malo,"2,0 de 5 estrellas","Acabo de recibir esta cafetera, que nos gustó pos su diseño y precio, así como por sus especificaciones. El envío llegó puntualmete y muy bien informado del proceso. Al abrir la caja, veo que el manual de instrucciones es mínimo, en concreto la parte referente a los botones de la cafetera, donde no especifica cual es cada uno, poniendo simplemente en la imagen ""panel de control"" en varios idiomas, por tanto, y siguiendo el procedimiento, debes intuir como hacer café. En las especificaciones pone que ofrece la función de calentamiento de café, aunque luego en el manual no indica nada sobre este aspecto. Busco el teléfono de la empresa, y en la primera llamada me dicen que eso no es posible, que el café que sobra se debe de tirar, inreible la respuesta. No contento con esta respuesta vuelvo a llamar, y hablo con otra persona, muy amable que me dice que no sabe, pero que lo ha puesto como incidencia para hablarlo con el servicio técnico y que me contestaraán por email o teléfono ese día o al día siguiente. Nadie me ha contestado. Al final, y a base de tocar todos los botones, he conseguido lo que buscaba, calentar el café existente, pero me ha parecido un mal servicio por parte de Cecotec. Sinceramente, si llego a saber este punto, NO lo hubiese comprado, pues para mi no cumple con la información necesaria y estoy convencido que hay otras opciones mejores.",Jose Herrero,Revisado en España el 1 de agosto de 2019
2 cafeteras mismo problema,"2,0 de 5 estrellas",La cafetera muy bien café bueno pero tienen que tener algún problema porque a mí me cambiaron una porque dejó de gotear me icieron la devolución y cambio de cafetera y a esta le sucede lo mismo dejo de gotear el mismo problema,José L.,Revisado en España el 3 de diciembre de 2023
👎🏽,"2,0 de 5 estrellas","Esta bien, aunque me esperaba algo mejor como en la foto. Es muy normal, para el precio que tiene","Sencillo, pero hace su función",Revisado en España el 17 de enero de 2024
Baja calidad,"2,0 de 5 estrellas",En menos de una año se daño,Cesar padilla,Revisado en España el 21 de febrero de 2024
Atascos y perdidas de agua continuos,"2,0 de 5 estrellas",El depósito de agua pierde agua por las gomas que se estropean con rapidez y le echan la culpa a la calidad del agua. Con lo que la garantía no te cubre.,L M,Revisado en España el 14 de diciembre de 2023
Pequeña,"2,0 de 5 estrellas",Jarra muy pequeña se devolvió,SERGIO,Revisado en España el 19 de febrero de 2024
No la recomiendo,"2,0 de 5 estrellas","El sistema para introducir el agua es arcaico (por el borde superior de la maquina, en el borde trasero)
El sistema automatico para preparer el Cafe a una hora concreta es engorroso y fuerza la maquina a quedarse sin agua.",Joche,Revisado en España el 21 de noviembre de 2023
"Duró tres meses, la devolución genial","2,0 de 5 estrellas","Duró menos de tres meses la cafetera, cuando funcionaba , bien, café normal. El problema apareció a los 2 meses y nuncaas hizo café, arrancaba pero se paraba y no terminaba o ni empezaba a hacer ella café..Lo positivo de todo esto es que la devolución fue genial, a través de Amazon tramité la devolución y al estar en garantía,me han devuelto el dinero y yo les he enviado la cafetera. Hemos comprado lo tra de otra marca",Sonia,Revisado en España el 3 de junio de 2023
Frágil,"2,0 de 5 estrellas","Me empeño en comprar productos Cecotec, pero no paran de desengañarme. La cafetera está bien en sí, pero es muy frágil y a los pocos días empieza a hacer el tonto",Quim Adell Carbonell,Revisado en España el 16 de noviembre de 2023
"Bonita, barata pero…","2,0 de 5 estrellas","Siempre dicen que lo barato sale caro, tras 6 meses con ella estoy planteando comprarme otra porque se esta dañando la parte que calienta el vaso de café, filtra mal, dejando muchos posos y al ir lento se suele desbordar internamente el café, ya he tenido que hacer varias limpiezas a fondo y vuelve a su funcionamiento normal durante 3 usos, luego es una lucha para que haga café en condiciones.
Si el presupuesto es bajo, como era mi situación es una compra para salir del paso, pero si puedes permitirte otra de mejor calidad, no lo dudes.",Estefanía P.,Revisado en España el 30 de enero de 2023
Algo dificil de limpiar,"2,0 de 5 estrellas","Es fácil de manejar pero dificil de limpiar ,porque limpiar el filtro es fácil pero después de hacer café cuatro días seguidos se ha atascado alguna tubería y no sale el café pero el agua se consume. Creo que interiormente se ha atramcado y eso no sé como limpiarlo . No ha llegado a usarse la semana entera.",Teresa M,Revisado en España el 10 de julio de 2023
Ha venido con una abolladura,"2,0 de 5 estrellas","Me parece útil y fácil de usar pero no le pongo mas estrellas porque al quitarle la pegatina tenia una abolladura cosa que me parece Super fuerte que quieran tapar el daño con una pegatina, se supone que deben tener un control de calidad, con tanta ilusion que me la he comprado y al solo quitarle la etiqueta tenga esto, de paso me hace dudar la originalidad porque en la foto de la pagina pone cecotec y esta trae una pegatina y al quitárselo no lo pone esta pone cumbia me siento un poco timada",Jessica Querales,Revisado en España el 26 de octubre de 2022
Se salen los posos del cafë y terminas bebiendolos,"2,0 de 5 estrellas","He comprado varios productos CECOTEC , humidificador portatil, Conga, aspitador de mano, Mambo etc y nos decidimos por la cafetera pensando qué sería igual de bueno. PUES NO. ponemos café para 8 tazas y se sale todo entrando en la jarra y llenandose de posos. queríamos comprar una preidora de aire y me lo estoy pensando seriamente. Si los vendedores de CECOTEC se pusieran en contacto con nosotros , nos gustaria devolverla. No es normal qué una cafera para 12 tazas con 8 te bebas los posos.
Gracias",Javier G,Revisado en España el 13 de noviembre de 2022
Estaba usada,"2,0 de 5 estrellas","Me la quedé porque la necesitaba ( para los desayunos de hotel rural), pero ya vi en la caja estaba despegada y vuelta a pegar con trozos de adhesivo por las esquinas, eso no me hubiese importado pero luego me di cuenta de que estaba usada, el filtro tenía la marca y olía a café.",Sandra,Revisado en España el 2 de abril de 2023
Nada que ver con lo que vende,"2,0 de 5 estrellas","Mucho peor de lo que venden. Llega con una inmensa pegatina que deja la parte frontal pegajosa y sucia desde el primer día.
La función recalentar no existe, sencillamente queda caliente porque está dentro de la cafetera pero solamente está el botón de entender y apagar.
El sabor del café nada de otro mundo, igual que en cualquier cafetera a mitad de precio.
Pone ""Cumbia"" y no Cecotec como aparece en la foto.
En resumen: Compré está cafetera más cara de la media pensando que sería mejor pero para eso me gasto la mitad en una más básica.
Una decepción.",Javier R.,Revisado en España el 25 de enero de 2022
"La descripción no corresponde, diseño y aspecto diferente","2,0 de 5 estrellas","He pedido esta cafetera por su diseño y aspecto. Me gustó el diseño uniforme y la parte frontal lisa con la marca CECOTEC. La entrega por parte de Amazon fue muy rápida y sin incidencias, pero al abrir la caja me encontró una cafetera de diseño muy diferente, vean las fotos. La devuelvo sin haberla usado.",Cliente Amazon,Revisado en España el 13 de diciembre de 2022
Producto deficiente.,"2,0 de 5 estrellas","Compramos esta cafetera confiando en la marca CECOTEC, pero es un producto que no alcanza el estándar de calidad de la marca. Tiene buen aspecto exterior pero es un producto deficiente, lento y que suele atascarse con frecuencia impidiendo que el café se haga con normalidad.",stranezza,Revisado en España el 9 de enero de 2023
Pegatina,"2,0 de 5 estrellas","Ayer recibi la cafetera, al desembalar nos dimos cuenta de que en la parte inoxidable traia una pegatina bastante grande que por uno de los lados estaba algo despegada. Hoy antes de usarla hemos procedido a limpiar las partes que se indican en el manual y a retirar la pegatina. Sorpresa, la pegatina se rompe quedando incrustada, no se puede quitar con cualquier cosa ya que esta en la parte inoxidable. Me he pasado 2 horas quitando y aun asi no a quedado bien. Al ingeniero que se le ocurrio ponerla ahi se podia haber quedado en su casa a descansar.",Elena,Revisado en España el 11 de noviembre de 2021
No dura más de un año.,"2,0 de 5 estrellas",Con el paso del tiempo el café tarda mucho en prepararse. Poco recomendable,Juan Plasencia,Revisado en España el 5 de junio de 2023
"Muy bonita, pero...","2,0 de 5 estrellas","La cafetera en sí es una cafetera normal y corriente, lo que me hace realizar una reseña negativa es que la jarra se ha agrietado con el cambio de temperatura y no consigo encontrar remplazo.
Al principio todo fué bien hasta entonces. Así que nada, espero haberos ayudado en algo.",FernAmazon,Revisado en España el 22 de agosto de 2022
Pésima cafetera.,"2,0 de 5 estrellas","Pésima cafetera ya que no me gusta el tope de máximo de agua no se ve claro y lleva una ranura, que si te pasas de agua se derrama por la encimera.
Las instrucciones dejan mucho que desear ,no están claras y me ha dejado de funcionar ya que tengo que estar constantemente apretando el botón de on porque se para .
Sinceramente no es la mejor cafetera en relación,calidad precio.",Evaristo,Revisado en España el 6 de marzo de 2022
No es como la descrita en el anuncio.,"2,0 de 5 estrellas","En la descripción pone que es cecotec. Es prácticamente la misma que se anuncia, solo cambia esteticamente. Solo venía una pegatina en la caja que pone cecotec. Por el funcionamiento es regular. Cuando haces café no se ve lo que queda de nivel de agua ya que se empaña y si la llenas mucho de café molido se termina por rebosar y caer a la jarra, con lo cual las últimas tazas llevan posos.",OSCAR GOMEZ,Revisado en España el 14 de enero de 2022
Cual es la cantidad de café??,"2,0 de 5 estrellas","Buenas! Primero, esto es lo que llegó. Una cafetera tuneada con pegatinas. Después cual es la cantidad de café?? Si me fio de la proporción indicada en el librito.... Saca aguachirri que ni el gato lo toma. Al final, doble cantidad de café para algo decente y lo del botón de café intenso.... Bueno de adorno. Se puede devolver habiéndola usada?",carlos P.,Revisado en España el 24 de marzo de 2022
Se obstruyó y no salía el café,"2,0 de 5 estrellas","Se limpia fácil, es ágil, pero se obstruyó y no salía café, se desmonto se cambió de filtros se hizo café sin ellos y nada. Duro un año, sabor como es lógico dependiendo del café q se use.",carolina,Revisado en España el 16 de octubre de 2022
Bastante decepcionada,"2,0 de 5 estrellas","Hay que usar mucho cafe en comparación con otras cafeteras.
El difusor de agua salpica mucho y hace que se manche excesivamente de cafe por dentro así que al final siempre hay posos.

No lo recomiendo.",Maika,Revisado en España el 11 de septiembre de 2022
Rápida de usar pero café flojo,"2,0 de 5 estrellas","Es la típica cafetera de jarra de café americano, para mi gusto el café sale bastante insípido, a pesar de usar la función de ""extra fuerte"". Estoy gastando mucho más café que antes para tomarlo un poco más fuerte de sabor.
Es fácil de usar y sencilla de programar, eso al menos está bien.",Jorge maldonado Gomariz,Revisado en España el 14 de marzo de 2022
Desepcionada,"2,0 de 5 estrellas",Buena cafetera pero me llego con un defecto y es que nunca ha mantenido el café caliente. Se apaga inmediatamente termina de hacer el cafe,Karin,Revisado en España el 22 de noviembre de 2022
mala atencion al cliente,"2,0 de 5 estrellas",la cafetera esta bien pero mi queja es que hace cosa de un mes no me funciona bien cuando esta en marcha saliendo el cafe se para varias veces sin haber terminado tengo que volver a ponerla en marcha e intentado ponerme en contacto con el vendedo ya que aun esta en garantia y no cogen el telefono nunca la empresa es JUBIRU WED SL no volvere a comprar nada en esa empresa estoy muy enfadada por la mala atencion al cliente,CARMEN,Revisado en España el 2 de junio de 2021
Aguachirri,"2,0 de 5 estrellas","Un café aguado. Es cafetera américa, pero he tenido otras y el café tenía más sabor y cuerpo. No nos ha gustado.",Cliente Amazon,Revisado en España el 21 de octubre de 2022
La jarra es frágil,"2,0 de 5 estrellas",En menos de un año la jarra se rompió sin haberse dado ningún golpe.,Cliente Amazon,Revisado en España el 26 de diciembre de 2022
No hace buen cafe,"2,0 de 5 estrellas",El estanco es bueno se limpia bien es fácil de usar pero a mi gusto no hace buen cafe el cable demasiado corto y es incómoda para echar el agua,angel,Revisado en España el 30 de junio de 2022
Decepcionada,"2,0 de 5 estrellas","Me parece una tomadura de pelo no es la que se ve en la foto es totalmente diferente es publicidad engañosa aunque si te lees bien toda la información te das cuenta que no es la que sale en la imagen es la primera vez que me pasa no se como Amazon se presta ha esto. La que me han mandado funciona bien pero no es la que quería, esto y muy decepcionada con Amazon",Yoli,Revisado en España el 15 de abril de 2021
Catastrófica,"2,0 de 5 estrellas","Es triste pero es así, si lo sé no tiro la anterior. No se puede echar casi café, si se echa para más de 6 tazas acaba rebosando por arriba y te llena la jarra de café molido. La limpieza es incomodísima, y lo digo porque le he tenido que sacar café hasta del depósito, porque cuando el café se sale, cae en la jarra y en el depósito de agua. NO es para nada recomendable",Luisa I.,Revisado en España el 26 de marzo de 2021
Sabe a plástico,"2,0 de 5 estrellas","El sabor del café es a plástico, le filtro que trae no cumple normas de salubridad, o es defectuoso, o es de una calidad pésima
Contactar con vendedor complejo",Javi,Revisado en España el 18 de marzo de 2022
Dura poco,"2,0 de 5 estrellas","No es que haya ido muy allá desde que la compré, pero es que después de 1 año y algo ha dejado de funcionar.",rocio merino carrasco,Revisado en España el 28 de abril de 2022
Pierde agua!,"2,0 de 5 estrellas","La cafetera ha empezado a perder agua por la base, por la doña del cable. Muy peligroso, la verdad. Sólo hace 6 meses que la tengo y nunca se ha movido de su lugar. Intento comunicarme con el servicio técnico y no atienden...
Desde ya que no es un producto que pueda recomendar. Insistiré hará que alguien de Cecotec me de una respuesta.",Adriana,Revisado en España el 4 de febrero de 2021
Una caca,"2,0 de 5 estrellas",Se cae todo el café en donde va el agua y se queda la parte del depósito de agua llena de posos,Arantza Amigo Bocanegra,Revisado en España el 27 de abril de 2022
No es lo que se espera.,"2,0 de 5 estrellas","El café sale frio y no saca el sabor. La devolución fue fácil y no tuve ningún problema. Quizás el mío viniese mal de fábrica pero para amantes del café, no lo recomiendo.",Ad,Revisado en España el 4 de enero de 2022
No es muy buena compra,"2,0 de 5 estrellas","El café no sale tan caliente como otras cafeteras que he visto, y el material no me convence ya que es plástico.",Isabel,Revisado en España el 21 de abril de 2022
MALA CALIDAD DE MATERIALES,"2,0 de 5 estrellas","Parece de juguete, producto devuelto.",Paula María,Revisado en España el 28 de septiembre de 2022
"Café sin espuma, muy soso el líquido","2,0 de 5 estrellas",Comodo y simple. Pero café muy soso y líquido sin espuma,Antonia,Revisado en España el 7 de julio de 2022
No me gustó que trae una pegatina que no se es bastanla relación calidad precio es bastante buena,"2,0 de 5 estrellas",No me gusta la pegatina que trae y es imposible quitar,Emilio,Revisado en España el 30 de mayo de 2022
Viene con tara.,"2,0 de 5 estrellas","Le doy dos estrellas no porque me parezca mal producto, solo lo he usado una vez, el motivo es que me ha llegado rallado y con una pequeña tara en la base que hacía que está no asentará bien, me parece que es un artículo que ha sido manipulado, con todo parece que funciona bien por lo que en principio he decidido no devolverlo.",Cliente Amazon,Revisado en España el 24 de abril de 2020
Material muy malo. Filtro muy malo. El reloj de desconfigura constantemente.,"2,0 de 5 estrellas",Está bien pero el filtro del café muy pequeño para la capacidad tan grande de agua que puedes poner para maximizar la totalidad de la jarra. Aunque por capacidad de jarra tampoco es muy grande. Material muy simple.,Cliente Amazon,Revisado en España el 8 de agosto de 2021
Café sabor agua. Espantoso.,"2,0 de 5 estrellas","No soy muy exigente para un simple café, pero lo que no pienso es tomarme un café con sabor a agua. Horrible. Ni me pude tomar el café de lo mal que sabía. Ya leí en reseñas algún comentario así y decidí arriesgarme comprándolo. Ya veo que me equivoqué . No lo recomiendo.",Maria,Revisado en España el 19 de noviembre de 2020
Decepcionada,"2,0 de 5 estrellas",No me convence nada. Las instrucciones me parecen pobres. El café no me parece que salga bueno. No me a gustado nada,Yolina c0n Cafeina,Revisado en España el 12 de enero de 2022
El artículo llegó todo dañada la caja y mojada. Espero que funcione perfectamente...,"2,0 de 5 estrellas","El embalaje vino así, 0 protección y todo descuidado... Como presentación muy mala",Carla,Revisado en España el 6 de abril de 2022
"Baja calidad, mala compra","2,0 de 5 estrellas","Material de mala calidad, complicada para rellenar de agua.",Andrés José,Revisado en España el 30 de abril de 2022
Necesita que la desmontes cada poco tiempo,"2,0 de 5 estrellas","Se obstruye el caño de subida de agua con mucha facilidad, cada dos semanas como mucho hay que realizar una limpieza a fondo de todos los conductos y mecanismos de la misma porque deja de funcionar. No recomendable a no ser que te guste desmontar aparatos.",David Díez,Revisado en España el 5 de diciembre de 2020
Cafetera,"2,0 de 5 estrellas","Mi experiencia despues de un mrs de uso, tengo q echar mucho cafe y llenar de agua hasta el numero 4 para q salga un cafe decente, si me paso de agua, sale agualizado, y lo pongo boton fuerte cafe.",Ana,Revisado en España el 10 de abril de 2021
Normalita,"2,0 de 5 estrellas","Me parece muy cara para lo que hace....las instrucciones son terribles, es complicada de desmontar para limpiar y me parece q tarda demasiado en apagarse si no le das al botón. eso sí, es bonita y no ocupa mucho. La entrega fue rápida, en fecha y correcta.",Cliente Amazon,Revisado en España el 18 de octubre de 2020
Café muy flojo y aguado,"2,0 de 5 estrellas","Si te gusta el café aguadisimo bien, pero no tiene ninguna potencia y apenas sabor.. supongo que es como funcionan este tipo de cafeteras pero a mi que me gusta el café fuerte, no me ha gustado en absoluto.",Esther,Revisado en España el 8 de febrero de 2021
Café flojo.,"2,0 de 5 estrellas","No deja cargar el filtro, poco más de la mitad, por lo q. café sale flojo o poca cantidad. Para 6-7 tazas. En seguida se desborda el filtro",Kika,Revisado en España el 10 de marzo de 2021
VIENE REALMENTE SIN INSTRUCCIONES,"2,0 de 5 estrellas","Si mi marido habria leido los comentarios (mucha gente dice igual, que las instrucciones no valen nada) no lo hubieera comprado. Unas semanas despues de recibirla lo esta utilizando pero sin exito total.",Daisy,Revisado en España el 10 de octubre de 2020
Garantía del producto,"2,0 de 5 estrellas","No funciona muy bien, no se puede programar ha dejado de funcionar y el fabricante es difícil .. Para hacer el reclamo",Gloria Marina,Revisado en España el 22 de enero de 2021
No la recomiendo,"2,0 de 5 estrellas","La cafetera está bien, hace café en grandes dosis y sale muy rico. El problema es que no ha durado nada... Un buen día dejo de funciar con apenas dos meses de uso, una pena.",Javier,Revisado en España el 3 de junio de 2020
Decepcionante,"2,0 de 5 estrellas","Pues llevo mas de un mes con ella y por mucho que lo intento no para de salirme aguado el cafe, me ha decepcionado",Cliente Amazon,Revisado en España el 16 de octubre de 2020
No tiene funcion de recalentar,"2,0 de 5 estrellas","No hay modo de que se caliente sin ¨brew¨... asi es como yo defino recalentar.
A lo mejor el termino lo tengo equivocado.
Ya opine sobre todo lo demas en otro comentario.",Larys,Revisado en España el 11 de febrero de 2020
La cafetera me llegó rota,"2,0 de 5 estrellas","Luego de usarla por primera vez, me dí cuenta que estaba rota la base de la cafetera.",Caro,Revisado en España el 10 de septiembre de 2020
Decepcionante,"2,0 de 5 estrellas",En cuanto pones más de 4 cafes se sale el agua,Arly,Revisado en España el 27 de diciembre de 2020
Mi opinion es negativa,"2,0 de 5 estrellas",No se desconecta sola . Hay que quitarla de la red,carmen rubio salorio,Revisado en España el 19 de noviembre de 2020
No funciona,"2,0 de 5 estrellas","Alguien me puede decir que hacer si después de dos semanas funcionando bien, la preparo para hacer café y no va?",Cliente Amazon,Revisado en España el 3 de mayo de 2020
Aguachirri de cafe,"2,0 de 5 estrellas","No me gusto el cafe sale aguachirri
El libreto el nulo y el cafe sale agua",javier,Revisado en España el 2 de abril de 2020
15 días a duradado,"2,0 de 5 estrellas",Dejo de funcionar a las 15 días,Iván,Revisado en España el 21 de mayo de 2020
aspecto,"2,0 de 5 estrellas","El café que hace es americano, sin sabor y aguado.",JAVIER,Revisado en España el 18 de febrero de 2020
Después de haberlo usado unos meses no me gusta mucho,"2,0 de 5 estrellas",Como te pases de café sale lleno de posos la jarra muy grande para poco café,Vanessa suarez blanca,Revisado en España el 14 de septiembre de 2019
Cafetera venía defectuosa,"2,0 de 5 estrellas",La cafetera llegó defectuosa. Perdía agua por la base. La devolvimos.,M V,Revisado en España el 21 de agosto de 2019
No recomendable,"2,0 de 5 estrellas",No la recomiendo la compre hace 2 años porque se podía programar y me venía estupendo un café antes de trabajar. El caso que de la noche a la mañana la cafetera dejó de funcionar no calienta el agua y no hace el café pues ahí la tengo para ver la hora tendré que mirar algúien que le Heche un vistazo y si compensa repararla pero duro 1 año otro lleva ahí muerta de asco asique no la recomiendo para nada.,Peke,Revisado en España el 24 de abril de 2023
Rota en 3 meses,"2,0 de 5 estrellas","Al principio súper bien pero hace una semana dejo de salir el café, realicé una descalcificación y aún así no salía el café.
Amazon se hizo cargo y me devolvió el dinero para poder comprar otra. Al servicio de Amazon le puntuó con 5 estrellas en todo lo que he comprado.",Paula Rubio Bretos,Revisado en España el 5 de mayo de 2023
Café sin aroma,"2,0 de 5 estrellas",La hemos tenido bque devolver porque el café no sabía a nada y tampoco funciona el modo de programar con el sistema de más aroma.,Cristina,Revisado en España el 3 de junio de 2021
Nada,"2,0 de 5 estrellas","Me ha gustado que es fácil de limpiar
No me gusta el no conseguir que salga bien el café, sale con posos, se sale el agua cuando llega al filtro
Seguiré usando la cafeteras italianas porque no ha sido una buena compra",Cliente Amazon,Revisado en España el 19 de diciembre de 2020
Para el precio......,"2,0 de 5 estrellas","No esperes algo con material resistente, es muy endeble , ahora bien , el agua pasa y el café finalmente se hace , se ha encendido sola 2 veces
Vamos , para no tenerla en casa , si para una oficina para uso super personal",Gaston,Revisado en España el 10 de abril de 2024
Barata y funcional,"3,0 de 5 estrellas","Es una máquina que hace su función, es decir, hace cantidad de café rápido y fácil, sin necesidad de estar pendiente de ella mientras lo hace. Los materiales no son los más robustos, son de plástico, pero por el momento sigue funcionado muy bien. La jarra es de cristal que encaja en la placa de abajo que se calienta y por arriba en el tubo por donde se llena antigoteo.
Lo único que está siendo desastroso es que el agua se calienta mucho y al caer en el café para hacerlo salta por todos lados y la parte de arriba se llena de agua y sedimentos de café. No hay mas solución que limpiarlo fácilmente, ya que se desmontan las piezas y listo.",Sandra,Revisado en España el 31 de diciembre de 2023
Mantiene poco la calor,"3,0 de 5 estrellas","Es muy bonita, hace el café muy bien y se programa bien. Lo único que no guarda el calor del café que queda, cuando se hace al momento se pone frío.
No sé si a alguien más le pasa como a mí o estoy haciendo algo mal",Celia G.,Revisado en España el 6 de marzo de 2024
"Es sencilla de utilizar, pero el acabado un poco endeble","3,0 de 5 estrellas",El funcionamiento correcto pero en cinco meses de uso el logo del asa se esta empezendo a borrar y la placa que hay debajo de la jarra para que se mantenga caliente esta perdiendo la pintura,Aitor Forero,Revisado en España el 19 de febrero de 2024
Rspida,"3,0 de 5 estrellas","Muy rapida en menos de 2 minutos el café está hecho. Muy de plástico todo, mejor utilizar filtro de papel, el filtri que lleva no filtra bien.",Xavier,Revisado en España el 22 de febrero de 2024
Calidad baja,"3,0 de 5 estrellas","Me duró Menos de 6 meses, empezó a chorrear por debajo y resulta que tenía rota la resistencia…
Al principio es lo ideal, pero realmente que dure tan poco no está bien.",Nicolas,Revisado en España el 25 de enero de 2024
Sale aguado,"3,0 de 5 estrellas","Me gusta el temporizador , pero sale muy aguado el café. E probado menos agua y más café, y amarga . Alguien sabe cómo hacer para que salga bien? Por lo demás es práctica, pibes la hora y lo tienes preparado. Si no fuera por que sale como comenté aguado el café, sería una pasada.
Gracias",Anna,Revisado en España el 1 de diciembre de 2023
Siempre encendida,"3,0 de 5 estrellas","La cafetera está muy bien es pequeña, va con dos filtros reutilizables. El caffe lo hace muy bueno siempre que te guste el caffe americano que es más aguado. Siempre puedes poner más caffe que agua para darle más intensidad.
Cosas malas de esta cafetera de hay la poca puntuación.
Primero siempre se queda la pantalla encendida
Segundo no entiendo ese manual, no te explican absolutamente nada de los botones. Menos mal que es bastante sencilla y fácil de descifrar",adrian,Revisado en España el 25 de septiembre de 2023
No es lo que esperaba,"3,0 de 5 estrellas","La cafetera está bien, el sistema de cierre. El proceso es muy rapido y el café sale demasiado aguado. Llevo muchos años utilizando este tipo de cafeteras y esta es la que menos me ha gustado en ese sentido, no llega a poder coger la esencia del café.",Pilar,Revisado en España el 9 de noviembre de 2023
Mejorable,"3,0 de 5 estrellas","No me acaba de convencer mucho, es muy grande y como te caiga el agua donde el filtro al llenar la cafetera cae directamente, no funciona bien el botón de seguridad para que no salga café si sacas la jarra",Bruja,Revisado en España el 26 de noviembre de 2023
Baja calidad,"3,0 de 5 estrellas","La cafetera solo ha durado dos años, se le fue la resistencia y no hubo solución.",Cliente Amazon,Revisado en España el 2 de enero de 2024
El servicio al cliente,"3,0 de 5 estrellas",La cafetera bien....el servicio de entrega... nefasto...,Angelines,Revisado en España el 16 de enero de 2024
Genial,"3,0 de 5 estrellas",Muy buena calidad precio.,Mari T.,Revisado en España el 20 de enero de 2024
Bueno!! 🧐,"3,0 de 5 estrellas",Está bien pero odio tener que estar limpiándola constantemente. Le echo el café molido y a veces rebosa y se mete en el tanque de agua y también obstruye el lugar por donde sale el café. Todo porque sube el volumen del café con el agua.,raul,Revisado en España el 29 de octubre de 2023
Tiene bote agua y ya no podemos usarla,"3,0 de 5 estrellas","La cafetera tiene un bote de agua por la parte de la base, así que ya no la puedo usar. Tengo casi 3 años con ella. Siempre ha estado en el mismo lugar, no la sacamos de casa y no se ha golpeado. Por lo cual me parece de muy mala calidad que de pronto tenga un hueco en la base.",Cliente Amazon,Revisado en España el 31 de agosto de 2023
Es compacta,"3,0 de 5 estrellas",Compacta y ptogramable.Fácil de limpiar pero tiene el cable muy corto y no tiene memoria si se desenchufa,Isabel Boberg,Revisado en España el 24 de noviembre de 2023
Embalaje,"3,0 de 5 estrellas","Todavía no la he probado, me ha llegado sin instrucciones y muy poca protegida.
Esperemos que funcione bien.",Sole,Revisado en España el 20 de noviembre de 2023
La función de recalentado no existe.,"3,0 de 5 estrellas","Bastante decepcionante recibir algo que después no cumple con las expectativas que el comerciante ha creado. Por lo demás está bien, pero es un engaño. La función de recalentado no existe.",eva alvarez,Revisado en España el 22 de octubre de 2023
Más que una reseña una pregunta,"3,0 de 5 estrellas","Acabamos de comprar esta cafetera y aparentemente bien, pero en las instrucciones indica que mientras prepara el café un piloto rojo se mantiene intermitente (lo hace), pasando a luz fija cuando el café está terminado. En nuestro caso se mantiene Intermitente hasta que se apaga a los 40 minutos. Le ocurre a alguien más?",SERGIO,Revisado en España el 1 de septiembre de 2023
Funciona,"3,0 de 5 estrellas","No está mal el café, al llenarla de agua pierde un poco, tengo que ver por qué",Angel Medina,Revisado en España el 15 de noviembre de 2023
La pantalla no se puede apagar,"3,0 de 5 estrellas","Para mí ese fue el mayor defecto, la pantalla desprende luz azul que en la oscuridad se nota mucho. A mi eso me molestó bastante y fue la razón por la que devolví el máquina.",diego damiani,Revisado en España el 23 de septiembre de 2023
Me ha durado poco,"3,0 de 5 estrellas","Me ha durado dos jarras de café, después hace ruido pero no sube el agua. He solicitado devolución.",Yola,Revisado en España el 22 de octubre de 2023
"Buena cafetera, pero han ahorrado en algunos componentes...","3,0 de 5 estrellas","Cumple con las expectativas.

PROS:

- fácil de usar, compacta
- fácilmente programable
- fácil de limpiar, muy desmontable
- piezas plásticas de relativamente buena calidad

CONTRAS:

- el recubrimiento de la placa térmica es bastante malo, se ha comenzado a desgastar solamente de meter y sacar la jarra de cristal. Extremadamente delicada esta pieza.
- la serigrafía del asa de la jarra se ha desgastado con tres suaves lavados a mano. Tinta de mala calidad.
- la luz de la pantalla digital es muy intensa y molesta. Además, no se apaga nunca. Error de diseño.",J.R.,Revisado en España el 31 de octubre de 2022
cafetera,"3,0 de 5 estrellas","Si no eres de hacer café en cápsulas o no te gusta estar constantemente desechando plástico, esta es tu cafetera, a destacar su fácil uso, simplemente añades agua al depósito (mínimo nivel 4) con esto tendrás para tres tazas y le echas en el filtro al destapar la cubierta superior el café con el dosificador que viene unas dos o tres cucharadas por cabeza, la calidad es muy buena y tiene un añadido por si quieres programar la cafetera la dejas enchufada, le das al temporizador con las horas hasta que quieras que esté listo y se prepara sólo, además tiene un stand by recien hecho que mantiene la taza de café caliente durante un buen rato.",evaljimbo,Revisado en España el 25 de julio de 2022
Mala calidad,"3,0 de 5 estrellas","Lleva 4 meses de uso y ya se esta desprendiendo el teflón de la base que calienta la jarra. Me puse en contacto con el servicio de Amazon para reclamar el producto y el servicio de atención fue genial, me pasaron el contacto de Cecotec y me cambiaron la cafetera sin complicaciones. Una pena que haya tenido un defecto tan pronto, pero me han resuelto el problema de forma rápida y sencilla y eso se agradece.",Cliente Amazon,Revisado en España el 8 de diciembre de 2022
Mala compra,"3,0 de 5 estrellas","La compré hace 8 meses, le he echo 1 descalcificación al mes, y desde hace dos semanas el café ya no sale. No sé si serà la resistència o calentador pero después de ponerla 3 ciclos seguidos sólo sale para 2 cafés. Caramelo envenenado....",Guillem,Revisado en España el 9 de mayo de 2023
Mala compra,"3,0 de 5 estrellas","Prové de hacer café con esta cafetera de todas las maneras y no me gustó nada, el café a mi gusto és demasiado claro. Yo utilizo en casa la cafetera italiana convencional de toda la vida y por el momento sigo con ella.",irene,Revisado en España el 11 de mayo de 2023
Cálidas mediocre,"3,0 de 5 estrellas","Es bastante mediocre. Las hay mejores por menos precio.
La comprado y voy a usarla pero no vuelvo a comprar otra de esta marca.",Mª del Carmen Yus,Revisado en España el 25 de julio de 2023
Decepción,"3,0 de 5 estrellas","De goteo las hay mejores y más barata. Calienta el café solo durante 40 minutos. Osea, si a la hora quieres tomar otro café te lo encuentras frío. Otra cosa, para que el café salga con sabor a café tienes que llenar el filtro de café y además ponerlo en la opción ""fuerte"" . No la recomendaría.",Carmen,Revisado en España el 8 de febrero de 2023
El diseño,"3,0 de 5 estrellas","No me gusta q cada vez q la desenchufo tenga q volver a ponerla en hora, mi cafetera vieja hacía mejor cafe , siempre salen posos ,la verdad es q la compre con mucha ilusión pero me ha desilusionado.
No la recomendaria!!!!",camino,Revisado en España el 5 de abril de 2023
Ni la volvería a comprar,"3,0 de 5 estrellas","Es cable súper corto,y el café no se Ema tiene caliente , después de echo .",Herrera,Revisado en España el 22 de julio de 2023
Limpieza tras uso regular,"3,0 de 5 estrellas","El sistema de limpieza no es muy bueno, porque sólo se extrae el filtro, quedando el portafiltros fijo dentro de la cafetera y no accesible para su limpieza",Jose Manuel,Revisado en España el 12 de abril de 2023
PARA SER CECOTEC DEJA MUCHO QUE DESEAR,"3,0 de 5 estrellas","Compre esta cafetera pensando que sería buena dada l garantía que ofrece siempre Cecotec en otros productos que tengo de su marca.
No deja de ser una cafetera de goteo con muy poca calidad.
Se limpia bastante mal y el filtro es un tanto pequeño.
La opción de aroma intenso apenas se nota.
Lo único bueno es la opción que tiene de programar para que salte a cierta hora y tener el café listo.",Leticia Saez Sanchez,Revisado en España el 8 de agosto de 2022
Está bien,"3,0 de 5 estrellas","Está bien, sin más",Alicia,Revisado en España el 18 de julio de 2023
Café mediocre,"3,0 de 5 estrellas","Tengo otra de otra marca y la calidad del café es muy superior, además en teoría se puede usar sin filtro de papel, pero sino se lo pones mete borra",Gemma,Revisado en España el 20 de marzo de 2023
No muy buena,"3,0 de 5 estrellas",El café queda muy suave aunque eches mucho café,Marcos N.,Revisado en España el 8 de junio de 2023
Difícil de limpiar,"3,0 de 5 estrellas","Otro artículo que funciona de diez pero que cecotec vuelve a errar al no facilitar la limpieza y desmontaje de sus piezas, tiene zonas inaccesibles para limpiarlas y a la larga podrán acarrear errores",Aldo,Revisado en España el 13 de febrero de 2023
El café sabe a agua,"3,0 de 5 estrellas",Sabe el café mucho más suave que con la cafetera italiana echándole las mismas medidas y me ha venido con las pegatinas despegadas.,Yelx,Revisado en España el 30 de marzo de 2023
Normal,"3,0 de 5 estrellas",Para hacer el café tengo que ir apagando la porque el café rebosa,Alejandra Torres Fernandez,Revisado en España el 2 de mayo de 2023
Sucia,"3,0 de 5 estrellas",Se ensucia muchísimo con cada cafetera,Laura,Revisado en España el 26 de mayo de 2023
No muy recomendado la verdad,"3,0 de 5 estrellas","se ve muy inestable la estructura del plastico, totalmente delicado y con un mantenimiento exigible que te hace la cafetera un poco “dolor de cabeza”",Juanjito,Revisado en España el 16 de febrero de 2023
Lo mejor: poder programar su uso,"3,0 de 5 estrellas","Después de usarla un par de semana, resumo. Es fácil de usar y sobretodo la recomiendo por su función para programar el café. Al principio me salía muy aguado, pero desde que uso filtros de papel, va mejor. Pongo 5 cucharadas de café para 4 tazas, y le añado un poquito de Canela en polvo, y está riquísimo. Aunque creo que si te gusta muy cargado, no es tu cafetera.
Tiene una pega para mi gusto, y es que la tapadera debería poder dejarse abierta sin que lo estuviera del todo, ya que condensa agua después de hacer café y, en mi caso, la tengo debajo del mueble de la cocina y no puedo abrirla del todo para que se seque sin desplazarla.",Inma Enríquez,Revisado en España el 4 de diciembre de 2020
Super practico,"3,0 de 5 estrellas","La verdad k estoy encanta levantarme de la cama y tener el café recién hecho es una maravilla ,",Cliente Amazon,Revisado en España el 11 de marzo de 2023
Me ha durado 13 meses,"3,0 de 5 estrellas","Funcionó bien y era muy bonita, pero a los 13 meses pierde agua y ya no puedo utilizarla.",Yolanda,Revisado en España el 12 de marzo de 2023
Esta bien,"3,0 de 5 estrellas","La cafetera está súper bien, es muy fácil de usar y es maravillosaaa, perooo le pongo 3 estrellas pq me llegó con varias partes rotas como la tapa y un poco el frente. No realice la devolución porque me adelante a quitarle las pegatinas que traía y noc si me aceptarían la devolución.",Diana isabel Bolaños villalba,Revisado en España el 17 de septiembre de 2022
Buena cafetera pero mucho consumo,"3,0 de 5 estrellas","La cafetera me gustó bastante, pero la devolví por el alto consumo (creo que eran 800 o 900 watt). Compré una Ufesa, igual de eficaz pero de 450 watt y feliz como una perdiz, porque no esta el precio de la electricidad para bromas.",Gabriel,Revisado en España el 2 de noviembre de 2022
No es la misma de la foto,"3,0 de 5 estrellas","Me han mandado una que no es la misma que la de la foto,no es cecotec.Adjunto foto",Maria jose Bonilla,Revisado en España el 18 de febrero de 2023
Bonita pero…,"3,0 de 5 estrellas","La cafetera es sencilla y bonita pero… no calienta lo suficiente.
El cafe sale con poco sabor y olor.
Ojo! No es el cafe xq es el mismo que uso hace mucho tiempo y con mi antigua cafetera el sabor y olor era espectacular.
Si lo dejo 1 min fuera en taza ya me toca recalentarlo en el micro.
Realmente podria devolverla con todo el gusto pero ni modo.",Amazon Customer,Revisado en España el 10 de febrero de 2022
¿Para qué la horrible pegatina?,"3,0 de 5 estrellas","La cafetera en sí, está bien, sin más. Ni mejor ni peor que otras que he tenido, pero venía con una pegatina espantosa que cuesta horrores quitar… espero que al menos cuando acabe no quede marca.
Había elegido este modelo precisamente por el diseño y lo han estropeado con una pegatina molesta y que (pese a lo que he leído en PyR) no resulta en absoluto fácil de quitar…",Ana M.,Revisado en España el 16 de febrero de 2022
Buena cafetera pero….,"3,0 de 5 estrellas",Tiene demasiada capacidad de agua para lo que cabe en el cono de café. Salpica al café muchos granulillos de café molido con lo que hay que colarlo manualmente para evitar posos.,Jota,Revisado en España el 24 de septiembre de 2022
No está mal,"3,0 de 5 estrellas","La cafetera está bien, pero no vacía el tanque tan rápido como sale el agua, por lo que sube el nivel del agua donde está el café molido y se sale, lo que provoca muchos posos en el café.",Guillermo D.,Revisado en España el 4 de julio de 2022
"Prepara muy buen café, pero deja de funcionar al x tiempo.","3,0 de 5 estrellas","Doy la gracias a Amazom , ya me dio otra de remplazo . Pero aún así , al x tiempo , deja de funcionar bien. Aún limpiadora bien , desgraciadamente no funciona bien. El material , no es muy resistente , con el calor se dilata. Es una pena .",Ricardo,Revisado en España el 28 de enero de 2022
No duró ni un mes,"3,0 de 5 estrellas","La cafetera es muy buena para el precio que es, pero se estropeó enseguida, a las pocas semanas perdió fuerza y es como si el agua se evaporara en lugar de filtrar el café , es una pena porque me gustó mucho cuando funcionó bien, al menos la pude devolver.",Jesus Garrido,Revisado en España el 26 de enero de 2022
No me ha gustado la he devuelto,"3,0 de 5 estrellas","La que recibí tenia un olor entre plástico y nuevo fuerte. A pesar de seguir el proceso inicial de lavado. La opción de cafe fuerte no lo note. Tenía un cafe de la mexicana muy bueno y lo tire 2 veces. Creo que va mejor con cafe casi malo del supermercado. Soy de Honduras y ahí tomamos cafe estilo americano y estamos acostumbrados a buen café y fuerte.

La cafetera es muy bonita y de buen precio. Lo de programarla esta genial. Lastima que no pude conseguir una buena taza de café",Marvin,Revisado en España el 5 de noviembre de 2020
PROBLEMA AL LIMPIARLA,"3,0 de 5 estrellas","Se me ha caido el muelle a la hora de limpiarlo, digamos que por donde sale el café, lo que apoya en la tetera, y no puedo reconocer tanto el plástico como el muelle, alguien sabe como solucionarlo?",Ángel Gómez Ramírez,Revisado en España el 10 de mayo de 2022
El café no tiene sabor intenso.,"3,0 de 5 estrellas","Probé a hacer café con filtro permanente y con el de papel y con ninguno de ellos conseguí un sabor de calidad. El depósito de agua no parece fácil de limpiar (no la usé lo suficiente para valorar eso). Como punto bueno, me gustó la función de apagado automático a los 40 minutos y el café dura caliente bastante tiempo. La devolví porque necesito que el café sepa a algo más y que no caigan posos en la jarra.",Mercedes,Revisado en España el 24 de marzo de 2021
Ya no funciona,"3,0 de 5 estrellas","Ha durado 1 año y un mes, ha dejado de hacer cafe, ya no cae agua en el recipiente, parecía buena elección pero que dure un año no parece que sea una buena compra",Davidsanrom,Revisado en España el 31 de mayo de 2022
No muy practico,"3,0 de 5 estrellas","El cafe sale aguachirri, si te lo mezclas como yo con leche y edulcorante a va guay, y solo si consumes bastante cafe, sinos es tirar el dinero",SNT,Revisado en España el 25 de julio de 2022
Bien para lo que cuesta,"3,0 de 5 estrellas","Esta bien, lo que esperaba, la única pega es que no se puede lavar el tanque de agua.
No sabes lo que hay allí, echas agua y esperas que todo salga bien. Cuando el suelo del tanque de agua se vuelva verde jamás lo sabras.",Al,Revisado en España el 5 de febrero de 2022
Muy practica,"3,0 de 5 estrellas",Es muy practica aunque un poco voluminosa,Juan Luis,Revisado en España el 30 de noviembre de 2022
Muy sucia,"3,0 de 5 estrellas",No me gusta porque los posos del café caen por por toda la cafetera y también caen a la jarra de café,Cliente Amazon,Revisado en España el 8 de agosto de 2022
La tapa quema,"3,0 de 5 estrellas","Un poco lioso para poner la hora, que se borra cuando la desenchufas, pero es fácil de manejar y el café sale bueno. Pero!! La tapa del filtro y el depósito ARDE cuando está en funcionamiento y se mantiene muy muy caliente durante un buen rato. Es de plástico fino y quema una barbaridad.",lou,Revisado en España el 28 de septiembre de 2021
Bien por ahora,"3,0 de 5 estrellas",Rápida silenciosa .,Kraken,Revisado en España el 13 de diciembre de 2022
Condensa mucha agua y deja su ropa fina en el café,"3,0 de 5 estrellas",Se queda toda llena de agua del vapor no filtra bien deja su ropa en el café muy fina entonces tengo que usar también filtro de papel y a la hora de poner el agua es un poco complicado porque el espacio es reducido yo para no salpicar es que me salga fuera del agua uso un embudo o sea es un poco armatoste aunque el café sale rico,Papilonius,Revisado en España el 26 de marzo de 2021
Instrucciones fatales,"3,0 de 5 estrellas","Creo que es una buena máquina, el problema es que las instrucciones están súper mal hechas. No te ponen como se supone que se hace el café más intenso, ni que significan los botones, ni nada. Tenemos que ir adivinando que significa cada botón. He estado 3 días poniendo café en un botón que era de limpieza de la máquina sin saberlo. Leí en algunos comentarios que el boton que tiene una taza era para el café intenso pero tampoco funciona. Al final me ha durado 1 semana , lo he guardado en el fondo del trastero.",Lynda Trujillo,Revisado en España el 16 de abril de 2020
Pichi picha,"3,0 de 5 estrellas","Muy normal, tarda bastante en salir el café, además esta construida en plástico y es muy ligera, al limpiarla se mueve mucho.. El Led con la hora etc molesta bastante especialmente si eres sensible a la luz por la mañana.. El café se acumula alrededor del filtro y hay que limpiarla cada poco.. Dicho esto, por el precio que cuesta no está mal, el café se hace",Cliente Amazon,Revisado en España el 27 de febrero de 2021
Filtro mal pegado,"3,0 de 5 estrellas","Me a gustado mucho la cafetera, el único problema es que el filtro viene con una raja en el forro, esta mal puesto y salen posos de cafe",julia y bene,Revisado en España el 17 de marzo de 2022
Bien pero la caja ha llegado en malas condiciones,"3,0 de 5 estrellas","La cafetera está bien pero ha llegado con las pegatinas del envío sobre la misma caja de la cafetera, la cual era para un regalo, que ahora está estropeada, también ha llegado rota. Muy mal a la persona que lo envió.",Claudia G.,Revisado en España el 25 de octubre de 2021
Cecotec o Cumbia?,"3,0 de 5 estrellas","La imagen difiere del producto.
Aguanta Pablo Lescano pa, viva la cumbia, viva el café y viva Perón.",Diogenes Gonzalez Calderon,Revisado en España el 11 de julio de 2022
Para programarla lo tienes que hacer cada día.,"3,0 de 5 estrellas",Debería mantener la programación hasta que quisieras anularla,Cliente Amazon,Revisado en España el 29 de septiembre de 2022
Recomendable,"3,0 de 5 estrellas","Hay funciones que las veo innecesarias, la compré por una oferta. Funciona bien, es facil de usar, pero si la desenchufas se borra la memoria y tienes que volver a ponerla en hora... la compré por la estética, pero la tengo desenchufada todo el día. Eso sí, es facil de limpiar, se desmonta la tapa de la jarra y se saca el filtro.",ABM,Revisado en España el 9 de febrero de 2021
"Buen producto en cuanto a calidad de construcción, pero cafe de baja calidad.","3,0 de 5 estrellas","La verdad que fue una pena, pero opté por devolverla finalmente, puesto que aunque es una cafetera bien construida y aparentemente robusta, la calidad del café es muy baja. Tengo otra cafetera de goteo que tiene casi 10 años, y el café que resulta, nada que ver, casi parece hecha en una italiana. En cambio en esta, es prácticamente agua coloreada. A quien no le importe ese aspecto, es buena cafetera.",Gabriel SJB.,Revisado en España el 20 de noviembre de 2020
"Funciona, pero...","3,0 de 5 estrellas","Funciona y están bien las funciones que trae de programación y mantener el café caliente. Pero si intentas hacer una jarra entera, lo más probable es que cuando la abras esté todo el café esparcido por dentro ya que se sale del depósito. Mejor hacer menos café, nunca llenar el filtro de café hasta arriba, hay que dejar un par de dedos o se te pone perdida por dentro, incluyendo el depósito de agua. Es difícil de limpiar. No la volvería a comprar seguramente por este motivo.",Cliente,Revisado en España el 5 de junio de 2020
BIEN PERO DIFICIL DE LLENAR,"3,0 de 5 estrellas","En general esta bien.

Puedes programarlo para hacer el café por las mañanas y despertarte con el hecho y calentito, lo cual es un lujo.

En la parte negativa destacaría la dificultad para llenarlo, podría ser mas ancha la parte de entrada de agua y que carece de medidor de llenado en el propio aparato y hay que calcularlo con la jarra.

Por lo demás, perfecto.",Varu MCF,Revisado en España el 11 de noviembre de 2020
Esperaba más,"3,0 de 5 estrellas","La cafetera no parecía la más fuerte, y en efecto, al lavar la jarra se ha roto a la semana.",Cristina,Revisado en España el 28 de marzo de 2022
Que funcione durante tiempo,"3,0 de 5 estrellas","La cafetera es fácil de usar, el café sale bien y con buen sabor, lo malo que me la compré hace tres meses y ya no funciona, y el servicio técnico es difícil de contactar con ellos,espero me den una solución",eva,Revisado en España el 8 de junio de 2021
"Para ser la marca cecotec, me edperaba mejor producto","3,0 de 5 estrellas","Llevo ya un mes y pico, y si pudiera lo devolvía. He tenido cafeteras eléctrica por el mismo precio o menos, que hacían mejor café. Por no decir que no sale muy caliente, tengo que calentar la leche para que diga templado, y no soy de tomar las cosas calientes, de hecho en las cafeterías lo pido siempre, siempre templado o frío.
Eso sí, el diseño es bonito.",xandro,Revisado en España el 16 de junio de 2020
Muy buena compra.,"3,0 de 5 estrellas","Me encanta, soy amante del café y hace un cafe muy rico para ser una máquina de goteo. Facil de limpiar de usar y su diseño queda muy fina en la cocina. Desde luego que la recomiendo 100×100",Belén,Revisado en España el 2 de abril de 2021
Excelente relación calidad precio,"3,0 de 5 estrellas",Calidad precio,MBotella,Revisado en España el 30 de mayo de 2022
Bueno,"3,0 de 5 estrellas","Se ve bonita, funciona perfectamente, pero se hace demasiado grande, la tapa siempre queda humedecida y no es muy cómoda para rellenar el agua",Javier,Revisado en España el 11 de agosto de 2021
Lo malo son los posos,"3,0 de 5 estrellas","Llevo un par de meses usándola y hay veces que deja muchos posos en la jarra. He empezado a usar filtros de papel y aún así se cuelan los posos y no entiendo el por que. Su uso es sencillo y el café se hace rápido, además la pantalla está bien porque sirve de reloj",Raquel,Revisado en España el 25 de julio de 2020
Un poco decepcionada.,"3,0 de 5 estrellas",No le veo diferencia con el resto de cafeteras de goteo. No hay mejora en el sabor ni en el aroma como se describe en las características de la web. No hay sabor más intenso ni aroma diferente. Quedé un poco decepcionada.,Mluz,Revisado en España el 3 de diciembre de 2020
Está bien...pero tiene un fallo muy grande.,"3,0 de 5 estrellas",La cafetera está muy bien...pero tiene un defecto para mi gusto....se apaga automáticamente a los 40 minutos de haber echo el café....y no hay forma de sacarle esa opción....una pena...,teresa,Revisado en España el 5 de marzo de 2021
Buen precio,"3,0 de 5 estrellas","Prácticamente lo que buscaba, hace perfectamente su función",José Manuel Durán,Revisado en España el 19 de octubre de 2021
"Hace menos de 6 mese que la tengo, le puse el autolimpieza y me ha explotado","3,0 de 5 estrellas",Fácil de usar y sabor flojo,julia,Revisado en España el 5 de noviembre de 2021
No me convence,"3,0 de 5 estrellas",No me convence mucho porque como todas las cafeteras americanas si echas un poco más café de lo normal se salen todos los posos,isabel Fernández muela,Revisado en España el 10 de marzo de 2021
Golpe en la pantalla,"3,0 de 5 estrellas","La cafetera ha llegado muy bien , rapidez muy buena , pero en la parte del cristal ha venido con una raja bastante fuerte , quisiera una solución rapida. Gracias",Andreea,Revisado en España el 4 de enero de 2021
Café flojo,"3,0 de 5 estrellas",Lo que menos me gusta es que el café no sale todo lo caliente que s mí me gusta Por lo demás cafetera de goteo correcta para el precio que cuesta.,José Manuel,Revisado en España el 3 de noviembre de 2020
MUY BUEN CAFE Y FACIL DE USAR,"4,0 de 5 estrellas","Play Video
En resumen se puede decir que es una caferera muy facil de usar y hace un cafe muy bueno en poco tiempo, además se nota que los materiales con los que esta fabricada son de calidad.

Paso a describir con más detalle esta cafetera. En mi caso he comprado el modelo más sencillo, solo tiene un botón de apagado y encendido.

La primera impresión cuando sacas la cafetera de la caja es que es de muy buena calidad ya qie esta fabricada en plástico y aluminio y ambos tienen muy buen tacto y aspecto, siendo robusta y con muy buen diseño.

Al abrir su cubierta superior observamos el depósito de agua con una capacidad máxima de 1,5 litros (12 tazas).

Igualmente podemos observar en filtro donde echar el café, el cial sale facilmente y tiene un pequeño asa para sacar y meter el filtro en el portafiltro.

El difusor por el que sale el agua tiene varios agujeros y parece una regadera, lo que hace que el agua llegue de foa uniforme al cafe que contiene el filtro.

La jarra tiene una capacidad de 1',5 litros.

La cafetera tiene una pitencia de 950w, lo que hace qie el café salga en poco tiempo.

El funcionamiento es muy simple, llenamos el depósito de agua, echamos la cantidad de café deseada en el filtro, cerramos la tapa superior y pulsamos el boton de encendido.

El cafe esta listo en poco tiempo y el sabor es muy bueno.

Yo he probado con varias cantidades de café y agua hasta que he encontrado el sabor deseado...

Por último decir que la cafetera incluye una cucharilla para medir la contidad de cafe, en teoría es una cucharilla por taza de café... Pero como he dicho anteriormente eso es orientativo.

Lo peor de esta cafetera es el manual de instrucciones, que no explica nada.

Las piezas de la cafetera son facilmente desmontables por ño que su limpieza es muy facil.

Recomiendo totalmente esta cafetera.",Jorge,Revisado en España el 20 de marzo de 2022
Buena cafetera,"4,0 de 5 estrellas",Maravillosa excepto por el poco tiempo que mantiene caliente el café,"El único fallo es que apaga la base a los 40 mtos (no es incidencia, es para que no se queme el café) y es poco tiempo para dejarlo caliente",Revisado en España el 11 de marzo de 2024
Muy bien,"4,0 de 5 estrellas",Todo perfecto,Mari lloret roca,Revisado en España el 12 de marzo de 2024
Perfecto,"4,0 de 5 estrellas",Lo que necesitaba,José Manuel,Revisado en España el 10 de marzo de 2024
cecotec cafetera,"4,0 de 5 estrellas",Muy sencilla,Cliente Amazon,Revisado en España el 28 de febrero de 2024
No filtra bien mancha mucho,"4,0 de 5 estrellas","Me encanto la cafetera, lo malo que el filtro que viene traspasa el cafe y mancha y hace posos asi q yo probe a poner los filtros de papel de siempre y mucho mejor",Ayra,Revisado en España el 21 de diciembre de 2023
Ocupa poco sitió,"4,0 de 5 estrellas",Está fácil en usó.perfecta para dos personas,Nata,Revisado en España el 23 de enero de 2024
"Aceptable, acorde al precio.","4,0 de 5 estrellas","Es un poco pequeña, se ve más grande en la publicación. Realiza su función de manera correcta, aunque la he usado poco ya que me llegó ayer.",Roger F.,Revisado en España el 11 de diciembre de 2023
Programble,"4,0 de 5 estrellas","La programas por la noche y te despiertas oliendo a cafe... Punto a favor. Por lo demás, una cafetera de goteo más",Youwokee,Revisado en España el 16 de diciembre de 2023
repuesto de la jarra??,"4,0 de 5 estrellas",Donde venden esa jarra suelta se me ha roto el cristal de la jarra y me encanta la cafetera. La tengo un par deaños y me encanta y está nueva solo q sin jarra... 🤔Pero veo más cara reponerla q comprar otra nueva... Vaya derroche salir más barato tirar todo y volver q comprar así lo sé reduce la basura.... Solo necesito jarra q encaje más económica comprar todo nuevo.... Alguien sabe??,MarGui,Revisado en España el 29 de agosto de 2023
Muy util,"4,0 de 5 estrellas",De momento funciona bien,Lelo,Revisado en España el 18 de enero de 2024
Buen café,"4,0 de 5 estrellas","La máquina de café hace buenos cafés.
Además su diseño es bastante bueno y moderno, lo que le da a la cocina un toque de frescura.",Christian Rodriguez Rodriguez,Revisado en España el 6 de diciembre de 2023
Simples e prática,"4,0 de 5 estrellas",Simples e prática.,Abel Vergasta,Revisado en España el 13 de enero de 2024
Hacer el café muy bueno.,"4,0 de 5 estrellas",Que es facil de usar y hace un café muy aceptable para ser de goteo,ATENEA,Revisado en España el 19 de diciembre de 2023
Buen cafe,"4,0 de 5 estrellas",No hay que echar mucho café para 6 tazas por qué los posos bajan. Café ligerito.,Nm,Revisado en España el 16 de diciembre de 2023
Muy práctica,"4,0 de 5 estrellas","Es una cafetera muy práctica. Rápida, sencilla de usar y fácil de limpiar",z,Revisado en España el 11 de diciembre de 2023
Práctica y sencilla,"4,0 de 5 estrellas","Es una buena cafetera, si sois fans del café americano, es vuestra cafetera; si esperáis que el café salga con espuma o muy fuerte.... no es el tipo de cafetera que buscas.

En mi caso me gusta el café largo/americano y me va perfecta. Además de poder preparar una buena cantidad de café de una sola cafetera, que va genial cuando tienes invitados en casa y todos quieren café.

Es ideal para aquellos que queremos apurar el máximo tiempo possible en la cama, porque te permite programarla la noche/día antes y así te puedes levantar con el café recién hecho sin tener que esperar, y encima toda la casa huele a café :)

Es muy sencillita, pero es perfecta.",Noelia,Revisado en España el 28 de diciembre de 2022
Para tener café listo todo el día,"4,0 de 5 estrellas",Funciona bien pero recomiendo poner un filtro de papel encima del que trae porque el café molido que normalmente se compra molido es demasiado fino y se ensucia la máquina.,Asvl,Revisado en España el 17 de octubre de 2023
"Bien, una cafetera de goteo normal con modo intenso","4,0 de 5 estrellas","Recomiendo por el modo intenso, pero solo recomiendo esta marca si se compra mediante Amazon, ya que desde la propia web de cecotec es imposible que se hagan cargo de cualquier problema que se tenga.
Estábamos cansados de hacer café en la italiana cada poco y decidimos comprar esta cafetera de goteo por comodidad, para el café diario con leche. Nos decantamos por este modelo ya que trae un modo intenso, el cual se aprecia. Solamente hicimos una jarra en el modo normal para probar y desde esa todo el café que hacemos es intenso. Sale un café rico, pero suave, como cualquier cafetera de goteo, para diario. Si queremos café más intenso o disfrutar de los aromas utilizamos la italiana. No hemos probado el modo programado, realmente no es algo que nos interesase, pero venía con ello.
He leído mucho que las instrucciones son confusas con los iconos de los botones y, en nuestro caso, en las instrucciones venía explicado para qué era cada botón y cómo se ponía la combinación intenso (darle a encendido y al que trae un icono de una taza de café) y el botón de la limpieza es el primero empezando por la izquierda.",Eirr,Revisado en España el 31 de enero de 2021
cafetera,"4,0 de 5 estrellas",la acabo de compra y va genial de momento,manuel,Revisado en España el 19 de noviembre de 2023
Casi perfecta,"4,0 de 5 estrellas","Hace buen café y menos ácido que la italiana, lo cual ayuda a mi estómago. La función programar es muy cómoda y tanto el filtro como la jarra se lavan fácilmente. Además, tiene una función de café más intenso, que no iguala a una italiana pero sí que parece que sale más concentrado.
Para mi gusto le falta poder prolongar mantener caliente más tiempo o una función de recalentar.",Iria,Revisado en España el 18 de abril de 2023
bueno,"4,0 de 5 estrellas","Buen producto, estaría mejor si se limpiara más fácil y menos humedad interior.",ANGEL SARMIENTO,Revisado en España el 2 de noviembre de 2023
Buena cafetera de goteo,"4,0 de 5 estrellas","Es tal cual se describe: una cafetera de goteo como las de siempre. Si bien, añadiría que esta ocupa mas espacio que una clásica.
Rinde como se espera",Abril,Revisado en España el 17 de septiembre de 2023
despues de tres años de uso intensivo,"4,0 de 5 estrellas","Después de tres años de uso intensivo dos o tres cafeteras a la semana se nos rompió la que teníamos, y repetimos, por algo será, así no teníamos que leernos las instrucciones para ver como funcionaba, si algo resulta por que no repetir. Es de fácil uso, se puede programar para los mas exigente que quieran el café recién hecho pero yo nunca use esa función simplemente soy un tomador de café para despertarme, se que tomar muchos cafés es malo pero yo si no tomo uno por las mañanas no encuentro la puerta de salida de casa. Recomiendo la cafetera, sin duda que si es una marca española que suele dar muy buenos resultados y hace unos cafés tan ricos como el café que utilices.",Pepe,Revisado en España el 30 de agosto de 2022
"Buena, bonita y barata","4,0 de 5 estrellas","Diseño elegante, rápido envío y la caja original perfectamente embalada. Da hasta 12 tazas y tarda 15minutos en llenar la jarra.",Miguel Angel Hernández Martinez,Revisado en España el 2 de septiembre de 2023
Buena Cafetera,"4,0 de 5 estrellas","Llevamos con ella 4 meses y la usamos a diario, nos gusta mucho, tarda un poco en hacer el cafe si pones mucha cantidad pero como se puede quitar la jarra antes de que termine, no nos importa.

La unica pega es que hay que echar bastante cafe para que salga un cafe fuerte, normalmente si hacemos 8 trazas, echamos minimo 16 cucharas de cafe.",Sara,Revisado en España el 14 de febrero de 2023
Me ha gustado salvo que en la cafetera pone Cumbia en vez de CECOTEC,"4,0 de 5 estrellas","Me ha gustado salvo que en la cafetera pone Cumbia en vez de CECOTEC, lo cual no es muy importante aunque podían especificar cómo es la cafetera exactamente ya que no se corresponde al 100% con las imágenes del producto.
De todas formas es oficial de CECOTEC ya que viene en una caja donde se identifica como Cumbia y como de CECOTEC.",Victor R.,Revisado en España el 20 de febrero de 2023
Hasta ahora todo bien.,"4,0 de 5 estrellas","Nos llegó en el tiempo en que estaba indicado. Llevamos usándola 5 días y hasta hoy todo marcha bien.
Es primera vez utilizando productos de esta marca.
Por el precio sí la recomendaría.
Es de plástico negro y un poco de acero inoxidable.
Trae una cuchara medidora.",Daneprz,Revisado en España el 20 de mayo de 2023
"Pues eso, una cafetera","4,0 de 5 estrellas","Decidí comprar una cafetera de goteo ya que las de cápsulas deja un café aguado,motivo por el que estaba perdiendo visitas o si accedían a venir, solo tomaban algún té o vaso de agua. Me he decantado por esta porque tengo el Conga y estoy contenta con él.Me inspira confianza.
Es compacta y con un diseño sobrio y elegante. Trae las instrucciones pero están incompletas. Por ejemplo, aún no sé cómo puedo poner lo de autolimpieza aunque sospecho que puede ser el de encendido. De todos modos, enredando se entiende.
La he programado y comienza a la hora le que marque. Además, tiene función de recalentar aunque solo deja el café templado.
Indicaba que había que echar un cazo por taza de café. A mí me gusta fuerte, así que he echado 9 cazos para 6 tazas. No me han quedado posos y el café está bueno.
Como pega, diría que la pantalla ilumina bastante, ahorras luz si eres de los que te levantas a media noche a comer algo pero debería de tener la opción de apagarla o bajar la intensidad.
En resumen, es una cafetera apañada y ha sido bien recibida por las visitas.",Cliente Amazon,Revisado en España el 17 de enero de 2020
Útil,"4,0 de 5 estrellas","Compre esta cafetera como regalo para mi padre y de momento llevo pocos días usandola pero estamos encantados funciona muy bien su manejo es sencillo prepara hasta 12 tazas y el café sale muy rico y el diseño es moderno te marca la hora digitalizada y puedes programarla.
Lo único cuando la compré pensé que vendría la marca cecotec al principio pensé que se habían equivocado pero como funcionaba sin problema no le di más importancia.",Amanda,Revisado en España el 23 de noviembre de 2022
Muy bien por su precio,"4,0 de 5 estrellas","Por el precio está estupenda. No quería gastar mucho. Hace buen café, sencilla de usar, se la ve robusta. Poco más se puede pedir.
Inconvenientes:
-El depósito tiene un agujerito detrás que, si te pasas del nivel, rebosa por la parte trasera de la cafetera. Yo no lo vi y se mojó toda la cafetera y mi encimera. Es por seguridad, vale, pero hay bastante margen. Ni llenando por encima del máximo señalado rebosarías la jarra.
-El otro es que si haces 12 tazas con las medidas correctas de café, el agua mezclada con los posos de café rebosa por el filtro y cae de nuevo al depósito de agua, con lo que vuelve al mecanismo de succión y vuelta a salir. La primera vez me preparó un buen cacao y tuve que limpiarla a fondo. Toda la cafetera llena de posos de café. No preparar más de 11 tazas.
Teniendo eso en cuenta es una buena cafetera y la compraría de nuevo.",Vallenwood,Revisado en España el 17 de enero de 2021
"Todo excelente, excepto que la luz de la pantalla no se apaga","4,0 de 5 estrellas","Lo dicho, es una de las mejores cafeteras (para su precio) que he tenido, hace bien el café, la función de café ""Intenso"" está bastante bien y siempre está hirviendo, que es como me gusta. El único problema es que la luz de la pantalla no se apaga en reposo; aún me estoy debatiendo si dejarla conectada o no, pues si no la conecto, perdería la razón por la cual la compré en primera instancia, que es la programación. Lo bueno de la luz es que al entrar a la cocina de noche, no tengo que encender ninguna luz adicional porque la cafetera ilumina bastante bien. Vamos, 2x1, cafetera programable y luz nocturna!",Juan Cantele,Revisado en España el 3 de abril de 2022
Muy facil de usar,"4,0 de 5 estrellas",Facil de usar de limpiar y se usa para casi todo,Juán,Revisado en España el 8 de septiembre de 2023
Buen producto,"4,0 de 5 estrellas",Parece un poco de mala calidad por los materiales y la parte donde se echa el cafe y el agua es de plástico negro entonces se nota sucio del vapor de agua. Funciona bien y no he tenido ningún problema con ella.,blanca,Revisado en España el 13 de mayo de 2023
Buena cafetera,"4,0 de 5 estrellas","Cumple perfectamente su función, el cálculo de la cantidad de café/agua has de hacerlo tu, por lo que cuesta cogerle la medida para que salga exactamente a tu gusto. Es facil de limpiar excepto la zona donde va el agua que es muy estrecha. Por lo demás calidad/precio estupendo.",Mar,Revisado en España el 19 de marzo de 2023
calidad precio,"4,0 de 5 estrellas","buena carretera calidad precio, materiales buenos, tamaño reducido pero con bastante cantidad en la jarra, buena compra si no quieres gastar mucho",Camilo,Revisado en España el 22 de julio de 2023
MEJOR PRECIO CALIDAD ENCONTRADA,"4,0 de 5 estrellas","El diseño y la funcionalidad está muy bien, pero tiene una pega muy grande y es que tiene un agujero en la parte trasera a modo de limite de agua, es decir, si sobrepasas ese limite, el agua se cae en la encimera por ese agujero. Ese agujero tiene una muesca como para colocar algún tipo de soporte y evitar ese chorreo de agua pero no hay pieza que acople en el paquete. Por lo demás, la cafetera es rápida y el café sale muy bien",DAVID MM,Revisado en España el 19 de julio de 2022
Muy buena,"4,0 de 5 estrellas","Es o son productos buenos, ya son dos cafeteras cecotec y genial y tengo lavadora y freidora y estupendo",belen,Revisado en España el 16 de julio de 2023
Diseño distinto al del vendedor,"4,0 de 5 estrellas","El diseño no me gusta, no es igual, no pone en la cafetera por ningún lado CECOTEC, pone CUMBIA",Marga,Revisado en España el 14 de julio de 2023
Facilidad de uso.,"4,0 de 5 estrellas","Una cafetera compacta, bonita y que hace un buen café.
Al contrario de lo leído en otras opiniones, en mi caso la cafetera venía suficientemente bien embalada. El manual de instrucciones es claro, con el texto en español entre otros idiomas. En ellas se especifica claramente la función de cada uno de los botones así como su modo de uso ( Pág. 30 del manual) además cada uno de ellos lleva grabado un símbolo que indica su funcionamiento, lo que hace muy sencilla su utilización.
Puedes elegir entre un café rápido - poco tiempo en su preparación- o bien un café con más cuerpo y sabor a costa de tardar bastante más tiempo.
La función de programación funciona perfectamente y como ya he indicado se consigue forma muy sencilla.
Como resumen; una buena cafetera a un buen precio.
Recomendable.",Miguel VM,Revisado en España el 3 de enero de 2021
De momento va bien,"4,0 de 5 estrellas",Me ha llegado hoy debería haber llegado ayer día 14/03/2022pero amazon tenía prevista esa entrega y Seur me la ha dejado hoy me mandaron un SMS con el día y la hora y un Pinde recogida segura pero no nos lo ha pedido el repartidor. En principio todo está correcto de fácil uso y manejo lo que yo no entiendo es porque a otros compradores del mismo modelo de cafetera les llega con la marca cecotec y la mia no y con los botones de acero y los míos son de plástico,Puri Sanchez ramos,Revisado en España el 15 de marzo de 2022
Muy bien,"4,0 de 5 estrellas","La compré para regalo. Tengo entendido que va muy bien y hace buen café, pero no puedo opinar en primera persona.",Rocío M V,Revisado en España el 28 de junio de 2023
Muy buena cafetera,"4,0 de 5 estrellas","La cafetera está genial. Funciona de maravilla y tiene mucha capacidad.

Que sea programable es muy cómodo y también está muy bien pensada para el momento de limpiarla.

Por ponerle un pero, el cable es ridículamente corto, con suerte llega a los 50cm. Como digo es por ponerle un pero, por todo lo demás la cafetera es una maravilla. Si le ponen un cable un poco más largo 10/10.",Adolfo,Revisado en España el 3 de septiembre de 2022
Diseño,"4,0 de 5 estrellas","Me gusta diseño
No me gusta el filtro pues deja pasar algún poso....",Oscar Alejo,Revisado en España el 16 de julio de 2023
Hace su función,"4,0 de 5 estrellas","La compré hace un par de semanas y he de decir que funciona muy bien. Es muy silenciosa, fácil de utilizar y programar y muy cómoda. El café se mantiene durante 40minutos caliente sin problemas, incluso un poco más. Estuve tiempo mirando alguna cafetera económica pero que fuese completa y creo que he dado con ella. Por ponerle un pero, diré que hay que comprar café intenso para que se note en el sabor. Y además si por algún casual quieres recalentar el café o mantenerlo más tiempo caliente, no hay opción. Pasados los 40 minutos no puedes activar dicha opción. En conclusión, estoy contenta con mi compra",MM,Revisado en España el 23 de agosto de 2021
Bonita y útil.,"4,0 de 5 estrellas","Bastante contentos con la compra. Necesitábamos una cafetera de vaso de gran capacidad, porque en casa gastamos bastante café, y esta cafetera de Cecotec nos ha solucionado nuestra necesidad.
Para empezar el diseño de la cafetera es bonito y moderno si piensas tenerla siempre a la vista, como es nuestro caso.
El uso es bastante sencillo, simplemente rellenar café y agua y pulsar un botón. También tiene la posibilidad de programar la hora a la que quieres tener el café recién hecho de manera sencilla.
Como problema y razón por la que no le doy las cinco estrellas, decir que a menudo al hacer café, este se rebosa en la zona del filtro y se llena un poco la cafetera de café en polvo, lo cual es un poco molesto.",Patri,Revisado en España el 17 de diciembre de 2020
"Buena cafetera, pésimo manual de instrucciones","4,0 de 5 estrellas","Es buena cafetera y relación calidad precio, no obstante los materiales parecen demasiado flojos o delgados, por lo que hace que se dude de su durabilidad. El filtro es bastante bueno y no filtra nada de grano. Por otro lado, tuve un problema con el envío y me atendieron muy bien, y me hicieron llegar la cafetera con total amabilidad. Lo que no me gustó nada y de ahí mi valoración, es como casi todos comentan, el manual de instrucciones. No te explica qué es cada botón y tienes que ir probando. Llevo días buscando por internet solo para ver cómo poner la función de recalentar, ya que un usuario, si no está seguro, le dará miedo que en vez de calentar la encienda y se queme el motor por falta de agua. En fin, una perdida de tiempo que nos ahorrarían si solo pusieran más detalle en el manual, sobre el panel de botones.",Cliente Amazon,Revisado en España el 17 de abril de 2020
Fácil manejo. Rapida,"4,0 de 5 estrellas",Buena cafetera y bonita,Cliente de Kindle,Revisado en España el 3 de agosto de 2023
No es igual que la que sale en la foto.,"4,0 de 5 estrellas","La cafetera hace in buen café pero , como ya han puesto otras personas , no entiendo como se puede poner una imagen que no corresponde a como es en realidad ka cafetera.
No se como se permite esto..",MEZOLARI,Revisado en España el 10 de marzo de 2023
Facilidad de uso,"4,0 de 5 estrellas",Hace poco que he adquirido esta cafetera y de momento es muy cómoda de utilizar así como de fácil manipulación. No he utilizado todavía el temporizador por lo que no puedo opinar sobre este servicio. Espero poder opinar lo ismo dentro de un tiempo.,Antonio,Revisado en España el 13 de diciembre de 2022
Cafetera.,"4,0 de 5 estrellas",Buen producto.,Francisco Lapuerta,Revisado en España el 22 de julio de 2023
Hay que tener pulso para echar el agua,"4,0 de 5 estrellas","Si no echas el agua con cuidado, se te irá por fuera ya que el compartimento viene como divido y el agujero es pequeño.
No es muy intuitiva, pero solo he usado la opción básica de ""hacer café"".
Todo lo demás, como una cafetera de goteo mas, aunque destaco que me gusta más estéticamente que las anteriores que he tenido.",María,Revisado en España el 24 de agosto de 2022
Abierto,"4,0 de 5 estrellas",Me da la impresión de que la caja la han abierto y después le han puesto precinto. No me da confianza esto.,Cliente Amazon,Revisado en España el 2 de abril de 2023
Lo que buscaba,"4,0 de 5 estrellas","Era lo que estaba buscando. Hace rápidamente el café, de gran capacidad y fácil de usar. Sólo tiene una pega para mi, y es que el depósito de agua no tiene una apertura distinta, y claro para llenarlo de agua me resulta un poco más complicado. Por lo demás, es perfecta para mi.",Isabel Muñoz Sánchez,Revisado en España el 7 de octubre de 2022
Fácil y rápido.,"4,0 de 5 estrellas",El café se hace muy fácil y rápido. El sabor es excelente.,Juanma Suárez,Revisado en España el 23 de mayo de 2023
Compra acertada!,"5,0 de 5 estrellas","Llegó en tiempo y perfectas condiciones. Facil de usar, muy intuitivo. A pesar de haber varios comentarios sobre el manual, de que es muy simple y por lo tanto dificil de poner la cafetera en marcha, yo lo he encontrado muy intuitivo y facil.

El gusto de cada persona en marca de café y su intensidad, es diferente, yo por ejemplo prefiero fuerte y por lo tanto hecho una cucharra de cafe extra siempre, es decir para 5 tazas de café hecho 6 cucharras de cafe, a parte de poner la opción de sabor intenso de la cafetera.

Adjunto video de como he puesto la cafetera en hora y como programar que prepare café una hora determinada, espero que sea de ayuda por si a alguien le está sugiriendo problemas.",Johanna Forssell,Revisado en España el 28 de agosto de 2020
Genial Compra,"5,0 de 5 estrellas",Tuve que cambiar de cafetera y vi este modelo. Tengo algún electrodoméstico de esta marca y por eso me lance a comprarlo. Muy contento en el tiempo que la tengo. Pequeña y funcional. Algo angosto para reponer el agua pero es en si recogida y rápida haciendo el café. Lo que buscaba. La recomiendo.,Cliente Amazon,Revisado en España el 16 de marzo de 2024
Me encanta ya he comprado tres,"5,0 de 5 estrellas","Muy fácil de utilizar, la recomiendo.
La Cecotec Cafetera de Goteo Programable Coffe 66 Smart Plus es una joya para los amantes del café. Con sus potentes 980 W y capacidad para 12 cafés, esta máquina redefine la experiencia cafetera en el hogar. Su tecnología ExtemAroma garantiza un sabor intenso y delicioso en cada taza, mientras que la función AutoClean facilita la limpieza, ahorrando tiempo y esfuerzo. Los acabados en acero inoxidable le confieren un diseño elegante y duradero. La pantalla LCD y la capacidad de programación hacen que preparar el café sea un placer personalizado. Con 1,5 L de capacidad, es la elección perfecta para disfrutar de café excepcional en cualquier momento. ¡Una inversión que celebro en mi primer aniversario!",Carolina Ruiz,Revisado en España el 30 de noviembre de 2023
Una cafetera muy funcional y sencilla de utilizar,"5,0 de 5 estrellas","Es una cafetera excepcional, se limpia muy fácil, con filtro permanente (y trae 2), rápida y me encanta la función programable, cierto que sólo se puede programar con 24h de antelación, pero es suficiente y es algo muy práctico cuando pones la última taza.",Álvaro,Revisado en España el 18 de marzo de 2024
Cafetera,"5,0 de 5 estrellas","La cafetera esta bien, hace bien su función el cafe es bueno.Se puede programar de un día para otro. La única pega es la confusion de la marca. En las fotos de la pagina salen dos marcas diferentes ""Cecotec"" y ""Cumbia"". Cuando compre pensé que me iba a llegar Cecotec, pero no... fue Cumbia. No me importo mucho prácticamente es la misma con otro nombre. Espero que dure mucho si no me volveré a pasar por aquí a escribir otra reseña",Manu,Revisado en España el 7 de enero de 2024
MEJOR DE LO ESPERADO,"5,0 de 5 estrellas","Muy buena cafetera, mejor de lo que esperaba.
El poder programarla es una ventaja maravillosa.
Hace un café muy rico, tiene la opción de poder hacerlo más lento para que salga con más cuerpo.
Me gusta mucho pq no tarda mucho en hacer el café, no como otras cafeteras que tardan muchísimo en soltar todo el agua.
La recomiendo. 100x100",NoeQF,Revisado en España el 13 de febrero de 2024
Muy buena y rapida,"5,0 de 5 estrellas","Es muy buena y hace café rápido, pero nose si es culpa nuestra pero cada vez que hacemos café se salen todos los posos por arriba y se ensucia mucho",Antoñito,Revisado en España el 21 de marzo de 2024
Rápida y resistente,"5,0 de 5 estrellas","Tras unos meses usándola procedo a escribir esta reseña:

Estoy encantado con ella, ha superado mis expectativas, tengo varios productos de esta marca pero aún así no esperaba que fuera de tan buena calidad y por este precio.
Es rápida en calentar y hacer el café, el que traiga su propio filtro es un gran añadido, te quitas del engorro de comprar los filtros aparte, solo necesitas lavarlo después de usar y listo de nuevo.
Su capacidad es para 12 tazas, pero es más bien a ojo y dependiendo de la que uses tu para desayunar. Te viene marcado también en la jarra.
Puedes programarla para que se ponga en funcionamiento a la hora que desees, yo personalmente lo hago para que el café esté listo a la hora del desayuno, simplemente la dejo cargada la noche previa, así ahorro tiempo.
El que mantenga el café caliente durante los 45 minutos posteriores a su funcionamiento es bastante útil a la hora de que cuando el resto de la familia se va despertando, se lo encuentren prácticamente recién hecho.
Posee una función la cual permite obtener un café más concentrado e intenso, pero personalmente no he notado mucha diferencia ya que el café que uso es bastante fuerte de serie.
Como último destacar que es muy fácil de limpiar ya que casi todo se puede desarmar y su frontal de inoxidable le da un toque bastante limpio y pro",Juan Antonio,Revisado en España el 21 de enero de 2022
Cafetera 6 tazas.,"5,0 de 5 estrellas","Hace muy buen café. Es para mi sola, para la medida de dos cafés, le echo 2 cacitos y medio y hace un café muy bueno. Buen tamaño. El cristal de la jarra es muy fino y hay que tratarlo con mucho cuidado para que no se rompa. La recomiendo.",Yanelsy Morales Santos,Revisado en España el 10 de febrero de 2024
Gran cafetera,"5,0 de 5 estrellas","Súper con tentos con la cafetera lo que esperaba y buen calidad, café súper por las mañanas, la recomiendo calidad y precio",Cliente Amazon,Revisado en España el 23 de marzo de 2024
Todo ok,"5,0 de 5 estrellas",Fácil de usar y práctica. Da para bastantes tazas,raul,Revisado en España el 21 de abril de 2024
Es muy practica,"5,0 de 5 estrellas","Esta muy bien y el café no es muy malote tiene buen sabor , yo tengo otra cafetera de cápsulas pero cuando me apetece una cantidad más grande me lo hago por las mañanas o bien por las tardes ,.una buena compra",Cliente. Aurora,Revisado en España el 17 de febrero de 2024
regalo,"5,0 de 5 estrellas",muy funcional y muy practica y fácil de usar y manejar excelente estamos encantados con ella,Juan,Revisado en España el 12 de abril de 2024
Cafetera barata y resolutiva,"5,0 de 5 estrellas",La compré para un piso de alquiler y están muy contentos,Yoloskoski,Revisado en España el 30 de marzo de 2024
Me encanta la cafetera,"5,0 de 5 estrellas","No me gustan el sabor de las angulas y me decidí por esta cafetera. Y la verdad un acierto, puedo preparar el café programandolo para que por la mañana esté recién hecho y calentito. Buena calidad y es duradera",El-Xarlie,Revisado en España el 10 de febrero de 2024
Bien,"5,0 de 5 estrellas",Lleva unos días en casa y por ahora 10,Javier,Revisado en España el 28 de marzo de 2024
Fantástica cafetera,"5,0 de 5 estrellas",Todo fantástico.Un acierto lo de programar,Pili,Revisado en España el 1 de abril de 2024
Fue para un regalo y súper contenta,"5,0 de 5 estrellas",Se lo regalamos a mi madre para Navidad y ya han pasado tres meses y la usa súper agusto,Cliente Amazon,Revisado en España el 1 de marzo de 2024
Buen producto,"5,0 de 5 estrellas",Hace buen café y es muy cómodo el poder programar una hora y despertarse con olor a café recién hecho,Fernando,Revisado en España el 27 de febrero de 2024
Fácil,"5,0 de 5 estrellas",Una buena cafetera super fácil de usar. El café lo hace bueno también depende de qué café uses lógicamente. Pero es fácil de usar y de limpiar. Por el precio que tiene está muy bien,Saulin,Revisado en España el 31 de enero de 2024
Perfecta,"5,0 de 5 estrellas","Yo siempre el café de desayuno lo hago en la cafetera italiana que me gusta más, pero en estos meses de verano soy súper fan del café solo con hielo, mucho café mucho hielo y agitado hasta que sale espumita… es lo mejor del verano.

Con la cafetera italiana el problema es la. antiedad, que es poca. Así que me compré esta para hacer la jarra grande y me va genial.

Una vez está hecho le desaguo el azúcar y luego lo conservo en la nevera en una botella de cristal y tengo para varios días. Luego lo vuelco en un tarro de cristal con hielo y lo agito, Listo tu café como el de un gran barman 👌",Rachel,Revisado en España el 28 de julio de 2023
Muy buena cafetera,"5,0 de 5 estrellas","Muy buena calidad , el café para ser de jarra sorprendentemente bueno",Esther B.,Revisado en España el 11 de marzo de 2024
Café y al baño,"5,0 de 5 estrellas",Tú sabes lo que es levantarte y tener el café hecho? Una maravilla compadre,Daniel Garcia Cañas,Revisado en España el 7 de marzo de 2024
Calidad y precio. Lo,"5,0 de 5 estrellas",Hace buen café tipo americano en un espacio reducido.,JOSE LUIS MARLASCA PINA,Revisado en España el 15 de marzo de 2024
100% Recomendable,"5,0 de 5 estrellas","Muy cómoda,programable,calidad-precio,muy limpio, recomendable 100%.",Florentino Rodríguez Fernandez,Revisado en España el 6 de abril de 2024
GANAS DE VOLVER A LOS ORÍGENES,"5,0 de 5 estrellas","Compré esta cafetera porque ya me había cansado de las cafeteras de cápsulas y quería volver a lo de siempre, a como hacíamos el café en casa con la melita o con la cafetera italiana. Hace el café muy rico, yo tomo el café americano y de sabor un 10, aunque también depende mucho del tiempo de café que compres. Muchas veces dejo programada la cafetera a la noche para que por la mañana tenga el café recién hecho y es gloria bendita. El diseño es muy bonito, rollo cafetera americana y es muy fácil de limpiar lo poco que se mancha, que básicamente es el interior donde pones el café. Se sacan los dos cestillo y se lavan muy fácil manualmente. Con una bayeta o con papel de cocina le paso el interior para la condensación del agua y listo. Como nueva! Muy recomendable, calidad-precio insuperable.",Zaloa,Revisado en España el 21 de febrero de 2023
Muy bien,"5,0 de 5 estrellas",Me parece una cafetera ideal,Marisol,Revisado en España el 5 de abril de 2024
Genial,"5,0 de 5 estrellas",Cafetera que hace muy buen café y lo mejor levantarse por la mañana y el café recién hecho,Rocio,Revisado en España el 20 de febrero de 2024
Buena,"5,0 de 5 estrellas","Muy buena esta maquina.
Yo contento.",Jesus,Revisado en España el 15 de marzo de 2024
Satisfecho,"5,0 de 5 estrellas",Buena función,iluminada leon,Revisado en España el 22 de marzo de 2024
Bastante funcional .,"5,0 de 5 estrellas",De buena calidad y muy agradable a la vista,Fabio Osorio,Revisado en España el 4 de marzo de 2024
Muy bien,"5,0 de 5 estrellas",Lo compré para regalárselo a mi pareja y esta encantado con la cafetera. Lo programa el día previo y tiene café preparado por la mañana.,Aida,Revisado en España el 1 de febrero de 2024
Hace un café delicioso y súper rápido,"5,0 de 5 estrellas","Me va de maravilla, el manejo muy sencillo, el café súper bueno de sabor y sobre todo muy rápido, la función programar va genial. Una muy buena compra",Carol,Revisado en España el 26 de enero de 2024
Justo lo que necesitaba,"5,0 de 5 estrellas","Puedo tener café recién hecho todos los días y puedo mantenerlo una hora caliente, después de prepararlo.",Margot,Revisado en España el 13 de febrero de 2024
Excelente cafetera,"5,0 de 5 estrellas","Cafetera melita muy cómoda y funcional, fácil de usar y muy práctica para mí día a día. La recomiendo a todo el mundo",Olga G.,Revisado en España el 1 de febrero de 2024
Excelente,"5,0 de 5 estrellas","La verdad es que hace lo que promete, café rápido y caliente, el envase es de cristal, fácil de lavar, muy feliz con la compra",Andres,Revisado en España el 27 de enero de 2024
Fenomenal,"5,0 de 5 estrellas","Mejor de lo esperado ,funciona fenomenal",Enzo,Revisado en España el 5 de marzo de 2024
Perfecta,"5,0 de 5 estrellas","Tiene un tamaño reducido y eso me gusta hace muy buen café con dos formas, el normal y el especial como le llamo yo, el normal sale el agua de manera mas rápida y el especial sale el agua más lentamente y eso hace que el café tenga más sabor, sinceramente he probado de las dos maneras y no noto diferencia en el sabor del café 🤷🏻‍♀️ solo le pongo un defecto y es que tiene un cable muy corto, por lo demás me gusta mucho.",Rumbera,Revisado en España el 9 de septiembre de 2023
Buena Cafetera,"5,0 de 5 estrellas",Calidad precio,marco stocklin,Revisado en España el 8 de marzo de 2024
