title,rating,body,author,date
Excelente equipo,"5,0 de 5 estrellas",Muy buena la cafetera,Toro barbacoa,Revisado en España el 16 de junio de 2024
Muy frágil,"2,0 de 5 estrellas",Material muy cutre para el precio que tiene.,lucia L.,Revisado en España el 5 de junio de 2024
SOLO 4 AÑOS DE VIDA,"1,0 de 5 estrellas","DISGUSTADA, solo ha durado 4 años, me parece triste que solo dure este tiempo, lo hemos cuidado y le hemos dado un uso correcto y con limpieza. Cada vez duran menos los electrodomésticos y no hacemos mas que crear residuos y contaminar. AHORA MISMO NO SE QUE CAFETERA COMPRAR, NI QUE MARCA ELEGIR",Cliente Amazon,Revisado en España el 4 de junio de 2024
Bien para uso domestico,"4,0 de 5 estrellas","Llega muy bien empaquetada y protegida
El café que hace es muy rico y sale bastante espuma. Es verdad que al momento que la enciendes la puedes usar, lo malo es que no te da la presión para más de dos cafés. Yo preparo dos cafés con leches de taza de 250ml, y caliento la leche “templada” y se para el cosito para calentar la leche. Hay que esperar un rato para que vuelva a tener presión lo cual es bastante fastidioso si quieres hacer más cafés o si quieres la leche más caliente para estos dos cafés.",Laura,Revisado en España el 23 de mayo de 2024
funciona bien,"4,0 de 5 estrellas","Dado que tiene 1350W calienta rapidamente,pero en cuanto calidad y presión (crema etc),no veo diferencia a maquinas inferiores.Positivo es al tanque de agua que es bien grande y el diseño.
Hace bastante ruido y el filtro al vaciarlo,a pesar del gancho,siempre se caie a la basura",anon.,Revisado en España el 17 de mayo de 2024
Me encanta!!,"5,0 de 5 estrellas","Sinceramente, después de leer ""por encima"" las instrucciones, pensaba que tendria que devolverla, però No, ahora ya le he pillado el truco...... y el café és muy bueno. Tube 2 problemillas;
1. La cafetera no absorvia el agua del depòsito. Solución: hay un taponcito de plastico, hay que quitarlo, enseguida ves las burbujas que demuestran que ya puede absorver el agua.
2. El agua no se calentaba. I las luces( azul i roja) no dejaban de parpadear.
Solución, en la parte derecha ( lateral) tenemos el regulador ( ruedecita plateada)de la temperatura del vaporizador, si esta no está en modo off, las luces no dejaran de parpadear, y el agua no se calienta.
Una vez hecho todo esto, no hace falta presionar mucho el café, aunque se vea de plastico.... es resistente y el café genial!!!",Mercè,Revisado en España el 14 de mayo de 2024
El pirmer mñes ya staba rota.,"1,0 de 5 estrellas",Hace un ruido espantoso y no calienta el agua. Un desastre. Lo barato sale muy caro. No la compreis,Laura,Revisado en España el 1 de mayo de 2024
Hace muy buenos cafés y es fácil de usar,"5,0 de 5 estrellas","Fácil de usar, prepara los cafés rápidos y se limpia en un momento, el desmontaje es muy fácil. También tiene la varilla para la presión y que los cafés o leche salgan con espuma.",Sara,Revisado en España el 29 de abril de 2024
Bonito pero malo,"1,0 de 5 estrellas",Duró un año y dos meses. Nada más que añadir.,JOSE RAFAEL DORRIBO CAO,Revisado en España el 28 de abril de 2024
Excelente,"5,0 de 5 estrellas","Muy contento con la cafetera,hace un buen cafe, calienta rápido y tiene una estética muy chula",Miguel Ángel Bermúdez,Revisado en España el 28 de abril de 2024
Cafetera,"5,0 de 5 estrellas","La compre hace tiempo junto con una tostadora de la misma marca, Cecotec, estamos super encantados con la marca en general. Buen precio para ser una linea vintage de cafeteras. Buenos materiales y buen embalaje en general.",David Altet Rodriguez,Revisado en España el 28 de abril de 2024
"Pega saltos y ruido,","1,0 de 5 estrellas","Mete mucho ruido y pega saltos, tira hasta las tazas, no comprar",roberto,Revisado en España el 27 de abril de 2024
Genial,"5,0 de 5 estrellas",La verdad que el café sale riquísimo muy fácil de usar,Daniel,Revisado en España el 26 de abril de 2024
Excelente,"5,0 de 5 estrellas","El café sale con mucho cuerpo y sabor, como en las mejores cafeterías",lucia arias schreiber,Revisado en España el 26 de abril de 2024
"No funciona ,se enciende pero no sale agua","1,0 de 5 estrellas","Tal como la,puse la tuve que meter en la caja no funciona",cari,Revisado en España el 25 de abril de 2024
potente y precisa,"5,0 de 5 estrellas","me encanta el diseño que tiene y sale un café que está riquisísimo
así da gusto empezar las mañanas",ketes,Revisado en España el 22 de abril de 2024
Excelente!,"5,0 de 5 estrellas","Muy contenta con la compra, muy buena cafetera y además preciosa.",EvaJF,Revisado en España el 21 de abril de 2024
Relación calidad precio,"5,0 de 5 estrellas",Diseño y simplicidad,Josep Vilaplana Martínez,Revisado en España el 20 de abril de 2024
Perfecto,"5,0 de 5 estrellas","Es la segunda vez que lo pido porque el primero vino averiado. Esta perfecta, muchas gracias.",judith,Revisado en España el 11 de abril de 2024
Buen producto,"5,0 de 5 estrellas",Funciona perfectamente y muy fácil de usar,Josefa J.,Revisado en España el 5 de abril de 2024
Me encanta,"5,0 de 5 estrellas","Super contenta 😍 Funciona muy bien y es preciosa 😊
Sin duda la recomiendo",Me encanta 🤩 Es preciosa y funciona muy bien,Revisado en España el 2 de abril de 2024
Cafetera muy mejorable,"1,0 de 5 estrellas",Al menos la que hemos recibido nosotros no estaba bien ajustada. Salía agua por zonas por las que no debía salir. Café bastante malo (usando buenas calidades y diferentes molidos). No podría recomendarla.,Manuel,Revisado en España el 31 de marzo de 2024
Muy bonita pero con algún fallo,"4,0 de 5 estrellas",A veces hace cosas raras y se queda cómo un poco en shock pero ocurre pocas veces,Cliente Amazon,Revisado en España el 20 de marzo de 2024
Es fácil de usar y hace bien el café,"4,0 de 5 estrellas","Es muy bonita y funciona bien, buena relación calidad-precio.",Cliente Amazon,Revisado en España el 17 de marzo de 2024
Producto usado y vendido como nuevo,"1,0 de 5 estrellas","El producto me ha llegado con claros signos de haberse utilizado previamente, como se puede ver en las fotos, con restos de café y leche habiéndome cobrado como un producto nuevo y no reutilizado.",Chals,Revisado en España el 11 de marzo de 2024
Preciosa,"5,0 de 5 estrellas","Tuve que hacer la devolución por qué venía algo arañada, pero es preciosa se la recomiendo a la gente que me pregunta por alguna cafetera, me encantó el diseño.",Cliente Amazon,Revisado en España el 9 de marzo de 2024
Ha llegado estropeada,"1,0 de 5 estrellas","Pensé que había gente que había tenido mala suerte, pero la cafetera es mala, muy mala y se nota. Nada más ponerla veo que no coge presión, se queda todo el rato parpadeando y cuando me doy cuenta hay un charco en la encimera (se estaba saliendo el agua).
La anterior cafetera también era cecotec y me ha durado dos años...para el precio que tiene me parece bien cambiar cada dos años, pero después de esto prefiero comprar otra",sara rey montaño,Revisado en España el 9 de marzo de 2024
Muy bien,"5,0 de 5 estrellas","En algo me de un año está funcionando muy bien. No hace cosas extrañas y sale un café con buena espuma, color y sabor, claro que esto también depende mucho del grano usado y no en tanta medida de la máquina.",Daniel,Revisado en España el 7 de marzo de 2024
Buena,"4,0 de 5 estrellas",Mas de lo esperado en relacion calidad precio,Eva,Revisado en España el 7 de marzo de 2024
CECOTEC CAFETERA EXPRESS TRADICIONALE,"5,0 de 5 estrellas","La primera me llegó averiada y a los pocos días me la sustituyeron. Por arte de Amazon , todo muy correcto y rápido. La cafetera hace un café muy bueno y espumoso.
El transportista de SEUR parece que tiene pegas para venir a recoger la averiada. Puestos a elegir prefiero cualquier otro transportista.",pil,Revisado en España el 5 de marzo de 2024
No funciona,"1,0 de 5 estrellas",No era lo que esperaba y no funciona,No funciona y tampoco era lo que esperaba,Revisado en España el 5 de marzo de 2024
Café con fuerte sabor a plástico (¿?),"1,0 de 5 estrellas","Cafetera de excelente diseño retro, con 20 bares de presión, construida basicamente en plastico de aparente buena calidad pero que huele mucho a plastico y que hace el café con el mismo olor i sabor de plastico aún después de haber hecho recircular varias veces agua, agua con vinagre, agua con bicarbonato, agua con lejia sin ningun resultado favorable.
He mirado en Internet y hay diversos comentarios que reportan esta misma anomalia, indicando incluso que puede ser nocivo para la salud, cuidado!!!
Iniciado el proceso de reclamación a Amazón para ver si la cambian o reparan, pero no veo yo que este caso requiera una ""reparación"" sino un cambio por otra cafetera nueva porque de esta ya no me fio.",Carmen,Revisado en España el 4 de marzo de 2024
Preciosa,"5,0 de 5 estrellas",Es súper elegante y un funcionamiento perfecto y materiales duraderos,Jesus,Revisado en España el 4 de marzo de 2024
"Mucho ruido y no va bien, ahora sale el agua por el filtro","5,0 de 5 estrellas","Mucho ruido desde que la compré
Y ahora sale el agua por todas partes
Me gustaba el diseño vintage pero no es funcional y espero que al estar en garantía me la cambien por deferencia ya que además compré el mictoondas a juego
Un fiasco!",Fabiola,Revisado en España el 3 de marzo de 2024
Llegó mal estado,"1,0 de 5 estrellas","La máquina llegó rota no puedo valorar ,",Migescudeiro,Revisado en España el 2 de marzo de 2024
Lanza estropeada,"1,0 de 5 estrellas","Al principio funcionaba bien, pero al cabo de año y medio/dos años la lanza de la leche empezó a gotear en el momento en que hacía cafe, cada vez ha ido a más y ahora sale directamente a chorro... Al haber parado más de 2 años, no lo cubre la garantía por lo que toca comprar otra, ya que lo que cuesta la reparación no vale la pena... Una pena.",Adri,Revisado en España el 2 de marzo de 2024
Me encanta el diseño,"4,0 de 5 estrellas","Es preciosa, tipo retro. El café bueno, los accesorios bien, un poco liosa al principio cuando estás acostumbrada a la de cápsulas pero cuando le coges el tranquillo perfecta.",mar,Revisado en España el 25 de febrero de 2024
Leer antes las instrucciones!,"5,0 de 5 estrellas","Para los que dicen que no sale café o sale a gotas. Si la luz roja parpadea muy rápido es porque se puso en funcionamiento con el tapón de goma del depósito de agua y eso la lleva a un sobrecalentamiento. En las instrucciones dice como se soluciona. A mi me pasó y no me ha vuelto a dar problemas. ¿Ruido?, seguramente menos que otras.
No tengo ningún problema con ella.",Fernando,Revisado en España el 20 de febrero de 2024
Dos años y medio usándola y no puedo estar más contenta,"5,0 de 5 estrellas","La compré en Noviembre de 2021 y lleva desde entonces haciendo cafés cada día (más de uno, además). Para mí fue una compra especial porque quería comprar mi primera cafetera (era barista entonces) y quería seguir haciendo café delicioso y bonito en casa.

¿LO MEJOR?
El diseño es espectacular, super vintage. El café sale con una espuma maravillosa debido a los 20 bares de potencia. El espumador funciona correctamente. El depósito de agua lo llenamos una vez por semana (aprox.). Obviamente el sabor va a depender de qué café utilices y el grado de molición. Como he comentario anteriormente, sabía qué molienda debía tener, pero si no lo sabéis comprad un molinillo de café (que hay algunos que te señalan el grano para cafetera expresso). Hemos probado café del Mercadona en grano y café arabica de Colombia (por decir uno), y aunque cambie el sabor, la cafetera lo trabaja de manera que sabe delicioso.

¿TIENE ALGO MALO?
Por supuesto, no hay nada perfecto. Sin duda, lo que más me molesta es la distancia que tiene para cualquier taza/vaso, ya que es bastante limitado y muchas de mis tazas grandes no caben. Sin embargo, siempre se puede optar a sacar el depósito de abajo y de esa forma suele caber. Otra opción, es poner el café en una jarrita y luego pasarlo a la taza (a mi me gusta bastante menos esta opción, ya que se pierde sabor y café al pasarlo). A veces se ha taponado el espumador (por no limpiarlo correctamente) y he tenido que limpiar el agujero con una aguja para que luego ya funcionase correctamente. Ahora a veces le pasa que suelta agua mientras echa café (el espumador), por lo que lo pongo encima del depósito para que no me manche la encimera y listo. Mi novio ha roto el freno del brazo dos veces y hemos vuelto a comprar el brazo por separado en la tienda de Cecotec online. Cabe decir que lo ha roto por fuerza y no porque sea endeble, ya que yo usándolo dos años a diario jamás lo he roto. Pero bueno, son cosas que pasan y está genial que haya solución.

En general, es una cafetera que adoro y que le tengo muchísimo cariño. No tengo intención de cambiarla por nada del mundo, pero si lo tuviera que hacer optaría por Cecotec de nuevo (quizás una con molinillo integrado) y sin duda me encantaría. ¡Ojalá dure muchos años más!",Elena Suñer,Revisado en España el 17 de febrero de 2024
No la recomiendo,"1,0 de 5 estrellas","Es de juguete, sirve para decorar la cocina. El café no sale en condiciones teniendo un buen café y molinero.la vaporeta suelta más agua que vapor para latear la leche. Dinero perdido.",Cliente Amazon,Revisado en España el 17 de febrero de 2024
El café sabe a plástico,"2,0 de 5 estrellas",El agua que sale del depósito sabe a plástico,Cliente Amazon,Revisado en España el 9 de febrero de 2024
Bom café,"5,0 de 5 estrellas",Fácil de operar,O cão destruiu dois em dois dias!!! Material muito fraco,Revisado en España el 9 de febrero de 2024
Me falla,"4,0 de 5 estrellas","Después de un año y medio, me falla, el calentador de agua pierde al hacer el café. Anduvo bien no muy caliente el café como q parece q tiene q calentar más. No está funcionando bien pierde la precion por la pipeta del calienta leche.",Guillermo D.,Revisado en España el 9 de febrero de 2024
Muy bonita y buena calidad,"5,0 de 5 estrellas",Como todo lo de cecotec calidad precio inmejorable,Jesus Antonio Munoz Fernandez,Revisado en España el 5 de febrero de 2024
Buena bonita y barata,"5,0 de 5 estrellas","Es una cafetera con una estética muy bonita y es de plástico . Este último detalle puede confundir con la calidad del producto pero hace un café espectacular , muy cremoso y le acompaña un espumador que calienta muy bien la leche y es fácil para sacarle una buena crema de leche .
Recomiendo mucho esta cafetera",valhalla,Revisado en España el 5 de febrero de 2024
Muy contenta con la compra,"5,0 de 5 estrellas","Buena cafetera y con diseño precioso.
Puedes calentar la leche y que tenga espumita como en los bares, cuesta pillarle el truco pero al final vale la pena.",Raquel,Revisado en España el 4 de febrero de 2024
NO COMPRAR AUNQUE SEA BONITA,"1,0 de 5 estrellas","Decepcionada totalmente con la cafetera, me hacía mucha ilusión porque la veía preciosa y veía buenas reseñas, mi caso ha sido diferente.
Empezando por la cafetera, sabía que iba a ser de plástico, pero es muy ligera y el cacillo está súper duro, para poder ponerlo tenía que sujetar la cafetera.
El funcionamiento fatal, he limpiado primero por dentro como específica, solo con agua, después he procedido a hacer un café y salía a gotas, he probado diferentes formas, con el cacillo solo, con cada uno de los filtros (sin café) y sin cacillo ni nada y seguía saliendo a gotas.

ACTUALIZACIÓN
Le di un voto de confianza y volví a comprarla, ERROR, lo único que he hecho ha sido perder tiempo, la segunda que me ha venido, directamente, no sale nada de agua por el cacillo y además el cristal del medidor de presión venía roto. Otra devolución más.",Mónica Romero Nájera,Revisado en España el 2 de febrero de 2024
Perfecto,"5,0 de 5 estrellas",Lo compre por hacer un regalo i le gustó mucho es muy bonita i funciona muy bien,martine,Revisado en España el 31 de enero de 2024
de uso diario,"5,0 de 5 estrellas",muy buena calidad y acabado y precio ajustado,andrés martínez manso,Revisado en España el 29 de enero de 2024
Mala difusion del agua,"2,0 de 5 estrellas","El agua de la boquilla del cafe sale centrada en 2 puntos, lo que hace que rompa el prensado del cafe y acabe saliendo un cafe aguado.",miguel antonio,Revisado en España el 29 de enero de 2024
La facilidad de manejo.,"5,0 de 5 estrellas",El producto llegó en perfecto estado en el plazo determinado y cumple las expectativas que teníamos.,Joseph Chantematain,Revisado en España el 27 de enero de 2024
Desgraciadamente no,"1,0 de 5 estrellas","No funcionó bien,lo tuvimos que devolver.Una desepción ,más porque fue un regalo.",ADRIENN K.,Revisado en España el 26 de enero de 2024
Cafetera muy bonita que hace muy buen café,"4,0 de 5 estrellas","Estéticamente muy vistosa. Hace un café expreso muy bueno. Falta por saber si durabilidad. El mango no es de madera, es plástico, aunque parece resistente.",Cliente Amazon,Revisado en España el 26 de enero de 2024
Bonito pero sin instrucciones,"5,0 de 5 estrellas",No me vino con el libro de instrucciones,Veganita,Revisado en España el 25 de enero de 2024
Cafetera,"4,0 de 5 estrellas","Fantástica, un café estupendo , fácil de uso y retro, el color es un rojo muy de coches, el de la imagen tirando a vino es mucho más retro y bonito",Joan Valls,Revisado en España el 20 de enero de 2024
Esta bien,"5,0 de 5 estrellas","Yo me esperaba un poco más, pero salio sencilla, pero aun así le doy el maximo de estrellas porque hace un buen cafe, y puedes hacer diferentes tipos de cafee",Houda,Revisado en España el 20 de enero de 2024
Estalló el brazo del café,"1,0 de 5 estrellas","Me regalaron esta cafetera y para ponerla en marcha tuve que leer detenidamente las instrucciones porque vienen bastante mal explicadas.
Conseguí ponerla en marcha y durante 3 días fue bien.
Al cuarto día el brazo del café estalló partiendo la taza en mil pedazos y dejando toda la cocina manchada. Suerte que no estaba cerca porque me podía haber caído un pedazo de la cerámica de la taza.
Después de esto, vaporizador dejó de funcionar y solo salía vapor por la zona del café… no salía por el tubo del vapor ni siquiera calentaba la leche.
Pedimos otra y estoy esperando para probarla puesto que me ha llegado esta tarde pero con la cantidad de reseñas negativas me da bastante miedo.",Rosana,Revisado en España el 19 de enero de 2024
Es una estética agradable. Buen café!,"5,0 de 5 estrellas",Todo bien,Mª Guadalupe Martín González,Revisado en España el 17 de enero de 2024
Muy bonita,"4,0 de 5 estrellas",Todo excelente pero para vaporizar leche es mejor pillarte otra opción,Odilio Antonio Menjivar Pérez,Revisado en España el 13 de enero de 2024
Un desastre,"1,0 de 5 estrellas",He pedido el microondas y la cafetera y en una semana tengo que solicitar el reemplazo. El microondas no calienta y la cafetera echa café este el botón del café encendido o no y aún apagado el botón de café sigue echando al usar el vapor. Espero que el reemplazo vaya mejor pero ya no confío. Que salgan los dos aparatos mal no me parece normal.,Bip,Revisado en España el 12 de enero de 2024
Te puede pasar.,"5,0 de 5 estrellas","En la primera puesta en marcha de la cafetera pensaba que no funcionaba bien porque no salía agua. Vi como en otros comentarios decían que no les funcionaba tampoco.
Si os pasa, revisad que no tengais puesto el tapón en la cisterna de agua. En las instrucciones no te dice que lo quites. XD",Enrique,Revisado en España el 12 de enero de 2024
su manejo,"4,0 de 5 estrellas",es bonita y facil de usar,rafael,Revisado en España el 8 de enero de 2024
Bastante bien calidad precio,"4,0 de 5 estrellas","Está bien,díselo bastante bonito,el café está bueno parecido al q se toma en los bares,si el café es de buena calidad, calienta bien la leche y hace algo de espuma,la única pega es que es un poco ruidosa",Sergio,Revisado en España el 7 de enero de 2024
"Funciona, café muy bueno, muy bonita","5,0 de 5 estrellas","Todo perfecto! El café sale buenísimo, un 10. Ha sido todo un acierto!!!",Marta,Revisado en España el 7 de enero de 2024
Sorpresa en el día de Reyes,"5,0 de 5 estrellas","Buen producto, ahora falta probalo, después de probarlo, hace un café muy bueno",Cliente Amazon,Revisado en España el 6 de enero de 2024
Encantado con la cafetera,"5,0 de 5 estrellas","Tenía alguna reticencia al ver algunas reseñas. Pero no me arrepiento para nada de haberla comprado. Cumple todas las expectativas. Buena crema en el café, rapidez y el ruido es lo normal. Calidad precio.",jose antonio moyano alvarez,Revisado en España el 5 de enero de 2024
Hace bien el café,"4,0 de 5 estrellas","Es una buena cafetera, aunque el calentador de leche podría mejorar si fuera mas corto para volverlo al recipiente de líquidos",Secundino,Revisado en España el 5 de enero de 2024
Demasiado en calentar,"1,0 de 5 estrellas",Tarda demasiado en calentar y no espuma bien la leche,Amanda barreto da costa,Revisado en España el 5 de enero de 2024
"Sencilla, practica y muy bonita","4,0 de 5 estrellas","Va de lujo, con una taza metálica para espumar la leche y un molinillo de café tienes el combo perfecto.
Calienta el agua bastante rápido, tiene dos filtros de capqcidades diferentes, uno para una taza y otro para dos.",Mari Carmen Espín Caballero,Revisado en España el 5 de enero de 2024
Es muy bonita,"5,0 de 5 estrellas",Me dijeron que llegaría el día 2 y cuando llegó el día 3 y no lo había recibido entré para ver dónde estaba.... Habían retrasado el envío al día 12 😓. Me puse en contacto con Amazon y sorpresa!!! Me lo solucionaron y el día 4 lo tenía en casa. Así que encantada con la nueva cafetera 😅,Bastia,Revisado en España el 5 de enero de 2024
Cecotec Cafeteira Express,"4,0 de 5 estrellas","Es bonita, el café está bueno y sin tener ni idea termino de usar el vaporizador y el café.",Bernardo C,Revisado en España el 4 de enero de 2024
Segundo producto cecotec que no funciona,"1,0 de 5 estrellas","La recibí ayer, inicié el proceso tal y como indicaban las instrucciones pero la luz de encendido no dejaba de parpadear rápido, lo cual es mal. Hoy la encendí, parpadeaba lento, lo cual es bien. Dejó de parpadear y, se supone que calentaba el agua, pero no. Pulsé el botón para sacar agua y no sale. La temperatura no sube… así que parece que he perdido el dinero. Con una olla de más de 100€ también tuve problemas.
Creo que nunca más volveré a comprar nada de cecotec, se acabó.",Manuel,Revisado en España el 3 de enero de 2024
No funciona,"1,0 de 5 estrellas","Nos ha llegado esta tarde con la simple caja de la cafetera sin más protección, hemos leído las instrucciones y hemos ido para hacerle el lavado antes de usarla con agua sin café y no funciona, la devuelvo YA. Que decepción",Mari Carmen,Revisado en España el 28 de diciembre de 2023
Mejor compra,"5,0 de 5 estrellas","Muy contenta con esta compra. Me llegó perfecto, funciona súper bien y aparte es muy lindaa!!",Antonia R.,Revisado en España el 27 de diciembre de 2023
Muy bonita,"5,0 de 5 estrellas",Me encantó el estilo de esta cafetera es muy práctica de usar .,Excelente,Revisado en España el 27 de diciembre de 2023
Hace buen café,"4,0 de 5 estrellas","Hace un café delicioso y es fácil de limpiar. Las instrucciones son bastante obtusas. Los materiales de la cafetera son regulares, no te dejes llevar por las imágenes. Aun así merece la compra.",Óscar,Revisado en España el 25 de diciembre de 2023
Cafetera,"4,0 de 5 estrellas","Es muy bonita, queda muy bien en mi cocina, lo único es que no he descubierto la forma de poner un café automático.",José pastor,Revisado en España el 24 de diciembre de 2023
"No funciona, suben los bares y se para","1,0 de 5 estrellas","No la recomiendo para nada, a los 4 meses dejó de funcionar, le suben las bares y se para. La enviamos a reparar y nos dicen que está atascada por cal, que la tenemos que descalcificar... La hemos usado veces contadas... Si con ese uso ya hay que descalcificarla, con agua buena... Yo creo que no es normal. Pero de todas formas sigue sin funcionar. Suben los bares, no sale el café y se para. Una pena porque la compramos con muchas ganas",María Jiménez Vozmediano,Revisado en España el 23 de diciembre de 2023
Que funcione,"1,0 de 5 estrellas",No funciona noe podido ni probarla no,maria t.,Revisado en España el 20 de diciembre de 2023
No tiene presion,"1,0 de 5 estrellas",Hoy tendré que llamar al servicio técnico la recibí el sábado y la máquina no tiene presion vaya fracaso,Panadería la sicilia,Revisado en España el 18 de diciembre de 2023
Funciona perfectamente,"5,0 de 5 estrellas",El café bueno y el calentamiento por las mañanas rapidísimo escasos 15 segundos,ildefonso,Revisado en España el 15 de diciembre de 2023
Cafetera,"5,0 de 5 estrellas",Calidad precio 👌,Elena Gonzalez,Revisado en España el 13 de diciembre de 2023
No es lo que esperaba,"1,0 de 5 estrellas","No es lo que esperaba, el café que sale podría llamarse aguachirri, mala calidad estéticamente muy bonita pero poco práctica.",Antonio,Revisado en España el 9 de diciembre de 2023
Excelente,"5,0 de 5 estrellas",Buenísima relacion calidad precio.,Maye,Revisado en España el 6 de diciembre de 2023
Satisfactoria.,"4,0 de 5 estrellas","La cafetera ha funcionado correctamente, ruido aceptable, fácil de usar sin muchas complicaciones. El café sale con espuma y tiene buen sabor. Espero que sea duradera y aguante bastante tiempo.
La cafetera es bonita pero los acabados son muy plásticos.",Raúl,Revisado en España el 26 de junio de 2024
Sorprendentemente muy buena,"5,0 de 5 estrellas","Sinceramente la compré por el color. Estaba amueblado un apartamento nuevo y compre un PAC de desayuno de esta marca en color azul pq todo era vintage. Mientras la estrene en casa y nos encantó. Compre otra para nosotros. Hace un café bueno porque tú controlas la presión, la cantidad y el tiempo. Tiene una presión muy buena y la Batista es bastante para espumar una leche para un capuchino. No tiene instrucciones, como todo lo de Cecotec, pero una vez cogido el truco todo va bien. La recomiendo a todos el q no quiera usar cápsulas y tampoco gastarse un dineral en una super automática.",Elisa Vargas,Revisado en España el 7 de julio de 2024
"Bonita, loca, buen café","3,0 de 5 estrellas","Es muy bonita, y en principio hace un buen café. Ocurre que haciendo dos cafés diarios - soy el único consumidor en casa -, me ha durado dos años y ocho meses. Ha dejado de salir más de la mitad de agua. Muy probablemente sus estrechos conductos han sucumbido a la cal. Y periódicamente la trataba con vinagre para evitar esto. Estando en pleno funcionamiento, sí es verdad que dependiendo del calentón que lleve la cafetera en sí, se puede volver más o menos loca, y hay que dejar que se enfríe de nuevo, para partir de cero. Un hándicap que tiene este aparato es que hay que estar contando segundos ó permanecer atentos a la cantidad que vierte en la taza, xq el chorro de agua y por lo tanto de café, no para automáticamente. Hay que volver a darle a la palanquita cuando tú consideres. No es decir ""le doy al botón de café corto ó largo, y ahora vuelvo"". Resumiendo, diseño precioso y muy buen café, pero haciendo dos cafés diarios ya os digo que su obsolescencia no va a ser superior a tres años, así que dándole cera, dudo que aguante dos. Valorad por el precio si os cubica, xq claro, también es económica para lo que ofrece. Y si la compráis, sí o sí, coged tb por poco dinero el seguro adicional. Eso es lo que me ha salvado. Te echaré de menos, pero más no podías ofrecerme.",arturo,Revisado en España el 24 de junio de 2024
Reseña importante,"4,0 de 5 estrellas","Reseña positiva de la cafetera express Cecotec Power Espresso 20 Tradizionale Light Green:
La cafetera express Power Espresso 20 Tradizionale Light Green de Cecotec es una opción destacada para los amantes del café. Con una potencia de 1350 W y 20 bares de presión, garantiza extracciones de espresso intensas y sabrosas. Su diseño vintage en color verde claro añade un toque elegante a la cocina. La capacidad de 1,5 litros y el sistema Thermoblock permiten un calentamiento rápido y eficiente. Además, el vaporizador y manómetro incorporados ofrecen versatilidad para preparar cappuccinos y controlar la presión con precisión.

Reseña negativa de la cafetera express Cecotec Power Espresso 20 Tradizionale Light Green:
A pesar de sus características positivas, algunos usuarios han señalado que la cafetera puede ser un poco ruidosa durante su funcionamiento, lo cual puede resultar molesto en entornos silenciosos. Además, la estética vintage puede no ser del gusto de todos los usuarios, ya que las preferencias de diseño varían. Algunos usuarios también han mencionado que la calidad de construcción podría mejorarse en términos de durabilidad. No obstante, teniendo en cuenta su rendimiento y funcionalidades, la Power Espresso 20 Tradizionale Light Green de Cecotec sigue siendo una opción atractiva para quienes buscan una cafetera express con estilo y buen desempeño.",Daniel,Revisado en España el 1 de diciembre de 2023
Hay que cogerle en tranquillo a la máquina,"4,0 de 5 estrellas","no viene ningun manual de como usarla, los primeros 50 cafés salen fatal por que nos se sabe como funciona.
Recomiendo esperar a entenderla, una vez encendida y luz de la izquierda fija se puede preparar café.
para cafe mas intenso
1-calentar el filtro de café con una aguada (botón del medio)
2-rellenar de café el filtro y prensar, no hacer mucha presión lo justo para que se nivele
3-poner el café en la máquina y taza
4-dar el boton de vapor (derecha) y boton de café (medio) esperar 3 o 4 golpes de ruido de la máquina (aumentará la presión, pero el nanometro no funciona, no esperar demasiado por que sino será demasiada presión y saldrá por el filtro sin control.
5-soltar el boton de vapor(derecha) y mantener el botón de café (medio) saldrá un primer golpe de agua con vapor optimo para expreso, hará una pausa y continuará soltando agua por el filtro hasta que consideremos, aconsejo no dejar demasiado sino puede salir un poco aguado.

PARA ESPUMA DE CAPUCHINO:
Una vez queremos el café hecho si queremos calentar la leche con una buena crema, le damos al botón de vapor (derecha) abrimos la rueda un poquito y esperamos unos tres cuatro golpes de presión de la máquina, abrimos del todo la rueda y saldrán unos chorros de agua, esperamos hasta que salga vapor (repetir ajustando los golpes de vapor de la máquina si no nos sale vapor y sale solo agua) cuando ya sale vapor lo tenemos para calentar la leche y crear una buena crema, lo mejor leche de la nevera y para subir la crema con el pitoche en el borde y la rueda abierta poquito para que se vaya creando poco a poco y las burbujas tengan menor diametro, subimos y bajamos unos milímetros sobre la superficie de la leche.",Cliente Amazon,Revisado en España el 3 de mayo de 2021
Muy bien,"5,0 de 5 estrellas","Hace un café perfecto
La recordaría sin dudarlo",pAKOAF,Revisado en España el 14 de julio de 2024
Eficacia,"5,0 de 5 estrellas","Rapidez y seguridad en la entrega .
Todo según lo esperado",Vicente,Revisado en España el 19 de junio de 2024
"Muy bonita, los cafés salen excelentes. la recomiendo.","4,0 de 5 estrellas",La llevo poco más de una semana y al principio me había desilusionado porque el café no tenía ni la textura ni el sabor de los cafés que me puedo llegar a tomar en una cafetería.. hasta que comprendí que el error era mío pues estaba usando un café que no era el adecuado para este tipo de máquinas... Recomiendo el pack con el nombre marcilla es el que estoy usando ahora y la verdad va de lujo el café cremoso como en pocos sitios he visto.. el sabor prácticamente idéntico o mejor qué en algunas cafeterías. Lo único negativo que tiene esta máquina es que para apretar el brazo con el café dentro al pesar tampoco la máquina la mueves intentando poner recto el brazo.. así que con una mano te toca agarrar la máquina y con la otra apretar es el único punto negativo que tiene. Eso y que las instrucciones del brazo de vapor no viene muy bien explicadas. Pero si no el café le doy un 10 ( también el sabor y la textura del café dependerá de lo que usemos). PD: la máquina calienta con rapidez el agua por lo que no tenemos que estar esperando cómo algunos comentarios dicen 5 minutos.. no pasan 30 segundos y ya la tienes caliente para poder utilizarla espero que siga dando este rendimiento dentro de seis meses y no se estropee a los tres como también se dice en otros comentarios.. la recomiendo 👌👌,Crisher,Revisado en España el 10 de febrero de 2021
Buen producto,"4,0 de 5 estrellas","Le quito una estrella por el ruido infernal que mete, como te hagas un café a las 6 de la mañana da por seguro que vas a despertar a la parienta.",J garci,Revisado en España el 2 de diciembre de 2023
Buen diseño pero poco funcional,"3,0 de 5 estrellas","Después de varios meses probando la cafetera, tengo varios pros y algunos contra.
Pros:
El diseño es muy original.
Es elegante.
Buena presión.
Contras:
No entra una taza de café normal.
Hace mucho ruido.
La presión es en dos tiempos, es decir, primero hace un primer intento de sacar el agua, para después ajustar la presión, lo cual hace que el café no salga igual.
En conclusión, lo que peor llevo, es que no entre una taza normal.",Itchi,Revisado en España el 6 de noviembre de 2023
Bonita. Buen cafe.,"4,0 de 5 estrellas","Tiene un diseño muy bonito. Para ser un electrodomestico casero esta muy bien. Hace buen cafe. La leche tarda un poco en calentar y sacar espuma, pero es muy aceptable. Me gusta.",Mar,Revisado en España el 24 de noviembre de 2023
Muy contentos,"4,0 de 5 estrellas","La verdad es que estamos contentos con la compra. El café sale muy bueno y la función vapor funciona perfectamente. El diseño una vez en casa, es muy bonito si bien tiene más plástico de lo que esperaba. Es muy fácil de limpiar y su manejo es súper sencillo",Los Mordiscos,Revisado en España el 13 de octubre de 2023
Bonita pero no es lo que yo pensaba,"2,0 de 5 estrellas","Estéticamente está bien pero no funciona como yo esperaba,el café no sale con esa crema que ponen en las fotos ,es como una cafetera de goteo más no tiene la presión necesaria para hacer un buen cafe,nada contenta.",Maggie,Revisado en España el 5 de julio de 2024
No duró,"2,0 de 5 estrellas",Dejó de funcionar tras pocos meses de uso. Compramos otra de mejor marca y ahora somos más felices.,Randy,Revisado en España el 21 de julio de 2024
Bonita pero de calidad inferior a otras del mercado,"3,0 de 5 estrellas","La cafetera tiene un diseño retro muy elegante y los colores están bien elegidos. Lástima que las pares ""metálicas"" sean pintura ""purpurina"" poco disimulada.
Pese a los 20 bares, hay cafeteras de 15 bares en el mercado que dan mucho mejor resultado. El sabor del café se resiente. El filtro no queda encajado o enganchado a la cazoleta y, pese a que siendo muy larga es muy cómoda de usar, el filtro se cae muy a menudo (hay que sujetarlo con una pestaña).
A pesar de todo, ha que tener en cuenta el bajo precio aunque, por un poco más, la calidad percibida se podría mejorar mucho.",Cliente Amazon,Revisado en España el 9 de junio de 2023
Aceptable,"4,0 de 5 estrellas","El café sale bueno, pero no excesivamente potente. Si quieres hacer mucha cantidad, o una taza de desayuno vas a tener que meterle un par de cargas, pero para un café de tamaño normal cada vez, está muy bien. Además es muy bonita",Juan,Revisado en España el 20 de julio de 2023
Buen café,"4,0 de 5 estrellas","Ofrece la posibilidad de hacer un buen café. Aunque los accesorios no son fáciles de limpiar. Sobre todo el brazo, que es el que más se usa.",Cliente Amazon,Revisado en España el 9 de octubre de 2023
Es muy bonita y práctica,"3,0 de 5 estrellas","La cafetera es una preciosidad y va muy bien, la única pega que me sabe el café como a plástico nose si con los usos se quitará ese olor..",Fran Rivera,Revisado en España el 17 de noviembre de 2023
Buena maquina pero ...,"4,0 de 5 estrellas","La estética es buena, para café cumple muy bien su trabajo. Mu buena bomba. Utilizo café molido muy fino y lo presiono mucho en el filtro, aun así el café sale lento pero fluido, como una profesional... y está muy rico y con crema. Nunca ha tenido problemas.
Sin embargo tiene unos fallos, es muy ruidosa y vibra mucho, hasta las tazas se mueven a causa de las vibraciones y hay que tenerla en su sitio para que no se muevan durante la emisión del café.
Aún no he entendido bien como funciona el vapor, si sale pero la maquina sobre calienta, los led parpadean rápido, y hay que hacer una maniobra para enfriarla que aun no he entendido.
Aunque parezca simple, el manuales esta mal echos y cuesta entender los detalles sobre el funcionamiento.
Finalmente estoy contento aunque hay detalles que habrían podido mejorar ... muy buena es la relación calidad/precio.",Cliente Amazon,Revisado en España el 10 de julio de 2021
Paciencia para entenderla.,"4,0 de 5 estrellas","Play Video
Es bonita, aunque se ve un poco plástica.
Para empezar a usarla ármate de paciencia, porque es bastante lío.
En general para el precio que tiene esta bien.
Hace bastante ruido también, yo que estaba acostumbrada a la de cápsulas. Pero bueno no me arrepiento de comprarla. Con el tiempo supongo que me irá siendo más cómoda.",Paula,Revisado en España el 15 de marzo de 2023
Solo me gustó el diseño,"2,0 de 5 estrellas",No se calentaba . Tenía fallo,MANUEL,Revisado en España el 24 de junio de 2024
Contentos,"4,0 de 5 estrellas","La cafetera llegó en la fecha prevista a pesar de ser festivo. A la vista es muy bonita con ese toque retro y el color mint que la hacen llamar la atención.
la cafetera trae la cuchara/ prensador de café y 2 filtros, para 1 taza de café y para 2. Probamos a poner ambas en el brazo y muy bien.
Antes de usarla gastamos un depósito con agua y vinagre por los comentarios que decían que olía a plástico y genial. 0 olor
El tubo vaporizador para calentar la leche va bien, puedes hacer espuma si te gusta el café espumosito. Tiene una rueda en el lateral y ahí controlas la presión.
Le pongo 4 estrellas porque al principio fue una locura, tardó una eternidad en dejar la luz roja fija, no subía la presión.... pensábamos que tendríamos que devolverla, pero de repente la presión empezó a subir, el agua salía y pudimos estrenarla.
Esperamos que de buen resultado y poder seguir disfrutándola",Sheila Rodríguez,Revisado en España el 2 de noviembre de 2020
Me lo esperaba mejor,"4,0 de 5 estrellas","La cafetera es muy bonita, muy retro y me encanta.
Mis botones creo que funcionan al revés de lo que pone la lógica de apagar para abajo y encender para arriba pues en mi caso no.
De limpiar facil no es porque en donde va el brazo del cafe aunque hagas lavado y des con una ballena etc algun posi de café lleva. Lo que no me gusta nada pero nada de nada es que este modelo no para solo o sea que tienes que poner el café estar mirando y pararlo tú, por lo que si usas un vaso queda aguado (yo tomo café largo) y para que este intenso es un culin de una taza de café... nose... creo que me arrepiento un poco y todo porque me enamoró visualmente",Inés,Revisado en España el 15 de julio de 2021
"Mal la cafetera, peor Amazon","2,0 de 5 estrellas","Muy negativa experiencia con Amazon, pero como son muy inteligentes solamente se pueden evaluar los productos y los vendedores, pero no a Amazon. La cafetera es bastante pobre, lamentablemente me dejé llevar por mi pareja al elegir esta cafetera por su diseño pero incluso la misma marca tiene otras cafeteras más funcionales. Ya al recibirla notas que es de juguete, de plástico, liviana y endeble. Efectivamente al usarla, el café es muy pobre, la bandeja de goteo no tiene altura suficiente para que quepan tazas grandes, la cuchara dosificadora es más grande de lo que cabe en el portafiltros, el filtro no queda sujeto al portafiltros por lo que es muy fácil tener accidentes y que se vuelque y es imposible darle un sacudón para vaciarlo después de su uso, el brazo portafiltros no encaja bien en la cafetera, hay que hacer mucha presión y aún así no termina de encajar, y al ser la cafetera tan liviana no se aguanta al hacer fuerza, por lo que, de nuevo, hay que hacer equilibrio y es es muy incómodo y fácil tener un accidente. Ya al subir la perilla para encenderla la cafetera se levanta, así que se pueden imaginar al hacer fuerza con el portafiltros. No es una cafetera nada útil para usar a diario. Recomiendo esta cafetera exclusivamente si le das mucha importancia a lo superficial y prefieres algo cuqui a algo bueno. En caso contrario hay alternativas mejores por menor precio. Incluso así, la cafetera en persona se ve, a mi gusto, bastante cutre. Contacté a Amazon para intentar cambiarla pero al haberla pagado, en parte, con un cupón, me respondieron que perdería el cupón por lo que no me sale a cuenta y me la he quedado. Muy descontento y enfadado con Amazon, una marca que se hace ver como enfocados en el cliente y su satisfacción, en este caso sin dudas podrían haberlo hecho mejor. Su gestión del caso fue definitivamente mala.",Germán,Revisado en España el 2 de abril de 2021
Preciosa,"5,0 de 5 estrellas","Cafetera preciosa. Hace bien café si haces tú mezcla como a ti te gusta. Los resultados son bastante sorprendentes la verdad. Es muy bonita con su aspecto vintage, buen tacto y parece resistente. De momento todo bien con unos meses de uso.

Si fuera algo más grande no pasaría nada, por el tema de que todo está algo junto pero por el precio de cafetera no se le puede pedir mas. Cecotec una vez más me sorprende a pesar de que la gente no le tiene mucho aprecio a esta marca.",Emilio R. B.,Revisado en España el 4 de julio de 2023
2 años a durado,"3,0 de 5 estrellas","Compre esta cafetera en 2021 y estamos en julio de 2023 y se ha destruido, se han soltado los tornillos y ha acabado partida en 3 trozos. Durante estos años la cafetera a ido a peor, al principio apenas hacía ruido y al poco empezó a ir a más, hasta hacer un ruido brutal. No volvería a comprarla.",Mónica,Revisado en España el 12 de julio de 2023
"Calidad, precio y además bonita","5,0 de 5 estrellas","Llevo poco menos de una semana con la cafetera y la verdad es que estoy encantando con ella, el café sale buenísimo, me costó practicar un poquito pero la espuma para hacer capuchino sale muy bien, agua caliente para hacer infusiones muy bien... La verdad que por 85€ que lo compré de oferta, encantado. La única pega es que no de la dosis de forma automática, tiene uno que cortar el café... pero ese no es problema.",EGDJ,Revisado en España el 10 de septiembre de 2023
Buen café difícil limpieza,"4,0 de 5 estrellas","La cafetera es monisima no de muy buena calidad todo plástico endeble pero hace un café expectacular con espuma y buen sabor, el ruido es normal y se calienta muy rapido.Lo negativo es que el filtro no deja de gotear incluso si lo utilizas al día siguiente sigue goteando tiene un fondo en el que se queda el agua. Al hacer café haya que dejar caer las primeras gotas ya que son los restos de agua de lavarlo, para mí eso es muy negativo ya que da la sensación de suciedad. Me la volvería a comprar si cambiarán el sistema del filtro pero no creo que repita solo por eso.",Estrella,Revisado en España el 22 de noviembre de 2021
5 cafés y creo que es un acierto,"5,0 de 5 estrellas","La verdad de momento y la recibí ayer, fenomenal. Es bonita, el café está bueno y sin tener ni idea termino de usar el vaporizador y el café ☕ parece de bar de categoría 😁.
Compré está porque estéticamente es muy chula y cecotec es mi robot 🤖 aspirador hace ya muchos años.",Alberto,Revisado en España el 15 de noviembre de 2023
Bonita,"4,0 de 5 estrellas",Lo mejor es su diseño. Sigue siendo más cómodo una de cápsulas pero el café aquí no está mal y como elemento decorativo funciona genial ;),ceslava,Revisado en España el 25 de abril de 2023
"Sorprendente, buen café","5,0 de 5 estrellas","Play Video
Llevamos usándola casi un año y no podemos estar más contentos.
Sinceramente la compré con muchas dudas, porque era bonita pero leí muchas malas reseñas, pero parece que ésta ha salido muy buena.
No tarda casi en calentar, la enciendes y hace un pequeño parón (se ve en el vídeo) y luego arranca. No sé si lo hacen todas, pero la mía si.
El café sale muy rico, la espuma que queda es muy consistente y aguanta, eso me ha sorprendido mucho.
OJO!!! Mucho cuidado!! Casi me vuelvo loca. Tiene un taponcito de goma en el depósito, tienes que quitárselo!!! Nadie te advierte de eso, y eso impide que le entre el agua. Casi me la cargo.",Lucía.gonzalez,Revisado en España el 20 de marzo de 2023
Bonito diseño.,"3,0 de 5 estrellas","Hace un café normalito. Cafetera un poco frágil, cuando haces el café tienes que sujetar la taza para que no se mueva porque tiene mucha vibración.",Alfonso,Revisado en España el 1 de septiembre de 2023
"Manómetro analógico, boa maquinha mas...","3,0 de 5 estrellas",Eres una buenas máquina Pero no cumpre pós requisitos para lo preço que Eres...,Tiago Novo,Revisado en España el 24 de septiembre de 2023
Buen café en una máquina que no es tan buena,"3,0 de 5 estrellas","La primera toma de contacto no es agradable. Demasiado ¨plasticosa¨y las luces típicas de los productos chinos (una luz roja para echar el café y una azul para el vapor). El café sale bueno, y el vaporizador funciona bastante bien, pero da problemas de luces. Es decir, al usar el vaporizador no se queda fija la luz del café y entre apagar el vaporizador y encender el café empieza a salir agua. Un lio y una pena...",Fernando Gallardo,Revisado en España el 10 de febrero de 2023
Buen café. Rápido. Bastante capacidad. Material endeble,"4,0 de 5 estrellas","En general la valoración es positiva. Buena relación calidad-precio.

Pros:
1.- Hace muy buen café (cremoso, con cuerpo), nada que envidiar a las cápsulas.
2.- Muy rápido. Tarda muy poco en calentar para que salga el café, y la leche la puedes tener caliente en menos de un minuto.
3.- Fácil de usar. No tiene complicación, aunque hay una pequeña pega cuando se queda sin agua
4.- Mucha capacidad del tanque de agua.

Contras:
1.- Material muy endeble. Se nota y se palpa que es plasticucho, las cosas como son.
2.- Cuando se queda sin agua, es un rollo. Para que vuelva a echar café o agua hay que encenderla y apagarla varias veces, encender el vaporizador... en fin, que más vale tenerla siempre con agua.",Tejedor,Revisado en España el 14 de diciembre de 2020
Maravilloso,"4,0 de 5 estrellas",El producto es como dice el vendedor.,Eusebio,Revisado en España el 23 de julio de 2023
Muy bonito diseño,"4,0 de 5 estrellas",Muy practica y fácil de limpiar,Trotamundos,Revisado en España el 8 de julio de 2023
De momento con dudas,"3,0 de 5 estrellas","Compre la cafetera porque un familiar la tenía y estaba contento, compre otra más para mi hermana y al probar la suya me di cuenta de que la mía no estaba bien...no calentaba lo suficiente y la aguja del presourizador no se movía, además teni como un pompa dentro. d
Dudaba si era yo que no la usaba correctamente pero a los 26 días literalmente explotó el porta y empezó a salir el agua por todos los bordes. La goma de alrededor del porta se había deformado. Como estaba dentro del plazo de 30 días de devolución la he reemplazado por otra, espero tener más suerte con la nueva. De momento ya he notado que el café sale bastante más caliente y que el presourizador sube la aguja y además no está la pompa.",vico,Revisado en España el 30 de enero de 2022
Buena,"4,0 de 5 estrellas","Hace el café bastante aceptable, aunque se hubiera agradecido que tuviera un poco más de presión y saliera un pelin más caliente.",Jesus,Revisado en España el 12 de marzo de 2023
con esto volví a nacer,"5,0 de 5 estrellas","soy de tomar mucho café. antes tenía otra cafetera que se me rompió y lo lloré más que cuando se murió el padre del rey león.
Tenía un vacío muy grande y estaba con muchas dudas sobre cuál comprar. Tarde más que la sagrada familia en decidirme pero me tiré a la piscina sin saber si había agua... Por suerte había buen cafe",Nicolás Battaglia,Revisado en España el 12 de julio de 2023
"por el precio, vá bien, pero...","2,0 de 5 estrellas","Compré esta máquina para iniciarme en el mundo del espresso. Lo tengo desde hace 1 año, por lo que esta reseña es más objetiva. Tiene portafiltros presurizados, lo cual no es lo ideal. No los uso. Compré un portafiltro no presurizado. La junta de goma del cuerpo de la máquina no soporta la presión y estalla, arruinando el café y ensuciando todo. Si quieres una máquina barata para hacer espresso premolido del supermercado, esta está bien, de lo contrario no recomendaría esta compra. Ahorra dinero y compra algo mejor.",Filipe Almeida,Revisado en España el 14 de septiembre de 2023
Buena relación calidad-precio.,"5,0 de 5 estrellas","Tras más de un mes de uso, puedo destacar que para un uso diario de un par de cafés, da buenos resultados. Tras probarla, me he deshecho de la cafetera de cápsulas. La espumadora de leche funciona muy bien y crea una espuma espectacular.
He de decir que al conectar por primera vez la cafetera y realizar el primer lavado interno, no fue un paso sencillo, puesto que las instrucciones crean algo de confusión en cuanto a los interruptores a pulsar.
Antes de comprarla y leyendo los comentarios, muchas personas señalaban la cantidad de ruido que esta cafetera emitía. Puedo decir, que el ruido es normal. Puede asustar en el primer encendido, ya que al ponerse en marcha todo el mecanismo y hacer esa limpieza, si genera un ruido insoportable, pero una vez realizado ese paso, el nivel de ruido es normal.
En general, estoy muy contento con la compra.",Anonimo,Revisado en España el 8 de marzo de 2021
Fácil hacer café,"4,0 de 5 estrellas","Es muy fácil hacer café con una cafetera simple y robusta como esta. La calidad, al menos lo que he conseguido, del café que se puede obtener es buena, optimizar el resto de variables....
El ajuste del brazo va muy cómodo.
Seria necesario, al menos para mi que a veces tengo invitados contar con dos ""filtros"" más (dobles) y agilizar la preparación de café.
Es fácil de mantener limpia...",Rai,Revisado en España el 10 de marzo de 2022
"Probandola, parece que viene defectuosa","3,0 de 5 estrellas","Llegó ayer por la tarde, en una caja de cartón marrón y unas espumas arriba y abajo para que no se rompiese en el transporte. No traía libro de instrucciones. Como no era mi primera cafetera express sabía que lo primero era hacerle correr un depósito de agua para limpiarla internamente. Lo hice y la dejé hasta esta mañana. Hoy, al irme a preparar mi primer café, empezaron a parpadear como locos ambos leds. Accioné el interruptor del café y la bomba se accionó un par de segundos y se paró. Probé a accionar el interruptor del panarello pero todo siguió igual. El resto se ve en el vídeo. En definitiva, sin caja de fábrica, sin manual de instrucciones y falló en el primer café. La probare un par de días pero no tiene buena pinta",Molinillo,Revisado en España el 3 de octubre de 2021
NO FUNCIONA,"1,0 de 5 estrellas","Hemos comprado esta cafetera, que tiene un diseño muy bonito, pero que no cumple su función... Nos llegó y la probamos haciendo la limpieza inicial con agua. La luz roja no dejaba de parpadear y no tenía presión, pie lo que el agua salía con cuentagotas. Hemos solicitado el reemplazo por otra y ahora no tiene el defecto de la luz pero la bomba no carga agua después de tenerla más de 3 minutos seguidos con el botón del café entendido.
Acabo de solicitar la devolución porque es evidente que hay algo que no está conseguido en este modelo... Una lástima...",N.N.Martin,Revisado en España el 16 de noviembre de 2023
La peor cafetera del mundo,"1,0 de 5 estrellas","Tiene un diseño muy bonito y eso es lo que hace que quieras comprarla, el espumador de leche es para hacer bonito, lo usemos una sola vez y la mande a reparar, cuando me la devolvieron la cafetera seguía igual y nunca hemos podido utilizar esa opción (solo puedes envíarla a reparar una vez, lo de la garantía también es mentira) En la dosis de dos cafés siempre sale más por un chorro que por el otro. El color madera del brazo, se va desconchando y al final queda negro, la he aguantado dos años…espero que mi reseña le sirva a alguien y q no os dejéis engañar como me paso a mi",happy_family_23,Revisado en España el 30 de mayo de 2023
"No funcioman bien, mala calidad","1,0 de 5 estrellas","A pesar de tener una estética retro muy bonita, esta cafetera no funciona bien.
Compré la primera y el botón de encendido se quedaba parpadeando y no salía el café, pedí a amazon el reemplazo por otra del mismo modelo y de nuevo ha vuelto a fallar, esta nueva sí hace café pero le falla el espumador, solo funcionó las dos primeras veces , después la cafetera se calienta mucho y en vez de salir el vapor por el tubito del espumador sale por todas las ranuras de la cafetera.
La primera cafetera fallò el primer día y la segunda el tercero.
He solicitado a Amazon la devolución de segunda y el reembolso del dinero. Esta vez compraré otra de mejor calidad.
No recomiendo esta cafetera en absoluto.",SLF,Revisado en España el 29 de diciembre de 2022
LO BARATO SALE CARO,"1,0 de 5 estrellas","Una cafetera que por su precio (50-100€) no pidas más. da sensación de ser de juguete ya que la mitad está hecha de plástico duro. A pesar de todo el café más o menos lo hace de una calidad decente y el vaporizador es correcto para la potencia que tiene. Al igual que montones de reseñas, yo también soy uno de los afectados por fallo en el vaporizador al cabo de 2 meses. si. siempre en 2 meses. Parece que ese es su fecha para que se rompa el vaporizador y empieza a soltar agua por toda la cafetera calentando la parte superior hasta el punto de humear. yo no aconsejaría su compra debido a la lotería que tendrás con ella. Son demasiados casos de cafeteras estropeadas a los 2 meses o antes. Al final he solicitado la reparación, cosa que me llama la atención porque en otras reseñas le dan una sustituta y a mí no me la han querido ofrecer y es que estamos hablando de 20 días laborables sin ésta, con lo que si le sumas a dias naturales, estaré sin ella 3 semanas. Cuando la reciba y se vuelva a estropear (me espero lo peor) pediré una devolución ipsofacto y compraré uno de mejor calidado alternativa.",irroba,Revisado en España el 16 de abril de 2021
Despresurizacion y fallo,"1,0 de 5 estrellas","Haciendo un café por la mañana, nos quedamos sin agua en el cajetín. Mi mujer retiró el cazo que contiene el café y, desde entonces
, el sensor que hace que el café se detenga de forma automática, ha dejado de funcionar.
Llama a la atención, que la cafetera no detecte que se está quedando sin agua.

Definitivamente, no repetiremos. No permite tramitar un cambio, pese a que la cafetera tiene menos de un mes.",Nacho Fernandez Rodriguez,Revisado en España el 30 de junio de 2023
Vieja y rallada,"1,0 de 5 estrellas",He recibido la cafetera hoy mismo y devolveré hoy mismo. Alguien ha tenido mucho tiempo y bien utilizado y no solo ha probado!!!! El depósito de agua todavía está con gotas de agua. Y la pantalla donde están todos mandos está todo rallado.,sandra,Revisado en España el 26 de octubre de 2023
Más ruido que la lavadora,"1,0 de 5 estrellas","Demasiado rollo para hacer un expresó, en el día a día donde vamos todos de prisa no es nada práctica, para hacer un café ensucie media cocina y luego el ruido en la mañana despierta a toda la casa. Devuelta y comprada una automática con 2 años de café gratis",Saitama,Revisado en España el 11 de agosto de 2023
Vuelve a estropearse por segunda vez y me piden q la lleve a 50km de aqui a un punto de recogida!!!,"1,0 de 5 estrellas","Pesimo servicio tecnico. La cafetera se estropeo a los dos meses, se la llevaron a arreglar, un mes despues la trajeron y en pocas semanas esta estropeada.
Ahora me dicen que tengo que llevarla yo a 50 km de mi ciudad para que la arreglen.
Afortunadamente Amazon se hizo responsable y me devolveran el dinero,comprare otra pero no Cecotec que tienes un servicio de atemcion al cliente penoso a la para de la calidad de sus productos.",Carlos Alonso,Revisado en España el 22 de mayo de 2023
No merece la pena,"1,0 de 5 estrellas","Si estás pensando en cambiarte de una de cápsulas a esta por la sostenibilidad, está genial. Pero existen cápsulas fojas sin necesidad de estar cambiando. Es por esa razón por la que nos cambiamos a esta. Si lo que quieres es estar limpiando constantemente la cafetera y todo lo que hay a su alrededor cada vez que se te ocurre echarte un café esta es tu cafetera.",Ángel Fernández Bleda,Revisado en España el 13 de mayo de 2023
Mala calidad,"1,0 de 5 estrellas","¡¡NO COMPRAR!!

Cafetera de muy mala calidad.
Compré una en la tienda CECOTEC y la devolví porque no calentaba bien la leche.
Pensé que solo había salido mala esa cafetera, así que compré otra en Amazon.
Esta, justo al día siguiente de acabar el mes para poder devolverla, el filtro de café estalló, y ahora sale agua y café por donde no debería.

La he tenido que enviar a reparación, y a ver qué me dicen...

Además, queda súper sucia después de hacer café, se queda todo salpicado de café, y sigue goteando bastante una vez retirada la taza

De haberlo sabido, me habría gastado algo más en otra cafetera de mejor calidad",Gabriel Dominguez Romero,Revisado en España el 9 de febrero de 2022
Muy mala. Parece de juguete.,"1,0 de 5 estrellas","Decepcionada con la calidad de los materiales de los que está hecha la cafetera.
Pierde mucha agua.
No la aconsejo en absoluto, se nota que las opiniones positivas están pagadas.",Alicia Arevalo Hermida,Revisado en España el 4 de diciembre de 2023
Una basura,"1,0 de 5 estrellas","Primero que creo que la que a mi me vino no era nueva, la caja estaba muy deteriorada y a las pruebas me remito que ese mismo día ya no funcionaba.

Hace muchísimo ruido, empezó a parpadear muy rápido unas luces que, después de buscar Info en internet, por lo visto era que si le entraba aire al conducto había que purgarlo primero. Luego parpadeó otra luz diferente que ,tras buscarlo en internet también, significa que no puedes usar al mismo tiempo el café y el calentador de leche. Vamos, que hay que hacer un curso para que la cafetera te haga café.

Material de plástico malo, plástico del que sabes que va a durar dos telediarios.
Al día siguiente solicité la devolución a Amazon, muy decepcionado con la marca.",Carlos,Revisado en España el 5 de enero de 2022
Ha durado lo que ha durado…,"1,0 de 5 estrellas","La verdad que estaba muy contento con el producto pero cada día me he ido desenamorando cada vez más, me explico:

Pros:

El sabor del café no es malo, y la crema que deja arriba es agradable.

Contras:

La cafetera tira agua por un tubo una vez le quitas el interruptor del café, lo que hace que se quede como aguachirri si no le quitas la taza.

Cuando le das al vapor, suena como una locomotora y el tacto a plasticazo que tiene toda la cafetera no resulta nada agradable.

Como añadido, el calentador de leche ha dejado de funcionar tras un mes de uso por lo que a gusto la devolvería, una pena que mi pareja tirara el embalaje y el libro de instrucción/garantía y que el plazo de devolución de amazon acabara ayer, aun así, me la intentaré quitar de encima",Iñaki,Revisado en España el 29 de agosto de 2021
Producto con garantía defectuosa.,"1,0 de 5 estrellas","Este electrodoméstico se averió hace un año y sigue en reparación. no me han informado de nada ,ni sé nada del producto, me parece vergonzoso que vendan productos con esta deficiente garantía.",Juan Atanasio Carrasco Sanabria,Revisado en España el 23 de octubre de 2023
No ha durado ni un año,"1,0 de 5 estrellas","Hacia buen café pero al año empezó a perder agua por las juntas entre el plástico de la carcasa , no da bien resultado ni un año ha durado",olga alonso,Revisado en España el 18 de septiembre de 2023
"mala calidad, se rompe facilmente","1,0 de 5 estrellas","mucha estética.poca CALIDAD plásticos marítimos, y.a la.semana que la.compre dejo de dar cafe se racalentaba pese a.bajar la temperatura de la.manera que indica el.manual, la mande a servicio técnico el cual me.respondio que era por no descalificar, y me.la.devolvieron, la.volvi a utilizar y nunca funciono.... una vergüenza un desastre el.servicio.postventa..... la devolví directamente no la recomiendo para nada",Ricardo sebastian bruno,Revisado en España el 14 de marzo de 2023
NO LA COMPREIS,"1,0 de 5 estrellas","PÉSIMA COMPRA. La compré por el diseño pero es todo plástico, lo peor y básico es que NO FUNCIONA, el botón de encendido se queda continuamente parpadeando, incluso estando todos los interruptores en OFF, teníamos que desconectarla de la corriente para que cesara el parpadeo. La acabo de devolver. No caigáis en la trampa.",JGR,Revisado en España el 14 de enero de 2023
Cafetera que no coge presión,"1,0 de 5 estrellas",Hicimos el pedido de la cafetera que vino bien embaladla y demás pero a la hora de encenderla no coge presión. Solicitamos una nueva y la sorpresa fue que la segunda cafetera le pasa exactamente lo mismo. No sabemos si es una tirada de ese color defectuosa o que la propia cafetera da problemas,Gemma,Revisado en España el 28 de febrero de 2023
El equipo ha dejado de funcionar a los 33 dias,"1,0 de 5 estrellas","El equipo deja de coger agua y por lo tanto no hace café, se procede a la limpieza del mismo y sigue igual.Al pasar más de 30 días (33 desde la compra) no tiene devolución.Remito mensajes al comprador
Indican que remita los datos del email pero Amazon lo borra.Solicito a Amazon que se haga responsable.",Pedro N.,Revisado en España el 3 de abril de 2023
estafa,"1,0 de 5 estrellas",ni un mes de uso y ya se atasca o deja de soltar agua y ahora tengo que llevarlo yo a reparación porque el cartero para la devolución no apareció y ya dicen que se anulo por error y se paso el tiempo...,ALB,Revisado en España el 28 de marzo de 2023
"Muy bonita, pero es plástico de poca calidad","1,0 de 5 estrellas","Se ve preciosa, pero es toda de plástico y poca calidad, tiene unas luces que parecen de feria, no me ha gustado nada la verdad",Nika,Revisado en España el 28 de julio de 2023
Mal funcionamiento,"1,0 de 5 estrellas","Por desgracia la cafetera salió mal, temblaba y la taza se movía echando a perder el café, el café no tenía buen sabor y además seguía perdiendo goteo después de hacer el café. Fatal…",Candela G.,Revisado en España el 26 de junio de 2023
"Defectuosa, usada, servicio pésimo de amazon","1,0 de 5 estrellas","No funcionaba, la caja tenía signos de uso, seguramente reacondicionada, perdía mucha agua, e incluso se le lleno el medidor (foto), pedí devolución, me enviaron un mensaje de que la recogían entre las 9:00 a las 19:00 y nunca vinieron, todo el día esperando para nada, un desastre.",Santiago,Revisado en España el 10 de enero de 2023
Ha durado 20 días...,"1,0 de 5 estrellas","Muy bonita y facil de usar, solo tres palanquitas, recuerda a las cafeteras antiguas. La primera vez que se enciende, o cuando se queda sin agua, tarda en coger la presion de funcionamiento, despues va rapida... A falta de cogerle todavia el tranquillo con el tipo de cafe a usar o la presion de este, pero ese es otro tema...
Reedito... A los 20 días ha dejado de funcionar, el manómetro no funciona, cuando la luz deja de parpadear que es cuando supuestamente está preparada, le das a la palanquita de echar café y no hace nada. Un 10 al servicio de devolución de Amazon y un 1 a la cafetera",Rosario Rosa de Paz,Revisado en España el 17 de diciembre de 2020
"3 compradas, 3 devueltas.","1,0 de 5 estrellas","Por dios... Tres cafeteras compradas, las 3 defectuosas, la primera con el mango roto, las otras dos no tenían presión ninguna, como dicen muchos comentarios, la calidad de Cecotec en todos sus productos es pésima.",Rafael,Revisado en España el 13 de julio de 2023
BUEN CAFÉ...PERO SE ME HA ESTROPEADO AL MES DE COMPRARLA,"1,0 de 5 estrellas","El producto es realmente tal y como se oferta en Amazon. No es relativamente fácil que eche a andar, pero una vez suelta el primer café, todo va sobre perlas. El problema que al levantarme no encendía la cafetera, de ninguna de las maneras. Así que muy decepcionados. La hemos enviado al servicio de reparación de Amazon (comprando previamente una caja, llevándola a Correos, etc...) y ahora nos toca esperar mínimo 20 días o 1 mes más. En fin, no aconsejamos comprar un producto que se estropea al mes.

Me la han arreglado y se ha vuelto a estropear. NO LA COMPREEEEEEEEEEN",Gabriel clavero chicano,Revisado en España el 4 de enero de 2021
No funciona,"1,0 de 5 estrellas","Era un regalo de reyes y ha sido imposible utilizarla.
Hemos ido a limpiarla y no hemos podido. El manómetro no se mueve, no indica nada de presión y no sale nada de agua ( y supongo que en su caso tampoco café).
Una auténtica decepción. Hemos seguido escrupulosamente las indicaciones de uso y nada...
La compré pq la empresa era española, pero no volveré a comparar nada de esta marca.
Mañana intentaré ponerme en contacto con el servicio técnico por si hay que hacer algo que se nos pasó y si no hay solución rápida procederé a su devolución.",LOLA,Revisado en España el 6 de enero de 2021
Mala,"1,0 de 5 estrellas","La compré por el diseño, pero cafetera mala",Francisco Sanchez,Revisado en España el 20 de noviembre de 2023
Engañado,"1,0 de 5 estrellas","Es tirar el dinero, no comprar productos CECOTEC",Lalo Cantero,Revisado en España el 27 de septiembre de 2023
De pena!!! Muy mal,"1,0 de 5 estrellas","La verdad que faltal. Cafetera usada... En mal estado... Y con lo del aire a presión sin funcionar, es una pena que entreguen productos de esta manera. Así no!!!",Alberto,Revisado en España el 9 de mayo de 2023
LA PEOR COMPRA DE MI VIDA.,"1,0 de 5 estrellas","Si, muy bonita por fuera y todo lo que quieras pero nefasta por dentro, llevo un año y poco con ella. Ya se le han roto los botones varias veces, botones que he tenido que arreglar yo. Luego fue el tubo de la leche y ahora el agua que debería salir por la parte del café sale por el tubo de la leche, me pongo en contacto con servicio técnico y NADIE, NADIE me da una solución. 90€ a la basura no vuelvo a comprar nada de esta marca.",ROCIO SENÉ LÓPEZ,Revisado en España el 23 de diciembre de 2021
Cafe aguado no prensa bien.,"1,0 de 5 estrellas","No se si es que vino fallada pero salen 2 segundos de cafe y luego sale agua sucia. He tenido otras cafeteras expresso y se que no es lo normal que funcionen asi. Además el control de la temperatura tampoco funcionaba bien, encendia el aparato y a veces en 30 segundos ya dejaba de titilar indicando que estaba lista para el uso… otras veces la encendia y pasaban mas de 3 minutos y la luz no dejaba de titilar nunca. La he devuelto /:",Estefania,Revisado en España el 11 de enero de 2022
Mala experiencia,"1,0 de 5 estrellas","Malísima llevo tres meses con ella y ya no funciona ,dejar de funcionar hace tres semanas y aquí estoy intentando haber si puedo hablar con alguien para haber la solución",Elisa,Revisado en España el 17 de marzo de 2023
No funciona correctamente.,"1,0 de 5 estrellas","No funciona. Le sale agua por todos los lados. Ni intento el cambio, la devuelvo directamente porque ya había leído que había pasado algo por el estilo en algún otro caso.",Usuario Kindle,Revisado en España el 29 de mayo de 2023
Fatal un desastre!,"1,0 de 5 estrellas",Bueno la cafetera un desastre se ha estropeado los leds(servicio técnico) luego vuelve y se le estropea el vaporizador (servicio técnico) luego vuelve y al mismo día explota literal explota el vaporizador (servicio técnico) muy mala experiencia sin duda no compro nada mas de cecotec muy mala marca mejor pagar un poco mas y ir a algo mas de calidad. En todo este proceso que sigue en el servicio técnico... Me he comprado una Nespresso y eso si que es una maravilla no falla jajajajajaj muy mala experiencia de verdad no la recomiendo.,enric,Revisado en España el 14 de mayo de 2021
Chasco con cecotec,"1,0 de 5 estrellas","Después de dos meses utilizando (tres cafés al día, aproximadamente) deja de funcionar. Intento hablar con el vendedor, Cecotec,ni señal de vida. Menos mal que Amazon me a devuelto el importe y gracias a ellos no tengo un pisa papel de forma de cafetera. Ahora a buscar otra, y que no sea Cecotec, ya que mi intención era que la arreglaran,para eso esta los dos años de garantía, pero nada de ellos. Gracias Amazon, por resolver me el problema.",francisco javier vargas molina,Revisado en España el 29 de diciembre de 2021
Nefasto servicio postventa,"1,0 de 5 estrellas",La cafetera a los 15 días de uso ha empezado a perder agua y no enciende. Por error tiramos la caja original y por eso ya no nos la cambian. Menos mal que cecotec tiene un servicio muy competente y nos la va a reparar o cambiar si no tiene solución. Pero por parte del vendedor siendo tan nuevo el producto no entiendo que no haga excepción cuando Amazon también se lo ha pedido.,Ana,Revisado en España el 24 de octubre de 2021
Mala calidad - no recomendada,"1,0 de 5 estrellas","Comprada en marzo, en julio estalló, se solicitó reparación y volvió un par de semanas después y sigue dañada. Mala calidad. No la puedo recomendar.

Por favor ver en la foto el estado después de hacer un café. Simplemente explota y esparce café 1 metro a la redonda.",Cesar,Revisado en España el 6 de agosto de 2022
Imposible hacer 3 cafés en 1 hora,"1,0 de 5 estrellas","Si te gusta tomarte las cosas con calma y sin prisa, esta es tu cafetera. Más que nada porque no hemos conseguido hacer ni tres cafés en 1 hora. El primero 8:30h de la mañana. La cafetera no ha tomado la temperatura adecuada hasta las 9:00h para el segundo café. La apago y cuando enciendo a las 9:30h no deja de parpadear y avisar de que está demasiado caliente. A las 9:45h he desistido y estoy haciendo la devolución por Amazon.",Cliente Amazon,Revisado en España el 3 de febrero de 2021
No me ha salido buena,"1,0 de 5 estrellas",Se la han llevado ya dos veces por que no funcionaba bien,Pablo,Revisado en España el 5 de julio de 2023
Pésima compra,"1,0 de 5 estrellas","Compre está cafetera por las reseñas que tenía y peor no me a podido salir.
Al mes de comprarla, se rompió y la tube que enviar al servicio técnico. Me la enviaron al mes supuestamente reparada. Al probarla me di cuenta de que no era así. Preferí no hacer nada, pues no tengo tiempo ni puedo pedir permiso para devolverla. La peor compra que e hecho",Alberto,Revisado en España el 31 de marzo de 2022
siempre hay algún problema,"1,0 de 5 estrellas",tuve que descambiar la primera por otra porque no funcionaba y esta que tengo al poco tiempo ha dejado de funcionar el vapor de la leche,Yoni Rubio,Revisado en España el 2 de marzo de 2023
Malisima,"1,0 de 5 estrellas","Compre una y no funcionaba, la cambie por otra y igual y tampoco funcionaba.
La mujer cerelita hasta me pregunto que le pasaba a estas cafetera que se la llevaban mucha gente para descambiarla.",Perez,Revisado en España el 9 de febrero de 2023
"Mala calidad, no te va a durar mucho","1,0 de 5 estrellas","Continuamente se atasca y deja de echar café, según el servicio técnico es debido a la cal que se acumula en el interior de la máquina. No obstante, no es normal que se vuelva a atorar al par de días después de haber hecho una descalcificación profunda. Pérdida de dinero, NO LA RECOMIENDO.",DMG,Revisado en España el 31 de mayo de 2022
Cafetera,"1,0 de 5 estrellas","Es muy difícil de usar, además no se si venia defectuoso, o es que no sabíamos usarlo, pero no funcionaba tal y como decía en las instrucciones. Tardamos mas de tres cuartos de hora para hacer un café, y cuando queríamos hacer otros, teníamos que esperar a que la maquina se enfriara, para poder empezar de nuevo. Es decir que es muy lenta y complicada.",Cliente Amazon,Revisado en España el 10 de enero de 2022
Dos compradas y 0 funcionan,"1,0 de 5 estrellas","La mujer la quería por el diseño (mala forma de guiarse por un producto) pero confiamos en la marca española. Nos llegó una, la probamos y no funcionaba. Pedimos reemplazo, llegó la nueva y tampoco funcionaba. Un desastre lo de Cecotec.",Ricardo F.,Revisado en España el 4 de agosto de 2022
"Cecotec Cafetera Express Power Espresso 20 Tradizionale para espressos y cappuccinos,","1,0 de 5 estrellas","una porquería, es de plástico, tiembla toda entera , hace un ruido de mil demonios, una porquería, un timo es malísima lo peor que e visto en la vida, y encima como noes prime te la comes con patatas y un estafado mas sin poder reclamar nada, yo nunca mas",vicente,Revisado en España el 17 de diciembre de 2021
Las envían dañadas.,"1,0 de 5 estrellas","Horrible, es la segunda q me traen y no funciona. Ni presión, ni sale agua. Nada. Una vergüenza. Esta claro que ni test de calidad ni nada, sino no estarían así ya de un inicio. Una perdida de tiempo.",Cliente Amazon,Revisado en España el 23 de julio de 2022
Pésimo producto,"1,0 de 5 estrellas","Acabamos debolviendola. Hace un ruido tremendo, salpica y el café está muy malo. Además es imposible de limpiar el tubo del vapor, es nada higiénico",Sonia,Revisado en España el 4 de febrero de 2023
Sale agua por todos lados,"1,0 de 5 estrellas","Sale agua por todos lados , después del 2do mes de uso ha dejado de funcionar",Lucas,Revisado en España el 7 de junio de 2022
No funcionó,"1,0 de 5 estrellas","Compré hasta dos cafeteras porque me gustaba el diseño.
Una de ellas no calentaba y ni salía el agua y la segunda tampoco salía agua y ademas el cristalito de la temperatura venía roto.
Un desastre",Cliente Amazon,Revisado en España el 18 de julio de 2022
Buen café hasta que deja de funcionar,"1,0 de 5 estrellas","La presión de la cafetera nunca ha llegado a ser potente. Ahora, justo 2 años después de comprarla, no llega a 3 bares de presión por lo que hace infusiones de café en lugar de café . Y qué casualidad, la garantía de 2 años acaba de expirar. Fantástico.",LONBARC CONSULTING,Revisado en España el 23 de marzo de 2022
HORRIBLE EL SERVICIO TÉCNICO,"1,0 de 5 estrellas","El producto, el cual tengo es de hace solo 4 meses, lo he tenido que enviar 3 veces al SAT Y SIEMPRE LLEGA CON UN ERROR DIFERENTE. No me lo cambian aún viendo que falla y que es nuevo, lo he tenido menos en casa que Cecotec en su servicio técnico. Una vergüenza. Ahora me falla por cuarta vez y ni así se dignan a cambiarla. Nunca más.",Laura Bordonali Roman,Revisado en España el 30 de abril de 2021
Mala calidad,"1,0 de 5 estrellas","El color es muy bonito y el diseño también aunque es plástico en su mayoría pero la primera no echaba vapor la cambié y la segunda al quitar el filtro este explotó literalmente y tiró Cafe para todos lados, ahora la he devuelto y buscare otra marca.",Adriana,Revisado en España el 4 de diciembre de 2021
Sin comentarios de momento,"1,0 de 5 estrellas",Me ha durado 2 semanas y y alleva casi un mes reparando,eduardo,Revisado en España el 25 de mayo de 2023
No funciona,"1,0 de 5 estrellas","Acabo de recibir la máquina y no deja de parpadear cuando se calienta y no sale agua, así que muy decepcionado, ahora a devolverlo con todo lo que ello implica.",Carlos,Revisado en España el 21 de octubre de 2022
2 solicitadas y 2 defectuosas,"1,0 de 5 estrellas","Nos llegó la primera cafetera y no llegó a encender. Solicitamos un reemplazo. Nos llegó la segunda cafetera y tenía la apariencia de no ser nueva por el embalaje.. Ésta encendia pero nunca llegó a coger presión. Seguidos los pasos del manual uno a uno. También la devolvimos y solicitamos reembolso. No puedo opinar de la calidad del café, nunca llegué a hacer uno.",Ruben,Revisado en España el 30 de enero de 2021
Le falta presion,"1,0 de 5 estrellas","En el trabajo tenemos una de este tipo y... Es bastante mejor.
Creo que simplemente la del trabajo tiene más presion",Manolo,Revisado en España el 2 de octubre de 2022
DEVUELTA,"1,0 de 5 estrellas",No sube el agua por tanto he procedido a devolver. Pongo una estrella porque no me permite continuar.,Carlos,Revisado en España el 17 de octubre de 2022
no era rico el cafe,"1,0 de 5 estrellas","lo he devuelto pq el cafe no salia, bien caliente, era muy aguado y ademas es dificil de encajar el cafe en la maquina pq nmo tiene anclajes.",Claudio M.,Revisado en España el 25 de abril de 2022
Cafetera cumbia,"1,0 de 5 estrellas",La Caja viene defectuosa,Cliente Amazon,Revisado en España el 9 de junio de 2023
"demora una eternidad en calentar, no va bien!! No va bien","1,0 de 5 estrellas","No funciona bien
La aguja de la temperatura no se mueve y va fatal todo!!",Juan jose,Revisado en España el 27 de diciembre de 2022
Mala calidad,"1,0 de 5 estrellas",Producto de mala calidad al mes de haberla comprado empezo a fallar el espumador calentandose mucho la parte de arriba de la tapa y seguido empezo a fallar a la hora de sacar cafe. Precioso diseño pero muy mala compra!,Cliente Amazon,Revisado en España el 15 de abril de 2021
"Me lo han vendido roto, y no lo puedo devolver","1,0 de 5 estrellas","Muy decepcionado, me lo han vendido roto, no funciona bien, se sale el agua por dos sitios, los botones se vuelven locos,...un desastre de verdad. Ruego encarecidamente que nadie compre esta cafetera de la marca Cecotec",Luis Ferrer Galván,Revisado en España el 13 de septiembre de 2021
Cafetera usada y faltan piezas,"1,0 de 5 estrellas","Al llegarme y ver que venía en una caja genérica de Amazon ya sospeché…efectivamente, cuando la abrí, vi que le faltaba uno de los filtros y el mango del café estaba usado, arañado, manchado e incluso olía a cafe.",Jose M.,Revisado en España el 13 de mayo de 2021
Cliente estafado,"1,0 de 5 estrellas","Fatal, se me estropeo a los 3 días de uso. Simplemente dejo de funcionar y listo. Sigo esperando una solución, ya van mas de 6 meses y nose nada ni de mi dinero ni de mi cafetera. Me habéis estafado!!",Jose R.,Revisado en España el 31 de marzo de 2022
Mala,"1,0 de 5 estrellas",No funciona. Instrucciones que no instruyen,Pablo,Revisado en España el 6 de febrero de 2023
Tuve que hacer 3 pedidos porque se estropeaban en un periodo corto de tiempo.,"1,0 de 5 estrellas","La primera tardó en estropearse 6 mese, la Segunda en 1 mes y la tercera me vino rota. Además tuve que enviarlas a arreglar previamente y al poco se volvían a estropear .",Eva,Revisado en España el 25 de junio de 2021
Artículo estropeado,"1,0 de 5 estrellas","Es una cafetera China de plástico. Uno ya espera que el café no salga muy bueno y que la cafetera no dure mucho. De hecho la compramos sólo por el diseño. Pero que salga estropeada de la caja me parece excesivo ¿Qué controles de calidad pasa esta gente? No es la primera mala experiencia con cecotec, pero será la última.",joaquin alberto garcia mas,Revisado en España el 17 de septiembre de 2020
Que se puede devolver,"1,0 de 5 estrellas","Me gusta el diseño antigüo, y la sencillez para hacer el café.
Pero nos gusta el café americano largo y no nos da suficiente.
No cumple nuestras expectativas.",Leo1953,Revisado en España el 30 de octubre de 2021
Pésima,"1,0 de 5 estrellas",La peor compra que he hecho . Me ha durado dos meses . A los dos meses dejó de echar café . No se la recomiendo a nadie .,Cliente de Amazon,Revisado en España el 9 de junio de 2022
Cafetera usada,"1,0 de 5 estrellas","Acaba de llegarnos la cafetera y lo primero que vemos es que está dañada, pero luego nos hemos dado cuenta de que esta cafetera ya ha sido usada, tiene una especie de capa de cal en el filtro. Pediremos cambio, espero que no nos intenten timar de nuevo. La miraremos a conciencia...",TANIA,Revisado en España el 10 de marzo de 2021
"He pedido dos, ninguna funciona bien.","1,0 de 5 estrellas",He recibido dos. La primera funcionó dos semanas y después dejo de encenderse. La segunda vino con agua dentro del reloj de presión ¿? y además no rellena los vasos de forma similar. Creo que devolveré está segunda también. No se si no estoy teniendo suerte o que este modelo tiene tendencia a estar defectuoso,Gabriel,Revisado en España el 29 de diciembre de 2020
Decepcionada,"1,0 de 5 estrellas","En mi primer opinión le di todas las estrellas, pero tengo q modificarlo, a los 15 dias no funcionaba el vapor, solicite el cambio por otra igual, mellego la nueva el 28 de diciembre y hoy dia 17 de enero solicité la devolucion de la cafetera y del dinero, tenia el mismo problema q la primera",Carmen,Revisado en España el 30 de noviembre de 2020
NO LA COMPRÉIS!!!,"1,0 de 5 estrellas","Se me ha roto justo a los 8 meses de comprarla , recomiendo buscar otras opciones porque es de muy mala calidad! Me la han reparado y viene rota igual, NO LA COMPRÉIS",Cliente Amazon,Revisado en España el 19 de diciembre de 2021
"Compra barato, paga dos veces","2,0 de 5 estrellas","No vale para darle un uso diario, llevo con ella un año y 5 meses utilizandola todas las mañanas y note que a cada vez el cafe sale peor, he limpiado y mantenido la cafetera como indica el manual ademas de que la cazoleta donde se introduce el filtro fue perdiendo su lacado y se puso mas oscura tanto el vaporizador como la salida del cafe fueron perdiendo presion paulatinamente hasta que ahora no hace bien su funcion, La calidad no es su punto fuerte, no la recomiendo a no ser que se use en pocas ocasiones y la compres por su estetica como parte de la decoracion",Rubén Insua Caamaño,Revisado en España el 16 de octubre de 2022
Demasiado ruidosa,"2,0 de 5 estrellas","Es muy ruidosa, si te haces un café se oye por toda la casa, es bastante compleja de limpiar la parte del café.
No he acertado con la compra.",Jesus,Revisado en España el 13 de agosto de 2023
Es floja,"2,0 de 5 estrellas",Es muy bonita pero es un poco floja,Santi Lopez,Revisado en España el 15 de noviembre de 2023
Me la esperaba mejor,"2,0 de 5 estrellas","Las cazoletas que van alojadas en el brazo van tan flojas que se caen. Después de la función de vapor da fallo y no deja hacer café hasta apagar. Los materiales tampoco son buenos y aunque pone 20 bares de presión, no se nota mejor que una de 15... No la recomiendo",Amazon Customer,Revisado en España el 18 de marzo de 2023
Par de mejor de lo que es,"2,0 de 5 estrellas",La compré pensando que era mejor de lo que realmente es.,Alin G.,Revisado en España el 30 de septiembre de 2023
Pagas diseño,"2,0 de 5 estrellas","En garantía ya peto por manguito del vapor, mojo placa base.
Al año, lo mismo, acabé antes reparandola yo comprando la pieza que mandandola a cecotec...
Acabé por anular vaporizador...",Dani S.,Revisado en España el 10 de abril de 2023
Para nada lo que buscaba,"2,0 de 5 estrellas","El problema de la cafetera que no calentaba el agua y empezaba hacer el café, para nada con la precisión que necesita o la que marca el vendedor, el diseño es muy chulo pero no es para nada lo que busco, tengo que desir que el sabor del café muy bueno, pero sin presión. La devuelvo. Buscaré otra cafetera más adelante.",Marcos N,Revisado en España el 27 de mayo de 2022
Escupe agua para todos lados,"2,0 de 5 estrellas","Hola! No tiene ni un año de uso y mi cafetera hace esto, y no entiendo el porque, esta limpia y siempre se usa agua potable, necesito solucion, gracias",Florencia A.,Revisado en España el 23 de abril de 2023
No es todo lo que prometen,"2,0 de 5 estrellas","La verdad,me ha decepcionado bastante,deja unas burbujitas en la crema que hace muy tedioso tomar el café viéndolas,muy raras.A pesar de tener 20 bares,no hace gala de ellos,el café,aguado,y la crema,no de muy buena calidad.Es muy bonita,fácil de usar,de limpiar,pero a la hora de disfrutar el café,no lo estoy disfrutando ,la verdad.Se calienta muy rápido,eso sí,pero no hace buen café.",Alejandro Dario Pérez Costa,Revisado en España el 17 de mayo de 2022
No me ha gustado,"2,0 de 5 estrellas","La cafetera funciona bien, aunque toda la cafetera es de plástico, y cuando hago un café y uso la espumadera para la leche al 2do café seguido que hago no funciona, supongo que se calienta y hay que esperar un rato a qué se enfríe, eso me pasó en 2 ocasiones y a la 3ra ya no funcionaba, la he devuelto.",Jose,Revisado en España el 30 de enero de 2022
Ya llevo dos devueltas,"2,0 de 5 estrellas","Su funcionamiento no es nada estable, ya he devuleto dos maquinas Cecotec Cafetera Express Power Espresso 20 Tradizionale. Deja de funcionar, al otro dia funciona, despues otros días sin funcionar... No la recomiendo. O he tenido mala suerte, o es que son malas de verdad.",Ely,Revisado en España el 1 de abril de 2022
Decepción,"2,0 de 5 estrellas","Después de darle muchas vueltas elegimos esta, ya que cecotec funciona bastante bien.
Al 5 día dejo de hacer leche, solo salía agua.
A parte de ser súper ruidosa.
El diseño es muy bonito pero el resto deja mucho que desear.
La pude devolver sin problemas.",A,Revisado en España el 23 de marzo de 2022
No me ha gustado,"2,0 de 5 estrellas","La compré por capricho, me gusta mucho rl aire vintage que tiene pero he tenido que devolverla en pocos días.
Es muy ruidosa y vibra mucho, lo que hace que la taza se mueva y se salga el café. Es apropiada para café expreso pero un café de mayor tamaño hay que desconectar y esperar a que se caliente el resto del agua, por lo que tienes que interrumpir el café a mitad de tiempo.
Personalmente no me ha gustado y he tenido que comprar otra.",Sidonia,Revisado en España el 11 de abril de 2021
Modelo bonito pero regulero,"2,0 de 5 estrellas","La devolví porque a pesar de ser bastante bonito el modelo los materiales son muy plastiqueros, además de qué la que a mi me llegó concretamente no le funcionaba el vapor para la leche. Por ese precio esta marca tiene modelos mejores.",Esther,Revisado en España el 2 de enero de 2022
Defectuosa,"2,0 de 5 estrellas","Lo he devuelto porque no funcionaba bien. Al principio no salía el café, después el vapor. Parecía q estaba atorado, de repente empezó a funcionar, pero de repente sonó como un golpe de presión y empezó a salir vapor desde dentro de la máquina. El café seguía funcionando pero con poca presión y no salía el vapor para montar la leche",sebas,Revisado en España el 28 de noviembre de 2020
"El sabor bien, funcionamiento del producto deficiente.","2,0 de 5 estrellas","El café lo hace bueno, pero el producto en si es deficiente. El brazo portafiltros no trae nada que lo sujete bien cuando quieres tirar los restos de café (una pestaña de madera que se levanta) pero que no se sujeta bien. La parte para calentar el agua, no gira bien hay que estar apretando para que funcione.",Inmaculada Moreno Delgado,Revisado en España el 12 de abril de 2021
No calienta lo suficiente el café,"2,0 de 5 estrellas",No me gustó que el café no sale lo suficientemente caliente una pena..,paloma a.,Revisado en España el 21 de julio de 2022
No recomiendo,"2,0 de 5 estrellas","Reiteró mi comentario . Menos de un año después el cacito se está desintegrando ! Suelta un polvo negro súper tóxico que te mancha el café . Además , no obtengo respuesta para su cambio , y eso que cogi una garantía adicional de dos años …",Paula,Revisado en España el 27 de marzo de 2021
Faral,"2,0 de 5 estrellas","Fatal!!! En dos años dos veces rota y barata no es, no se me ocurrirá más.....",Olga Palao Román,Revisado en España el 17 de enero de 2022
buen cafe a buen precio!!,"2,0 de 5 estrellas","facil de usar, un bonito diseño,materiales sencillos, cafe bueno, pero como no es automatica tienes q cogerle el punto para q te salga mas o menos fuerte. La presion para cremar la leche bastante buena. Relacion calidad /precio, muy buena",Finita Ares,Revisado en España el 13 de febrero de 2021
Uhm,"2,0 de 5 estrellas","Lamentablemente dejo de funcionar a los dos meses

Es como que no le llega la presión para el café",Bags Up,Revisado en España el 9 de abril de 2021
Pagas la marca,"2,0 de 5 estrellas","La cafetería duro 6 meses, el servicio técnico me la devolvió exactamente igual que se la entregué",Cliente Amazon,Revisado en España el 8 de abril de 2021
Al poco de tenerla se estropeo,"2,0 de 5 estrellas","Al poco de tenerla se nos a echo una grieta al lado de la válvula de presión y se a despegado la carátula plateada, y el calienta leches no funciona! Es muy buena marca y a nosotros nos a salido mal...",Cliente Amazon,Revisado en España el 3 de marzo de 2020
No me ha gustado la calidad de la maquina,"2,0 de 5 estrellas","Máquina de plástico, café aguado. Devuelta al 3er día.",Carlos Grande,Revisado en España el 16 de mayo de 2021
Cafetera vintage,"2,0 de 5 estrellas","El diseño es muy bonito y nos queda genial .
Hace buen café, lo único es un poco ruidosa.
Después de 2 meses de uso ha dejado de funcionar.",Maria,Revisado en España el 16 de enero de 2020
Poca potencia,"2,0 de 5 estrellas",No tiene mucha potencia aunque el diseño es bonito,teodoro l.,Revisado en España el 12 de junio de 2023
Muy bonita pero mala calidad,"2,0 de 5 estrellas","Muy bonito su aspecto retro. Me la compre muy ilusionada, me encantaba. Pero al poco de tenerla se rompió la parte donde encaja el cacillo, se arregló. Al poco tiempo el mango destrozado, y por último se rompe el reloj de la presión. Solo la tengo dos años y esta para tirar. En resumen!! Decepción total. Muy mala calidad. No la recomiendo",M&M,Revisado en España el 8 de enero de 2023
Decepcionado,"2,0 de 5 estrellas",El café sabía y olía a goma recalentada. Pedí la sustitución de la cafetera por otra idéntica. El café seguía sabiendo a goma recalentada. Cambié por otra cafetera de otra marca y se solucionó el problema del sabor. NO cambié el café.,Rafael Miñana,Revisado en España el 13 de noviembre de 2021
Servicio al cliente nefasto,"2,0 de 5 estrellas","La cafetera funciona bien. Mi problema es con el servicio al cliente de Cecotec. Tal y como me indicó Amazon, para pedir unos repuestos, tenía que contactarles con un formulario. Sin embargo, me respondieron una vez pero no ha habido solución con eso, con lo que les pedí ayuda y me ignoran por completo. Sólo por esto, me lo pensaré dos veces antes de comprar algo de esta marca.",Rocio,Revisado en España el 18 de noviembre de 2022
"Probandola, parece que viene defectuosa","3,0 de 5 estrellas","Play Video
Llegó ayer por la tarde, en una caja de cartón marrón y unas espumas arriba y abajo para que no se rompiese en el transporte. No traía libro de instrucciones. Como no era mi primera cafetera express sabía que lo primero era hacerle correr un depósito de agua para limpiarla internamente. Lo hice y la dejé hasta esta mañana. Hoy, al irme a preparar mi primer café, empezaron a parpadear como locos ambos leds. Accioné el interruptor del café y la bomba se accionó un par de segundos y se paró. Probé a accionar el interruptor del panarello pero todo siguió igual. El resto se ve en el vídeo. En definitiva, sin caja de fábrica, sin manual de instrucciones y falló en el primer café. La probare un par de días pero no tiene buena pinta",Molinillo,Revisado en España el 3 de octubre de 2021
"No está mal, pero podía estar mejor","3,0 de 5 estrellas","La experiencia empezó con mal pie. La cafetera que pedí es el modelo Tradizionale, y cuando llegó no funcionaba. Nada. No cargaba agua y hablando con el servicio técnico de Amazon conseguimos que soltase (malamente) vapor. Inmediatamente, me enviaron otra. El cazo no encaja perfectamente en el giro y hay que poner las tazas un poco ladeadas, aunque así solucionas el problema de la vibración. Se sacude como una máquina de pulir suelos y las tazas se pasean por la rejilla. Tengo que levantarme muy temprano y hace tanto ruido que no me atrevo a encenderla para no despertar a toda la casa. De una marca como CECOTEC esperaba otro tipo de cafetera.
Ciertamente, para lo que es cumple su trabajo perfectamente. Hace bien el café y sube la espuma de la leche perfectamente, pero es la Barbie Ruiditos. Traqueteo para el vapor, vibración para el café. Ronronea como un Airbus, la verdad.",Cliente Amazon,Revisado en España el 8 de abril de 2021
Podria estar mejor,"3,0 de 5 estrellas","La compré en noviembre, en diciembre tuvimos un desperfecto, que fue solucionado por CECOTEC. En eso es excelente el servicio al cliente
El sabor del café no acaba siendo lo mejor y el vaporizadore se queda corto en potencia",D,Revisado en España el 5 de marzo de 2023
Bonita pero decepcionada,"3,0 de 5 estrellas","La compré con ilusión para regalársela a mis padres. Pero tras darle varios usos e intentos, se puede apreciar desde el primer día que el café no sale caliente del todo como debería salir, por todo lo demás sería perfecto, pero al final siempre tienen que meter el café en el microondas para calentarlo porque no sale caliente del todo directamente.
Me da pena porque fue un regalo y al final terminaron usando la cafetera tradicional por comodidad de no tener que hacer el café y calentarlo después.",Anais,Revisado en España el 14 de enero de 2022
El color acero inoxidable es color celeste,"3,0 de 5 estrellas",El color acero inoxidable parece como gris en las fotos y en realidad te llega una de color celeste. La devolví sin probar,lorena,Revisado en España el 12 de enero de 2023
Café frío y muy suave,"3,0 de 5 estrellas","Antes tenia una ufesa antigua y mucho más barata ... y el café me sabia mejor. Esta cafetera vintage es preciosa, hace buena espuma pero el café no sale bien caliente y hai que esperar unos segundos para utilizar el vapor. Además he tenido que usar el doble de la cantidad de café que usaba antes para conseguir una taza de desayuno ligeramente oscuro. No es para amantes del café. Tuve que devolverla",jose Manuel,Revisado en España el 11 de mayo de 2021
Servico post venta fatal,"3,0 de 5 estrellas","Intenté que me cambiaran el producto tras una avería y me dijeron que no entraba en garantía.
Tuve que comprar una nueva al ver que no se iban a hacer cargo. Muy decepcionado ya que la cafetera funcionaba muy bien y era muy bonita.",Hèctor,Revisado en España el 6 de enero de 2022
"Fácil de usar, pero malos resultados.","3,0 de 5 estrellas","Es fácil de usar, pero el café lo hace mas bien malucho. Probé con diferentes cafés y con unos mejor que otros pero ninguno bueno. No hacía casi nada de espuma a pesar de la presión que tiene.",Cliente Amazon,Revisado en España el 11 de diciembre de 2021
Bastante decepcionante!,"3,0 de 5 estrellas",Funciono muy bien pero al año se rompió y tuvimos que acudir a la garantía para arreglar la bomba de agua. No hubo problema en el arreglo y he de decir que muy bien pero no creo que sea normal que al año se rompa. Además hace demasiado ruido al encenderla desde el primer día!,Drannyan,Revisado en España el 21 de mayo de 2021
"La cafetera bien, el servicio técnico no tanto","3,0 de 5 estrellas","Lo peor el servicio técnico. La cafetera hacia un ruido extraño despues de usar el cremador. La mandamos para que la vieran y nos devolvieron una que no era la nuestra, porque el cremador acababa en una especie de filtro o esponja y esta es toda metalica. Nadie sabe nada...",Fompe,Revisado en España el 4 de junio de 2021
Recomendable con peros,"3,0 de 5 estrellas","La única pega que pongo es que es muy delicada con el prensado y a la hora de moler el café. Si lo dejas demasiado molido no sale bien el café y si lo prensas, en mi opinión, de una manera normal también falla. Eso sí, cuando el café sale bien, es delicioso!!!",Zaira Amo González,Revisado en España el 18 de marzo de 2021
Café no apto para beber,"3,0 de 5 estrellas","Compre producto reacondicionado y se supone que el fallo era la carcasa,pero durante varios días estuve probando la cafetera y el café era horroroso,de no poder beberlo....eso si la cafetera es una cuchara pero de decoracion nada más,por supuesto la he descambiado",Beatriz M,Revisado en España el 1 de julio de 2021
Plástico que hace un café excelente,"3,0 de 5 estrellas","Máquina que hace un café excelente y el vapor que echa es también de gran temperatura potencia y rapidez. Punto malos: todo plástico, parece de juguete, no pesa casi nada y para enroscar el filtro del café en la máquina tienes que abrazarla como si no hubiera un mañana porwue es todo plastiquete.",JESUS,Revisado en España el 8 de febrero de 2021
maquina expreso media,"3,0 de 5 estrellas","cuando se hace el cafe sale templado el agua no sale caliente sale a 40-45 grados y para tener un buen cafe el agua tiene que salir minimo entre 70 y 80 grados con conocimiento de causa, sin embargo cuando se calienta la leche o infusiones el agua sale bastante caliente a unos 70 grados porque es solo agua o el vapor es mi opinion no volveria a comprarla",Antonio,Revisado en España el 19 de diciembre de 2019
"Es preciosa, pero no saca un café expresso. Uso un buen café","3,0 de 5 estrellas","El modelo es muy bonito, pero no saca un buen café cremoso.. El brazo de la máquina no encaja del todo bien cuando la torva está cargada..Súper fácil de limpiar",Haridian,Revisado en España el 15 de junio de 2021
Tenía un fallo y la tube que devolver,"3,0 de 5 estrellas",No pude tenerla mucho tiempo por qué tenía un fallo,Pilar,Revisado en España el 19 de enero de 2022
Poderia ser mejor,"3,0 de 5 estrellas","Creo a la temperatura dela agua es baja para extrair mas sabor del cafe.
Quando uso vapor para leche tenho que desligar la maquina por 10min para usar nuevamente",Eddie,Revisado en España el 27 de marzo de 2021
Pesa demasiado poco,"3,0 de 5 estrellas",Pesa muy muy muy poco al quitar el palo dónde va el café o ponerlo te llevas la máquina entera siempre jaja. Es bastante bastante molesto pero bueno te acostumbras. Bonita es,Adam,Revisado en España el 26 de enero de 2021
Aceptable pero podría mejorar,"3,0 de 5 estrellas","En general esta bastante bien, pero hay algunos detailes que no están a la altura como el mango del filtro que al ser de plástico pintado se comenzó a desconectar inmediatamente. En cuanto al café, sale aceptable pero podría mejorar... no se si es que le falta presión o que tengo que probar con otras marcas...",J.F. Ruiz,Revisado en España el 17 de abril de 2020
Cafetera cecotec,"3,0 de 5 estrellas",La cafetra es bonita y por este precio no se puede esperar mas. El cafe sale cremoso pero para mi gusto bastante aguado por lo que la devovi.,Quillo,Revisado en España el 22 de enero de 2021
No es el sabor que esperaba,"3,0 de 5 estrellas","El sabor del café no es muy bueno, lo echa con espuma que está muy bien, pero para mi gusto sabe mejor el café en una cafetera exprés de las que se pone al fuego",Rosa Maria Poto Mesa,Revisado en España el 2 de noviembre de 2020
Me esperaba mejor cafetera.,"3,0 de 5 estrellas",Esperaba que tuviera más presión !,Cliente Amazon,Revisado en España el 19 de diciembre de 2021
Poco recomendable,"3,0 de 5 estrellas",Lo que no me gusta es que el cafe sale poco caliente .,Camilo expósito riotorto,Revisado en España el 11 de abril de 2021
Estética buena,"3,0 de 5 estrellas","Es más lo estético y bonita que es, que el funcionamiento.",María del mar Morera,Revisado en España el 20 de marzo de 2021
Regular,"3,0 de 5 estrellas","Regular, no sale muy cremoso.",Caridad Benedicto Albaladejo,Revisado en España el 13 de marzo de 2021
Diseño,"3,0 de 5 estrellas",A veces empieza a hacer cosas raras y no funciona adecuadamente,jose luis perez rodriguez,Revisado en España el 11 de noviembre de 2020
No tan buena cómo esperaba,"3,0 de 5 estrellas","No está mal, pero al calentar la leche, la deja aguada, sale demasiada agua en el vapor y le da un sabor extraño...",Àngels,Revisado en España el 30 de diciembre de 2019
b,"3,0 de 5 estrellas",No usable para hosteleria,Jessica Devzof,Revisado en España el 8 de diciembre de 2019
No llego la nota de regalo que pagué.,"3,0 de 5 estrellas",Todo bien. Excepto que puse una nota de regalo y no se puso nada. Ruego que al menos me devuelvan algo de los 5 euros que me.costó.,marta,Revisado en España el 3 de mayo de 2022
Floja,"3,0 de 5 estrellas","Maquina de mucho diseño pero que sale el café aguado con sabor a quemado, x este precio he tenido otras que eran mucho mejor, además de que se estropeó enseguida y el servicio técnico da pena.. La he tirado a los 6 meses",Inma Escudero,Revisado en España el 27 de noviembre de 2020
Bastante bien calidad precio,"4,0 de 5 estrellas","Play Video
Está bien,díselo bastante bonito,el café está bueno parecido al q se toma en los bares,si el café es de buena calidad, calienta bien la leche y hace algo de espuma,la única pega es que es un poco ruidosa",Sergio,Revisado en España el 7 de enero de 2024
Paciencia para entenderla.,"4,0 de 5 estrellas","Es bonita, aunque se ve un poco plástica.
Para empezar a usarla ármate de paciencia, porque es bastante lío.
En general para el precio que tiene esta bien.
Hace bastante ruido también, yo que estaba acostumbrada a la de cápsulas. Pero bueno no me arrepiento de comprarla. Con el tiempo supongo que me irá siendo más cómoda.",Paula,Revisado en España el 15 de marzo de 2023
Genial,"4,0 de 5 estrellas","Genial, tanto el café como el diseño, lo recomiendo",Esther,Revisado en España el 30 de abril de 2023
Es preciosa,"4,0 de 5 estrellas",Me encanta es súper bonita y fácil de usar,Alba Maria Sánchez González,Revisado en España el 30 de marzo de 2023
Eficiente,"4,0 de 5 estrellas","Es muy fácil y cómoda de usar,la enciendes y enseguida está lista, hace algo más de ruido que la que tenía antes, pero prepara el café muy bueno, con su dedito de crema. El diseño me encanta y además muy combinable.",FMM,Revisado en España el 26 de agosto de 2022
El resultado,"4,0 de 5 estrellas","Muy fácil de hacer el café y muy rico... Lo que hace que lo compre ubos meses y ahora por la parte derecha apenas sale cafe, debo esperar a cuenta gotas....",Sole,Revisado en España el 5 de septiembre de 2022
Muy Justita,"4,0 de 5 estrellas","Maquina muy bonita, pero ruidosa, poco peso, se mueve al cargar el pocillo. El café como cualquier otra de esa clase, nada especial",Juan Alberto Ruiz Orero,Revisado en España el 23 de julio de 2022
Buena compra,"4,0 de 5 estrellas",He de decir que el producto funciona correctamente. Lo único que el cargador de café se óxido a los cuatro meses de tenerla y lo hablé con la marca y me mandaron otra pieza nueva con la que no he tenido ese problema.,Dionisio_forte,Revisado en España el 23 de enero de 2022
Buen cafe,"4,0 de 5 estrellas","Buena cafetera, aunque se me estropeó, pero no tuve problemas para solucionar la reparación, ya que estaba en garantía aún. de momento contento.",José María,Revisado en España el 8 de junio de 2022
Muy robusta.,"4,0 de 5 estrellas","Es fuerte, aguanta el uso, las gomas duran y hace un café decente.",Ángel Manuel Toves Argüello,Revisado en España el 19 de noviembre de 2022
Cafés brutales y llenos de espuma,"4,0 de 5 estrellas","Nos ha gustado mucho el poco tiempo que tarda en calentarse, la facilidad para limpiarla, por no hablar del calentador de leche, que hace una espuma bestial. La primera cafetera nos vino defectuosa con el calentador de leche, pero Amazon no tuvo problemas para enviarnos una nueva en cuanto lo solicitamos. Nos quedan los cafés como en la foto que he subido, estamos encantadas.",paqui felipe gómez,Revisado en España el 7 de abril de 2021
Diseño bonito.,"4,0 de 5 estrellas","La cafetera hace bien el café y se calienta rápido.La estética es muy buena, pero los materiales de construcción son en su mayoría, plástico de muy mala calidad.La rueda que regula el vaporizador tiene mucha holgura... aún así por este precio es una buena compra.",Pedro Polo,Revisado en España el 7 de diciembre de 2021
Bastante retro,"4,0 de 5 estrellas",LLegó pronto pero es ocupa bastante espacio,SANSETV,Revisado en España el 11 de diciembre de 2022
Fácil de usar y sin complicaciones. Bonito diseño.,"4,0 de 5 estrellas","Hace un café cremoso, sencilla y sin complicaciones.",Juan Carlos Ramírez García,Revisado en España el 7 de diciembre de 2022
Hasta la fecha encantada!,"4,0 de 5 estrellas",De momento estoy encantada. Por supuesto la calidad del café depende de la calidad del tipo de café que se utilice. La única pega es el calentador de leche. Si te gusta la leche caliente no te será útil y hay que tener en cuenta que después de utilizarse deja la cafetera bloqueada mientras baja la temperatura.,Cliente Privado,Revisado en España el 24 de febrero de 2021
Tiene un defecto que no corta el café por lo demás muy bien,"4,0 de 5 estrellas",Para tomar café u calentar y infusiones,Juan Ramón cintas quesada,Revisado en España el 26 de julio de 2022
Muy chula,"4,0 de 5 estrellas",Cafetera muy chula. Tipo retro. Hace café con espuma muy chula. Lo malo que tienes que cortar tu para que el café no sea demasiado largo. Por lo demás perfecta,raul,Revisado en España el 27 de noviembre de 2021
Buen resultado en general,"4,0 de 5 estrellas","Estamos encantados con la cafetera, es algo ruidosa pero imaginamos que como la gran mayoría. De momento un buen resultado, ahora bien, el cafe que se utiliza el importante.",jorge rodruguez bugallo,Revisado en España el 3 de diciembre de 2021
Hace un café rico. Calidad precio más que aceptable,"4,0 de 5 estrellas",Estéticamente es muy bonita y hace café bueno para el precio que tiene. Estoy contenta con la compra,Ana,Revisado en España el 1 de abril de 2022
Cuplé con las expectativas,"4,0 de 5 estrellas","Cumple con las expectativas, teniendo en cuenta que una máquina mini expresso de buenas calidades vale muy cara. Hacer un buen café tiene su técnica y eso influye el molido del grano , la cantidad aportada, la presión aplicada , pero una vez que le coja el rollo hace un café cremoso y bastante bueno! .
Sobre el ruido que hablan , Ami no me molesta .
Estoy contento con la compra.",Jorge,Revisado en España el 17 de enero de 2020
Aceptable,"4,0 de 5 estrellas","El precio es interesante, su manejo no es complicado, el cafe que se obtiene es aceptable pero esperaba que hubiera sido mejor, sale con espuma, pero su sabor no dice mucho. No entiendo para que ponen un indicador de presión si no se mueve para nada, siempre está en punto muerto , el 0 , parece como si se tratara de un adorno para hacerla mas interesante",Multieverett,Revisado en España el 1 de enero de 2020
Todo bien,"4,0 de 5 estrellas",Es bonita y de momento no ha dado ningún problema,Lourdes,Revisado en España el 20 de enero de 2022
Muy bonita,"4,0 de 5 estrellas","Es muy bonita, el café sale muy bueno pero aún no he conseguido utilizar el calentador de leche porque sabe a plastico. He hecho muchos lavados , pero aún así no he conseguido quitarle el mal sabor",Laura,Revisado en España el 22 de febrero de 2021
Cumple expectativas,"4,0 de 5 estrellas",Cumple la relación calidad/ precio. Tardó bastante en empezar a funcionar. Pero una vez comenzó ha ido todo excelente. Coge temperatura muy rapido. Fácil de usar.,Aran Rg,Revisado en España el 20 de junio de 2021
Recomendable sin problemas,"4,0 de 5 estrellas","Es una cafetera que cumple perfectamente con su cometido, cualquier café que pongas esta mejor que como sabia antes...
La espuma de la leche está muy bien...
Es un poco ruidosa a las 6 de la mañana que es lo único que se escucha... es inevitable...
El estilo y tacto me encanta...",Juan Mejias,Revisado en España el 18 de febrero de 2020
Bien,"4,0 de 5 estrellas","Es muy bonita. Pero a mi el café me sabe a plástico, no sé si es que yo no sé la utilizar bien o que. Pero la cafetera es muy bonita a lo que viene siendo diseño ( es de plástico )",Melisa,Revisado en España el 25 de abril de 2020
ASE bun Cafe,"4,0 de 5 estrellas",Es bastante buena por precio que le ha pagado idea es que tiene muchos plásticos y el Mango es plástico pintado madera. Se puede hacer un café o dos cafés y es importante limpiar el soporte de las copas donde se mete café y no oxida.,Gabriel Olteanu,Revisado en España el 31 de enero de 2020
"Aceptable, calidad x precio.","4,0 de 5 estrellas","Diseño bonito, fácil de usar y limpiar",Ruth,Revisado en España el 15 de enero de 2022
Cumple su función,"4,0 de 5 estrellas","Perfecto, solo que hace bastante ruido, por lo demás genial",Cliente Amazon,Revisado en España el 29 de julio de 2021
Muy bien,"4,0 de 5 estrellas","De momento m parece muy buena, solo tengo que probar con un cafe de los buenos!!!!!",Ariel Sebastián Fraga Joice,Revisado en España el 10 de mayo de 2021
Faborable,"4,0 de 5 estrellas","Play Video
Su facil uso",Joan rigau muñoz,Revisado en España el 3 de mayo de 2021
Fácil y buen cafe,"4,0 de 5 estrellas","Hace muy buen café, espumoso y también la leche es muy espumosa
Que no me gusto? Q creí q lo q se ve plateado era metal y no lo es , pero entiendo q el precio es razonable",Veronica,Revisado en España el 3 de enero de 2020
Esta tarada.....,"4,0 de 5 estrellas",La bandeja del goteo tiene la serigrafia frontal al reves y queda bastante mal !!!!,ODIN,Revisado en España el 26 de marzo de 2021
Estetica,"4,0 de 5 estrellas",muy buena,Jorge R.,Revisado en España el 23 de agosto de 2021
Preciosa,"4,0 de 5 estrellas","Bastante buena,
El vaporizador hace su función pero necesita algo de tiempo. Fácil de usa y preciosa. La atención al cliente de cecotec es maravillosa",andrea,Revisado en España el 18 de agosto de 2020
Muy bonita,"4,0 de 5 estrellas",Esta muy Chula... De momento funciona bien ya el tiempo dira.. Lo que menos me gusta es que todo o casi todo es de plástico pero por el precio que tiene no se le puede pedir más...,oscar,Revisado en España el 24 de noviembre de 2019
Decorativa y buen café,"4,0 de 5 estrellas",Es una cafetera con un diseño muy retro. Fácil de usar. Hace perfectamente el café. Un poco lenta para calentar la leche. En líneas generales la recomiendo para comprar,juan,Revisado en España el 23 de diciembre de 2019
Estupenda,"4,0 de 5 estrellas","Es lo fácil de usar, comodo de limpiar",JOSE LUIS,Revisado en España el 12 de marzo de 2021
diseño,"4,0 de 5 estrellas",Lo mejor el funcionamiento. Lo pero la calidad del plástico,Ximo,Revisado en España el 5 de febrero de 2021
El precio,"4,0 de 5 estrellas",Calidad precio muy bien,juan,Revisado en España el 26 de marzo de 2021
Me gusta,"4,0 de 5 estrellas","Me agrada la estética retro, pero sobre todo, el café que tira. Extraordinario.",Teresa,Revisado en España el 7 de octubre de 2020
Mala experiencia con el vendedor,"4,0 de 5 estrellas",Recibí la cafetera defectuosa y el vendedor no me dio ninguna solución satisfactoria,carla,Revisado en España el 20 de septiembre de 2020
Crema pura,"4,0 de 5 estrellas","La cafetera presenta un buen aspecto, es bonita y lo principal es que hace un café cremoso muy bueno.",Alfonso,Revisado en España el 13 de noviembre de 2019
"Buen café , buena crema.","4,0 de 5 estrellas","Buen café, buena crema y poco ruido .",Jorge,Revisado en España el 5 de septiembre de 2020
Es muy bonita,"4,0 de 5 estrellas","Es muy bonita, pero al final no la uso mucho...",Cliente de Kindle,Revisado en España el 30 de julio de 2020
Diseño rustico,"4,0 de 5 estrellas",Buena cafetera muy buen cafe,Corre caminos,Revisado en España el 17 de septiembre de 2020
Buena calidad,"4,0 de 5 estrellas",Hace un café muy bueno. La única pega es que es un poco ruidoso.,Elo,Revisado en España el 26 de noviembre de 2019
Buena relación calidad precio,"4,0 de 5 estrellas","Muy rico cafe!!!!
Cafetera preciosa",ainara,Revisado en España el 4 de marzo de 2020
Es buena calidad,"4,0 de 5 estrellas",Estoy contenta de comprar esta maquina de cafe.,Ramona,Revisado en España el 10 de noviembre de 2019
Me falla,"4,0 de 5 estrellas","Play Video
Después de un año y medio, me falla, el calentador de agua pierde al hacer el café. Anduvo bien no muy caliente el café como q parece q tiene q calentar más. No está funcionando bien pierde la precion por la pipeta del calienta leche.",Guillermo D.,Revisado en España el 9 de febrero de 2024
Me encanta,"4,0 de 5 estrellas","Muy linda la cafetera pero cuando utilizas la opcion de calentar la leche, como que se sobre calienta y hay que esperar un rato a usar la parte del cafe, igualmente sigo explorando la maquina ya que solo he utilizado la opcion de calentar la leche 2 veces solo",Stefania,Revisado en España el 14 de julio de 2022
"Buena compra, recomendable. Satisfecho!","4,0 de 5 estrellas","Me gusta su diseño vintage. Y el cafe sale con crema y muy bueno. Si eres amante del café, te gustará.
La única pega que hace bastante ruido. En especial las primeras veces, luego parece que algo menos.",Cliente Amazon,Revisado en España el 30 de diciembre de 2021
Buen café. Uso manual. No usar para calentar leche.,"4,0 de 5 estrellas","Bien para hacer café. Como és de control analógico, hay que saber hacerlo y tiene una curva de aprendizaje. También hay que tenerle en cuenta que la bomba de presión quiere un rodaje. Cuando ya ha hecho unos diez cafés empieza a mostrar su calidad.
Por ponerle una pega, la función de calentado de leche no es muy eficiente y hace que la máquina requiera unis cinco minutos de enfriado para volver a hacer café.
En general, muy satisfechos.",Francesc T.,Revisado en España el 9 de enero de 2021
Preciosa,"4,0 de 5 estrellas",Me ha encantado buena calidad de momento,Cliente Amazon,Revisado en España el 18 de diciembre de 2020
"Sorprendente, buen café","5,0 de 5 estrellas","Llevamos usándola casi un año y no podemos estar más contentos.
Sinceramente la compré con muchas dudas, porque era bonita pero leí muchas malas reseñas, pero parece que ésta ha salido muy buena.
No tarda casi en calentar, la enciendes y hace un pequeño parón (se ve en el vídeo) y luego arranca. No sé si lo hacen todas, pero la mía si.
El café sale muy rico, la espuma que queda es muy consistente y aguanta, eso me ha sorprendido mucho.
OJO!!! Mucho cuidado!! Casi me vuelvo loca. Tiene un taponcito de goma en el depósito, tienes que quitárselo!!! Nadie te advierte de eso, y eso impide que le entre el agua. Casi me la cargo.",Lucía.gonzalez,Revisado en España el 20 de marzo de 2023
Una estética impecable y un café extra cremoso.,"5,0 de 5 estrellas","Esta cafetera reemplaza otra Cecotec que se rompió después de dos años. La compré por la estética, asumiendo que sus entrañas serían igual de buenas.
Me ha parecido un acierto. El café tiene una crema más untuosa y el sabor, bueno, el mérito depende del café que uses.
Me encanta el look retro y los botones, y funciona como debería. El medidor de presión no le he encontrado utilidad, pero la hace más bonita.
En negativo, todo lo verde es plástico, lo que me da cierta sensación de fragilidad, pero aguanta perfectamente. Ruido, en la línea de las otras cafeteras que he tenido. De momento estoy muy contento con mi compra.",Mr C Vera,Revisado en España el 24 de febrero de 2022
Buen producto calidad precio,"5,0 de 5 estrellas","Veo reseñas negativas
Y son por no saber utilizar
No kitan el tapón del depósito de agua no llenan bien ni usan la molienda correspondiente etc etc ...k no me gusta
El vapor lo hace bien pero luego se pasa la temperatura para hacer el siguiente café y toca esperar .cosa k hacen todas las de este rango de precio....no veo k justifique una de más valor para una casa .",Miguel Ángel Martín Sanvicente,Revisado en España el 6 de marzo de 2023
Muy bonita y facil de usar,"5,0 de 5 estrellas","Es muy sencilla en el manejo, pero un poco tediosa de limpiar al completo. Si estas acostumbrado a las de capsulas, el sabor que deja esta de grano molido es una maravilla. Como tener el café del bar en casa",peperrelabs,Revisado en España el 9 de agosto de 2023
Fácil de usar,"5,0 de 5 estrellas","Me ha llegado hoy y ya la he probado. El café muy rico. Yo también le eche leche usando el calienta leche.
Para mí está muy bien. Además es muy bonita de diseño.",Mlir,Revisado en España el 7 de septiembre de 2023
Buenísimo café. Nada que envidiar a otras marcas más caras.,"5,0 de 5 estrellas","La mejor que he comprado, sin duda. Había tenido una delonghi que me costó más de 250 euros y me duró justo dos años. El café sale con mucha crema y a una temperatura óptima. Para mi es un punto extra poder parar la máquina cuando considero suficiente la cantidad de café. A la hora de calentar la leche el espumador funciona a la perfección. La calienta rapidísimamente y hace muchísima espuma, incluso en leches vegetales. Las fotos que he colgado son de café al que le he añadido leche de avena. Además el diseño es precioso. Hace aproximadamente un mes que la tengo y puedo decir que incluso cada vez hace mejor el café. Totalmente recomendable.",Francesca B.,Revisado en España el 24 de febrero de 2021
"Excelente cafetera, pésimas instrucciones de uso","5,0 de 5 estrellas","Compre esta cafetera con desconfianza porque las reseñas eran 50% malas 50% buenas, cuando llegó y la puse en marcha fue desesperante, no había manera de hacerla funcionar correctamente, reloj varias veces las instrucciones y no fui capaz, decepcionado decidí devolverla, al día siguiente le volvi a dar una nueva oportunidad y fue increíble, todo funcionaba correctamente, observe mi error al principio, la ruleta del vapor debe estar completamente cerrada para preparar café, se escucha un click de relé cuando la cierras, y es entonces cuando calienta la Caldera para el café, si no la cierras, mete vapor por donde debe salir café y.... Un desastre,
Ahora estoy súper contento con ella, hace un café espectacular",Manuel T,Revisado en España el 11 de junio de 2021
Hasta el momento muy contenta,"5,0 de 5 estrellas","Me decanté por esta cafetera porque me encanta el cappuccino y el café, me gusto el modelo vintage, el color verde porque hace juego en la cocina. Recomiendo usar buen café para el aroma, yo uso Illy, también decir que soy vegana y sale espuma con leche vegetal y sirve para hacer infusiones o tés. Hasta el momento va muy bien, es fácil de usar y de limpiar, tiene opción de una taza de café o dos. La recomiendo totalmente. Merece la pena.",Annette Samy,Revisado en España el 19 de julio de 2022
Mejor que en el bar,"5,0 de 5 estrellas","Hace un café exquisito, con mucha espuma",Samantha González,Revisado en España el 30 de noviembre de 2023
Perfecta,"5,0 de 5 estrellas",Un regalo para mi mujer ...... Va súper bien ..... Fácil de limpiar y muy cómoda .....un 10,Cliente Amazon,Revisado en España el 28 de octubre de 2023
A la segunda.,"5,0 de 5 estrellas","La cafetera funciona bien, la segunda que pedí, la primera la devolví, porque llegó sin piezas jeje pero bueno amazon la recogió sin problema...",Estefanía,Revisado en España el 16 de agosto de 2023
Preciosaa,"5,0 de 5 estrellas","Es súper bonita , con ese toque retro que hace aún más bonito mi rincón de café.
Es muy sencilla de usar y hace un café muy bueno. Encantada con la compra.",Mariangeles,Revisado en España el 20 de julio de 2023
Preciosa.,"5,0 de 5 estrellas",La cafetera es preciosa. Muy fácil d manejar y el café sale buenísimo.,Esteve,Revisado en España el 5 de septiembre de 2023
MMMMM... qué café!!!,"5,0 de 5 estrellas","Esuna cafetera más que buena teniendo en cuenta su precio. El café sale con mucha espuma. En mi caso, aunque había leído coentarios al respecto, no resulta más ruidosa de lo normal, más bien menos. No vibra. De momento la uso a diario hasta tres y cuatro veces y en dos meses no ha dado ni una pega. Sólo tuve un problema de poco cuerpo, pero era porque el café estaba demasiado molido. Cambié de marca, uso uno de marca ""blanca"" y el resultado es espectacular, muy contenta con ella",Alicia de la Torre,Revisado en España el 8 de diciembre de 2021
Cumple de sobra,"5,0 de 5 estrellas","Buen precio, y tras malas experiencias con productos cecotec, este cumple con lo que necesitamos y no ha dado ningún problema",Adonai Dadjou,Revisado en España el 5 de agosto de 2023
Cafetera cecotec,"5,0 de 5 estrellas","Me ha gustado mucho a la hora de hacer el café ,tenía mis dudas pero de momento me ha sorprendido con excelente resultado.",Francisco Muñoz aranda,Revisado en España el 9 de agosto de 2023
Buena cafetera,"5,0 de 5 estrellas","No es dificil de usar, pero si la comparas con una dolcegusto u otra de este tipo, si la encontrarás mas dificil, no es tan automatica, pero esta te permite jugar mas con la mezcla de café, ademas de el espumador de leche que es algo que me gusta mucho. Para comenzar a jugar un poco esta muy bien.",Edwin Quiceno,Revisado en España el 16 de enero de 2023
Así da gusto levantarse por las mañanas,"5,0 de 5 estrellas","Yo tenia la típica máquina de cápsulas nesspresso, pero para quien le gusta los cafés con mas cantidad que un dedo meñique, no sirven, acaban saliendo aguados. Cuando se me estropeó miré y compare y vi esta marca, que en potencia y bares no la ganan ni las maquinas de 300€.
En el video lo podéis ver, que maravilla de espuma del café. Tras la primera vez que tarda un poco, la maquina se calienta en 30 segundos.
Lo de la espuma de la leche, al ppio lo usaba, pero para mi sola, tardo menos en el microondas, pues no lo puedes hacer a la vez el cafe y calentar la leche.",Rocio Bugui,Revisado en España el 8 de febrero de 2021
Cafetera fetera tera ra.,"5,0 de 5 estrellas",Café espectacular.,Jordi Del Castillo,Revisado en España el 24 de noviembre de 2023
Facil de uso,"5,0 de 5 estrellas","Facil de uso , pero que no olvides de quitar el tapon debajo del deposito de agua, el folleto es todo menos fácil de decodificar .",courtois claudeEric Maltaite,Revisado en España el 29 de mayo de 2023
Buena cafetera a buen precio,"5,0 de 5 estrellas","La verdad es que el envío fue rapidísimo, la cafetera tiene muy buena calidad, el tanque de agua es muy fácil de llenar y el diseño es precioso (adjunto foto). El café que hace es rápido y tiene muy buena presión de vapor. ¡Estamos encantados!
Lo malo que le puedo poner es que hace algo de ruido al principio pero luego está bien. Por el precio que tiene, es una maravilla, de verdad",Mia Del Valle,Revisado en España el 23 de octubre de 2019
La máquina hace café muy bueno,"5,0 de 5 estrellas","La máquina está genial y al que le guste el café ,está perfecta para casa",felix,Revisado en España el 17 de agosto de 2023
Muy contenta,"5,0 de 5 estrellas","Aunque al principio no sabes muy bien cómo funciona, cuando al final lo descubres, todo va muy bien. Hace un café estupendo.",Mary,Revisado en España el 18 de mayo de 2023
Preciosa 😍,"5,0 de 5 estrellas",Preciosa 😻,Isabela,Revisado en España el 3 de octubre de 2023
Calidad precio la mejor cafetera del mercado,"5,0 de 5 estrellas",Hace un café espectacular! Con una espuma como si fuese el café de un bar !!! Y de no hablar de cuando montas tu leche y se lo añades... Volvería a comprar otra!!! La recomiendo 100%,Sergio,Revisado en España el 26 de febrero de 2023
Disfrutando de un buen cafe,"5,0 de 5 estrellas","Es rápido, y la leche se espuma con gran facilidad. Ni en las mejores cafeterías 😍",Laura Guadalupe Jurado Ruiz,Revisado en España el 20 de julio de 2023
COMPLETA,"5,0 de 5 estrellas","Me encanta tanto por el modelo retro como por los cafés que realiza,",jcm.studio,Revisado en España el 18 de julio de 2023
Bonita y buen funcionamiento,"5,0 de 5 estrellas","Me daba algo de miedo comprar un producto cecotec, por la mala fama con los patines, pero no puedo estar más contento , funciona bien, rápida en calentar el agua , y sale muy bueno el café. Así que por ahora buena compra.",Ana Maria Quesada Marin,Revisado en España el 30 de octubre de 2022
Muy buena compra,"5,0 de 5 estrellas","Muy buena compra, bonita y funcional y buen café",Héctor,Revisado en España el 16 de julio de 2023
Buen producto,"5,0 de 5 estrellas","Muy buena, hace un café estupendo, tiene mucho que ver el café que utilices",rocio,Revisado en España el 10 de julio de 2023
QUÉ GUAPA ES MI CAFETERA!,"5,0 de 5 estrellas","Suena como una locomotora, pero se lo perdono porque todo lo demás me parece óptimo...y es tan bonita!!!
Me gusta que en el mismo paso, puedo elegir hacer un café en taza grande o dos más pequeños; y si lo quiero más ligero, solo tengo que cerrar el botón del medio cuando se para, y volverlo a abrir para seguir añadiendo agua caliente hasta el punto que deseo. ...aún con leche de avena, me sale una espuma estupenda y cremosa...Me gusta mucho!.",Libelle,Revisado en España el 26 de septiembre de 2021
Cafetera Retro cecotec,"5,0 de 5 estrellas","De momento perfecto,solo la tengo dos días y va bien. Me ha encantado,es súper retro.",Alice,Revisado en España el 3 de julio de 2023
Cafetera cecotec,"5,0 de 5 estrellas","Hace un café muy rico, con espuma",eva maria,Revisado en España el 9 de julio de 2023
Funciona muy bien,"5,0 de 5 estrellas","Me encanta el diseño . Funciona muy bien, el café sale bastante caliente y es muy fácil de usar",Cliente Amazon,Revisado en España el 17 de mayo de 2023
Bonita y va genial,"5,0 de 5 estrellas",Funciona perfectamente. Teníamos nuestras dudas a causa de las opiniones que habíamos leído pero hemos tenido suerte porque todo va perfecto. Hay que leer bien las instrucciones porque como le des a una de las palancas antes de tiempo no saldrá el café y creerás que no funciona.,Jose Dobón,Revisado en España el 26 de noviembre de 2022
Buen producto.,"5,0 de 5 estrellas","Funciona perfectamente, ya usando un tiempo y sin problemas, rápida y hace buen café. Bonita.",Luis Aranda,Revisado en España el 11 de junio de 2023
Buena calidad,"5,0 de 5 estrellas",Todo lo que esperaba funciona perfectamente.,Jorge Cano,Revisado en España el 10 de agosto de 2023
Cafetera,"5,0 de 5 estrellas",Cafetera muy bonita buen café pero un defecto no se corta automáticamente tienes que estar pendiente de cortar tu la salida del café gran fallo para lo bonita que es,Josefa Pérez Santiago,Revisado en España el 21 de febrero de 2023
Funciona bien,"5,0 de 5 estrellas","Bonito diseño. Funciona correctamente, como en la descripción. Café bueno",Antonio,Revisado en España el 23 de mayo de 2023
El mejor café que he probado,"5,0 de 5 estrellas","La cafetera va genial . Es muy fácil de utilizar y es café es muy bueno .
Cuando os llegue no olvidéis sacar el tapón de agua .",Cliente Amazon,Revisado en España el 6 de marzo de 2023
Lo justo para lo que está diseñado.,"5,0 de 5 estrellas","No está mal. Para lo que es, es lo justo. Para cafés grandes (tipo americano) no lo recomiendo, dado que las medidas del porta son para una taza mini (capuchino) o para una taza convencional (ristretto).",Daniel,Revisado en España el 10 de octubre de 2022
Me flipa,"5,0 de 5 estrellas","Es Preciosa! Totalmente como la quería, cafetera tipo Bar, es muy fácil y los cafés están riquísimos. Me compré este carrito y queda perfecto",Amanda,Revisado en España el 18 de febrero de 2023
Me encanta,"5,0 de 5 estrellas","Buena y eficaz. Buen café expresso y con leche. Tiene cuerpo y sale con espuma. La leche la calienta enseguida y consigue mucha espuma si se desea. Es rápida y tiene buen motor. La uso con café molido mezcla básico. La probaré con cafés de mejor calidad y comentaré. Buen producto y no es plasticoso. Maravillosa 100% recomendable. Dudé mucho entre varias marcas y al fin tras la recomendación de un amigo me decidí por Cecotec. En su variedad de modelos mantiene calidad y eficacia a muy buen precio. Este modelo me entró por el ojo y aunque es preciosa por menos precio las hay muy competitivas en su marca. No dudeis si os gusta, no defraudará.",Urriak1,Revisado en España el 5 de noviembre de 2019
Bonita y fácil de limpiar,"5,0 de 5 estrellas","El café sale tan bueno como en otras que he tenido de la misma gama de precios. Estéticamente me parece muy bonita y la base es totalmente desencajable, lo cual facilita su limpieza.",Ruben Ubis Soriano,Revisado en España el 17 de octubre de 2022
Preciosa,"5,0 de 5 estrellas","Café rico y estética muy bonita. Al principio no sabíamos bien cómo usarla (y fíjate que es fácil) pero la primera vez tardó mucho en calentarse y en hacer el café, pensábamos que estaba rota pero después sin problema",Janire Barcenilla,Revisado en España el 26 de mayo de 2022
eXCELENTE RELACIÓN CALIDAD PRECIO,"5,0 de 5 estrellas","En un principio torpeé para hacerla funcionar, una vez superado, va estupendamente bien y hace un café estupendo, muy rico. Estamos muy satisfechos con esta estupenda cafetera.",so_feo,Revisado en España el 7 de octubre de 2022
Bonita y buen café,"5,0 de 5 estrellas",La cafetera no solo es super bonita sino que el café sale muy bueno. Es muy fácil e intuitiva y se limpia en un minuto.,Alma,Revisado en España el 13 de octubre de 2022
Encantada,"5,0 de 5 estrellas","La estética me encanta
Es muy fácil de usar y el café sale buenísimo
Al principio la leche espumada ( que sale perfecta) sabe a plástico ,pero en cuatro usos se va.
Estamos muy contentos con esta cafetera",José Antonio,Revisado en España el 19 de mayo de 2022
Súper contentos :D,"5,0 de 5 estrellas","Es una máquina muy bonita. El café sale súper cremoso y bien caliente. Hace un poco de ruido, pero no molesta. Cuando lo estás usando, parpadea una luz azul y creamos que es un tipo de medidor porque después de hacer unas pocas cafés a nuestra medida, (usamos tazas grandes), ya se para el agua sola cuando la taza se ha llenado!! Estamos muy contentos con la máquina.",Poppylulu,Revisado en España el 6 de marzo de 2021
felicito el producto y muy contento por la compra,"5,0 de 5 estrellas","Es muy bonita,y hace muy buen café cremoso,la leche queda muy bien emulsionada felicito el producto y muy contento por la compra",juan,Revisado en España el 3 de enero de 2023
Muy original,"5,0 de 5 estrellas","La cafetera es tal como en la descripción del vendedor, funciona perfectamente y es muy bonita, encantada con la compra.",Cliente Amazon,Revisado en España el 25 de enero de 2023
"Bien, café bien calidad precio muy bien.","5,0 de 5 estrellas","La potencia es la correcta, el sabor depende del cafe que utilicé.
Es fácil de usar, aunque se agradecería un índice que además indicara cómo funciona para no ir con el miedo de poder estropear algo.",Cliente Amazon,Revisado en España el 5 de julio de 2022
