title,rating,body,author,date
Regalo,"5,0 de 5 estrellas",Me gustó mucho,Cliente Amazon,Revisado en España el 6 de abril de 2024
No ha durado ni la garantía + pésimo servicio postventa,"1,0 de 5 estrellas","Ni los 24 meses de garantía ha durado, y al enviarla a Create han dicho que se ha estropeado por mal mantenimiento, cuando se ha usado con agua filtrada desde el primer día
No ofrecen reparación, ni reemplazo, ni reembolso, 0 proactividad de cara al cliente
Primer y último producto que les compro",MaX,Revisado en España el 3 de abril de 2024
Está bien,"3,0 de 5 estrellas","Después de más de dos meses usándola hace muy buen café, pero me parece que los materiales de la cafetera son malos muy plasticucha Y no sé el tiempo que durará la cafetera, pero para el valor que tiene podría tener unos materiales mejor. Por lo demás, muy muy bien hace un café estupendo",Lorena,Revisado en España el 14 de marzo de 2024
Perfecta!,"5,0 de 5 estrellas","Me encanta! Soy adicta al café y me gusta tomarme un buen espresso espumoso y cargado de sabor. Antes de comprar este modelo, tenía el modelo anterior sin el acabado de madera. Y ha funcionado perfectamente durante 4 años. Luego ha empezado a tener fallos de presión y he decidido cambiar a una cafetera carísima de Delonghi dedica arte y es que no merecía la pena. Hacía el café menos intenso y el espumador de leche no servía para nada, porque dejaba la leche igual de líquida y sin espuma.He vuelto a CREATE porque a parte de tener un diseño tan precioso, hace un café maravilloso y el espumador de leche es una maravilla. Y todo eso por un precio tan reducido, que no hace falta pagar cientos de euros por una cafetera que va a dar un resultado parecido. Lo recomiendo 100%. Espero q esta, con el uso y el cuidado adecuado, dure más de 4 años",Perfecta!,Revisado en España el 22 de febrero de 2024
EXCELENTE,"5,0 de 5 estrellas",como única pega que limpiar el palito del vapor/calientaleche es un fastidio,Sil at,Revisado en España el 20 de febrero de 2024
Un valle realmente bueno por el precio relativamente bajo.,"5,0 de 5 estrellas",Un valle realmente bueno por el precio relativamente bajo.,Sylvie O'Connell,Revisado en España el 5 de febrero de 2024
Magnífica cafetera (café con espuma consistente ) y extraordinario servicio de atención al cliente.,"5,0 de 5 estrellas",Uno de los pilotos no se encendía. Me puse en contacto con ellos y organizaron la devolución sin ningún problema o coste. Mientras compramos otra igual en su página web. Muy buen producto a un precio inigualable.,Alfonso,Revisado en España el 30 de enero de 2024
Muy linda y buena pero fragil,"4,0 de 5 estrellas","La cafetera es muy linda, el estilo es muy chulo y fácil de usar, el unico inconveniente es que es de plastico muy fragil, siempre al poner el cafe hay que tener mucho cuidado porque a la menor fuerza se mueve toda la maquina.",Alexis Vaquero,Revisado en España el 23 de enero de 2024
Precioso diseño y buen funcionamiento a buen precio,"5,0 de 5 estrellas","Si quieres una cafetera sin complicaciones, bonita y a buen precio, esta es una opción genial. El diseño ""retro"" es precioso y el funcionamiento sencillo. Aunque abunda el plástico, se ve robusta. Yo la conseguí de oferta y, la verdad, estoy encantando. No he probado el vaporizador, pero el café sale muy bueno, aunque claro, eso ya depende del tipo de café que le pongas. Una gran compra.",Hank Solo,Revisado en España el 22 de enero de 2024
Buena cafetera de gama baja,"5,0 de 5 estrellas",La famosa cafetera Delonghi creo que se han subido a la parra. Demasiado cara para ser gama baja. Este producto en cambio guarda una buena calidad precio y el resultado es más que aceptable. Me la habían recomendado y creo que es un acierto.,Fernanrouse,Revisado en España el 15 de enero de 2024
Ya no tiene presión,"2,0 de 5 estrellas","Al principio funcionaba bien (menos el vaporizador que solo quema la leche y es tan complicado de limpiar que no lo utilizaba)
Pero después de 2 años ya no tiene presión, tarda más de 5 minutos en llenar media taza de café, y para cuando la ha llenado el café ya está frío… no volvería a comprarla.
Ahora me voy a comprar una que te has mayor presión y calidad, aunque sea más cara",Patri Maison,Revisado en España el 8 de enero de 2024
Estupenda cafetera,"5,0 de 5 estrellas",Café buenísimo fácil de usar,María Elena,Revisado en España el 4 de enero de 2024
Rico,"5,0 de 5 estrellas",De momento bién café delicioso,Gverban,Revisado en España el 28 de diciembre de 2023
Bien,"5,0 de 5 estrellas",Hace muy bueno el café ☕ funciona perfectamente,juan luis,Revisado en España el 27 de diciembre de 2023
Ha llegado roto,"1,0 de 5 estrellas",Ha llegado roto,Cliente Amazon,Revisado en España el 25 de diciembre de 2023
LA PEOR CAFETERA DEL MUNDO,"1,0 de 5 estrellas","La compre hace tan solo unos meses, y me he arrepentido totalmente. Sobre todo porque es una cafetera bastante cara para lo que realmente es.
En tan solo unos meses se descascarado la pintura en varias partes, ya nunca llega a la presión para soltar vapor y siempre tienes que esperar un buen rato para abrir la maneta porque sino echa todo fuera.

De verdad, es patético que cobren tanto por una cafetera que parece del chino.

Para la marca: No solo vale la belleza, también importa la calidad del material.",Emmanuel Etchart,Revisado en España el 20 de diciembre de 2023
Hace nuy buen café,"5,0 de 5 estrellas","Hace muy buen cafe, el material de plástico invluso regilla no me convencen mucho. Y los botones sobre todo el de vapor ay que esoerar alcance temperatura por lo demas estupenda calidad precio y made in Valencia, bravo 👏",NOE,Revisado en España el 15 de diciembre de 2023
Lo bueno que hace el cafe,"5,0 de 5 estrellas","Me encanta desde el diseño hasta su funcionamiento , todo de 10",Café exquisito con su crema,Revisado en España el 3 de diciembre de 2023
Perfecto,"5,0 de 5 estrellas","Después de un par de meses de uso puedo decir que magnífica,hace un café muy rico,calienta la leche muy bien",Balma,Revisado en España el 3 de diciembre de 2023
MARAVILLOSA,"5,0 de 5 estrellas","Excelente calidad, muy bonita y funciona genial, café con crema perfecta, me encanta después de probar varias esta es la mejor compra!!",Elena Valiente Velázquez,Revisado en España el 29 de noviembre de 2023
Hace un cafè muy Bueno .,"4,0 de 5 estrellas",Si la temperatura es demasiado alta cosa que se consigue con el vaporizador.. el cafè sale por fuera del cacíllo.. si la temperatura és adequada hace un café buenísimo i és preciosa,Xavier B.,Revisado en España el 27 de noviembre de 2023
Me encanta,"5,0 de 5 estrellas","Saca un café buenísimo,hace 3 meses UE la tengo y estoy encantada",Cliente Amazon,Revisado en España el 27 de noviembre de 2023
Buen producto,"5,0 de 5 estrellas","La cafetera es muy bonita y hace un café muy bueno, cremoso y con muy buen sabor. Las tazas que hay que usar deber ser bajas porque hay poco altura entre la bandeja y el filtro pero con tazas de tamaño pequeño o mediano no hay problema. Estéticamente combina muy bien con mi cocina y los detalles de imitación de madera le dan un toque muy bonito.",Beardad74,Revisado en España el 18 de noviembre de 2023
Rota a los 2 meses,"1,0 de 5 estrellas","Cafetera de mala calidad. Deja de alcanzar la temperatura y hace imposible hacer café. Deja de poderse espumar la leche. En definitiva, un desastre. Mi recomendación, no comprar",Nicolás De Miguel Rubio,Revisado en España el 9 de noviembre de 2023
Recomendable 100%,"5,0 de 5 estrellas","Después de leer varias opiniones y características de de otras cafeteras y esta, nos decidimos por este modelo.
Y fue un acierto, sencilla de usar y el color rojo queda muy bonito",Juan Carlos Domínguez Hernández,Revisado en España el 4 de noviembre de 2023
Adecuado,"5,0 de 5 estrellas","Funciona bien, el cafe sale rico y por ese precio el diseño es espectacular",Jon ander,Revisado en España el 2 de noviembre de 2023
"Diseño bonito, café regular","3,0 de 5 estrellas",El diseño es precioso pero la cafetera no me ha encantado en funcionamiento. Por ese precio hay cafeteras mejores en el mercado,Violeta,Revisado en España el 21 de octubre de 2023
10/10,"5,0 de 5 estrellas",Me la regaló mi mujer y me encanta. El color es precioso y va genial.,Eric Verde,Revisado en España el 21 de octubre de 2023
Me ha llegado el deposito del agua roto necesito se ponga con contacto conmigo el vendedor.,"1,0 de 5 estrellas",Play Video,Sandry,Revisado en España el 19 de octubre de 2023
Aceptable,"4,0 de 5 estrellas","Hace un café bueno, lo malo el plástico del reposa tazas",Otto,Revisado en España el 1 de octubre de 2023
No es como la foto,"4,0 de 5 estrellas",La compré para mi hija hace ya un par de meses y se lo he dado por su cumpleaños hoy y no es como lo esperaba. No tiene la madera que se ve en las fotos.,Ali,Revisado en España el 26 de septiembre de 2023
nos gusta a todos,"4,0 de 5 estrellas","cuando la recibi me desilusiono tanto plastico, el color me encanto, pero funciona perfectamente y al cabo de los meses creo cada dia hace cafes con mas espuma nos gusta a toda la familia",M C.,Revisado en España el 25 de septiembre de 2023
Perfecto,"4,0 de 5 estrellas",Recomendable 100 x 100,Oscar,Revisado en España el 22 de septiembre de 2023
Bonito diseño,"4,0 de 5 estrellas","Esabamos indecisos de comprar la cafetera al ver algunas reseñas diciendo que no tenía buena calidad y el café salia con sabor a plástico, pero nada que ver, el diseño es muy bonito, si es verdad que no es de metal, pero está muy bien, el café tanto en monodosis como express tiene muy buen sabor, la volveriamos a comprar.",Fernando,Revisado en España el 12 de septiembre de 2023
Buena compra,"5,0 de 5 estrellas","Muy bonita de diseño, preciosa, hace un buen café. Más caras que otras del estilo pero con ese diseño tan bonito merece la pena. Buen café y puesta en la cocina queda espectacular",juan antonio,Revisado en España el 8 de septiembre de 2023
Hace buen café.,"4,0 de 5 estrellas","Es fácil se manejar y el café que hace está buenísimo. El diseño es espectacular, pero no le pongo las 5 estrellas porque se quedan las manchas d gotas de café en el frontal y ya no se quitan con nada. Con un vinilo color madera se arregla, pero estaría bien poder limpiarlo.",Rebeca Muñoz Curiel,Revisado en España el 7 de septiembre de 2023
De momento bien,"5,0 de 5 estrellas","Funciona bien, por el precio no se puede decir mucho. Lo que he notado es:

- Tarda un poquito en calentarse, sobre todo para el vapor, pero nada del otro mundo.
- El tubo de vapor es algo difícil de limpiar
- La calidad es estándar, decente para el bajo precio.
- Es como la foto, muy bonita.
- Hace café con buena crema.

Veremos cuánto dura y el servicio posventa.",Javi,Revisado en España el 5 de septiembre de 2023
Muy buen café,"5,0 de 5 estrellas","Hace muy buen café, fantásticos expresos con su crema... y también funciona con cápsulas ESE, más baratas y ecológicas que las de Nespresso...",Cliente Amazon,Revisado en España el 5 de septiembre de 2023
Bonita,"5,0 de 5 estrellas","Envío rápido a portugal , entrega 📦 perfecta. El color súper bien y funciona excelente.",jhonny carrillo,Revisado en España el 3 de septiembre de 2023
Excelente,"5,0 de 5 estrellas",Fácil de utilizar y hace un café buenísimo,Natalia,Revisado en España el 27 de agosto de 2023
Muy útil,"4,0 de 5 estrellas",La cafetera es muy útil porque te permite hacer el expresso y las cápsulas. Es muy bonita pero los materieles no paracen muy buenos.,Buen producto,Revisado en España el 23 de agosto de 2023
Funciona y bonita.,"4,0 de 5 estrellas",El café sale bastante bien. Es pequeña y decorativa. Recomendada para los amantes del café. Relación calidad precio 100 % Estoy viciada al café.,Clairet Reyes,Revisado en España el 20 de agosto de 2023
No les gustó,"1,0 de 5 estrellas",No les gustó el color y además no parece de muy buena calidad... Una cafetera de juguete..,Javi A.,Revisado en España el 18 de agosto de 2023
"Maquina preciosa, servicio post venta malo","1,0 de 5 estrellas","La máquina era muy bonita, desgraciadamente la devolví porque perdía agua del depósito.
Servicio post venta, malisimo a 10 dias y aun no me han dado el reembolso, ni contestan.

Edito: reembolso conseguido 17 dias despues de la devolucion. Casualmente respondieron que hacían el reembolso mismo dia que puse reseña negativa. Casualidad? :/",Alex,Revisado en España el 11 de agosto de 2023
Mejor como vibrador que como cafetera.,"2,0 de 5 estrellas",Malas calidades. 100% plástico. Ruidosa a morir y si no la abrazas tiembla hasta el enchufe.,"Es bonita, eso es innegable, pero como cafetera es mala con ganas.100% plástico, vibra más que el escape de una Variant así que si no vigilas la taza es probable que termine en el suelo y si trabajas de mañana olvídate de desayunar a menos que no tengas vecinos en 3 km a la redonda pq suena como una zona de obras un Lunes a las 10 de la mañana. Los filtros filtran, pero tampoco demasiado, cada vez que los vacies encontrarás agua dentro. El vaporizador es básicamente de chiste y consume casi la mitad del depósito para 1 café. Pero bonita? Bonita es un ratp",Revisado en España el 10 de agosto de 2023
"Cumple su funcion, funciona bien","4,0 de 5 estrellas","Las instrucciones son bastante limitadas, en ningun sitio habla de como usat las capsulas ESE",Xavi,Revisado en España el 31 de julio de 2023
Buen café,"5,0 de 5 estrellas",Hace un café muy rico y con espuma,LAURA,Revisado en España el 31 de julio de 2023
A los 2 meses dejo de ir bien el vaporizador de leche y Amazon no responde a la garantia,"1,0 de 5 estrellas",A los 2 meses dejo de ir bien el vaporizador de leche y Amazon no responde a la garantia,Norman,Revisado en España el 29 de julio de 2023
En uso,"5,0 de 5 estrellas",Uso la máquina más de dos años. Funciona perfecto,Velin Shibilev,Revisado en España el 27 de julio de 2023
Me encanta 💖,"5,0 de 5 estrellas",Me gusta su color Me trasmite paz y cumple su función,Erika Rodríguez Salvador,Revisado en España el 27 de julio de 2023
Preciosa estética y magnífico café.,"5,0 de 5 estrellas","Es como tener una cafetería en casa, con un filtro para dos tazas y otro para una. Se saca mucho rendimiento de los botes de café de gran calidad en el mercado. Sin embargo, para que las monodosis ese salgan bien, hay que rasgar el papel y verter el contenido en el filtro pequeño de café.",Cliente Amazon,Revisado en España el 19 de julio de 2023
Diseño - Espuma,"5,0 de 5 estrellas","El producto a parte de bonito, es práctico.
No sabe para nada a plástico ni siquiera el primer café que es el del vídeo. Tenía miedo de adquirirla por algún comentario hablando del sabor a plástico.
Hice la limpieza tal cual las instrucciones y a parte, lavé el depósito de agua con jabón y lo enjuagué muy bien.
Me gusta poder utilizarlo con café molido y con cápsulas.
Muy contenta con la compra.
No sé cómo irá la opción de calentar la leche o hacer capuchino.",Curea Mili Mihaita,Revisado en España el 17 de julio de 2023
Buen café,"5,0 de 5 estrellas",Me la compré porque me la recomendó una amiga. Leí las reseñas y algunas mencionaban algo sobre un sabor a plástico. La verdad es que si se limpia tal y como indican las instrucciones no hay ningún problema ni sabor raro. La recomiendo,Cliente Amazon,Revisado en España el 9 de julio de 2023
Muy bonita,"5,0 de 5 estrellas","La cafetera esta muy bien, tiene una estética muy bonita aunque muchos acabados son de plástico. Tampoco podemos pedir mucho ya que una cafetera vintage a este precio está muy bien. Al espumador no le he cogido el punto todavía pero poco a poco 🤣",Lena Gnz,Revisado en España el 12 de junio de 2023
Buen café,"4,0 de 5 estrellas","Café con espuma y funciona genial, es la segunda que tengo. No le doy 5⭐ porque en ese color la base queda teñida por el café. (Aunque no se ve siempre porque está encima la rejilla.",cristina Baigorri,Revisado en España el 6 de junio de 2023
Estoy viciada a lo bueno que sale el café,"4,0 de 5 estrellas","Tardé MUCHO en decidirme porque me daba mucho miedo tantas reseñas diciendo que el café sabía a plástico. Decidí arriesgarme y menos mal, porque no es para nada verdad. Seguí los pasos que pone en las instrucciones para lavarla antes de hacer el primer café y desde el primerísimo café que sale buenísimo no, lo siguiente. Todos mis invitados me dicen que es una pasada.
Eso sí, le he puesto 4 estrellas porque el espacio para la taza es pequeñísimo. Estuve a punto de devolverla porque no me cabe mi taza del café con leche, pero al final he optado por quitar la base cuando me hago el café. La espumadera para la leche no la he utilizado porque le doy a la leche un golpe de micro y el café ya sale con mucha espuma (si no te gusta el café con espuma no la cojas).
Otro punto un poco malo es que me hubiera gustado que fuera un pelín más robusta, cuesta quitar el brazo del café porque te llevas contigo toda la máquina.
Lo que adoro es que el depósito de agua es muy grande y no has de estar constantemente rellenándolo. Para el café vienen dos medidas, la pequeña nunca la he utilizado. Para mi café con leche de la mañana utilizo el tamaño grande con dos salidas. Alguna tarde que he tenido invitados he hecho dos cafés con leche a la vez con esa medida grande, pero quedan flojos. Si eres muy de café, necesitarás siempre la doble para un solo café.
En resumen, con un buen café; la calidad del café es de 10, la máquina preciosa. Lo malo: pesa poquísimo y por lo tanto cuesta quitar el brazo del café y sobretodo, que no cabe la taza :(.
Aún y así, la recomiendo mucho.",Cliente Amazon,Revisado en España el 4 de junio de 2023
A los 3 meses se ha roto,"1,0 de 5 estrellas",Roto a los 3 meses el calentador,Veravera8,Revisado en España el 26 de abril de 2023
Muy buena compra,"5,0 de 5 estrellas","Era una regalo para mi pareja, y le ha encantado muy buena calidad, nos costó cogerle el truco pero después de un par de usos todo perfecto, el sabor de café en nuestro caso fue muy bueno desde el minuto uno, lo único malo que tarda mucho en calentarse pero por lo demás todo bien",Laura,Revisado en España el 16 de abril de 2023
"Gran diseño, café regular","3,0 de 5 estrellas","El diseño de la cafetera es muy retro, tal y como esperaba. Hace cafés más o menos correctos, pero si quieres un café largo el sabor es muy malo, con gusto a metal. Pensábamos que sería al principio de su uso hasta que pasaran unos días, pero llevamos ya más de dos semanas y sigue saliendo con este sabor.",Yemima,Revisado en España el 14 de abril de 2023
Buena cafetera pésimas instrucciones,"4,0 de 5 estrellas","Llegó con el depósito del agua roto, me puse en contacto con el vendedor y me enviaron otro deposito.
La quiero para usar con capsulas ESE y me ha gustado mucho y la maquina es muy bonita, lo malo como suele ser habitual las instrucciones son un desastre, según el croquis el deposito del agua está en la rueda de control del vapor y así un montón de detalles, pone como purgar el circuito del agua, pero muy mal explicado porque solo habla del vapor y pone que se inyecte una vez con el útil que viene y si es necesario repetir hasta que salga agua por el conducto del vapor y así fue, pero por el de salida para el café ni gota y al cabo de 2 minutos me asusté y la paré, seguí inyectado mas agua mientras la bomba funcionaba en seco hasta que le llegó por fin el agua y se puso a fluir después de numerosas inyecciones de agua hasta que se llenara el depósito interno donde debe estar la resistencia sumergida en tal deposito interno. ¿tan difícil es explicar de alguna forma esto? en lugar de hablar solo del vapor que enseguida empezó a salir, pero no el lado del café por lo que estuve a punto de devolverla.",Pedro Maria Alonso Villaro,Revisado en España el 31 de marzo de 2023
Poco fiable,"1,0 de 5 estrellas",La cafetera ha dejado de funcionar correctamente tras 14 meses con muy poco uso. El led verde ya no se enciende y pierde presión por la salida del agua a la cazoleta.,David,Revisado en España el 21 de marzo de 2023
"Además de bonita, hace un café genial!!!","5,0 de 5 estrellas","Fácil de usar, práctica para limpiar y un diseño muy bonito",Rosa,Revisado en España el 15 de marzo de 2023
Ok,"5,0 de 5 estrellas","Calienta muy rápido, echa buen café y hace mucha espuma la espumadera. Un 8 sobre 10",Cliente Amazon,Revisado en España el 12 de marzo de 2023
BUEN CAFÉ,"5,0 de 5 estrellas","Primer café que tomo y muy bueno. Lo importante es el café, por supuesto pero no puede pasar desapercibida lo bonita que es 😊",Yolanda.C,Revisado en España el 11 de marzo de 2023
BUENA RELACION CALIDAD PRECIO,"4,0 de 5 estrellas","Hace muy bien el café, comprando un buen producto y moliendolo correctamente. Es muy decorativa además y de tamaño ideal. Pongo 4 estrellas en el uso, porque viene con un defecto en el botón de hacer el café y apagar, se queda trabado al presionar y hay que apretar dos veces. Espero que me lo resuelvan. Por lo demás y dando por hecho la solución al problema, vendedor y cafetera muy recomendable, 8 o 10 cafés al dia, se lo dice quien la conoce y usa por años y ha sido vendedor profesional de café y cafeteras industriales mas de 20 años.",peluso,Revisado en España el 4 de marzo de 2023
Sabe a plástico,"1,0 de 5 estrellas","Tras hacerle varias limpiezas tal y como indica el manual, sigue teniendo un fuerte saber a plástico el café, incluso huele a plástico",LORENZO C.,Revisado en España el 25 de febrero de 2023
Bien,"4,0 de 5 estrellas","El café muy bueno, lo de calentar la leche regular",MJ,Revisado en España el 21 de febrero de 2023
Devolución por no funcionamiento,"1,0 de 5 estrellas","Tuve que devolverlo por que no conseguí que funcionase.
La devolución sin problema y rápida.",Mercedes Andreu,Revisado en España el 16 de febrero de 2023
Hace un cafe de cafeteria,"5,0 de 5 estrellas","Me encanta tanto el diseño que es mut original como el cafe que hace. Hace una crema buenisima, supongo tambien que has de utilitzar un buen cafe",Susana,Revisado en España el 13 de febrero de 2023
muito bom,"5,0 de 5 estrellas",Tal como descrito.,Carla,Revisado en España el 13 de febrero de 2023
Hace Cafes muy bien pero los interruptores se estropean a los 4 meses de un uso medi,"1,0 de 5 estrellas",Una lastima. Iba muy bien hasta que después de 4 meses empezaron a fallar los interruptores haciendo uno o dos cafés al día. Por lo que veo después de desmontarlos se han quemado.,Yo_Mismo,Revisado en España el 9 de febrero de 2023
Cafetera,"5,0 de 5 estrellas",Fue para un regalo y está encantada y muy contenta,Rayo de sol,Revisado en España el 8 de febrero de 2023
No vale la pena,"2,0 de 5 estrellas","A los pocos meses el botón de encendido ya no funcionaba y ahora a los dos años de uso (1-2 cafés al día) el motor se ha quemado, asi que aunque el diseño es precioso no la recomendaría",Neus,Revisado en España el 23 de enero de 2023
Muy básica pero muy bonita,"5,0 de 5 estrellas",Básica y fácil de usar . Muy simple,Silvina Marcela Mendez,Revisado en España el 21 de enero de 2023
Es preciosa,"5,0 de 5 estrellas",El café riquísimo y hace una espuma increíble,Maria,Revisado en España el 21 de enero de 2023
Sale muy bien el café,"5,0 de 5 estrellas",Muy fácil de usar y limpiar sale buen café,Isabel zapater muñoz,Revisado en España el 16 de enero de 2023
Calienta rápido,"5,0 de 5 estrellas","Me ha gustado el diseño y los 2 modos de hacer café. Loque no me ha gustado, las patas no son tipo ventosa.",Pablo Valero Trives,Revisado en España el 15 de enero de 2023
GRAN MÁQUINA DE CAFÉ EN SU RANGO DE PRECIO,"4,0 de 5 estrellas","Muy contento con la compra, café rico y sin tener un precio desorbitado",Cliente Amazon,Revisado en España el 15 de enero de 2023
Contento,"5,0 de 5 estrellas","Fácil de limpiar
Buen café
Poco ruido y
Calienta rapido",guti,Revisado en España el 15 de enero de 2023
Llegó rota,"1,0 de 5 estrellas","Llegó rota, perdía agua del depósito todo el tiempo y solo hizo bien los cafés el primer día, después no cogía la temperatura y el marcador de temperatura se marcaba a la mitad. Un desastre, fue un regalo y no admite cambio por otra porque es un vendedor externo, así que la devuelvo y por lo menos recupero el dinero :(",Lydia,Revisado en España el 11 de enero de 2023
No es automática pero hace buen cafe,"4,0 de 5 estrellas","Fácil de limpiar, muy bonita y hace buen café. El problema es que no es automatica y tienes que estar pendiente de pararla cuando haces café. El calentador de agua a presión para la espuma de la leche funciona super bien. En general estoy satisfecha pero me falla que no es automática",Vanessa c.,Revisado en España el 5 de enero de 2023
Mango duro al principio,"4,0 de 5 estrellas","Hace un café espumosito. 2° día de uso. Decir que el mango venía muy recio y me resultó muy difícil encajarlo, pero forzando ya va. Recomiendo al vendedor, que el fabricante pruebe cada máquina antes de sacarla al mercado. Respecto a las manchas que leí en algún comentario, limpiarla con un paño húmedo y queda perfecta. Me la compré en rosa.",Carmen González,Revisado en España el 31 de diciembre de 2022
Un quiero y no puedo,"4,0 de 5 estrellas",Realmente el producto en si funciona bien pero no acaba de llegar a la expectativa. Estéticamente es bonito pero los acabados se ven muy de plástico y de mal calidad. El uso tiene sus fallos ya que tarda bastante en coger temperatura. No hace mal cafe pero no la volvería a comprar por ese precio se pueden encontrar mejores cafeteras,Ro,Revisado en España el 17 de abril de 2024
Buena Relación Precio/Calidad,"5,0 de 5 estrellas","Qué Pasada!!

la Compramos para Reyes cansados de dejarnos el sueldo en comprar cápsulas y con ganas de disfrutar de un buen café. La maquina llegó en tan sólo 2 días. Venía en su caja de Ikhos dentro de una caja de Amazon todo super bien cuidado al detalle para que no sufriera ningún daño.

Dentro de la máquina se incluye el brazo para el café con dos filtros (para hacer 1 o 2 cafés).

En cuanto al funcionamiento, es una máquina muy intuitiva aunque, como bien explican las instrucciones, es necesario realizar una buena limpieza previa para tener un buen café a posterior. la máquina permite hacer los cafés (en el cantidad que desees), calentar y/o espumar leche y sacar agua caliente para los té.
El café n está nada mal, a mi al principio me costó cogerle el truco porque me salía súper espumoso pero una vez vi el problema, ahora sale un café con consistencia, textura y aroma intenso.Lógicamente, para que esto salga bien, también es necesario comprar un buen café (la máquina no hace milagros).

En cuanto al ruido, tema que me preocupaba mucho, es muy similar al ruido que te puede hacer una cafetera de cápsulas así que, con cerrar la puerta de la estancia, es suficiente para no molestar al resto de habitantes de la casa.

Ahora bien, también doy dos ""contras"":
1. No cabe una taza normal así que, para hacer un café con leche es necesario que quites la bandeja goteo para poner la taza.
2. La máquina es de plástico cosa que dificulta bastante limpiar el café que luego gotea. Así pues, si salpica una gota y no la limpias al momento, te quedará marcada de por vida.",LHO,Revisado en España el 26 de febrero de 2021
"Decepcionante, tanto la cafetera como el servicio postventa.","1,0 de 5 estrellas","EDITO: El café lo hace bueno, no sabe para nada a plástico. El servicio postventa nefasto, he tenido que hablar con ellos varias veces, se han llevado la cafetera, la he vuelto a recibir (sin ningún mensaje previo por su parte en cuanto a que se le ha hecho a la cafetera, tuve que preguntar yo después de recibirla...) la cafetera sigue igual, el vapor no funciona como debería, no sube el termostato, con lo cual no hace la espuma de la leche, si hay gente a la que su cafetera le llega al icono del vapor (o por lo menos sube más que el icono del café...) cuando pulsa el botón, porque la mía no? Está claro que algo falla...ahora me dicen que se la vuelven a llevar, pero que si “ellos consideran” que está bien tengo que pagar otros 5€, ya os he grabado los vídeos de como NO FUNCIONA BIEN la cafetera, lo que no es normal es que con 2 meses y poco no funcione como debería, que si que hace café, que si que calienta la leche, pero que si para calentar la mitad de una jarra de 150ml (o sea 75 ml de leche) tengo que esperar a que la luz se encienda 3 veces, porque el termostato sube y baja, y la luz se enciende y se apaga...pues no me salen las cuentas.
Yo quiero una cafetera como esos a los que les llega el indicador de temperatura hasta dónde tiene que llegar, porque a ver por unas cafeteras llegan y otras no???
Por otro lado, mi cafetera es la de color amarillo, NO LA COMPRÉIS, sobre todo en este color...la bandeja recoge gotas ya no es amarilla, ya es de color café, yo la tengo que limpiar después de cada café, porque el plástico chupa todo el color y ya puedes frotar que no hay quien lo quite, gota que cae de café gota que queda perenne...
En fin, que después de estos mese NO LA RECOMIENDO para nada, y con el servicio técnico tampoco recomendaría ningún producto de esta firma, Ikohs.
Ahora de momento me toca intentar luchar por lo que creo que es justo, una cafetera que cumpla TODAS sus funciones perfectamente, que me he gastado 110€ tampoco es una cafetera barata....

La cafetera hace un café magnífico! Tenía dudas por eso de que en algunas opiniones decían que sabía a plástico, hay que LAVAR todo bien antes del primer uso, y después vaciar un depósito de agua sin cafe (se tarda unos 5 minutos en hacer esto). Después obviamente el café que compres tambien influye, pero yo he probado de Starbucks, Marcilla expresso y descafeinado y todos perfectos!! La tenemos funcionando a pleno rendimiento! Nos hemos vuelto cafeteros!!!
Eso si, después de comprarla vi que aunque, en mi caso, la envía la marca iKohs, pedirla por Amazon es más caro que pedirla en su web, me podría haber ahorrado unos 20€...",Alicia TM,Revisado en España el 12 de diciembre de 2020
"Está bien,sin más.","4,0 de 5 estrellas","A ver… está chula, para ponerte unos expresos,mola, pero para los que bebemos tazas enormes de café… es un quiero y no puedo. Pero eso si, va estupendamente.",Ramón Torres,Revisado en España el 13 de julio de 2024
Buena máquina para los cafeteros,"4,0 de 5 estrellas","Me encanta hacer café con esta máquina. Queda espumoso y más ecológico que el de cápsulas. Si eres cafetero y te gusta probar mezclas, esta máquina te servirá.
Tiene también para calentar la leche.",Manel,Revisado en España el 24 de junio de 2024
Genial,"5,0 de 5 estrellas","Hace un café fantástico, mejor que en según que bar.",f-traxx,Revisado en España el 19 de julio de 2024
preciosa,"5,0 de 5 estrellas",a mi marido le encanta como sale el cafe,Noelia,Revisado en España el 12 de junio de 2024
Buena cafetera,"4,0 de 5 estrellas","Después de un mes usándola aprovecho para poner un comentario de la experiencia.
Si cumples con las instrucciones de preparado de la cafetera el sabor a plástico del que hablan en algunos comentarios no es tanto. Sí es cierto que las primeras tiradas de café tienen un poco de regusto pero después con el uso desaparece.

Viene con dos tamaños de carga, el pequeño es demasiado pequeño, quizás para un expreso demasiado expreso. Yo siempre uso el ""grande"" solo para hacer 1 café. Es decir, que si quiero hacer dos cafés, uso una carga del grande para cada uno. El pequeño lo tengo guardado en un cajón y no creo que lo use. En resumidas cuentas, si vives sólo o en pareja va perfecta.

Y hablando del café, sale rico.
Comentar que sale con mucha crema, si no te gusta el café con crema, definitivamente no sería tu cafetera ideal.

Y por último, el vaporizador. Para lo pequeño que es me sorprendió la cantidad de espuma que le saca a la leche. Va bastante bien. Eso sí, tienes que esperar un poco a que suba la temperatura de la máquina para usarlo pero es rápida.

La única pega: no tiene temporizador a la hora de sacar el café. Es decir, tienes que pararlo manualmente con la cantidad que quieras. Si te pasas se agua y si no llegas se queda corto de café. Pero bueno, con el uso aprendes a controlar los segundos, cuestión de práctica.

En general la recomiendo. Además visualmente es muy bonita y fácil de limpiar.",An,Revisado en España el 6 de febrero de 2022
Bonita estetica,"5,0 de 5 estrellas","Hace buen café,es bonita,lo malo es el ruido,entrega a los dos dias",Susana,Revisado en España el 28 de abril de 2024
Está bien para el precio que tiene,"4,0 de 5 estrellas","Bueno, después de estar un mes utilizándola creo que puedo hacer la reseña. He estado leyendo comentarios sobre el sabor a plástico; si sigues las instrucciones de primer uso y la purgas como se debe no pasa. Partiendo de la base de que es una cafetera manual pues es mucho más sucia que una de cápsulas o una italiana ya que por mucho cuidado que tengas, algo se grano o de poso de café va a caer. El tiempo en el que se calienta para que puedas hacer el café es el mismo tiempo que tarda una de cápsulas. Es una cafetera que no da para meter una taza alta, es para vasos de café cortado. Tienes que pillarle el truco en cuanto a cuanto café poner y cuanto prensarlo, que tipo dd café comprar, etc pero una vez pillado es bastante funcional a parte de preciosa, obvio.",Andrea gm,Revisado en España el 18 de febrero de 2022
Contento a medias,"4,0 de 5 estrellas","La primera cafetera que pedí no funcionaba y la devolví para adquirí otra. Amazon me devolvió el dinero y como este modelo de cafetera me encanta la volví a adquirir. La Segunda cafetera funciona y hace un café magnífico pero pierde agua por la parte de atrás. Tras revisar el motivo observó que el dispositivo donde se pincha el depósito ejerce mucha resistencia y el depósito no acaba de bajar del todo quedando levemente levantado soltando agua.
Con un peso sobre el depósito el problema se soluciona, por no volver a realizar la devolución decidí quedármela y adquirir una goma grande que sujeta con firmeza el depósito a la base resolviendo el problema.

En conclusión contento a medias, el café bueno pero en el detalle el producto no ha dado la talla.",CIV,Revisado en España el 1 de febrero de 2022
No sabe a plástico para nada,"4,0 de 5 estrellas","En Amazon todavía la tengo en envío, pero la verdad es que me llegó el viernes. El café sale estupendo, para nada a plástico, hay que seguir las instrucciones. La única pega que veo es que se tarda más en hacer el café.
Yo antes tenia una de cápsulas, se paraba sola, me avisaba cuando había que descalcificar, cuando se quedaba sin agua.
Esta es para gente que no tenga mucha prisa por la mañana, pero bueno, todo sea por el planeta",rosa diez martinez,Revisado en España el 16 de octubre de 2022
no lo recomiendo,"2,0 de 5 estrellas","El diseño es hermoso, funcionó bien durante seis meses, luego algo salió mal, el café empezó a saber a agua con granos de café, como si no hubiera sido preparado, era imposible beberlo.",Anastasia Dias Solar,Revisado en España el 25 de abril de 2024
Experiencia dudosa - Gran café,"5,0 de 5 estrellas","La compré hace dos semanas y estoy dudando si devolverla.
El café es realmente bueno, pero ya he experimentado algunos incovenientes con la bomba, que no tira café, a pesar de seguir la guía de precalentamiento de la cafetera al pie de la letra y limpiarla en cada uso.
A veces la bomba se atasca o no tiene potencia y no tira café ni agua.
El diseño es bonito, pero al apretar el cazo tienes que sujetar la cafetera con la otra mano, el vaporizador se desmonta solo, no hay juntas de goma entre las piezas de plástico y aunque no es ruidosa, vibra mucho. Seguiré usandola de prueba, aún no se si me la quedaré. Contactaré al soporte técnico a ver qué me comentan.

Edito años después, me cambiaron un filtro y se arregló el problema, muy amable el soporte técnico.

Sigue funcionando de 10, una maravilla de café",Juan Diaz Iniesta,Revisado en España el 10 de diciembre de 2021
Gran estética y buen funcionamiento,"4,0 de 5 estrellas","Nos detacantamos por esta cafetera por su éstetica retro. Me decepcioné un poco con los materiales, pensé que tendría más metal y es prácticamente todo plástico. A pesar de eso, los cafés tienen buen sabor, y es cómoda de usar. Para los muy cafeteros puede que se queda algo corta, ya que suelen ser cafés suaves, y no tienes mucha variedad para ajustar el tipo de café que quieras.

Volvería a comprarlo. Es pequeño, bonito, y cumple su función ahorrando hacer una cafetera para un solo café por la mañana.",Ivan,Revisado en España el 11 de febrero de 2022
Hace un café crema muy rico,"3,0 de 5 estrellas","Positivo:
* Hace un café rico, muy cremoso.
* Tiene un diseño retro elegante con un color rojo llamativo.
* Es fácil de limpiar.

Negativo:
El cacito que soporta el café no es inoxidable, no tiene cromado alguno, Ha pasado menos de un año y está viejo y oxidado, con un aspecto que deberían de cambiarlo por otro material, de lo contrario perderán ustedes muchos clientes .
Tengo otras dos cafeteras similares a esta pero de otros fabricantes, alguna con cuatro años, y están impecables, está por culpa de este componente está hecha un asco.",José Ignacio Terán Valverde,Revisado en España el 1 de diciembre de 2022
"Bueno, bonito y barato","5,0 de 5 estrellas","Para mi la unica pega el espacio de la taza es algo pequeño, lo del sabor a plástico es mentira a medias, nadie lee hoy dia el fucking manual el caso es q debes drenar un depósito completo para q desaparezca el sabor todo indicado en las instrucciones... Café bueno y con cuerpo para mi bastante bien ten en cuenta q para lograr otra cosa te debes gastar unos 200€. Puedes usar café molido o cafe en grano q muelas en casa.
El café sale caliente, es importante pero en otras sale tibio, si lo quieres ardiendo te recomiendo q calientes como si fueras a calentar la leche con vapor y despues usar el calos pa echar el café.
Creo q fue una buena compra, el tiempo me lo demostrará...",Kulllaurens,Revisado en España el 6 de marzo de 2022
Sabor genial pero MUY sucio,"3,0 de 5 estrellas","La compré en blanco para que hiciera juego con La Cocina....no fue un pensamiento muy inteligente la verdad. Ya con el primer uso las gotas de café han teñido todo lo que tocan. Al ver esto he intentado limpiarla con todo tipo de producto...sin éxito claro. Todo el manejo es un poco rollo y muy sucio. Ahora, hace unos cafés buenísimos. Mi marido ha desistido por lo rollo que es, pero yo sigo utilizándola porque los cafés salen espumosos, cremosos y deliciosos. Sin duda cuanto más dinero te gastas normalmente mejor la calidad. Una cafetera en condiciones te cuesta hasta 1000€. Esta es de plástico y de baja calidad",Dorin Koepper,Revisado en España el 30 de septiembre de 2022
Muy contento (leer valoración),"5,0 de 5 estrellas","Tras la opiniones me lancé a comprarla. Pues me ha sorprendido muy gratamente. De sabor a plástico nada de nada, hay que leer y seguir las instrucciones. Es muy importante. También realizar un precalentamiento en el primer café del día, ya que limpia los conductos y tira el agua que se quedó en los conductos (de plástico) desde el dia anterior o días si no se usa mucho. De ahí, probablemente, el reporte de muchos sobre el sabor.
¿Los materiales? Pues sí, plástico. Pero para máquinas metálicas y acabados perfectos, hablamos de cafeteras que rozan el precio de 4 cifras.
El diseño clásico queda elegante en la cocina. Es lo que iba buscando.
Recomendación personal: Comprad el café en grano y adquirid un molinillo para molerlo. El café ya molido se seca, pierde muchas propiedades, el aceite, etc. Vais a notarlo una barbaridad ¡Disfrutad! :D",Ayusing,Revisado en España el 18 de noviembre de 2020
Es una buena cafetera que para quien le guste un café como el de los bares se asemeja bastante.,"4,0 de 5 estrellas","La tengo desde hace tiempo y no me ha dado ningún fallo. El único problema que he podido tener al cabo de 5 meses o así es que el filtro del café dejase de funcionar correctamente y la crema/espuma deja de aparecer al hacer el café. Se pueden comprar los filtros en la web del vendedor, unos 10€ el filtro, y hacemos una media de 4 o 5 cafés al día.
Por lo demás una buena cafetera con un buen diseño.",Raúl del Pino,Revisado en España el 23 de agosto de 2021
Diseño precioso,"4,0 de 5 estrellas","La cafetera es preciosa. Solo hemos hecho un par de cafes por que la he conprado para la bodega y no estamos ahí todos los días, pero tengo que decir que han salido bastante buenos muy parecido al del bar. De momento estamos contentos con ella, queda estupenda en la barra de la bodega y además el café sale rico, no se puede pedir más. Tube dudas a la hora de elegir, pero creo que he acertado.
Ah!!! y no huele ni sabe a plastico, que es una razón por la que tube dudas!!!",MARI CARMEN,Revisado en España el 22 de abril de 2021
Me esperaba otra cosa la verdad,"3,0 de 5 estrellas","La cafetera está muy bien, es fácil de usar, ocupa poco espacio, funciona bien. El sabor a plástico que muchos dicen al principio a mi no me pasó, hay que seguir las instrucciones de limpieza antes de usarla. El único problema que yo le veo es que el café no sale demasiado bueno, sale flojo, aguado, no sé. Me esperaba que el café saliese como mínimo, igual de bueno que en la nespresso ya que en esta cafetera utilizas café molido que siempre es mejor que de cápsula. En mi caso yo lo compro en grano y lo muelo yo misma y aún así sale un café mediocre. Además, el espumador de leche, suelta un montón de agua antes de ponerse a hacer vapor, tienes que tener cuidado de no poner la leche directamente porque se te arruina.
Otra cosa, cuando vas a poner y quitar el brazo donde pones el café molido, tienes que estar sujetando toda la cafetera porque parece que se va a desmontar, no se le ve demasiado resistente.
Para el precio que tiene yo pienso que podría ser algo mejor.",Encarniiabs,Revisado en España el 22 de noviembre de 2020
Buena cafetera,"4,0 de 5 estrellas","Buena, bonita y barata (La compré en oferta por 76€)
Tiene suficiente potencia para hacer buen café y aunque dude por los comentarios que decían que sabía a plástico yo no he tenido ese problema.
En la oficina tenemos una Saeco del mismo estilo y se notan las diferencias, sobre todo en los acabados, pero relación calidad precio esta cafetera es perfecta!
La única pega es el deposito del agua, que cuando está casi vacío no encaja bien y hace que se salga el agua. Problema que se soluciona llenando todos los días :)",Sergio,Revisado en España el 10 de diciembre de 2020
NO LA COMPRES,"1,0 de 5 estrellas","Calidad-precio un engaño. Está totalmente hecha de plástico, el segundo día me explotó como podéis ver en la foto y no se puede hacer café para dos porque se sale todo el agua.
El diseño no tiene nada que ver con lo que parece en las fotos y de verdad pienso que las reseñas buenas son todas falsas.",MAQUINA DE PLÁSTICO,Revisado en España el 27 de abril de 2024
Cumple perfectamente,"5,0 de 5 estrellas","Me ha gustado mucho,es fácil de manejar y si haces cuatro o 5 cafés solo con agua y después ya con café ,sale un café con mucha crema y muy bueno.
Yo uso un café en grano de aldi,qué muelo con un molinillo sencillo,así que si así sale bueno ,imagínate con un café de esos de pitimini de foie,la he comido en black Frida y he pagado 86€ ,así que totalmente recomendable.",Toni,Revisado en España el 19 de noviembre de 2022
"Café digno de un BAR, NADA de olor o sabor a PLÁSTICO.","5,0 de 5 estrellas","Cafetera más que buena para un café similar al de una cafetera de bar!! Y lo digo yo que trabajo en uno.
En primer lugar decir que la cafetera llegó rapidísima y en perfecto estado, no requiere montaje alguno más allá de colocarla y enchufarla, fácil de usar.
La cafetera requiere un lavado interno de filtros que es normal al estar nueva y una vez hecho NADA DE OLOR O SABOR A PLÁSTICO.
He probado unas 5 cafeteras y sin duda es la mejor en calidad/precio.
Además de que estéticamente es brutal, cambia por completo y mejora el lugar donde la coloques.",Jose Manuel Diago,Revisado en España el 16 de junio de 2021
Perfecta,"5,0 de 5 estrellas","Me encanta esta cafetera, la uso para casa porque me gusta el café expreso y la verdad es que hace un café muy rico con casi dos dedos de espuma, ni en muchas cafeterías...
Nada de sabor a plástico, le realice la primera limpieza y el café salió rico desde el primero, recomiendo seguir las instrucciones para realizarlos ya que hay mucha diferencia en el café cuando precalientas la máquina a cuando no lo haces.
Por otro lado la cafetera es muy bonita, he leído comentarios de que es de plastico, si es verdad, pero no da para nada la impresión de mala calidad, al contrario, esta bien terminada y es pesada. He mirado muchas cafeteras y puedes gastarte 400€ por una cafetera de plástico, casi todas lo son, solo que esta te hace un café rico y te alegra la vista por mucho menos.",Ana,Revisado en España el 9 de febrero de 2020
Garantía no responde,"1,0 de 5 estrellas","Compramos la cafetera hace un par de meses y ha dejado de funcionar
Hemos contactado con la empresa y no se hacen cargo ni nos dan ninguna solución",Mare,Revisado en España el 7 de junio de 2024
Bien pero el Presión del vapor no es suficiente,"4,0 de 5 estrellas",Es bueno para el precio-calidad. Sale el espresso bien es facil de usar. Aunque quería comentar que la luz del vapor siempre esta naranja y no sube la presión hasta el dibujo del vapor aunque pasó mas de 2 minutos calentandolo. Y intentaba calentar la leche asi tal cual pero sale mucha agua y baja muy rapido el presión. Alguien podría ayudar de solucionarlo? Gracias,kso,Revisado en España el 29 de junio de 2021
Ideal para los que nos gusta el buen café,"5,0 de 5 estrellas","Realiza una buena mezcla y no tiene mucho misterio el saber usarla. Muy intuitiva. El sabor, aún con cafés de diferente calidad, es bastante bueno. Probado en monodosis y doble. Puedes hacer un cortado, un expreso, un largo,... Como te de la gana. No sabe a plástico como dice otro comentario, hay que leer las instrucciones. Para obtener un café denso, hay que esperar la primera vez: lleva un termostato y se enciende y apaga trs veces hasta que llega al dibujito del café. Las veces posteriores llega más fácil y no hay que esperar tanto. 😉",Luis García Roldán,Revisado en España el 4 de agosto de 2021
Perfecta,"4,0 de 5 estrellas",Cumple con las respectivas de una super cafetera espress y muy fácil de usar.,fidel t.,Revisado en España el 21 de noviembre de 2022
Bonita és.,"4,0 de 5 estrellas","Es muy chula. Toda de plástico por eso. A mi no me huele a plástico ni el depósito, aún así le hice el lavado de rigor siguiendo instrucciones.
El medidor de temperatura ya parte de 20c° así que de fiar poco. En teoría llega a los 80, si queremos más temperatura yo doy al botón del vapor y sube a unos 100c°",Francesc,Revisado en España el 4 de agosto de 2021
Buen cafe,"4,0 de 5 estrellas","Aunque es de plástico como casi todas de este precio , me pareció bonita , y la verdad es que estoy encantada, ya veremos con el tiempo",Sonia diaz,Revisado en España el 9 de agosto de 2022
Su estética es su punto fuerte,"4,0 de 5 estrellas",Se me queda pequeña para el uso que le doy a diario. Pero estéticamente queda estupenda en la cocina.,Ricardo González,Revisado en España el 31 de julio de 2022
Calidad precio muy bien,"4,0 de 5 estrellas","Nos ha sorprendido gratamente. A nosotros no nos sabe nada a sabor (como dicen otros comentarios) será porque hemos seguido las instrucciones que vienen antes del primer uso.
Café con mucha crema y sabor, bastante decente para el precio de la cafetera.",Ivan Lopez,Revisado en España el 18 de noviembre de 2021
Bonita.,"3,0 de 5 estrellas","Es muy bonita, con un diseño retro estupendo, pero le falta potencia, no he conseguido hacer un buen café. Supuestamente con 13 bares es suficiente para hacerlo, esta anunciaba 15 bares, pero no me sale, la máquina pierde presión enseguida. Hacía mejor café mi antigua máquina con 20 bares.",perico,Revisado en España el 19 de septiembre de 2022
"Buen café, a buen precio la máquina","4,0 de 5 estrellas","Buena maquina por el precio. Si se la limpia bien, no tiene gusto a plástico. Obviamente que después influye mucho el agua que se use y el café. La tengo hace una semana a 2 café por día, la espuma de la leche casi ko la uso. Si es verdad que hace ruido. Pero normal. Y calienta muy rápido.",Sebastian,Revisado en España el 26 de marzo de 2021
Buena compra,"4,0 de 5 estrellas","El café lo hace muy bien, la única pega que le encuentro es que la limpieza del tubo que calienta la leche hay que quitarlo siempre para su limpieza ya que se mete por dentro y cómo se te olvide se va a acumular y quedar muy pegado y hasta creo que podría ser peligroso para la salud.",Frank Hopf,Revisado en España el 28 de abril de 2021
Funciona muy bien,"4,0 de 5 estrellas","Compré el mismo modelo que antes; el anterior mucho más económico. Funciona muy bien, buen gusto. El único problema es que no es tan rojo, rojo como en la imagen. Es rojo chino que es más oscuro y un poco morado.",Helen C,Revisado en España el 15 de octubre de 2021
Café malísimo,"2,0 de 5 estrellas","Pierde presión. No alcanza la temperatura idónea y el resultado es un café horrible. Sólo llega a la temperatura si presionas el botón de vapor para calentar leche, pero en esta ocasión empieza a perder presión, suelta vapor y agua y moja el café, lo cual no se que es peor...He escrito 2 veces al servicio técnico y al tramitar la reclamación no te envían confirmación al correo conforme lo han recibido. No la recomiendo y ahora más viendo lo visto con el fabricante, que pena que se me haya pasado el plazo de devolución con Amazon, puesto que al principio el problema no era tan evidente, de todo se aprende y estaré más atenta la próxima vez!",LOLA,Revisado en España el 14 de diciembre de 2022
Todo correcto.,"5,0 de 5 estrellas","La cafetera hace un café correcto con su buena capa de crema.
Nunca supo a plástico como alguien comenta por aquí. Solo hay que seguir las instrucciones.
No he usado el vaporizador aún y probablemente nunca lo usé así que no puedo opinar sobre esto.
Espero que sea útil este comentario.
P.d.: fueron los comentarios de los italianos los que me hicieron decidirme. Si he conocido exquisitos con el café, está eran italianos y sus buenos comentarios me hicieron decidirme.
No llevo mucho tiempo con ella solo 11 días pero por ahora estoy muy satisfecho.",jorge gonzalez,Revisado en España el 13 de marzo de 2021
Menos de dos meses y ya no va bien,"1,0 de 5 estrellas","Pues tiene exactamente un mes y 10 días desde que me llego, hasta hace unos días perfecta, pero desde hace unos días, ha perdido presión, el café no lo hace igual de bien, pero el vaporizador de leche... Como si no existiera...
Intentar contactar con ellos, misión imposible, una pena la verdad, prometen... Pero no puedes vender algo y dejar tan desatendida a la gente, o tienes suerte y te sale buena... O como tengas algun problema, preparate...
Así que he hablado con Amazon y la voy a devolver, les he mandado ya varios emails y nada, esto hace una semana ya, así que pido reembolso y de vuelta.
Adjunto un video de como funciona, o más bien no funciona el vaporizador...
Y he de decir que he leido un montón de comentarios diciendo que dejaba sabor a plástico y para nada, una cosa no quita a la otra",Marga,Revisado en España el 29 de mayo de 2020
Decepcionada,"1,0 de 5 estrellas",Como se ve en el vídeo El agua sale fuera por donde no tiene que salir la temperatura no llega a donde tiene que llegar si pudiera poner más vídeos los enviaba además de estar estropeada sinceramente parece un juguete de la Barbi todo de plástico pero mi mayor problema es que funciona mal pues como podéis ver en el vídeo el café sale por más sitios de los que debería salir no sé si hay una opción para que me la cambien,Manuel A.,Revisado en España el 13 de junio de 2022
"Cafetera preciosa, sabor asqueroso.","1,0 de 5 estrellas","La cafetera es preciosa como adorno, me combina perfecto con el salón. Para nada más sirve. La devuelvo porque para beber lejía me sale mejor un viajecito a USA. Hemos lavado y limpiado repetidamente todos los filtros, el compartimento para el agua y etc. Del mismo modo, siempre dejar salir un poco de agua antes de hacer los cafés. El regusto a plástico se nota de cualquier forma. Así que nada, cafetera monísima devuelta y a comprarse otra menos bonita pero que no haya que beberse el café tapándose la nariz.",Eva Iglesias,Revisado en España el 16 de abril de 2022
Cafetera de calidad de BROMA,"1,0 de 5 estrellas","Compre esta cafetera por los comentarios y despues de pensar muchas opciones.
Cuando al abrirla mi sorpresa es que esta hecho de PLASTICO MALISIMO Y FINISIMO, vamos, que da miedo hasta poner el cafe, llenar el agua... todo lo que es ""metálico"" es de plastico pintado plata, menos la bandeja que es una chapa metalica.

El café sale muy fico/espumoso pero no tiene boton de parar, asi que es una locura tener que estar atento a que no se salga tooodo el cafe.

Mi sorpresa fue cuando tambien vi que los botones, y la rueda que gira para el vapor TAMBIEN SON DE PLASTICO! noentiendo tantos buenos comentarios, es imposible ofrecer una calidad peor de un producto. Alucinando!!

Producto NO recomendado, no os gasteis dinero en plastico puro.",----,Revisado en España el 25 de noviembre de 2020
No recomendable,"1,0 de 5 estrellas","Lo siento, pero no puedo hacer mención a su funcionamiento. Conforme la saqué de la caja,la volví a meter. De plástico pero parecía de juguete. Le volví el vaporizador y pensaba que me lo quedaba en la mano, al son del tornillo ,tuerca o lo que estaba suelto en el interior de la máquina. No me atreví a seguir tocando nada más por miedo a que se rompiese. Mi anterior cafetera me ha durado 20 años y también era carcasa de plástico.(no de juguete). No merece la pena pagar ese dinero por esta cafetera. Hay otras más robustas por poco más o incluso más baratas.",javitxu,Revisado en España el 1 de diciembre de 2021
Interesante pero….,"1,0 de 5 estrellas","La máquina por ahora va bien, si sigues bien el Manual y limpias la máquina antes de usar no sabe a plástico. La pega es como se ve en la foto que el recubrimiento de la cafetera absorbe las manchas de café y no hay forma de quitarlas, a tener en cuenta que es para poner taza, si tomas café en
vaso no entra. No es barata para que tenga esa problema de manchas que afean el aparato sobre todo a lo tienes muy a la vista. Decepcionando",IPD,Revisado en España el 13 de febrero de 2022
Se puede mejorar,"1,0 de 5 estrellas","Le regalé esta cafetera a mi madre, es preciosa y a ella le gustó.
Pero tiene algunos puntos negativos.. la puesta en marcha fue bastante difícil, en los folletos de instrucciones faltan algunos pasos y las explicaciones deberían ser más sencillas o mejor explicadas.
En cuanto al funcionamiento diario, es otro jaleo.. tarda mucho en calentarse. No sé si será normal o no pero es bastante desesperante, no es la primera cafetera que tenemos asi que sabemos un poco del tema.. por eso diría que no es normal..
En cuanto al sabor, es todo correcto, el café sale bueno!
El tamaño es más pequeño de lo que parece en la foto.",M. Luz A.,Revisado en España el 11 de enero de 2021
plastico,"1,0 de 5 estrellas","He hecho un test!! He probado el agua caliente (sin mango del café) y y sabe a plástico.
Después de 1 semana de utilizo todavía huele y sabe a plastico y el sabor de mi café (de toda la vida) claramente es pésimo!
Quiero precisar que, antes de usarlo por primera vez, lo limpie bien y dejé salir el agua con la manga del cafe puesta pero sin cafe uno 20 veces.
La pregunta es: he pagado por el design o de verdad tiene el valor de 115,95 € (que tampoco es tan barato)?",Gina,Revisado en España el 6 de diciembre de 2020
Decepción,"1,0 de 5 estrellas","Visualmente es interesante el modelo... pero vamos el sabor del café espantoso pero no solo eso, tendria que cambiar todas las tazas que tengo porque no cabe una sola taza, es como para tazas de té o tazas mini, no tiene opción de detenerse cuando la taza está llena así que tienes que estar muy al pendiente y para calentar la leche o té no se regula para dejarlo dentro tienes que pararte a sostener la taza hasta que se caliente, me quede decepcionada",Cliente Amazon,Revisado en España el 19 de julio de 2021
A los 2 meses dejo de ir bien el vaporizador de leche y Amazon no responde a la garantia,"1,0 de 5 estrellas","Play Video
A los 2 meses dejo de ir bien el vaporizador de leche y Amazon no responde a la garantia",Norman,Revisado en España el 29 de julio de 2023
Sin potencia,"1,0 de 5 estrellas","Empezó sacando el café correcto y con mucha espuma (igual demasiada). Tras unos pocos meses de uso empezó a atascarse, el café salía gota a gota, alguna vez salía el caudal mas o menos correcto y sin espuma (nunca crema). Ahora ya siempre sale gota a gota.",XArbiol,Revisado en España el 13 de julio de 2022
No la recomiendo: su duración no ha llegado ni a 3 años.,"1,0 de 5 estrellas","Coincido con las opiniones del sabor a plástico que tiene al principio: tuve que hacer varios ciclos de limpieza hasta eliminarlo.
Además, he comprobado que falla el botón de encendido/apagado haciendo saltar la luz al encenderla ( no ha llegado ni al tercer año.) Como la garantía cubre 2 años...no se hacen ya responsables.
No la recomiendo...me ha durado poco tiempo para lo que cuesta. Soy consciente de la "" obsolescencia programada"" pero que un producto no llegue ni a los 3 años...En resumen, Ikohs es otra marca que pierde mi confianza. Que esta reseña llegue allá donde pueda interesar. Gracias.",elyumey,Revisado en España el 6 de junio de 2019
Murió después de 9 meses.,"1,0 de 5 estrellas","La máquina se ve muy bien y funcionó bien durante 6 meses, dejó de funcionar después de 9 meses. Descalcificó la máquina todos los meses, pero aún así el café no salía.
Volviendo a una máquina DeLonghi, mi última DeLonghi duró 12 años.",Amazon Customer,Revisado en España el 26 de septiembre de 2022
Cafetera ikohs,"1,0 de 5 estrellas","La cafetera en sí, no está mal. Al menos en los cuatro meses que la tengo.
Pero se ha estropeado el filtro del portacafe y parece que el vendedor no se quiere hacer cargo de su reposición.
En un principio me ha dicho que tiene una vida útil. Digo yo que si, pero no de cuatro meses o lo que es lo misno haciendo 100 cafés. Si realmente esto es asi, este producto no se debiera de comercializar.",Felipe Santiago Rivas,Revisado en España el 28 de abril de 2021
NO FUNCIONA,"1,0 de 5 estrellas","No funciona y la asistencia técnica te remite a un vendedor externo previo aviso de espera de 48 horas para su respuesta.
No merece la pena, seguiré buscando pero no por aquí para asegurar un buen servicio postventa.",S,Revisado en España el 29 de abril de 2022
Decoración nada mas,"1,0 de 5 estrellas","Después de unos 3 5 cafés ya no hace crema , no se limpia bien queda manchado del café
Muy bonito pero no para hacer café",Andreea,Revisado en España el 7 de diciembre de 2022
A los 3 meses se ha roto,"1,0 de 5 estrellas","Play Video
Roto a los 3 meses el calentador",Veravera8,Revisado en España el 26 de abril de 2023
mi intento de uso,"1,0 de 5 estrellas","tras llegar de trabajar fuera de mi domicilio, intenté probar una y otra vez el funcionamiento. NO FUNCIONA, NO VIERTE NI GOTA DE AGUA, NI DE CAFÉ,... eso sí,, hce un ruido fortísimo pero no funciona.... ¿que pasa ahora? como no estuve para probarla antes... ¿me la trago? no lo entiendo",Marta Lucía Rodriguez Rodriguez,Revisado en España el 14 de febrero de 2022
"Café normal, cafetera pobre","1,0 de 5 estrellas","La cafetera no está mal del todo, solo que en cuanto cae la primera gota de café, olvídate de su color/diseño. Imposible de limpiar y quitar sus gotas y manchas se quedan desde la primera que cae y no hay manera de limpiarla. El primer café lo mancha de por vida",Javi,Revisado en España el 23 de septiembre de 2021
Producto usado,"1,0 de 5 estrellas",Recibí el producto con el precinto de la caja abierto.. Al desempaquetar lo primero que vi fue que estaba manchada de gotas de agua. Y por donde sale el cafe estaba manchada de cafe. Producto usado.,juanmanuel g.,Revisado en España el 25 de febrero de 2022
No cabe la taza del desayuno,"1,0 de 5 estrellas","Es muy bonita, quedaba genial en mi cocina, pero mi intención era hacerme café para desayunar, y el espacio de las tazas es tan pequeño que no cabe una taza de desayuno tamaño normal, la que tienes en la oficina.
Está pensada para tazas bajas.
La devolví, una pena",LooNa,Revisado en España el 2 de febrero de 2022
"Es una porquería, 6 meses y a la basura","1,0 de 5 estrellas","Una porquería de cafetera, dura 6 meses y según el vendedor no tiene arreglo, además te cuenta cuentos chinos para no hacerse cargo",Francisco Oterino,Revisado en España el 17 de octubre de 2022
Los filtros dejan de funcionar bien muy pronto,"1,0 de 5 estrellas","Al año uno de los filtros dejó de funcionar y un año después el segundo filtro que venía, dejó de funcionar también. ¿Qué significa eso? ¿Tendremos que comprar un filtro al año? Tras contactarles me han indicado que hay que reemplazar los filtros cada 6 meses, estaría bien que te lo dijesen antes de comprarla… (no son filtros de papel, sino los filtros metálicos de la propia cafetera)",Ignacio,Revisado en España el 8 de septiembre de 2020
FATAL,"1,0 de 5 estrellas","La compré una vez, me llegó y segui las instrucciones tal y como decían....no salía el agua de la cafetera. Me mandaron otra y en la segunda pasó exactamente lo mismo.",Cliente Amazon,Revisado en España el 11 de febrero de 2022
Olor y sabor fuerte a platico,"1,0 de 5 estrellas","Tiene un sabor a plástico fuertísimo!
No la recomiendo, fue el regalo de reyes para mis suegros y quedé fatal,se la recogi, para probarla yo, por si era mal uso pero no, el problema es que está fuera de plazo para devolverla, tengo miedo a usarla y estar envenenando a mi familia, una chinada!!!!!!!!!?!! No la compreis!!!",Nair,Revisado en España el 8 de febrero de 2021
NEFASTA,"1,0 de 5 estrellas","La hemos terminado de volviendo.
El producto lo único que tiene es el diseño. El café ES ASQUEROSO!!!! Lo del sabor a plástico es insoportable, hemos intentado todo para poder eliminar ese sabor y ha sido imposible. Para colmo, hace muchísimo ruido y aún encima de que te venden un mal producto, te toca pagar 20 euros para devolverlo. NADA RECOMENDABLE.",JOSE ANGEL TENDERO PARDO,Revisado en España el 8 de agosto de 2020
Plástico,"1,0 de 5 estrellas","Sabe y huele a plástico. He intentado quitarle el sabor con agua y vinagre, le he dado muchas oportunidades, pero es asqueroso el sabor del café. Claro, que es normal cuando todo está hecho de plástico en lugar de acero inoxidable como el resto de las cafeteras del mercado.
La he devuelto y aunque han tardado en hacer la devolución del dinero (con queja a Amazon mediante), finalmente me lo han hecho. Yo no la recomiendo. Eso sí, es muy bonita, pero ya.",Isa,Revisado en España el 7 de junio de 2019
''Cafetera'',"1,0 de 5 estrellas",Si quieres una cafetera bonita en tu casa que no haga café pues esta es la tuya crack,Monica,Revisado en España el 3 de enero de 2022
Fatal,"1,0 de 5 estrellas","Fatal, se estropeó a los dos días.",Khalid,Revisado en España el 15 de diciembre de 2022
No me ha gustado.Café aguado sin sabor.,"1,0 de 5 estrellas",La cafetera entra a los ojos por su diseño..pero no hace un buen café.Sale aguado y de expresso nada de nada.No la volvería a comprar.,Teresa yoldi,Revisado en España el 13 de agosto de 2022
Nunca funcionó,"1,0 de 5 estrellas","Al llegar ni siquiera encendió, realizamos devolución y pese a tener justificante de la entrega del pedido despues de 10 dias no han devuelto el importe.",Henar,Revisado en España el 4 de enero de 2022
nota suspenso. calidad baja de los componentes. Tamaño muy pequeño.,"1,0 de 5 estrellas","el tamaño es muy pequeño, las dos tazas que salen en la foto deben de ser enanas. El material de los componentes es plastico malo. Realmente el cafe lo hace bien pero la calidadad de los componentes es muy muy baja.",alfonso,Revisado en España el 10 de junio de 2021
Mala compra,"1,0 de 5 estrellas","Hemos hecho lo que dicen las instrucciones y hemos hecho varios cafes y el cafe sigue sabiendo a plástico, sabe muy malo una pena, no se la recomiendo a nadie.",V.B,Revisado en España el 8 de marzo de 2022
"No la aconsejo, se le sale el agua del depósito","1,0 de 5 estrellas","Me costó arrancarla, quitando que se sale el agua por el depósito, el resto me gustó el funcionamiento, una pena",Oscar,Revisado en España el 16 de enero de 2022
Sabor a plastico,"1,0 de 5 estrellas","Es la primera vez que solicito la devolucion de un producto en Amazon. Al probar la cafetera despues de seguir las instrucciones, sabia a plastico. He probado varias limpiezas, dejar salir el agua sola, etc, nada le ha quitado el sabor a plastico. Es una pena porque es bonita pero imposible tomar un cafe asi.",Lourdes,Revisado en España el 17 de abril de 2020
"Sabor a plastico tras tres limpiezas, café diluido","1,0 de 5 estrellas","El título lo dice todo, devuelta.",Seterian,Revisado en España el 21 de abril de 2022
NO CUMPLIÓ LAS EXPECTATIVAS,"1,0 de 5 estrellas",Me párese que todo el material es muy económico y es tan liviana que para usarla tengo que tenerla agarrada porque cada movimiento q hago se desliza el cafetera entera pensé que era de mejor calidad por el precio y creo que una cafetera de este tipo debe costar 40 euros,Nicolas,Revisado en España el 9 de enero de 2020
No me reebolsan el dinero de la devolución,"1,0 de 5 estrellas","La cafetera es bonita. No la.he.probado. Era un regalo. La he devuelto, desde el 11 de julio que está aprobada mi solicitud de reembolso, y no tengo noticias aún. He dos.veces ya y nadie me responde ni me dan una solución.",DAVID JIMENEZ MUÑOZ,Revisado en España el 5 de agosto de 2020
Sabor a plástico,"1,0 de 5 estrellas","El sabor del café es horrible, plástico puro, no recomendable.",Titanicox,Revisado en España el 10 de marzo de 2022
Decepción!!,"1,0 de 5 estrellas","Estoy un poco disgustada, hace un año que la compré y ya no funciona. Ha perdido presión en el café y ya no sale vapor.",Paty,Revisado en España el 19 de junio de 2021
pésima,"1,0 de 5 estrellas","cafetera pésima! da igual el café que uses y sea más, o menos fino! sabor a plàstico y aguado! pierde goteo! calienta mal! pasa mucha borra para el vaso! un cero como cafetera!",Cliente Amazon,Revisado en España el 12 de junio de 2020
La cafetera no duró un año,"1,0 de 5 estrellas",El café estuvo bueno mientras duró. La cafetera dejó de funcionar al rededor de los 8 meses.,Cliente Amazon,Revisado en España el 5 de septiembre de 2021
Conductos Off,"1,0 de 5 estrellas","Estás cafeteras duran 10 días, ya no sale el café como debería, ni siquiera un hilo. Goteando. No me creo que el agua tenga tanta cal para que con diez días se obstruyan los conductos.",Diego Paredes,Revisado en España el 2 de abril de 2020
No. Funcionaba,"1,0 de 5 estrellas",No funcionaba,Esmeralda,Revisado en España el 1 de julio de 2022
No sale el café,"1,0 de 5 estrellas",La compramos hace muy pocos meses y no sabemos qué hacer o con quien contactar.,Nat,Revisado en España el 7 de septiembre de 2021
No la compren,"1,0 de 5 estrellas","Aparte de llegar con retrazo esperaba hacer un café medio normal, poca presión ala hora de hacer el café y a la hora de calentar la Leche, espuma de cafe sin presión de máquina imposible...
Fracaso absoluto y dinero tirado",Gaston A.,Revisado en España el 11 de junio de 2019
Mala,"1,0 de 5 estrellas",No aguanta nada en 3dias ya no funciona,:),Revisado en España el 15 de mayo de 2021
"En menos de un año, se ha estropeado.","1,0 de 5 estrellas","En menos de un año, se ha estropeado.",Maria G R,Revisado en España el 5 de enero de 2020
no lo recomiendo,"2,0 de 5 estrellas","Play Video
El diseño es hermoso, funcionó bien durante seis meses, luego algo salió mal, el café empezó a saber a agua con granos de café, como si no hubiera sido preparado, era imposible beberlo.",Anastasia Dias Solar,Revisado en España el 25 de abril de 2024
No la volveríamos a comprar de color crema,"2,0 de 5 estrellas","La cafetera va muy bien. Nos gusta muchísimo pero la de color crema se mancha de café y no hay manera de quitar las manchas. Queda muy muy sucia. Hemos hablado con el vendedor y nos comenta que las manchas hay que limpiarlas al momento, si no, no se van. Nos ha dicho que probemos con lejía (con agua) y nada, no se van. No la volvería a comprar jamás ni la recomendaría. Como se fabrica una cafetera que no se limpia bien de café? Tienes que estar pendiente cada vez que haces un café para limpiar? Tendría que limpiarse pasaran dos segundos, una hora o tres días. No lo vemos muy normal. Así que no recomendamos el color crema para nada.",RMUB,Revisado en España el 28 de febrero de 2022
Perdida de agua por la válvula,"2,0 de 5 estrellas","Hace cafés ricos, la carcasa es de plástico de muy baja calidad, pesa poco y al encajar el dosificador del café si no la sujetas es imposible conectarlo, todo eso lo pasaría por alto. Pero llevo dos días fuera de casa y tenía el suelo de la cocina y la encimera llena de agua, porque se vacía el tanque del agua solo. Espero q m lo solucionen.",Emilio V.,Revisado en España el 27 de diciembre de 2022
Devuelta,"2,0 de 5 estrellas",La devolvimos porque por el material del que está hecha se le quedaban marcadas todas las gotas de café y no se podía limpiar (debe ser plástico no muy bueno y se quemaba al salpicar al hacer el café),Alfonso,Revisado en España el 7 de junio de 2022
Ni la encendí,"2,0 de 5 estrellas","Sólo abrir la caja se ve que el plástico de la estructura es de plástico malo,malo. Cerré y de vuelta. Compré otra un poco más cara pero metálica.",serafinmi6,Revisado en España el 5 de julio de 2022
Al final la hemos tenido que devolver,"2,0 de 5 estrellas","Empezó muy bien, pero al cabo de un mes le cayó la presión y el café dejó de salir cremoso. Poco a poco fueron surgiendo problemas, como por ejemplo que tardaba cerca de 10 minutos en subir el agua al volver a rellenar el depósito.
El servicio de atención al cliente de IKOHS bastante pésimo. Responden tarde y siempre chutando balones fuera. ¿Solución?
Contactar directamente con Amazon y gestionar la devolución y el reembolso en garantía rápidamente.",Juanjo Diaz,Revisado en España el 22 de enero de 2020
No muy buena,"2,0 de 5 estrellas","Poca potencia y vapor discontinuo, he estado a punto de devolverla. No lo hice porque el café lo hace bueno, pero realmente el estilete de vapor chungo.

Agrego: meses después, ya no vaporiza. Es una basura. Cafetera de muy corta vida útil",Timoteo Fernandez,Revisado en España el 2 de julio de 2021
No recomendable,"2,0 de 5 estrellas","La cafetera es bonita pero fabricada con pésimos materiales y el café no sale bueno ,no la recomiendo",Cliente Amazon,Revisado en España el 22 de febrero de 2022
Sale el cafe muy flojo,"2,0 de 5 estrellas","El café sale igual como si fuera café instantáneo, para nada recomendable, lo siento mucho pero es a si.Dinero tirado a la basura",encarna,Revisado en España el 13 de abril de 2022
"Es bonita, pero bastante justa.","2,0 de 5 estrellas","Es bastante justa. La uso una vez al día, en el desayuno y ya falla el mando del vapor. Mala calidad de los plásticos y sí que deja sabor a plástico, a pesar de hacer el lavado de las instrucciones, sobre todo con el vapor deja sabor en la leche. No la recomiendo.",Lorena A.,Revisado en España el 13 de febrero de 2021
Endeble. Cara para lo que es,"2,0 de 5 estrellas","El café sale rico, pero la cafetera es de plástico de juguete, lo que la hace endeble y poco práctica. En mi caso, la devolví porque el botón de encender/apagar no funcionaba bien",Cliente Amazon,Revisado en España el 4 de agosto de 2021
Mi experiencia no fue buena. Plástico malo,"2,0 de 5 estrellas","Devuelto.
Aunque su aspecto es retro y chulo, cuando lo recibí me decepcionó por ser de plástico.
Ademas, en la zona de los botones no estaba bien rematado y tenia como marcas de plástico estallado por presión...
Este fue el motivo definitivo para devolución",Raul Sanz,Revisado en España el 19 de octubre de 2020
Se marca con café. Sabor a plástico,"2,0 de 5 estrellas","Devuelta (aunque aún sin dar reembolso tras más de un mes), el olor a plástico y el sabor es verdad... y además de ello, nuestra cafetera color beige se teñía con el café... mala compra",David Ceberino,Revisado en España el 8 de marzo de 2021
"Bonita cafetera pero el sabor del café aunque se utilice buen producto,malo","2,0 de 5 estrellas",Estética bonita pero mal sabor,Ana,Revisado en España el 3 de enero de 2022
"Es es plástico,no metálicos","2,0 de 5 estrellas","Es es plástico,no metálicos.",QIAOQIAO,Revisado en España el 14 de febrero de 2021
Agua sale com olor a plástico,"2,0 de 5 estrellas",La máquina es bonita y fácil de usar pero pasado casi un mes de uso el agua que sale de la máquina continúa con olor a plástico.,Amazon Customer,Revisado en España el 24 de mayo de 2019
Mal funcionamiento,"2,0 de 5 estrellas",En caso de mal funcionamiento donde debo acudir?,Katua,Revisado en España el 3 de enero de 2020
Manchas de café en el plástico,"3,0 de 5 estrellas",Esta es una cafetera que funciona bien. El hecho muy decepcionante es que no se pueden limpiar las manchas de café. El plástico es poroso e imposible de limpiar. Este es un punto muy molesto. ¿Qué puedes hacer al respecto?,A. ter Hennepe,Revisado en España el 20 de diciembre de 2021
Poca espuma,"3,0 de 5 estrellas","Lo peor de la cafetera es lo poco que espuma la leche, por lo demás cumple bien .",montse,Revisado en España el 7 de julio de 2022
Preciosa pero no ajusta,"3,0 de 5 estrellas",No sabe a plástico como pone mucha gente. Es bonita y rápida y la única pega es que no ajusta y hay que mantener sujeto el mango mientras se hace el café,Blanca C B,Revisado en España el 16 de enero de 2022
Sale muy mal el cafe,"3,0 de 5 estrellas",Muy poca potencia y sale el café sin crema como de puchero,Carlota,Revisado en España el 22 de agosto de 2022
Mucho plástico,"3,0 de 5 estrellas","Compré esta opción de cafetera por la estética, la verdad esperada una terminación más acabada con algo más de metal (la mayoria de las terminaciones son simil metalicas, son plásticos pintados), en cuanto a la calidad de la carcaza roja, es mas fina de lo pensado y de material platico de menor calidad a mi cafetera anterior (era una ufesa duetto). En cuanto a la operativa es simple y el café sale bien.",Jorge Rocco,Revisado en España el 2 de septiembre de 2020
Bonita,"3,0 de 5 estrellas",Me ha gustado el aspecto. Pero no es práctica para nada. Ya que es monodosis. O como mucho dos cafés si te gusta flojito. Y tienes que estar delante de la cafetera todo el tiempo. Es rápido. No pasa nada. Pero para los que tenemos el tiempo contado...,Veronika,Revisado en España el 18 de diciembre de 2020
Bien pero caro,"3,0 de 5 estrellas",Bien pero caro,Julio,Revisado en España el 25 de abril de 2022
El diseño,"3,0 de 5 estrellas",No es fácil de usar y el resultado del café no es demasiado. Calidad-precio bastante pobre.,Manuel Gonzalez-Blanco,Revisado en España el 25 de septiembre de 2021
Buena cafetera pero demasiado plástico,"3,0 de 5 estrellas","Hace muy buen café. Lo único que no me gusta es que está hecha toda de plástico y que el calentador de leche está muy suelto, es muy frágil y de plástico",Angeles,Revisado en España el 6 de marzo de 2021
Un poco decepcionado con el producto,"3,0 de 5 estrellas",La cafetera funcionaba bien hasta que ha dejado de funcionar el vaporizador y si está en garantía a ver cómo me pongo en contacto con ellos,Manuel leiva,Revisado en España el 3 de marzo de 2021
Está bien...,"3,0 de 5 estrellas","Está muy bien, solo le veo un defecto y es la del vapor pues tiene que usarse jarras pequeñas pues no tiene mucho espacio, el tubo es muy corto.",Jose Antonio Lopez Fernandez,Revisado en España el 22 de octubre de 2020
No esta mal,"3,0 de 5 estrellas",No esta mal pero el vapor calienta leche suelta mucha agua. Por lo demás excelente,Jose luis paniagua,Revisado en España el 14 de abril de 2021
Plástico,"3,0 de 5 estrellas","La cafetera es muy bonita, hace poco ruido, es fácil de usar y hace mucha espuma en la leche. Pero sabe MUCHO a plástico, tanto el café como la leche tras hacer la espuma. Una lástima pero la vamos a devolver por esto.",Saúl,Revisado en España el 10 de abril de 2020
"Cafe bueno, calidades mejorables","3,0 de 5 estrellas",Al colocar cafe cuesta encajar manguito si no subetas la maquina con la otra mano se bolca le falta estabilidad.... pero el cafe es bueno,Cliente Amazon,Revisado en España el 11 de noviembre de 2020
Mucho ruido de vibraciones,"3,0 de 5 estrellas",La tapa del depósito del agua vibra y hace ruido por lo demás bien,manuel,Revisado en España el 2 de marzo de 2021
Bien,"3,0 de 5 estrellas",La carcasa de la cafetera regular.,Caridad Benedicto Albaladejo,Revisado en España el 28 de febrero de 2021
Saca una buena crema....,"3,0 de 5 estrellas","La he usado muy poco todavía para poder opinar, pero de momento va perfecto....
No se si mas adelante podré añadir algo aquí, cuando ya tenga más tiempo que es cuando los problemas pueden empezar.....",Cliente Amazon,Revisado en España el 2 de junio de 2019
Satisfactoria,"3,0 de 5 estrellas","Es muy interesante, me gusta y hace un buen café",Francisco Manuel Tojeiro Seijido,Revisado en España el 19 de noviembre de 2019
Uso diario,"3,0 de 5 estrellas",El producto tiene buena imagen pero el resultado del café es normal y para el uso diario parece algo frágil.,Julián,Revisado en España el 1 de septiembre de 2019
Con lo bonita que era..,"3,0 de 5 estrellas","En las instrucciones detalla como limpiarla antes de su primer uso. Con el depósito lleno de agua, sin café y cuando esté el agua caliente se pulsa el botón de café y ya está. El café sigue sabiendo a plástico, pero tras limpiarla 3 veces yo diría que es del espumador la mayor parte del sabor. Nose yo si la devolveré, es muy bonita pero toda de plastico que cuando se calienta huele toda la cocina.",Rebeca,Revisado en España el 7 de enero de 2021
Muy contentos,"4,0 de 5 estrellas",Si es cierto que es de material simple de plástico. Pero es monisima de diseño y prepara el café estupendamente. Nada de sabor a plástico.,marian,Revisado en España el 12 de febrero de 2022
Buen producto!,"4,0 de 5 estrellas","Calidad/precio aceptable, exteriormente es plástico aunque el tono y brillo del color están muy bien acabados, fácil de usar que prepara un buen café de manera rápida y con poco ruido. Incluye 2 filtros de diferentes tamaños. Diseño muy bonito",SrAdiiii,Revisado en España el 27 de junio de 2021
Cumple con lo que se pide,"4,0 de 5 estrellas","Genial! El sabor a plástico desaparece limpiando como indica las instrucciones y ya 3-4 usos desaparece por completo el saborcillo raro. Hace bastante espumita, el único inconveniente es que al ser amarilla, cuando termina de hacerse el café gotea un pelín y ha manchado el plástico.",Cliente Amazon,Revisado en España el 6 de febrero de 2021
Esta bien pero es muy de plástico,"4,0 de 5 estrellas",Para el precio que tiene hace buen café el único inconveniente que es de plástico el 90% por lo demás una vez que le cobra el punto hace buen café,A.B,Revisado en España el 8 de junio de 2021
Como en el bar,"4,0 de 5 estrellas","Está genial, me he criado en el restaurante de mis padres y echaba en falta el café del bar, desde que tengo la cafetera estoy súper contenta relación calidad - precio",Carmen Gamella,Revisado en España el 17 de enero de 2021
Cumple bien,"4,0 de 5 estrellas","Todo genial, muy silenciosa,muy buena calidad, bonita y bien acabada, recomendable.

Por favor, a quien diseño la cafetera: ¿De verdad no podía ser un centímetro más alta para que cupieran tazas de desayuno normales? No, no caben, hay que poner vasos de cristal o tazas pequeñas, esto me enfada, por lo demás muy bien",Nuria Abad Poyo,Revisado en España el 8 de noviembre de 2019
"Muy bonita, vintage","4,0 de 5 estrellas",Rápida y practica,Fco.Javier Mejias Anaya,Revisado en España el 13 de enero de 2022
Facil de usar,"4,0 de 5 estrellas","Es comoda y rapida, el sabor es bueno",Dolores Morales Espinosa,Revisado en España el 2 de enero de 2022
De momento contentos.,"4,0 de 5 estrellas","Llevamos poco tiempo utilizándolo, de momento bien.
Quizá la única pega sea que no entran vasos o tazas grandes, pero se soluciona quitando la bandeja interior.
Los discos ESE que utilizamos son de mercadona,",Daniel,Revisado en España el 28 de noviembre de 2020
Buena relación calidad-precio,"4,0 de 5 estrellas",Me gusta el tamaño y lo practica que es. Lo que menos me gusta es q es demasiado ligera.,Cliente Amazon,Revisado en España el 20 de junio de 2021
muy buen producto,"4,0 de 5 estrellas","hace muy buen cafe, aconsejable muy buen producto i bello",Cliente Amazon,Revisado en España el 16 de septiembre de 2021
El cafe,"4,0 de 5 estrellas","Le falta parar automáticamente la dosis del café cuando se pone,si le dejas te sale todo agua",enrique,Revisado en España el 19 de julio de 2021
Una gran mejora sin un gran precio,"4,0 de 5 estrellas","Funciona muy bien, y es fácil de limpiar. El volcado del café es manual, así que hay que prestar atención. Viene con todos los complementos y es fácil de usar. Al sacarlo de la caja está casi listo para usar.",Logangrel,Revisado en España el 30 de julio de 2020
"Hasta el momento, perfecto.","4,0 de 5 estrellas","Funcionamiento perfecto, y a los que dicen que sabe a plástico...pues no sé. Yo hice la operación de limpieza inicial que describe el manual y estupendamente.",Alex,Revisado en España el 28 de diciembre de 2020
La cafetera en su mayoría es de plástico.,"4,0 de 5 estrellas","Está muy bien, pero hay un fallo en las especificaciones, la cafetera no es de metal, es en su mayoría de plástico.",Pablo,Revisado en España el 3 de febrero de 2021
Para el precio que tiene hace un café muy rico.,"4,0 de 5 estrellas","Es muy fácil de usar, y el café sale con una espuma muy buena.
Es importante seguir las instrucciones de su limpieza el primer día que la enciendas.
Funciona de maravillas",Giovana Pereira,Revisado en España el 18 de octubre de 2020
Buena relación calidad/precio,"4,0 de 5 estrellas","Hace bueno el café y espuma la leche bastante ,está bien por el precio que tiene ,es de plástico sí pero está muy bien esteticamente",David,Revisado en España el 28 de noviembre de 2020
Rico y fácil,"4,0 de 5 estrellas","Facil de usar, gran sabooooooor y espuma generosa que hace más gustoso tanto el café como la leche
Muy recomendable",Africa,Revisado en España el 6 de febrero de 2021
Café de verdad,"4,0 de 5 estrellas",He dicho adiós al café en cápsulas y recuperado el 90% del sabor del auténtico espresso de bar de verdad.,Miguel Criado,Revisado en España el 10 de noviembre de 2020
Hay que ponerle buen cafe,"4,0 de 5 estrellas","Color y diseño muy chulo,la roja.
El exterior es casi todo plástico pero el café sale buenísimo y con bastante cremita.nada de sabor a plástico.
La recomiendo para casa no necesito más☕☕☕👌👌",isabel g.,Revisado en España el 1 de mayo de 2020
Cafetera,"4,0 de 5 estrellas","Genial, el cafè estupendo. Aunque los materiales de fuera podrían ser de mejor calidad",Laia Cloquell,Revisado en España el 17 de enero de 2021
Cumple las expectativas.,"4,0 de 5 estrellas",Cumple las expectativas. Lo que no he visto es cuál es el servicio pistventa en caso de tener algún problema en adelante.,Sietepicos,Revisado en España el 8 de septiembre de 2020
Bonita y café muy bueno con espumita,"4,0 de 5 estrellas",Bonita y café muy bueno.,Familia Espinola,Revisado en España el 25 de mayo de 2021
Muy buen sabor y funcionamiento,"4,0 de 5 estrellas","Uso fácil, buen sabor",Mariola Navarro,Revisado en España el 18 de mayo de 2021
Atractiva,"4,0 de 5 estrellas",Rápida y eficaz.,José Lucas,Revisado en España el 27 de mayo de 2021
Genial,"4,0 de 5 estrellas",Una preciosidad. Hasta el momento va muy bien,Edgardo Millán,Revisado en España el 21 de febrero de 2021
Muy buena compra,"4,0 de 5 estrellas","Calidad-precio, esta genial... Sencilla de usar y muy funcional... Por ponerle un pero faltaría q el café parara solo. Pero por poner un pero",Cliente Amazon,Revisado en España el 29 de diciembre de 2019
"el diseño es fantastico,","4,0 de 5 estrellas","el diseño la calidad precio y el cafe bueno la leche queda muy espumosa, estoy contenta. Facil de utilizar, os recomiendo cafe de cafetera de mango, mejor sabor y espuma, volveria a comprarla.",Cliente Amazon,Revisado en España el 26 de julio de 2019
Muy bien,"4,0 de 5 estrellas",Muy buen café prensado,Joker_37,Revisado en España el 14 de enero de 2021
Perfecta ralacion calidad precio,"4,0 de 5 estrellas",Es perfecta relacion calidad precio. Antes del primer uso la lavamos bien y despues de cada uso. Llevamos unos meses usandola y ni un problema.,Marta García Miranda,Revisado en España el 30 de septiembre de 2019
Cafetera,"4,0 de 5 estrellas",La utilizo a diario y en general está bastante bien. No es como una profesional pero para casa está bien.,Emilia,Revisado en España el 5 de diciembre de 2019
Buen café,"4,0 de 5 estrellas",Pesa poco por lo que se mueve al apretar los botones. Por lo demás es estupenda,Marggy,Revisado en España el 10 de enero de 2020
Genial,"4,0 de 5 estrellas",Muy buen producto,mauricio,Revisado en España el 6 de diciembre de 2020
Cumple con su función,"4,0 de 5 estrellas","Demasiado plástico se echa un poco en falta un poco de peso, pero hace bien su trabajo",F.J.M.,Revisado en España el 17 de abril de 2020
Calidad-precio,"4,0 de 5 estrellas",Muy bien en cuanto calidad-precio,Diego,Revisado en España el 13 de octubre de 2020
"Buen diseño,buen cafe","4,0 de 5 estrellas","muy bien diseño retro 👍
Calienta el agua muy rápido y el café sale riquísimo",JV,Revisado en España el 16 de mayo de 2019
La rapided,"4,0 de 5 estrellas",Todo segun previsto,Enrique Garcia Ramos,Revisado en España el 2 de octubre de 2020
Calidad,"4,0 de 5 estrellas",Me ha gustado el aspecto: Cafetera de bar.,ANTONIO PLAZA CONEJO,Revisado en España el 13 de febrero de 2020
Lo que esperaba,"4,0 de 5 estrellas",El diseño es bueno algo ruidosa.,Beatriz,Revisado en España el 26 de enero de 2020
Es muy bonita cafetera y barata,"4,0 de 5 estrellas","Por ahora va bien, hace un café rico",fransj,Revisado en España el 3 de julio de 2019
"Sin problemas, funciona muy bien","4,0 de 5 estrellas","Sin problemas, funciona muy bien",Cliente Amazon,Revisado en España el 10 de junio de 2020
Buena compra,"4,0 de 5 estrellas",Muy bien,Cliente Amazon,Revisado en España el 23 de junio de 2019
Encantada con mi cafetera,"4,0 de 5 estrellas","Fantastico todo ...No es nada ruidosa , hace un buen cafe y con espùma .....Para mi , perfecto .",Julio,Revisado en España el 4 de diciembre de 2020
Diseño - Espuma,"5,0 de 5 estrellas","Play Video
El producto a parte de bonito, es práctico.
No sabe para nada a plástico ni siquiera el primer café que es el del vídeo. Tenía miedo de adquirirla por algún comentario hablando del sabor a plástico.
Hice la limpieza tal cual las instrucciones y a parte, lavé el depósito de agua con jabón y lo enjuagué muy bien.
Me gusta poder utilizarlo con café molido y con cápsulas.
Muy contenta con la compra.
No sé cómo irá la opción de calentar la leche o hacer capuchino.",Curea Mili Mihaita,Revisado en España el 17 de julio de 2023
No funciona,"5,0 de 5 estrellas","Segunda vez en dos dias que compramos una cafetera de este estilo por Amazon… la primera perdía agua… está directamente no hace nada. He leído que hay que leer bien las instrucciones para su primer uso, pero después de 10min q solo hacía ruido y no echaba agua dejo de hacer cualquier otra cosa",Sara,Revisado en España el 21 de julio de 2022
Buen cafe,"5,0 de 5 estrellas","La cafetera me encanta. El café es de la marca Consum molido natural, no es un café de una marca ni nada especial. Lo que máse gusta es la cremosidad que deja",Dolors,Revisado en España el 30 de septiembre de 2022
"No sabe a plástico, es buen producto","5,0 de 5 estrellas","Antes de indicar que os sabe a plástico sería conveniente que leyerais las instrucciones. Antes que nada limpiar el depósito bien y después, previamente a preparar el primer café, vacía el depósito de agua como si hicieras café pero sin nada, para limpiarlo totalmente. Una vez hecho eso, puedo decir que relación calidad-precio genial. De momento estamos encantados. La única pega que le pondría es que no me caben las tazas grandes, pero es cuestión de retirar la parte de abajo y solucionado.",Juan Francisco,Revisado en España el 25 de enero de 2021
Buena cafetera en su rango de precio,"5,0 de 5 estrellas","Buena cafetera, para costar 75€. Acorde con su precio será mi comentario, no podemos exigirle una calidad como a cafeteras de >200€.

Mi recomendación es utilizar café recien molido ( en casa), y con el portafiltro doble ( es mas grande). Te saca un café muy rico, ( dependiendo del café en grano utilizado) y cremoso.

Como defecto ( no en el cafe que hace), tiene el goteo del portafiltro, una vez hecho el cafe, y también del vaporizador, es faciL acabar con ese ""problema"". Hacer el café, retirar tu taza y poner otra vacia para que caigan las ultimas gotas ( AUNQUE TRAE UN A REJILLA ABAJO PARA ESO)

La recomiendo si tu presupuesto es inferior a 100€.",Alejandro,Revisado en España el 10 de mayo de 2019
Un sabor extraordinario,"5,0 de 5 estrellas","Fue para un regalo y están muy contentos con ella. He probado el café que hace y está buenísimo sabe a ""profesional"".

Ningún problema de sabores a plástico ni nada de nada. Casi me arrepiento de haberla regalado y no habérmela quedado.",JaviLO,Revisado en España el 1 de febrero de 2022
Buena calidad-precio,"5,0 de 5 estrellas","Nada más recibirla le hice una limpieza a fondo de todo. La usé varias veces sin café, y puedo decir que una vez hecho todo el café está buenísimo. Le doy un 10. Me vino una pieza dañada del viaje y me enviaron un repuesto de todo el brazo. Muy buena experiencia. Gracias",Fernando,Revisado en España el 10 de septiembre de 2021
Súper cómoda,"5,0 de 5 estrellas","Buen café y sencilla en todos los aspectos sin olvidar el diseño, que está muy cuidado.",David,Revisado en España el 23 de diciembre de 2022
diseño conseguido a buen precio,"5,0 de 5 estrellas","me ha gustado el diseño,no me ha gustado el acabado demasiado plástico tratándose de crear una cafetera retro debería incluir mas partes metálicas aunque eso repercutiera en el precio creo que seria positivo, como parte negativa destaco que las tazas estándar de mercado altas no entran para poder hacer un café con leche largo,y en el apartado de valorar el sabor eso esta condicionado al café que pongas",Pedro,Revisado en España el 1 de febrero de 2021
diseño muy bonito y muy practica,"5,0 de 5 estrellas","Me encanta su diseño, lo rapido q se calienta y el cafe sale muy bueno!! la utilizo muchisimo,",Cliente Amazon,Revisado en España el 21 de noviembre de 2022
Preciosa,"5,0 de 5 estrellas","Es preciosa y hace unos cafés increíbles , leer instrucciones hay que limpiarla antes del primer uso , queda cremosa la leche y es increíblemente bonita",Trimami,Revisado en España el 22 de octubre de 2022
Ideal,"5,0 de 5 estrellas","Me regalaron este modelo hace un tiempo y ahora la he comprado para regalarla. Estoy encantada con la máquina. El café está delicioso y la verdad que no tiene nada que envidiar a un café de cafetería. La máquina milagros tampoco hace si no utilizas un buen café y el gramaje justo.
Recomiendo 100%",Cliente Amazon,Revisado en España el 4 de mayo de 2021
Excelente resultado,"5,0 de 5 estrellas","Cafetera fácil de usar, con un resultado impresionante, mucha crema en el café y dependiendo del café que uses, un sabor impresionante.",Eduard BG,Revisado en España el 25 de julio de 2022
Muy buena calidad precio.,"5,0 de 5 estrellas","Se la compre a mi pareja por su cumpleaños, sin entender mucho de cafeteras y fue una de las mejoras compras que realicé, le encantó y lleva varios meses con ella y sigue funcionando como el primer día.",Cristina,Revisado en España el 20 de octubre de 2021
Un café rico y la máquina bonita!,"5,0 de 5 estrellas","Nos encanta. Habíamos leído que sabía a plástico pues en nuestro caso para nada! El café (usamos capsulas de senseo que van perfectamente y es menos lío ) el café muy bueno. Una espuma genial y cuando hay tiempo y le echo café molido directamente mejor aún. Una inversión buenísima y somos muy cafeteros!
Es verdad que es todo plástico pero la relación calidad precio es genial.",Cliente Amazon,Revisado en España el 31 de julio de 2020
Magnifica cafetera,"5,0 de 5 estrellas","Es además de bonita, una buena cafetera, me encanta y la recomiendo.",Cliente Amazon,Revisado en España el 2 de diciembre de 2022
Maquina Buena pero...,"5,0 de 5 estrellas",Pues ya no hace espuma. En cuatro meses y me Falla el mechanismo de la espuma. Qué ha pasado??,Carol C.,Revisado en España el 11 de julio de 2022
BUENO BONITO BARATO,"5,0 de 5 estrellas","Va perfecta, NO SABE A PLASTICO, seguir las instrucciones que son muy fáciles, limpiarla como dice, dejar pasar el agua como dice, y nada de sabores raros, muy fácil de usar se calienta para hacer el café muy rápido y muy fácil de limpiar después de su uso, la recomiendo sin duda.",Daniel T.,Revisado en España el 6 de noviembre de 2020
Bonita,"5,0 de 5 estrellas",Está bien me gusta,Jose Miguel Perez Marfil,Revisado en España el 11 de diciembre de 2022
Bonito estilo y buen café.,"5,0 de 5 estrellas","Es muy práctica, ocupa poco sitio, por que es estrechita.
El café sale con mucha espuma, eso me encanta, aún le queda para sacar un café más denso, pero lo hace muy bien.
Es muy fácil de usar, enseguida se calienta, no hay que esperar apenas 30 segundos.
El modelo vintage es precioso, queda muy bonito, aunque me hubiese gustado más que hubiese tenido más partes metálicas y no tanto plástico, es lo único que menos me gusta, por lo demás una compra satisfactoria.",Mandi,Revisado en España el 15 de abril de 2019
Más económica que nesprexo y mejor café.,"5,0 de 5 estrellas",El diseño. Pensaba que el café iba a salir más flojo que nesprexo. Todo lo contrario. Sabe muy bien y mucha espuma. Fabulos7,Josevite1,Revisado en España el 12 de mayo de 2022
Máquina excelente! Pero lean las instrucciones!,"5,0 de 5 estrellas","Excepcional!!! Sabor de lujo, crema bestial, diseño precioso, facilísima de usar y rápida en calentarse.
A los que dicen que les sabe a plástico... No será que al estrenarla han encendido la máquina sin agua? Hay que encender la cafetera e inmediatamente darle al botón de hacer café para que la caldera no se sobrecaliente. Es mi opinión, a mí el café me sabe a gloria 😋",Rafael,Revisado en España el 7 de mayo de 2020
Me encanta,"5,0 de 5 estrellas","Estoy encantada. Hace un café buenísimo y con mucha espuma, no tiene que envidiar nada a los de cápsulas y es mucho más ecológico.",Ester Gutierrez Porcel,Revisado en España el 13 de enero de 2022
Calidad precio inmejorable,"5,0 de 5 estrellas",Después de varios cafes puedo decir que hace buen cafe y si sigues las instrucciones no tiene sabor a plástico como dice mucha gente,JOSE LUIS LLONA PEINADO,Revisado en España el 27 de diciembre de 2021
"Café estupendo ,hace poco ruido ,","5,0 de 5 estrellas","Lo que más me gusta es el sabor y la espuma, que te sale el vaso lleno hasta arriba ...
Lo peor de momento nada",jose hernandez,Revisado en España el 11 de diciembre de 2021
compra ideal,"5,0 de 5 estrellas",sale el café como me gusta además es preciosa cómoda fácil y muy elegante,Silvestre Benavente Macanas,Revisado en España el 25 de mayo de 2022
Preciosa,"5,0 de 5 estrellas",Café estupendo. Y díseño muy bonito,Elena,Revisado en España el 11 de noviembre de 2022
Cumple con su función.,"5,0 de 5 estrellas","Regalo de reyes para mi padre. El diseño es bonito, muy vintage justo lo que buscábamos. Es muy fácil de usar y el café si es de calidad sale perfecto. Por el precio que tiene desearía que no fuera tan plástica. Pero supongo que es lo que hay.",Raquel S,Revisado en España el 6 de enero de 2021
Calidad,"5,0 de 5 estrellas","Me esperaba menos, y ha sido realmente muy buena cafetera. Hace unos cafés muy ricos y no sabe a plástico como dicen los comentarios, hay que limpiarlo bien antes del primer uso, viene en las instrucciones.
¡Lo recomiendo muchísimo!",Zapato,Revisado en España el 1 de julio de 2020
Buena calidad en relación al precio,"5,0 de 5 estrellas","Es una cafetera bonita.
Lo q más me gusta es el diseño pero tarda un poco en calentar el agua y la capacidad del cubilete es baha.
No caben todas las tazas por altura si quieres usar una taza grande.",CorArtEstudio,Revisado en España el 25 de febrero de 2021
Muy buena,"5,0 de 5 estrellas",Funciona perfecto recomiendo leer las instrucciones porque tiene buenos tips para usarla además de lo básico.,Mica,Revisado en España el 24 de abril de 2022
Calidad precio aceptable,"5,0 de 5 estrellas",Esta muy bien fácil de usar el sabor obviamente depende del café pero después d poco tiempo ha perdido potencia el motor osea que ya no tiene la presión del principio después d 6 meses ya casi no sale el café decepcionado,GBT,Revisado en España el 12 de enero de 2021
Perfecta,"5,0 de 5 estrellas",El pedido llegó antes de tiempo y muy bien embalado. La cafetera es muy fácil de usar una vez que has leído las instrucciones. Hace un café rico. En general muy contento con la cafetera. Recomiendo su compra y para mí una buena relación calidad precio,Marcos,Revisado en España el 11 de diciembre de 2020
Muy buena compra,"5,0 de 5 estrellas","La verdad es que no esperaba que fuera tan buena, hace un café muy bueno, el mismo café sale con espumita y es muy fácil de usar, lo único que no he probado es el hervidor de leche o agua, pero el café, riquisimo",Ivan glez,Revisado en España el 15 de agosto de 2020
Buena cafetera,"5,0 de 5 estrellas","Muy bonita la máquina realiza muy buen café
Rápida entrega bien empaquetado todo perfecto",FERNANDO TORGUET GRACIA,Revisado en España el 26 de diciembre de 2021
Cafetera retro,"5,0 de 5 estrellas","Es preciosa, hace muy buen café, realmente es muy rápida de calentar.",Geles,Revisado en España el 26 de febrero de 2022
Estupenda,"5,0 de 5 estrellas","Si quieres una cafetera parecida a la de los bares sin que te cueste un riñón es ideal, el sabor del café es genial y el aroma lo aprovecha al 100% estoy muy contento con esta cafetera.",Álvaro,Revisado en España el 15 de marzo de 2021
Calidad precio,"5,0 de 5 estrellas","Llevo pocos días con la máquina pero los cafés hechos ya denotan una calidad buena de café.
Siempre valorando el coste
Fácil de usar. Y buen sabor si usas un buen cafe",Cliente Amazon,Revisado en España el 19 de abril de 2021
Es muy bonita.,"5,0 de 5 estrellas","El café sale buenísimo, monta bastante bien la leche.",Noelia,Revisado en España el 27 de septiembre de 2021
Preciosa y un café riquísimo,"5,0 de 5 estrellas","Preciosa, original y un café riquísimo, la mejor cafetera hasta hoy, sin duda",Ana María,Revisado en España el 15 de diciembre de 2021
Buen cafe,"5,0 de 5 estrellas",Pues lo he usado para hacer café,antonio lopez campos,Revisado en España el 15 de mayo de 2022
Sabor con clase!,"5,0 de 5 estrellas","Compré en rojo, guapísimo! Hace un espresso o un capuchino bonissimo. Fácil de usar. La espuma para capuchino perfecta! Y por este precio no puedes pedir más!!!",Herbert,Revisado en España el 18 de mayo de 2021
"Bonita,funcional, cafes muy ricos y cremosos","5,0 de 5 estrellas","Bonita,funcionas y hace cafes muy ricos, con toda subespuma.
Hay qui quitarle el sabor a plastico,dejar en remojo y hacer que pase el agua por los conductos varias veces",Fernando,Revisado en España el 12 de enero de 2021
"Buena cafetera, calidad precio","5,0 de 5 estrellas","Me ha encantado , es preciosa . El café sale muy bien , bastante cremosa como me gusta ... no Tarda nada en calentarse . Hace muy buena espuma",Gissel Ruiz diaz,Revisado en España el 18 de noviembre de 2020
Buenos cafés a buen precio,"5,0 de 5 estrellas","El café sabe muy bien y es cremoso, tan bien depende la marca de café que utilices.
La maquina es muy bonita y esta muy la calidad precio.",CESAR RODRIGUEZ JACKSON,Revisado en España el 1 de marzo de 2021
cafetera,"5,0 de 5 estrellas",es rapida y gasta menos cafe,ves2006,Revisado en España el 1 de abril de 2022
coffee yes,"5,0 de 5 estrellas","muy buena opción, hoy el primer día y disfrute mis cafes, yei muy rico nada de sabor a plastico y se ve genial-vantage weeeee",Eka,Revisado en España el 4 de enero de 2021
Muy recomendable,"5,0 de 5 estrellas","La verdad que muy sorprendido y satisfecho con la compra, funciona muy bien, es sencilla de manejar y si escojes un buen cafe sale espectacular, no me arrepiento de la compra!!",sidali,Revisado en España el 4 de septiembre de 2020
