title,rating,body,author,date
Poca calidad para el precio que tiene,"1,0 de 5 estrellas",Me llegó rota Soltaba agua cuando hacía el café Lleva desde el 24 de julio en reparación y aún no se nada Mientras te quedas sin cafetera,eu,Revisado en España el 8 de agosto de 2024
Perfecto,"5,0 de 5 estrellas",Todo perfecto gracias,Cliente Amazon,Revisado en España el 1 de agosto de 2024
Contente,"5,0 de 5 estrellas",Máquina funcione perfecta y valor por dinero,Kurt,Revisado en España el 1 de agosto de 2024
Impresionante,"5,0 de 5 estrellas","Me encanta esta cafetera, súper fácil de usar y de mantener en condiciones. Cada más cafés que hago en ella más deliciosos están. Eso sí recomiendo usar un café de calidad.",paula jabois limeres,Revisado en España el 1 de agosto de 2024
Cafetera automática,"4,0 de 5 estrellas",Me ha gustado porque la compré para hacer muchos cafés ya que las de cápsulas se me quedaba pequeña. Esta es cómoda y el café es mucho más barato. Por ahora aún la estoy probando pero por el precio que me ha salido está más que correcta.,Pablo,Revisado en España el 31 de julio de 2024
No estoy contenta devolución no realicada,"1,0 de 5 estrellas",No funciona ya hace dias,No funciona y devolver dinero está tardando mucho,Revisado en España el 31 de julio de 2024
"Por el momento, muy contento","5,0 de 5 estrellas","Tras los días iniciales, solo puedo tener buenas palabras. El café sale muy rico, la máquina es muy fácil de usar e intuitiva, así como fácil de limpiar. A destacar también que su tamaño es bastante contenido para el tipo de cafetera de la que estamos hablando. Y a nivel acústico, no parece que haga un ruido excesivo teniendo en cuenta el proceso de molido que tiene que realizar",Cliente Amazon,Revisado en España el 28 de julio de 2024
Duró tan solo dos meses,"1,0 de 5 estrellas","No recomiendo esta cafetera, había posos de cafe por dentro de la cafetera pedía un ciclo de lavado y ahí se quedó, la llevamos a través de Amazon al servicio técnico que nunca arreglaron ni facilitaron información, menos mal que Amazon nos devolvió el dinero, siempre compraré en Amazon",Sandra parejo cruz,Revisado en España el 27 de julio de 2024
Fe no me nal,"5,0 de 5 estrellas",Funciona de 10. Cafetera de calidad.,Mikib1,Revisado en España el 23 de julio de 2024
La eficacia,"5,0 de 5 estrellas",Muy buen producto cumple mis expectativas.,Josè Luis,Revisado en España el 19 de julio de 2024
Muy buena cafetera,"5,0 de 5 estrellas",Buenísima cafetera también tengo k decir k el café es muy importante con esta espectacular cafetera le añades un buen café de aquí al cielo💪🏻💪🏻👍👍👍,Pedro M.,Revisado en España el 18 de julio de 2024
La cafetera solo tenía 5 meses de uso.,"5,0 de 5 estrellas","Es increíble que tu compres una cafetera por 399 palos y esta en menos de 6 meses deje de trabajar, eso haciendo apenas 4 cafés al día, siempre con agua de calidad, cafés de calidad, y siempre limpiando y todo lo que toca de su mantenimiento. Creo que yo no tengo suerte, ya es la tercera que se me va.",Fernando Henrique cruz,Revisado en España el 13 de julio de 2024
Perfecta,"5,0 de 5 estrellas",Hace 4 años que la tengo y ningún problema.,DAVID,Revisado en España el 2 de julio de 2024
ÚTIL Y PRÁCTICA,"5,0 de 5 estrellas","Te permite tener café recién hecho
Puedes elegir la intensidad del café, más o menos largo
Puedes calentar la leche también con el dispositivo de la derecha",Pilar Gómez Prieto,Revisado en España el 2 de julio de 2024
Sale el café muy bueno,"5,0 de 5 estrellas","Es muy práctica y al moler el café sale muy bueno,",Xavi,Revisado en España el 30 de junio de 2024
Excelente,"5,0 de 5 estrellas",Cafetera muy buena. Buen cafe con su crema. La cantidad de cafe que usaba en una semana ahora me dura un mes y mucha mejor calidad. Por ponerle una pega le falta un pequeño compartimento para el cafe descafeinado.,Ccoves,Revisado en España el 29 de junio de 2024
Muy bien,"5,0 de 5 estrellas","Por ahora todo perfecto, la volvería a comprar",Tomeu,Revisado en España el 28 de junio de 2024
El café,"5,0 de 5 estrellas",Lo que me molesta es que hace mucho ruido,Maria Jesús,Revisado en España el 24 de junio de 2024
Pedazo café!!!,"5,0 de 5 estrellas","Café buenísimo, la leche cremita perfecta!!! Muy buena máquina",Sara,Revisado en España el 20 de junio de 2024
Es Genial,"5,0 de 5 estrellas","Es Genial por practica y fácil, me encanta.",Xaviera Alexa Caballero Cáceres,Revisado en España el 17 de junio de 2024
Un montón de plástico,"1,0 de 5 estrellas","Escribo esta reseña tras haber tenido esta cafetera durante 1 año aproximadamente. Siempre hemos usado agua embotellada de baja mineralización, hemos hecho varios ciclos antical con las pastillas de krups e incluso teniamos puesto el ciclo de lavado automático cada vez que se encendía la cafetera. Pese a todo eso, no ha durado ni año y medio.

Hacemos 2-3 cafés a diario, así que ha tenido un uso normal/intensivo.

Se quedó la cafetera pidiendo un cliclo de lavado infinito y de ahí no salía. Nada, al servicio técnico. Aprovechamos para quitar el café en grano que tenia y... Sorpresa, toda la cafetera estaba llena de café molido, cada vez que la giraba caía café por todas partes. Todo el interior, que además es integro de plástico, estaba lleno de café.

Tras más de un mes en el servicio técnico, seguimos sin noticias, así que finalmente nos decidimos a proceder con la devolución.

Sin lugar a dudas, no volvería a comprar una cafetera de este estilo. Todas las marcas comerciales ofrecen más o menos lo mismo: un montón de plástico con un circuito tan complejo que la reparabilidad es una utopía.

En cuanto a automáticas, en nuestra tienda de café nos recomendaron la Melitta, la cual puedes desmontar el circuito completo sin problema. Lo comento por si a alguien le sirve de ayuda",Ferran G.,Revisado en España el 17 de junio de 2024
Un poco ruidosa,"4,0 de 5 estrellas","La cafetera esta bien hace café correcto, pero a la mañana hace bastante ruido, normal ya que tçiene que moler el café",Xabier,Revisado en España el 17 de junio de 2024
muy buena compra,"5,0 de 5 estrellas",muy buena compra,redbultor,Revisado en España el 10 de junio de 2024
Muele el café antes de hacerlo,"4,0 de 5 estrellas",No está mal pero prefiero las cafeteras como las de los bares. Soy de café fuerte,Cliente Amazon. Alicia,Revisado en España el 9 de junio de 2024
Es un producto to muy bueno me,"5,0 de 5 estrellas",Me ha gustado lo fácil y cómoda que es,paqui manrubia such,Revisado en España el 24 de mayo de 2024
La Garantía,"2,0 de 5 estrellas","Solo dos meses y ha dejado d moler el café,probablemente este obstruido.Me parece mucho tiempo 20 días para la reparación,no tengo el envase original y se tomperia en el trasporte.He solicitado la factura y no puedo descargarla..
Creo que en Málaga tiene que haber servicio técnico de la marca KRUPS,que por garantía me lo reparen más urgente.
Enviemen la factura y dígame el servicio tecnico de la marca en Málaga como es obligatorio .Gracias
Se ha extraviado la rejilla inferior colocación de las tazas,ruego envíen otra.
17 06 2024 Ahora resulta que no son 20 días,si no hábiles,habiendo pasado más de 35 dias uno habiendo recuperado el producto ,La informacion siempre es sesgada que me dan Solicito la devolucionintegra del producto.
Sigo sin recibir la garantía ni poder descargarla.
DEJO DE COMPRAR MAS EN A MAZON",Manuel Miranda Vázquez,Revisado en España el 23 de mayo de 2024
Una maravilla,"4,0 de 5 estrellas","La máquina es una maravilla. No es demasiado voluminosa, pero tiene las mismas prestaciones que las del bar...un café sabrosísimo! Además, es muy facil de usar. Estamos encantados. No pongo 5 estrellas porque no me ha llegado el ""kit de bienvenida de los 2 paquetes de café""...",S.L.,Revisado en España el 19 de mayo de 2024
Buena maquina,"4,0 de 5 estrellas",Buen producto.no le pongo las 5 estrellas porque le falta poder ponerle café molido.si te gusta el café o descafeinado solo puedes usar uno de ellos si tuviera el compartimento para café molido sería perfecta.,Rubén,Revisado en España el 19 de mayo de 2024
decepción total,"1,0 de 5 estrellas","En dos mese de poco uso (5 cafés diarios) se ha estropeado. El fallo es que pierde agua por los bajos de la maquina. La he mandado ha reparar con Amazon de intermediario y me la han devuelto sin haber tocado absolutamente nada, por lo que el fallo continúa.
Mala máquina, pésimo servicio técnico (lo calificaría de estafa y engaño). Voy a tratar de recuperar mi dinero.",Carlos,Revisado en España el 17 de mayo de 2024
Un must have para los que le guste el buen cafe,"5,0 de 5 estrellas","Fue la la inversión de principios de año y tras este tiempo de uso no podemos estar más encantados. La verdad es que al principio nos costo un poco elegir entre toda la gama de cafeteras superautomáticas que hay, pero el espacio de la encimera mandó y esta es la única que tiene menos fondo del mercado, por lo que la elección era clara.
La máquina es una pasada, tiene muchas configuraciones entre el grado de molido, el tamaño del cafe resultante así como de la intensidad de la mezcla. Funciona sin mucho ruido y por ahora en más de 5 meses con unos 4 café diarios como poco no ha dado ningún problema.
Y ahora lo importante, como hace el café. El café esta buenísimo, mucho mejor que la gran mayoria de cafés que se toman en los bares. Si lo conjugas con un café bueno (recomiendo Mama Gabriela de la Factoria del Cafe, que es una pasada), la mezcla que consigue es espectacular, un gran aroma, buen sabor que permiten disfrutar del café, si es que te gusta. SI a lo anterior le sumas la capacidad de vaporizar la leche (obligatorio comprarse una jarrita de inox de 300 ml), consigues unos cafes con leche o con crema que van a hacer que la mayoría de los cafés que te tomes por ahí te parezcan malísimos.
Como dice mi mujer, es la gran compra del año y algo que teníamos que haber hecho hace mucho tiempo en contra de la tassimo que teníamos antes",Rafa C.,Revisado en España el 11 de mayo de 2024
"Si eres cafetero, te sale rentable","5,0 de 5 estrellas","Vengo de una Nespreso Vertuo, un auténtico timo. Primero por el precio de cada cápsula, de más de 0,50€ cada una y luego por la cantidad de aluminio desperdiciado. Las tipo cápsulas están muy bien por el poco tiempo que tardas en hacerte un café, pero es que las superautomaticas casi están en el mismo tiempo. Luego, el sabor aquí cada uno es un mundo, pero en cuanto a la calidad y propiedades del café entre las cápsulas Nespreso y un café de grano, no hay color.
En mi caso soy muy cafetero, por lo que en medio año tengo amortizada la Krups. Así que decidí darme el capricho y he acertado al 100% Estoy usando café Bonka y sale perfecto, mejor que en algunos bares…
Tan solo me queda cruzar los dedos🤞🏻y que no me dé problemas.",Cliente Amazon,Revisado en España el 6 de mayo de 2024
Espero que no se os rompa,"1,0 de 5 estrellas","La cafetera fue muy bien hasta que cumplió 4 meses y dejó de funcionar
El servicio de reparación un desastre , llevan un mes con ella y ni siquiera me han dado la mínima informacion",Maria P,Revisado en España el 6 de mayo de 2024
Producto incompleto,"4,0 de 5 estrellas",En los componentes del producto dice que vienen dos pastillas descalcificantes y no han venido en el paquete.,Saluki,Revisado en España el 3 de mayo de 2024
No vale lo que cuesta,"1,0 de 5 estrellas","Ha durado 4 años y medio pero por el precio y ya que pagamos la marca pensando que sea sinónimo de calidad podrían esmerarse; se ha roto la parte hidraulica, decidimos arreglarla en el sat con unas ofertas que hace Krups, en mi caso 150€ cubre cualquier avería y garantía de 6 meses.
En dos meses he tenido que llevarla cuatro veces a reparar, ahora es el molinillo a pesar de usar siempre el café recomendado (no torrefacto); leyendo el resto de opiniones llego a la conclusión que no es que yo haya tenido mala suerte con la mía, es que la marca no vale nada.",Fernando,Revisado en España el 30 de abril de 2024
Temperatura Café,"3,0 de 5 estrellas",En la descripción se dice que se puede ajustar la temperatura del cafe pero esta funcionalidad no aparece en el manual y el café no sale tan caliente como desearía.,Martin,Revisado en España el 29 de abril de 2024
ESTROPEADA EN MENOS DE 8 MESES,"1,0 de 5 estrellas","Compré la cafetera como reacondicionada, con la garantía que conlleva, y a los 8 meses perdida de agua que por lo que se ve el servicio de Amazon, no ha sido capaz de reparar, después de muchas conversaciones y correos con Amazon no tengo ni la cafetera ni el dinero todavía, un desastre total.",ALBERTONE,Revisado en España el 29 de abril de 2024
Funciona muy bien y el café queda muy bueno,"5,0 de 5 estrellas","Funciona muy bien, da buen café y es fácil de limpiar. Todo perfecto!",Cliente Amazon,Revisado en España el 26 de abril de 2024
practica,"5,0 de 5 estrellas",todo bien,Flor,Revisado en España el 26 de abril de 2024
Calidad precio,"3,0 de 5 estrellas",Reconozco no es culpa del vendedor pero al precio que tiene ya te llega defectuosa,Elena,Revisado en España el 24 de abril de 2024
Buena cafetera súper automática,"5,0 de 5 estrellas","Hay otras opciones en el mercado más “espectaculares “, con pantallas a todo color, muchas recetas y ese tipo de cosas. Si lo que quieres es una cafetera que extraiga todo el sabor a tu café, es muy buena opción. El calentador de leche por vapor funciona a las mil maravillas. Personalmente descartaría modelos con recetas y conductos donde puedan quedar restos de leche y a precios estratosféricos.",Jonathan,Revisado en España el 21 de abril de 2024
ESPECTACULAR,"5,0 de 5 estrellas","Hace el café de las maneras que quieras, es fácil ajustar los diferentes niveles e intensidades. Hace la leche vegetal con mucha espuma también…. Estoy súper contenta!! Sin duda una gran compra",Ani García,Revisado en España el 16 de abril de 2024
Buena,"5,0 de 5 estrellas","Te avisa de todo, hace muy buen cafe, fácil de limpiar. Estoy muy contenta",Mari Carmen MV,Revisado en España el 7 de abril de 2024
Me tiene enamorado,"5,0 de 5 estrellas","Me tiene fascinado su funcionamiento perfecto y el café q prepara es magnífico, la puedes graduar 100% a tu gusto y/o necesidad, realmente vale la pena tenerla en casa.",Rafael Gonzalez,Revisado en España el 7 de abril de 2024
Muy cómoda y hace un café muy ricl,"5,0 de 5 estrellas","He tenido otras cafeteras y esta es la que más me gusta. Muele el café en el momento, puedes regular la cantidad y la intensidad del café, este sale riquísimo y, además, apenas requiere mantenimiento: te avisa cuando se llena el depósito de los posos de café y este se limpia fácilmente.",Elena,Revisado en España el 7 de abril de 2024
El café,"5,0 de 5 estrellas",Lo bueno que está el café,Victor S.,Revisado en España el 3 de abril de 2024
Recomendable,"4,0 de 5 estrellas","Si quieres hacer un café rico como los que te hacen en el bar aquí no los vas a encontrar, pero tampoco en ninguna cafetera de este estilo. Las boquillas de vapor de estas cafeteras no tienen la potencia suficiente para hacer un buen cremado de la leche, además, las pocas veces que la he usado parece un poco endeble.
En cuanto al café, sale bastante rico, aún estamos probando entre diferentes cafés pero están bastante logrados. Está muy bien que se pueda variar tanto la cantidad de agua que se añade por carga, lista para todos los gustos.
Puede parecer mucho dinero para simplemente un café, pero si eres una persona que le gusta el café y estás cansado de tomar cafés aguados con sabor a quemado esta cafetera puede ser una buena opción.",Iago,Revisado en España el 2 de abril de 2024
La recomiendo!!,"5,0 de 5 estrellas",Facil de usar y hace muy buen cafe expreso!!,Ferran Luque Almansa,Revisado en España el 1 de abril de 2024
En tres meses empiezo dar problemas,"1,0 de 5 estrellas","En tres meses empiezo dar problemas.
Se manda a taller y volver faltando persas y en poco tiempo volve dar el mismo problema. Muy mala , no funciona como dice y no le devolver el dinero gastado. Tira dinero en la basura . Pior comprar que hecho en Amazon",Glecia Dos Santos Martins,Revisado en España el 30 de marzo de 2024
Buen café,"5,0 de 5 estrellas","Sencilla, limpia,hace buen café ,tiene varios modos de ajustar el modo del café.",Juan lu,Revisado en España el 23 de marzo de 2024
Decepción con la cafetera y con Amazon,"1,0 de 5 estrellas","Compré la cafetera en oferta en Black friday para regalo de reyes (06/01) y el 18 de febrero (ni mes y medio de uso) el molinillo hace ruido raro y no coge granosbde café apenas. Lo mando al servicio de reparación de Amazon, y tras más de un mes sin noticias de nada, y después de haber llamado a Amazon varias veces para saber del estado de la reparación, pongo mail al dpto. De reparaciones y me llaman y me dicen que la cafetera no tiene arreglo (dudosa razón ya que hay recambios de molinillos, pero dicen no haber en stock), que me hacen reembolso.
Cómo la compré de oferta, actualmente está unos 70€ más cara. Resumen: me quedo sin cafetera, estando en garantía, y si quiero comprarme otra, me sale 70€ más caro.
La mía averiada no me la devuelven porque me hacen reembolso y va para el dpto de reacondicionado de Amazon.....
Todo un desastre",Anabel,Revisado en España el 21 de marzo de 2024
No funcionaba,"1,0 de 5 estrellas",Venía rota y la tuve que devolver,isabel,Revisado en España el 19 de marzo de 2024
Usada y no funciona,"1,0 de 5 estrellas","La cafetera venia usada con agua en el deposito y restos de café, ademas de eso no funciona.",Abel G.,Revisado en España el 12 de marzo de 2024
Funcional,"5,0 de 5 estrellas","Estupenda cafetera. Es la primera que tenemos súper automática y nos ha encantado. Es rápida, limpia y estéticamente muy bonita.
El único fallo es que la rueda para marcar los ml de café está toda en negro y no se ve muy bien.. solucionado pintando la raya con un rotulador blanco permanente.",Beatriz C.,Revisado en España el 11 de marzo de 2024
Si tienes un defecto el artículo olvidate,"1,0 de 5 estrellas","Vino con un defecto en pantalla la política de reparación es en 20 días llevo un mes y días esperando por ella y no me hacen caso ninguno, lo peor de todo es que atención al cliente no te da respuestas alguna que esperes 48 horas así una sobre otra",Soutullo,Revisado en España el 7 de marzo de 2024
Cafetera estropeada,"1,0 de 5 estrellas","He comprado esta cafetera por tercera vez y me viene sin el vaso del espuma Door de leche, sin la tapadera que tapa el café y para colmo, cuando la enchufas sale ese error en la pantalla y no deja hacer nada.",María de la soledad algaba remedios,Revisado en España el 7 de marzo de 2024
La marca no ha cumplido con lonprometido,"1,0 de 5 estrellas","La cafetera va genial y estamos muy satisfechos con la compra, pero la marca no ha cumplido con lo prometido. Al registrar la cafetera en la pagina oficial te regalaban un kit de bienvenida compuesto por cafe y pastillas limpiadoras. Adquirimos la cafetera en el mes de diciembre y ahora estamos en marzo, la marca tiene la cara de decir que no tienen stock de los productos, cosa que nos deja insatisfechos con la compra",Josep Ramon,Revisado en España el 4 de marzo de 2024
Genial!,"5,0 de 5 estrellas",Café estupendo! No tarda nada en calentarse para empezar a hacer el café. Cumple 200% las expectativas,Patricia,Revisado en España el 3 de marzo de 2024
Bien,"4,0 de 5 estrellas",Tiene poca capacidad para retener el agua,SilSeGis,Revisado en España el 3 de marzo de 2024
Maravillosa,"5,0 de 5 estrellas","La compre para eegalarselo a mis padres y estan encantados. Hace un cafe estupendo! Y es verdad que hace un poco de ruido al moler el grano, pero nada exagerado. Encantados con la maquina!",Erika A.,Revisado en España el 28 de febrero de 2024
La mejor,"5,0 de 5 estrellas","La usamos en el trabajo y es laniña mimada. Hace un cafe muy bueno y es duradera. No es barata pero si te gusta el cafe es una buena inversión. Si se usa mucho es muy rentable, aqui compramos el cafe en grano que esta a años luz del de capsulas!!!",Will,Revisado en España el 26 de febrero de 2024
MAQUINA DE CAFE,"4,0 de 5 estrellas",Me está gustando mucho. Tiene muchas opciones de manejo del café. Fácil de usar y cómoda para limpiar.,david leon,Revisado en España el 26 de febrero de 2024
Excelente,"5,0 de 5 estrellas","Nos ha costado decidirnos , pero al final nos decantamos por este modelo por su diseño en blanco ideal para nuestra cocina , aparte del diseño la máquina es una pasada y el espumoso de leche nos hace unos cafés excelentes , encantados con la compra",albert losada dominguez,Revisado en España el 23 de febrero de 2024
"cafetera funciona muy bien, servicio postventa y atención al cliente krups pésimo","5,0 de 5 estrellas","Como digo la cafetera es estupenda, pero la
promoción que publicitan de kit de bienvenida, es una mentira, y cuando lo reclamas después haberla solicitado y aprobado el envío del kit 1 mes después, hacen caso omiso en atención al cliente… dejan mucho que desear, espero no tener ningún problema con la cafetera, porque viendo cómo funcionan en postventa… miedo me da.",Victor Manuel Dóniga,Revisado en España el 20 de febrero de 2024
Buena calidad y facilidad de uso.,"5,0 de 5 estrellas","Me regalaron esta cafetera superautomática por reyes y tras un periodo de prueba, la verdad que estoy contento con ella. El café lo haces a tu gusto con pocos pasos, yo ya la tengo predefinida para mi café y en un momento tomo un buen café con crema. Por el momento no me ha tocado realizar una limpieza profunda (con las pastillas), pero es muy sencillo limpiar la bandeja que recoje los restos de agua, así como el compartimento para almacenar los restos de café. Estaba acostumbrado a otras superautomáticas que sacas ambos compartimentos de la misma parte, pero creo Krups acierta al tener ambos compartimentos separados. Aunque para mí no uso el espumador, para alguna visita ya lo he empleado y es muy bueno, crea una espuma de leche en pocos segundos, aunque asegúrate de tener un buen recipiente, que yo por poco tiro la espuma por fuera....",Ivan,Revisado en España el 20 de febrero de 2024
Totalmente recomendada,"5,0 de 5 estrellas",Si buscas sencillez y un buen café este es tu producto,dani,Revisado en España el 19 de febrero de 2024
Impresionante,"5,0 de 5 estrellas","Tenía una Saeco Odea que me duró muchos años, tras un intento frustrado con la Philips me compré esta sin tener muy claro si estaría a la altura de la Saeco. Mi sorpresa fue que es mejor, acabados de gama muy aceptables, fácil de usar, hace un café delicioso y no es muy ruidosa, en comparación con mi antigua Saeco o con el desastre de Philips (puedes ver mi opinión).

Lo que más me llamó la atención es que a mi pareja, que odia estas máquinas, no le disgustó el cambio. De hecho la utiliza de vez en cuando, él es más de infusiones.

Una compra acertada la verdad.",Karim,Revisado en España el 17 de febrero de 2024
Ojo,"1,0 de 5 estrellas",Me llegó sin el cajón para los restos del café.,Miriam pla cardenas,Revisado en España el 16 de febrero de 2024
Recomiendo,"5,0 de 5 estrellas","Muy bien
Fácil, sencillo de usar y bueno",david,Revisado en España el 9 de febrero de 2024
Extraordinaria,"5,0 de 5 estrellas",Muy contentos con ella. Muele el café cada vez que lo hace. Muy rápida y sale muy bueno,DANIEL FEDERICO MARTIN REDONDO,Revisado en España el 8 de febrero de 2024
Defectuoso pierde agua.,"1,0 de 5 estrellas","Me ha estropeado el mueble del café por la pérdida de agua, lo envío a reparar por Correos el 5 de enero, llevo esperando 4 semanas y no me comunican nada, hablo con atención al cliente el 5 de febrero y me dicen que en 24 horas me mandan un email y han pasado 3 días sin recibir nada. Una vergüenza",Fran/Pako,Revisado en España el 8 de febrero de 2024
Esta muy bien,"4,0 de 5 estrellas","Está muy bien, estamos contentos pero cuando la compramos hace casi dos meses te dabas de alta y envío las señas de la cafetera y supuestamente te enviaban café y unas pastillas de limpieza y a mí no me ha llegado nada 😔😔",Cliente Amazon,Revisado en España el 7 de febrero de 2024
"Buena, pero mejorable","4,0 de 5 estrellas","Me ha gustado como sale el café y como funciona pero no sale con demasiada crema. Esperaba que saliese un poco mejor, o quizás es que no la tengo bien ajustada la cantidad de agua y la molienda, pero, aunque sale rico tal vez pensaba que sería mejor. No obstante, la recomiendo.",Carlos Gonzalez,Revisado en España el 6 de febrero de 2024
La que queria,"5,0 de 5 estrellas","Ya la tenia vista, es una semiautomática genial! Hace cafés exquisitos!!",Cliente Amazon,Revisado en España el 4 de febrero de 2024
Encantado,"5,0 de 5 estrellas","Si te gusta el café está es tu máquina!
👍👏👏👏👏",Josep R.,Revisado en España el 3 de febrero de 2024
Perfecta para mi uso,"5,0 de 5 estrellas",Para mí uso particular.,Manuel Garcia Gonzalez,Revisado en España el 28 de enero de 2024
Una pasada,"5,0 de 5 estrellas","Niguna pega, mil veces mejor que la de cápsulas,",Sergio,Revisado en España el 24 de enero de 2024
Buen cafe,"4,0 de 5 estrellas",Hace muy buen café.,potaroja,Revisado en España el 23 de enero de 2024
Genial,"5,0 de 5 estrellas","La mejor compra, fácil de utilizar y de limpiar. Un café estupendo el único pero que pondría es en relacion al regalo de café por la compra de la cafetera que nunca llegó, no se han molestado ni a ponerse en contacto con nosotros.",V. H,Revisado en España el 22 de enero de 2024
Fácil d usar,"5,0 de 5 estrellas",Puedes elegir los ml de café,rosalia,Revisado en España el 21 de enero de 2024
No funciona,"1,0 de 5 estrellas","Play Video
No funciona la cafetera la enciendo con el botón, pero ya de ahí no pasa. Los botones no funcionan solamente el botón start y actúa el vaporizador solamente.",Francisco J.,Revisado en España el 21 de enero de 2024
La cafetera mal Amazon peor,"1,0 de 5 estrellas",La cafetera dejó de hacer bien el capuchino y la mandé a reparar hace más de un mes cada vez que contacto con Amazon me dice que contactara con algún departamento pero a día de hoy solo tengo bonitos email y cero soluciones,Antonio Benavente del Moral,Revisado en España el 19 de enero de 2024
Buena relacion calidad precio,"5,0 de 5 estrellas","Maquina muy sencilla de usar, salio genial de precio por una oferta flash pero merece la pena, cafe excelente.",Iván,Revisado en España el 17 de enero de 2024
Sale frio,"2,0 de 5 estrellas","No sale malo el café pero sale frío, de Lorna muy rápido el sobrsdero y consume mucha agua, además hay q vaciarla todo el rato el depósito de café. Para hacer espuma agua mucho la leche",Gonzalo molina,Revisado en España el 15 de enero de 2024
Como evitar que la taza se mueva?,"4,0 de 5 estrellas","Muy buena cafetera, calidad y buen sabor. Pero tiene un gran problema. Cuando haces un expreso, debes sostener la taza porque con el temblor se mueve y el cafe no iría dentro de la taza. Alguien ha encontrado una solucion al problema?",Alex,Revisado en España el 14 de enero de 2024
De lo peor,"1,0 de 5 estrellas","Nunca funcionó bien. Soltaba restos de café x donde no tenía q soltar. Al año, cada vez que hacíamos un café se encendian todas las luces, un desastre. No la recomiendo para nada. Al año la envié a Amazon a reparar y nunca más se supo de ella. Me devolvieron el dinero",MARIA JOSE PÈREZ,Revisado en España el 12 de enero de 2024
Perfecta,"5,0 de 5 estrellas","Pues que decir de ella.... Que es perfecta, maravillosa, nada que envidiarle a las demás. Calidad/precio!",Irisvs,Revisado en España el 12 de enero de 2024
Excelente cafetera,"5,0 de 5 estrellas",Mi opinión queda reflejada en el vídeo. Pero si tienes duda me puedes preguntar. Yo la recomiendo,suvaru,Revisado en España el 8 de enero de 2024
Buena cafetera,"5,0 de 5 estrellas","No me parece muy ruidosa, aunque es verdad que al moler el café se oye más.
Muy buen café.
Eliges cuánta cantidad quieres y se para sola.
Muy recomendable.",María,Revisado en España el 7 de enero de 2024
Buena relación precio-calidad,"4,0 de 5 estrellas","Pedido realizado el 14/02/2017 por la noche. Paquete recibido el 16/02/2017 por la mañana. ¡Entrega rapidísima!
Embalaje adecuado.
La máquina llegó en perfecto estado.
En efecto, con señales de haber sido probada por el fabricante antes de distribuirla. (No es que sea de 2ª mano o las vendan sucias.)
Manuales en varios idiomas y fáciles de comprender.
Tras el ""enjuague"" inicial recomendado por el fabricante, la puse en marcha.
Muy fácil de usar.
El café sale muy bueno. Cremoso e intenso. (Vamos, como a mí me gusta.)
¿Ruidosa? Quizá algo más que la máquina de cápsulas que tenía antes, pero lo contemplo como algo normal. Al fin y al cabo, los granos de café se tienen que moler.
No le doy 5 estrellas, porque para mí 5 estrellas equivale a la perfección. Y perfecta no es. Sin embargo, por este precio está MUY BIEN. (Para una máquina de café perfecta, hay que gastarse mucho más dinero. Es así.)
La principal ventaja (para mí) frente a la de cápsulas que tenía antes: no genero tanta basura.
Segunda ventaja: Fijaos cuánto cuesta una caja de 10 cápsulas y comparadlo con lo que cuesta un kilo de café en grano... Según mis cálculos, las cápsulas son un 90% más caras... Ahí queda eso.
Por cierto: junto con la cafetera, recibí un pack de ""4 meses de café gratis"" patrocinado por BONKA. Me pareció un gran detalle. Ver última foto.
NB:
He medido el ruido de la máquina con una app... No pasa de los 60db, con lo que es un ruido moderado.
En cuanto al rendimiento: con 500 gr de café en grano he podido hacer 65 cafés. De tal modo, es mucho más económico que las cápsulas.",tweile,Revisado en España el 16 de febrero de 2017
Una Elección Sencilla y Deliciosa,"5,0 de 5 estrellas","Compré esta cafetera automática online con la intención de encontrar una máquina simple y cómoda para mis padres. Estoy encantado de decir que ha superado mis expectativas en varios aspectos.

Simplicidad y Comodidad:
La cafetera es increíblemente fácil de usar, lo cual era una prioridad para mí al seleccionar un producto para mis padres. La interfaz es intuitiva, y con solo unos pocos botones, pueden preparar su café de la mañana sin complicaciones. Es perfecta para aquellos que buscan una experiencia sin complicaciones.

Calidad del Café:
Lo que más me sorprendió fue lo delicioso que resulta el café. Aunque es importante destacar que la calidad del café depende en gran medida del grano que utilices, esta cafetera ha logrado resaltar las características únicas de cada tipo. He experimentado con diferentes granos y, en general, el café siempre ha sido excepcional.

Mantenimiento Sencillo:
Otro punto fuerte es el mantenimiento sencillo de la máquina. La limpieza no requiere esfuerzo y todas las piezas son fácilmente desmontables, lo cual facilita la tarea. Esto ha sido especialmente conveniente para mis padres, quienes no tienen que preocuparse por procedimientos complicados.

Conclusión:
En resumen, esta cafetera automática ha sido la elección perfecta para aquellos que buscan una máquina simple, cómoda y que ofrece un café delicioso. Su facilidad de uso y mantenimiento sencillo la convierten en una opción ideal, especialmente para aquellos que valoran la practicidad en su rutina diaria. Sin duda, ha mejorado la experiencia de tomar café en casa.",Joan,Revisado en España el 22 de diciembre de 2023
"Excelente, se paga sola","5,0 de 5 estrellas","El aroma del café recién molido no tiene comparación. La máquina funciona muy bien. Es de un precio asequible y como fuera comparada con una de cápsulas el precio de cada café es muchas veces menos y el sabor es mejor, si uno toma café regularmente se paga sola considerando que al comprar cápsulas uno termina pagando más de 100 euros el kilo de café y con eso uno se puede dar el lujo de comprar café muy bueno en granos y seguir pagando menos. Incluso me sorprendió la velocidad, desde que uno presiona el botón hasta que el café está listo no llega a pasar un minto, creo que supera la velocidad de una nespresso y sumado a que no contamina con las cápulas.
En mi opinión es el sistema definivo, más limpio, más barato y más agadable, es un poco ruidoso al moler pero el ruido dura 10 segudos.
Las hay más caras con más opciones (como armar el café con la leche y todo) esta es más manual uno tiene que espumar la leche, pero en mi caso no justifico la diferencia de precio.
Tenía un poco de miedo porque la boquilla para espumar el café parece frágil pero no lo es. Además he visto videos en internet de esta máquina y modelos similares de Krups y todas son iguales por dentro (o muy parecidas) el final es la mismás mecánica con algo más de pinta o funcionalidad y parece muy fácil de reparar.
Hasta ahora muy contento, todos los días me hago un buen café y el aroma del café recién molido realmente me alegra la mañana.",Leonardo,Revisado en España el 28 de octubre de 2018
Super,"5,0 de 5 estrellas","Excelente cafetera Súper Automática. Solo para café en grano. Sólo natural. Nada de torrefacto ni mezcla. Si la cuidas, haces sus programas de limpieza, tienes por un precio muy competitivo, una cafetera muy buena. No es muy ruidosa comparada con otras que he visto funcionar. Hace menos ruido que una cafetera de cápsulas. No desperdicia agua. No desperdicia café. Hace un café excelente. Soy muy cafetero y tengo muchas cafeteras. La recomiendo. Sus medidas son contenidas 24 ancho, 30 fondo con depósito y bandeja, y 36 de alto, con el depósito de café. Funcionamiento muy sencillo.",Iris,Revisado en España el 14 de febrero de 2018
¿Venía usada?,"3,0 de 5 estrellas","Mirad las fotos, son de cuando la saqué de la caja.
Llevo solo una semana con el cacharro, por ahora funciona muy bien, es realmente práctica. Pero tengo dudas de si venía usada. Lo cual explicaría la rebaja de precio más que lo del Black Friday.
Yo buscaba un aparato que, además de resultar más barato y ecológico que las cápsulas, pudiera amortizarse en varias facetas, puesto que en comparación con la de cápsulas que tenía y lo que costó... sé que tendría que usarla de manera MUY INTENSIVA durante años para compensar coste de cápsulas vs coste de café en grano.

La he sacado por 350€ (¿venía reacondicionada? se supone que es nueva)
A lo que vamos, el análisis:
- La sensación de echar el café en grano y cómo huele, ya te da la sensación de tener entre manos algo ""mejor"" que las cápsulas a las que llevaba 10 años acostumbrado.
- El aparato arranca, echa la leche y el café en menos de 1 minuto. Es más rápida que el proceso de ""meter cápsulas + calentar leche en microondas"" al que yo estaba acostumbrado.
- La leche sale espumosa y compacta, parece nata, es brutal. Eliges entre 3 niveles de cantidad de leche.
- El café tiene 3 niveles de temperatura, depende de cómo te guste así te lo haces.
- Puedes regular entre 20 ml y 180 ml de café un margen bastante amplio para que se adapte a tus necesidades. Lo he probado en una jarra medidora y lo clava, es exacto.
- La intensidad del café se puede regular en 3 niveles, con forma de pipa de café en el display, de esta manera sabes cuánto café te va a moler y compactar, y cuánta cantidad de agua va a hacer pasar por ese café.
- Puedes hacer hasta 2 cafés seguidos si son ""solos"". Con leche de 1 en 1.
- Puedes activar la limpieza automática después de cada café, yo lo he desactivado y lo hago a mano.
- La limpieza del tubito de la leche se hace muy fácil, giras el mando del vaso (posición limpieza/ salida de leche) y pulsas un botón que parece una ducha. La cafetera tira vapor en 7 u 8 impulsos y limpia muy bien el depósito interior y el tubito. El vaso lo puedes sacar y meter al frigorífico, la leche no se ve comprometida durante la limpieza.
- La limpieza del circuito de café es igual, pulsas el botón que parece un grifo en ajustes y pega varios golpecitos de agua y tira unos 20 ml de agua caliente para dejarlo todo limpio.

___

De esta manera tengo el café más rápido que como me lo solía tomar, con la leche más caliente y espumosa, el café huele genial, sabe infinitamente mejor (solo he probado un Bonka de 4€ medio kilo, ya que sé que el sistema me gusta compraré varios de 250 gramos y mejor calidad para probar). Además, la limpieza no parece un problema en absoluto, no requiere un especial mantenimiento, para estar seguro y hacerle limpieza al circuito de café + limpieza al circuito de leche, necesitas 1 minuto. Literal, pulsando un botón y luego el otro y metiendo un vaso sucio debajo para que suelte el residuo de agua. Si quieres lo haces después de cada sesión de cafetera, o si quieres te esperas a varios usos.

Ahorro tiempo, mejora la calidad de la leche y el café, el olor, intensidad, textura y sabor. A la larga ahorraré dinero (si la cafetera no se rompe en al menos un par de años). Por otro lado, decir que el café recién molido despierta muchísimo más que el de cápsulas. Sientes una estimulación mucho mayor que con el café de cápsulas.

El café de cápsulas vale entre 70€ y 100€ el kilo, depende de las marcas y la calidad. Por 15€ compras un café muy muy decente que le da 200 patadas al café de cápsulas, el sabor, el olor, la intensidad. PERO, la realidad es que ahora que tengo control sobre la cantidad de café, me bebo fácil 180 ml de café recién hecho cada vez que la enciendo. Tardaré en amortizarla si pienso solo en dinero, si pienso en sabor, olor, naturalidad, efecto de cafeína, ecología y que encima tardo menos en hacérmelo y quedas genial con las visitas... quizás ese tiempo para amortizar se ajuste un poco más.

Es una pijada, pero a mí, por ahora, me merece la pena.",Alfonso,Revisado en España el 27 de noviembre de 2020
"Acierto con ""pero"" y medio","4,0 de 5 estrellas","Estoy contento con la cafetera. Por un precio no exagerado y con un uso simple se consiguen cafés muy buenos. ¡Me apetece hacerme un café más que nunca!

No le doy 5 estrellas principalmente por el difusor del vaporizador para calentar la leche, que ha salido disparado varias veces durante su uso. Parece que su junta tórica no hace un apriete suficiente en ciertos casos y cuando se desprende el vapor sin difusor desparrama toda la leche del vaso con riesgo de quemadura. Para evitarlo, ahora, además de limpiar el difusor tras cada uso, cuando caliento leche aseguro con un par de dedos que no se salga de su sitio. ¿Posible elemento defectuoso?

El otro ""pero"" no es relativo a la cafetera directamente y por eso digo ""medio pero"" en el título: compré la cafetera con una promoción de KRUPS (regalo de café y pastillas de limpieza), pero el proceso online que realicé en su web oficial no fue tramitado. Tuve que realizar varias reclamaciones por email al servicio de atención al cliente, para finalmente poder recibirlo en domicilio. Creo que deberían cuidar más la gestión de este tipo de promociones y mejorar la comunicación con los clientes.",Xabi AA,Revisado en España el 3 de diciembre de 2023
maquina cafe superAutomatica krups blanca,"5,0 de 5 estrellas","Compre esta maquina hace 2 3 años. Es buenima tanto el sabor del café su limpieza como lo fácil que es su manejo, si que es verdad que tuve siempre problemas con el tema del espumadera de leche es como que coje mucha presión en segundos y se acaba saliendo la boquilla y casi nunca la gran mayoría no deja espuma tengo que apretar el botón rápido para apagar la función de la espumadera para que no se salga y volver apretar así unas 3 veces para notar algo de espuma en la leche. Yo de normal no suelo usar la espumadera tomo café solo o con leche y el café sale muy bueno no e tenido problemas ninguno con ella no tira mucha agua cuando se tiene que limpiar con lo cual genial, la limpieza te lo pide por luces y se hace rápido con el libro de instrucciones, luego el ruido hace como todas las cafeteras automáticas. El café en grano es mucho mas económico que el molido y ni te digo en comparación con las cápsulas, para mi creo que es mas natural y no tiene tantos procesos un café en grano que te mueles un tu casa que otro que compras ya molido mas saludable y ecológico. Para mi estoy encantada después de 3 años usándola.",Isabel Garcia,Revisado en España el 12 de noviembre de 2023
Buen café recién molido,"4,0 de 5 estrellas","Por ahora la cafetera funciona perfectamente, he comprado buen café en grano y el sabor es estupendo. La espumadora también hace su función correctamente. Ya editaría en caso contrario.

El servicio de la empresa de transporte podría mejorar. En teoría llegaba ayer y al llamar a media tarde a la empresa de transportes nos dijeron que debido a una incidencia el reparto se retrasaría un día. Al día siguiente, en lugar de dejar el paquete al vecino (como había indicado dsd un principio), me llaman por tlf y yo estando en el trabajo les digo que dejen el paquete al vecino. Además, lo han traído fuera del horario que había indicado, así que han encontrado al vecino en su casa de milagro. Por tanto, no se entiende para que sirve indicar todas esas preferencias cuando ni se las miran. Una pérdida de tiempo.",Mery,Revisado en España el 26 de septiembre de 2023
Cafetera cómoda y de mantenimiento económico.,"3,0 de 5 estrellas","Lo primero decir que la cafetera, una vez en condiciones es una pasada. Siempre dentro de lo que es y su rango de precio.
Fácil de usar, fácil de limpiar, compacta.. y lo más importante, hace buen café recién molido. Se nota que krups es un fabricante con experiencia.

El problema es que hay un lote (al menos) que presenta un defecto de fabricación. Se puede ver en otros comentarios, por lo que la máquina pide limpieza constantemente, solo deja hacer un café apagando y encendiendo, e inmediatamente después pide limpieza en bucle.
Amazon recogió, reparó y envió la cafetera sin coste en unos 20 dias naturales. No está mal. Aunque creo que si se sabe que tiene ese defecto, no se debería vender así. El tiempo y el estar sin producto lo paga el cliente.
La pieza mala es el flujometro, según el SAT, reemplazado y listo.

Por lo demás, muy contento. No es la más silenciosa, normal en su gama. No tiene pantallitas, normal en su gama.
Y no hace un café muy fuerte de sabor, aunque es solventable moliendo más fino y utilizando un café más potente. El calentador de leche apenas lo utilizo, pero funciona bien y es fácil de limpiar.

Un ""truco"" que tiene es pulsar dos veces el botón de café, y hace dos cafés seguidos, no hay que esperar a que acabe el primero para echarle otro encima.
Y otro ""truco"" es que el aviso de posos llenos lo hace por conteo, aunque no esté lleno, esto es, cuando salga alerta, sacas y metes el cajón, y vuelve a empezar. Sin vaciarlo. Eso sí, cuidado de que no se te acabe llenando.",Pablo,Revisado en España el 31 de marzo de 2023
Correcto (sustituye a la del Sr Clooney).,"4,0 de 5 estrellas","He comprado este producto porque estoy harto del precio de las capsulitas de Nespresso. Con esto del confinamiento nos tomamos 6 cafés al día (3 personas) y eso supone casi 2,40 euros en cafe al día, que a la semana son 16,8, que al mes son..casi 70 euros y al año 840 eurazos!!. Ciao Sr Clooney....

A favor:
El producto llegó bien. En tiempo y sin señales de ser un producto reacondicionado como dicen algunos comentarios.

La puesta en marcha es normal. Hay que dedicar 5 minutitos a leer el apartado de puesta en marcha y sin mayor complicaciones empiezas a hacer tu café. Su uso posterior es bastante simple.

El café es correcto. No entiendo mucho de café, ni soy un sibarita, pero he conseguido que me salga a mi gusto (como el negro del wassap: negro y con cuerpo). He puesto el molinillo en grano fino y con el botón de café cargado sale bastante bien. Para las primeras pruebas estoy utilizando el café intenso que venden en amazon (10 euros dos paquetes).

Mi mujer no nota la diferencia con la nespresso....misión cumplida!!.

Pijaditas que me han gustado:
- te permite calentar la leche con el vapor y hace esa espumita.
- si quiero un té...pues también me sirve para calentar el agua.
- Puedo utilizar los posos para el huerto (tengo entendido que es un buen abono).

Contras:
- tarda un poco más que la nespresso en tenerme el café listo (se toma su tiempo moliendo, calentando el conducto,...). Ponle que 15 segundos más.
- Hace más ruido. No es exagerado, pero se nota.

Sólo falta saber cuanto nos va a durar sin estropearse. Al paso que vamos consumiendo café (180 cafés al mes), en tres meses le hemos hecho una prueba de estrés (como dicen los ingenieros).",edugon,Revisado en España el 9 de mayo de 2020
Muy buena opción,"4,0 de 5 estrellas","Es una máquina muy sencilla de usar,calienta muy rápido y hace un café bueno para el precio de la máquina. Siempre había tenido saeco, la última más del doble de precio que esta y ahora que cambié me parece que es más cómoda de usar y más rápida que la saeco. Si me dura la mitad de lo que me duró la otra ya estaría feliz",Cliente Amazon,Revisado en España el 5 de noviembre de 2023
Tras mas de 3 años de uso,"4,0 de 5 estrellas","No me voy a extender mucho en detalles técnicos que ya han especificado otras reseñas, simplemente voy a relatar mi experiencia tras mas de 3 años de uso diario (comprada en Febrero 2019), con al menos 3 cafés diarios y muchos días algunos mas. Una cafetera automática de tamaño contenido, simple, que ejerce su función perfectamente, con las funciones básicas (realmente no hace falta mas para un uso casero), muy sencilla de usar, lo único un poco mas laborioso es la autolimpieza, pero vamos leyendo las instrucciones no hay mayor problema, que hace buenos cafés y de manera rápida (40 segundos desde que la enciendes hasta que echa el café). El único problema que me ha dado en estos 3 años es alguna vez puntual que ha molido menos café del debido saliendo demasiado aguado, algo que se ha solucionado solo en siguientes usos, por lo demás todo ha ido perfecto, la molienda, el café, el agua caliente... Incluso compre el accesorio de jarra de leche y también ha funcionado sin problemas.
Tras tres años creo que estoy en posición de poder recomendar esta cafetera, que ademas de funcionar bien esta demostrando durabilidad, cafés recién molidos hechos al momento de manera rápida y sencilla, casi como un bar en casa, todo un lujo.",Raul V.Z.,Revisado en España el 8 de abril de 2022
"La mejor cafetera que hemos tenido, sin duda.","5,0 de 5 estrellas","Llevábamos tiempo pensando en comprar una cafetera automática, porque hemos tenido Nespresso, Dolce Gusto y alguna otra marca y la verdad a todas les veíamos pegas, por precio de las cápsulas, por tener que andar siempre comprando, porque al poco tiempo nos daban problemas de funcionamiento, porque no hacían el café como queríamos...

En fin, viendo las opiniones de este modelo (y porque aprovechamos una oferta, todo hay que decirlo jaja) nos decidimos, y es la mejor compra que hemos hecho en mucho tiempo. Todo el mundo que viene a casa está deseando hacerse un café por lo cómoda que es. Quizás haya modelos que saquen mejor café, no lo discuto, pero desde el primer momento vimos que era perfecta para nosotros porque solo tienes que poner agua, café en grano y pulsar un par de botones!! Una pasada!!

Lleva un depósito donde cae el café molido que se utiliza, vamos que no tienes que limpiar nada. Yo los echo a las plantas como fertilizante, y me parece mejor opción que tirar las cápsulas a la basura o buscar un sitio donde reciclen.

Otro punto a favor es el ahorro de tiempo y dinero, porque antes siempre estábamos pidiendo cápsulas o yendo a comprarlas, ahora compramos una bolsa de un kilo y nos dura un montón, además de que sale más barato.

Todavía no hemos tenido que limpiarla ni descalcificarla, la tenemos desde principio de verano, más o menos, pero no creo que nos lleve mucho.

En fin, muy contentos con la compra y esperemos que nos dure mucho!",Roberto Martínez,Revisado en España el 21 de septiembre de 2021
Buena cafetera con varios puntos débiles,"2,0 de 5 estrellas","Compré esta cafetera para pasarme de las cápsulas que al final son un renta!. Me decidí por esta marca Krups porque justamente la de cápsulas es de la misma marca sin que haya fallado desde el 2006, por lo tanto las expectativas eran altas.
La cafetera es grande, te va a quitar un buen espacio en la encimera, pero eso ya lo sabíamos, su montaje es fácil y sin complicaciones. Tuvimos que hacer algunas pruebas hasta conseguir el punto exacto de café que nos gusta, una vez conseguido y con el café adecuado, te das cuenta de que has tomado muy mal café desde el 2006 ;), punto positivo para la cafetera.
Pero hay dos cosas que me parecieron fatal:

La primera y tal vez, más tonta pero no menos importante, es que la cafetera vibra mucho cuando está moliendo el café y esto hace que la taza se desplace de su posisión donde debe caer el café, obviamente mientras la taza sea más pequeña, peor, pero las grandes no se salvan, así que imaginaos como vibra, debes sostener la taza para que el café caiga dentro de ella, lo cual es absurdo porque es una mañana q estes con prisas lo ideal es darle al botón y despreocuparte. Esto lo solucionamos poniendo un porta vasos de corcho que venden en una conocida mega tienda Sueca. Soluciona el problema, pero es cutre y sobre todo teniendo en cuenta que el precio de esta cafetera ronda los 400 EUR (depende de la época puede estar 50 arriba o abajo).

La segunda y la peor y por la cual he devuelto la cafetera es por lo mismo que le ha pasado a varias personas en los comentarios, el recipiente de leche al cabo de un tiempo empieza a perder leche por uno de los laterales y esto es debido al mal diseño que tiene el mismo. EL montaje y desmontaje es una tortura, nada práctico y lo tienes que hacer si o si por higiene obviamente, asi que tenéis que convivir con esta tortura y realizar la ceremonia infernal esta cada poco tiempo, por lo tanto evitad! cualquier cafetera que disponga de este tipo de mecanismos para hacer capuccinos, hay otros más simples. Eso sí y no lo voy a negar, los capuccinos que prepara son brutales.

Tercero y más chorra: la cafetera trae una especie de ""accesorio"" como para sacar vapor , como si pudieras hacer leche como en los bares...pues bien, no hay forma de buenas a primeras de saber como funciona esto, no hay botón, no hay nada. Aquí en los comentarios nadie sabe nada, preguntas, nadie responde en fin absurdo (no viene en los manuales nada al respecto)

Por lo tanto, una cafetera buena en teoría pero que no aprueba en la práctica teniendo en cuenta la competencia y el precio que tiene.",fernansu,Revisado en España el 13 de julio de 2020
Cumple todo lo que promete,"5,0 de 5 estrellas","Es una superautomática que te permite elegir intensidad de café, cantidad de líquido y número de tazas, y además produce capuchinos de cafetería con la posibilidad también de combinar intensidades de café y diferentes cantidades de agua y de leche, de forma que haces sin problema cualquier bebida de café caliente. De momento a mí me funciona perfecta. El café queda muy bueno. Se pueden lavar todos los componentes de la jarra de leche para que no pierda calidad el capuchino (que puede llegar a ser un latte). Además yo la compré en oferta. De ahí las 5 estrellas. Con el precio marcado pondría 4, pero a cualquiera de estas cafeteras, que me parecen un poco caras. Las más pocholas de nivel superior de precio ni me las he planteado pero visto cómo funciona esta, creo que ha sido un acierto porque la pantalla táctil y que le pongan nombre a todo, no me parece que lo valga.",Cliente Amazon,Revisado en España el 30 de julio de 2023
Buena maquina,"5,0 de 5 estrellas","La compré con dudas. Hace años que uso la cafetera de cápsulas y llevaba tiempo pensando en hacer el cambio, primero porque las cápsulas originales (que son las que uso) son muy caras y segundo que generan muchos residuos. Además mis hijos dicen que las cápsulas de aluminio son malas para la salud.
Llevo pocos días con ella y estoy encantado, hace muy buen café. El complemento de la leche va genial. Se ve una máquina robusta y va a la perfección. Genial!
A los 3 meses de uso continúa pareciéndome genial. Hace un café excelente y el accesorio de leche va genial !",Blas,Revisado en España el 11 de diciembre de 2023
estupenda,"5,0 de 5 estrellas","es super fácil de usar, solo tocar botones , y encima se iluminan avisándote hace algo de ruido pero entiendo que moler café lo hagas como lo hagas tiene que hacer ruido, así que bien, porque son solo unos segundos, diseño muy bueno porque es compacta y los cajetines sencillos de extraer para limpiar, piezas encajan y no se escapa nada.
Café muy bueno, solo pondría una pega y es que tienes que dar al botón de paro y a veces se me olvida y sale mucho mas de lo que quieres, pero sin duda la recomiendo",Cristina,Revisado en España el 3 de enero de 2024
Al nivel de una de cafetería.,"5,0 de 5 estrellas","La cafetera es fantástica. Tocas un botón y te pone un café, tú solo tienes que preocuparte por tener la torba llena de café en grano y el depósito de agua. Ella sola hace todo el proceso, lo muele, hace el café con toda su espuma y después se limpia y tira los restos a un deposito lateral. Con la ruleta central le dices en cada café la cantidad que quieres y con los dos botones si lo quieres más o menos cargado. Es muy intuitiva y fácil de usar. Recomendada 100%",Juan Francisco,Revisado en España el 5 de diciembre de 2023
Excelente pero ruidosa,"4,0 de 5 estrellas",Es muy buen producto el café sale exquisito como el bar también la leche con su espuma para hacer capuchinos etc. le doy 4 por que es muy ruidosa se entera todo el vecindario que estoy haciendo café 😅 en serio no es exagerado. Por lo demás genial.,Rodriguez,Revisado en España el 29 de septiembre de 2023
¡El cafe es realmente bueno!,"4,0 de 5 estrellas",Facil de usar y con un cafe excelente.,Rafa Behind,Revisado en España el 25 de diciembre de 2023
Buena compra,"4,0 de 5 estrellas","La cafetera es una buena compra, saca un café de gran calidad, para mi gusto le falta un segundo depósito de café, con el fin de tener por ejemplo, normal y descafeinado.",FRANCISCO JOSÉ MOLERA PEREA,Revisado en España el 9 de noviembre de 2023
Para resolver la vibración de tazas,"4,0 de 5 estrellas","Tras más de 1 año con esta cafetera (uso frecuente, 4/8 cafés al día) estamos contentos, en sabor echamos de menos la crema de los torrefactados que no se pueden usar pero el natural es el auténtico café.
El caso es que como se advierte en varios comentarios y es algo que se ve desde el primer día de tenerla: tienes que estar al lado de la máquina mientras se hace el café porque vibra tanto que las tazas se desplazan en la bandeja y se termina cayendo el café por fuera.
Para solucionar esto yo he utilizado goma autoadhesiva que he cortado en tiras finitas (espesor 2/3 mm) y con eso ya no se mueven.
Es algo que Krups debería haber pensado o diseñar la bandejita metálica de otra forma.
Ahí lo dejo por si alguien quiere probar el apaño. También podéis usar lágrimas de silicona que sean planas, silicona en tubo si eres muy habilidoso como para poner unos cordones muy finos en los surcos, etc.",ICARO,Revisado en España el 28 de octubre de 2021
Ahorro y fácil de usar.,"5,0 de 5 estrellas","Es de Diciembre 2019, mi mujer casi me mata por gastarme este dineral, pero le hice un cálculo rápido con el coste de las cápsulas, se amortiza en menos de medio año. Muy contentos ya que el café sale muy rico, compras en grano y vas experimentando y probando Marcas de café, 1 kg te dirá 3 semanas para una familia. Personalmente me gusta el Bonka, de Nestle, Lavazza, ojo que pone torrefacto pero es una mala traducción del italiano, es café de tueste Natural y el del Aldi, me lo comentaron en la oficina y doy Fe seque es muy buen café.
La cafetera es sencilla de utilizar, ruidosa y una limpieza cada mes y medio, venden unas pastillas en Amazon, en mi caso no entra entera y la parto por la mitad.
Funciona perfectamente desde el primer día y le hemos dado mucha caña.
No da la crema de las cápsulas pero si sale rico y ardiendo, que he leído comentarios que no sale caliente por ahí y no se ha roto nada. Las cápsulas que sacan tanta crema yo soy de los que opinan que llevan algo químico para que produzcan tanta crema que debe ser poco saludable.
Espero os ayude mi análisis.",Aldo,Revisado en España el 13 de marzo de 2022
Buen café pero.....,"3,0 de 5 estrellas","La maquina hace un café, que para mi gusto esta bastante bueno. Lo malo que con el tiempo le sale un error que tras un café pide limpieza de la maquina, realizas la limpieza, haces otro café y te la vuelve a pedir y así sucesivamente.
Se envió a reparar por el fallo y cuando llego saque tres cafés sin problemas al cuarto volvió el error y no se le quita. No la devuelvo por haber pasado el tiempo de devolución. Posiblemente sea que esta defectuosa, pero el servicio técnico de reparación la dejo exactamente igual que cuando la envié. En el producto es muy bueno, siempre y cuando no te toque una defectuosa como la mía.",By_lolo,Revisado en España el 4 de agosto de 2023
Sí pero no...,"3,0 de 5 estrellas","Llevo unos meses usandola a diario y creo que ha llegado el momento de dejar una reseña.
Estoy muy conteto con la cafetera por varios motivos. Mis cafés son sostenibles, se acabó el plastico o aluminio de las capsulas y ahora los restos orgánicos del café van a parar a mis plantas. Económicamente el cafe sale,más barato, también depende de lo que te gastes en el grano pero aun y así creo que es difícil que el café de una de capsulas salga más barato que este. Como ya han comentado, la calidad de tu café será directamente proporcional a la calidad del grano que uses pero las opciones de intensidad del molido, cantidad de café empleado y cantidad de agua me parecen esenciales para hacerlo al gusto de cada uno.
Por la parte negativa hay varias cosas que me molestan profundamente en una máquina de casi 300€. El pitorro del vapor es muy MUY incomodo, a parte en ocasiones se suelta del tubo y sale el vapor a presión sobre lo que estés calentando, yo lo uso mucho para hacer té y la he liado bien con el agua, por no hablar del susto que te pegas. La descalificación de la máquina es muy cansina, MUCHO, como cada mes y medio-dos meses me pide hacerla y se me hace pesado, a aprte que uso agua de osmosis que de cal hay poca en el agua, ¿para que tanta descalificación?
Otra cosa que me molesta mucho y que considero que no esta a la altura de la máquina es la vibración tan bestia que provoca hacer un café. Tus tazas de café ya pueden ser altas para que metiendo el pitorro dentro no se te desparrame todo, de lo contrario tendrás que estar sujetando la taza si no quieres ver como ""baila para tí"". En fin, la recomiendo? Sí. La volvería a comprar? Quizás ahorraria un poco más y buscaria otra superior. Lo que tengo claro es que por nada del mundo volveria a las capsulas.",Javier,Revisado en España el 7 de mayo de 2020
Café de verdad.,"5,0 de 5 estrellas","Después de dos meses usándola, ya puedo dar una valoración en este breve tiempo que me ha dado, al menos, para hacerme una idea de la cafetera que he comprado.
He de decir que soy cafetero, no puedo vivir sin café al despertar. Y buscaba una opción que fuera muy completa, tanto para hacer café de calidad, lo más importante para mí, como que fuera a su vez sencilla y sin mayor complicación y pérdida de tiempo.
Dicho esto, no puedo estar más contento. Es muy buena, el café lo muele a la perfección (lo tengo puesto al máximo), y el café está buenísimo (me gusta sin azúcar u otros) y aún así está muy bueno, cremoso y a la vez muy intenso. Yo ahora utilizo un café de precio medio para el día a día y me encanta porque no solo es el café, sino que la cafetera lo haga bien.
La limpieza y demás es super fácil y no te hace perder tiempo.

En definitiva; cafetera perfecta para los que como yo, toman 2-4 cafés al día y le gusta disfrutarlo bien hecho. Recomiendo la compra al 100%.",David,Revisado en España el 17 de octubre de 2021
Sencilla y Buen café,"4,0 de 5 estrellas",Al comprar de warehouse bajaba levemente el precio para los rotos que tenia como un polvillo plastico negro por toda la maquina que hube de limpiar concienzudamente. Pero el café bueno rápido sin demasiadas complicaciones. Además no tenia embalaje original aunque conservaba accesorios como pastillas antical y manual instrucciones. Por el pequeñísimo ahorro al comprarla en warehouse y los destrozos habidos habría salido mejor como nueva compra. Sale caliente con un poco de espuma y ideal para saborear un café rápido.,Javier Darna,Revisado en España el 13 de diciembre de 2022
Muy buena cafetera,"4,0 de 5 estrellas","Tenemos esta cafetera desde hace 2 años y le damos bastante uso ya que somos de hacernos unos 4 cafes diarios mi marido y yo. Tiene diferentes grados de molido y se puede graduar cuanto quieres consumir o graduar la Potencia. La calidad es muy buena aunque depende también del café que compres. Eso si, tiene que ser natural. Hace un poco de ruido al moler pero merece la pena dado el trabajo que ahorrar. Cada x ciclos pide la limpieza que se soluciona con unas pastillas que tienen y un programa. Por ponerle una pega es que hay que vaciar la bandeja de goteo a menudo porque en el proceso se pierde bastante agua. En general la valoración muy buena y facilita mucho la vida diaria",Manuela,Revisado en España el 7 de enero de 2022
cafetera perfecta mejor que en una cafetería,"5,0 de 5 estrellas",Tener cuidado la primera vez que la conectáis porque a mi nadie me avisó y cuando la conecté se me disparó la lanza de calentar la leche y empezó a salir agua sin parar. Lo que pasa es que la primera vez que la conectas hace una auto limpieza que dura dos minutos y después ya puedes hacer cafés. Es muy buena cafetera con la que podrás disfrutar de tus mejores cafés.,antoni algans,Revisado en España el 6 de octubre de 2023
Tiene pero,"4,0 de 5 estrellas","La manga del vaporizador se sale muy fácilmente, y bastante ruidosa. Por otro lado hace el café rápido y rico",cecilio martinez,Revisado en España el 8 de septiembre de 2023
Horrible la gestion de amazon!!!!,"3,0 de 5 estrellas","Compramos esta cafetera en Black Friday y tenia un error con unos indicadores luminosos del agua. Krups nos atendio estupendamente!!! Y nos dijo que era un error tecnico y que la devolviésemos. Amazon nos hizo el cambio por otra, nos llego al dia siguiente y para nuestra decepcion esta última no funciona, ni muele ni coge agua, nada.
Hacemos la reclamacion y cual es nuestra horrible sorpresa que los señores de amz nos dicen que no tienen stock y nos reembolsan el dinero. Miramos en la web y sospresa hay stock, mas caro obviamente, a lo que nos responden que no pueden hacer mada mas, que la podemos volver a comprar, claro que si, 60€ mas cara.
Señores de amazon, el producto esta defectuoso y tienen stock!!!! La respuesta ha sido decepcionante, llevamos años como clientes de amazon, pero aqui se acaban nuestras compras.",ANA,Revisado en España el 3 de diciembre de 2022
Decepcionado. Poca fiabilidad.,"2,0 de 5 estrellas","La compré rebajada en uno de esos días especiales de Amazon. Mi modelo es Krups Roma EA810870.
Pasado mes y medio la boquilla de vapor ya no produce espuma en la leche: solo la calienta en exceso.La he limpiado a conciencia, pero no se arregla. Durante unas semanas funcionaba muy bien, pero a la vuelta de una semana de vacaciones dejó de hacerlo.
Por lo demás, por ahora sigue haciendo el café de forma correcta, pero me molesta mucho que la boquilla de vapor sea inútil.
Como consecuencia he perdido la confianza en esta máquina y en la marca: espero que con el tiempo no surjan otros defectos.
Me planteo enviarla a Amazon, pero como mucho me devolverían el dinero y tendría que pagar más para conseguir otra similar. No la recomiendo.",Fernando,Revisado en España el 7 de septiembre de 2023
Estupenda,"5,0 de 5 estrellas","Nos está alegrando la hora del desayuno y el café de mediodía.
Le hemos puesto el molido intermedio y la máxima temperatura.
También el filtro de agua. Merece la pena.
Estamos probando varios cafés, La avazza,BOU,Salzillo.....
Poco a poco.",Alberto,Revisado en España el 27 de diciembre de 2023
Una pena,"2,0 de 5 estrellas","Compre la cafetera hace 3 años, estabamos encantados con ella y al cabo de unos meses se estropeó, todo el rato indicaba que habia que vaciar la cubeta de los posos y no dejaba hacer café.
Me hicieron reembolso y la volvi a comprar, durante bastante tiempo ha funcionado muy bien, pero desde hace unos meses empezó a dar problemas.
Pide hacer limpieza clean/calc después de cada café, incluso te hace repetirlo hasta tres veces, un poco engorroso pero ibamos tirando… hasta que ha empezado de nuevo con el mismo fallo que obligó a devolver la primera.
El servicio de atención al cliente de Amazon ha actuado super bien, pero la máquina me ha decepcionado. Voy a comprar otra y seguro que no volveré a confiar en esta marca",Cliente Amazon,Revisado en España el 18 de septiembre de 2023
PERFECTA,"5,0 de 5 estrellas",Cafe buenussimo. Al principio cuesta porque se ha de hacer la limpoeza de la maquina i parece que Nada funcióne Pero una Vez hecho esto va Perfecto .Estoi muy contenta con la compra,"Farres masoliver,s.l.",Revisado en España el 7 de enero de 2024
Cafe aguado,"3,0 de 5 estrellas",Lo llevo probando dos días y el café sale aguado. Le falta muchísima intensidad.,Asier Garcia Arcaraz,Revisado en España el 27 de noviembre de 2023
Pésima atención de Amazon,"1,0 de 5 estrellas","Compré el artículo de segunda mano estado MUY BUENO. Para empezar el artículo llegó lleno de café, con restos de agua sucia y con la bandeja del agua llena de café reseco y mohoso. Desinfecté todo y empecé a usarla. Tampoco llego caja, los manuales llegaron sucios...
Tal y como llego a casa empezó a dar algunos fallos relacionados con el agua, pedía agua cuando tenía. No le di mucha importancia ya que era algo esporádico. Sin embargo a partir del segundo mes de uso empezó a pasar constantemente. Al parecer, la boya que tiene el depósito de agua no funciona bien y hace creer al aparato que no hay agua. Contacto con Amazon y me dicen que he de llevar el dispositivo a correos, que no ofrecen ningún tipo de recogida en mi casa y que además me quedaré sin cafetera 20 días. Me parece bochornoso que tenga que desplazarme yo a correos, cuando para cualquier otra gestión ellos vienen a buscarlo, incluso me he ofrecido a pagar yo el coste de envío pero dicen que es imposible. Tendré que pedir horas libres en el trabajo ya que la oficina de correos tiene horario reducido. Además tampoco ofrecen la opción de pagar yo el porte y que así sea mas fácil para mi. En fin, no recomiendo para nada comprar artículos como este de SEGUNDA MANO ya que vienen sin revisar,",David PS,Revisado en España el 8 de noviembre de 2021
Decepción total!,"1,0 de 5 estrellas","Hemos comprado esta máquina para una oficina pequeña, recomendados por uno de nuestros compañeros. A los pocos meses empezó a fallar: sale el agua por abajo, salen granos de cafe por los tubos, se desconfigura... en fin, un dolor de muelas. Y eso que intentamos hacer las limpiezas recomendadas periódicamente. Al ver que Amazon sólo proponía hacerle un diagnóstico entregando nosotros la máquina a un punto de recogida y tardando 20 días en dar una respuesta, la hemos llevado a un servicio técnico Krups homologado en Madrid. Así no estaríamos tanto tiempo sin cafetera. La hemos recuperado ayer y la sorpresa es que ha vuelto a fallar después de ni 10 cafés. Otra vez la cafetera llena de cafe y la mesa en un estado penoso... Volvimos a llamar a Amazon que no nos da otra solución que primero recibirla (llevándola nosotros a un punto de recogida), diagnosticarla y decidir qué medida toman. Claramente esta máquina tiene un defecto de fábrica, pero no lo han querido entender. Nosotros pedimos que hagan lo mismo que si te falla una pantalla de ordenador: envían a un mensajero para recoger el material y en paralelo reponen el material de inmediato. En fin, un desastre, y mucho tiempo perdido (y 100€ para una reparación que no ha funcionado). La máquina no tiene ni un año. Conclusión: no la compréis!",Gabrielle,Revisado en España el 1 de diciembre de 2021
Mi experiencia ha sido pésima,"1,0 de 5 estrellas","Me regalaron esta cafetera el pasado 6 de enero, el mismo día que la enchufé tras dos o tres cafés se encendieron de forma intermitente 4 indicadores que tras llamar al servicio técnico de Amazon me dijeron que se refería a ""error del sistema"" sin embargo tras apagarla y volverla a enchufar empezó de nuevo a funcionar hasta la semana pasada en que de nuevo dio el mismo error. El Servicio Técnico de KRUPPS me recomendó un servicio oficial en mi ciudad. Hoy cuando he ido a recogerla me dicen que el único error era que había entrado café dentro del circuito interno (porque he usado o café molido -le he asegurado que no- o café torrefacto en este punto he dicho que sí pero que no sabía que no se podía usar mezcla de café). Les he dicho que quería descambiarla porque en un mes ya he tenido dos problemas graves y me dicen que el plazo para devolverla acabó el pasado 31 de Marzo. Me siento totalmente estafado después de haber pagado 300 €",jorge,Revisado en España el 10 de febrero de 2023
Falla al cabo de unos meses devuelto en las mismas condiciones tras reparación,"1,0 de 5 estrellas","Inicialmente la cafetera estupenda, al cabo de 5 meses ha empezado a fallar y no proporciona vapor, muy poco con agua. Enviada al servicio de reparación SERTEC 360 la recibo de vuelta la misma semana indicando que el circuito estaba obstruido de cal (todo el tiempo se ha usado con agua mineral embotellada y siguiendo los ciclos de limpieza descalcificación que pide la máquina con los productos de la marca) que se ha descalcificado en profundidad y se ha realizado una prueba de funcionamiento satisfactoria. La realidad es que la maquina está exactamente igual que cuando se envió a reparar, no se ha solucionado nada y diría que no le hecho absolutamente nada. No voy a quedarme con un producto defectuoso con menos de 6 meses. Ya que no la reparan quiero ejercitar la garantía y devolverla pero no veo ninguna opción de contactar con amazon en relación a este producto que sigue ""en reparación"". Un cero para el servicio de SERTEC 360. A diferencia de la reparación el servicio de Amazon de 10 como siempre, efectuada la garantía con rapidez y diligencia.",Jose Luis,Revisado en España el 11 de marzo de 2022
Malísima,"1,0 de 5 estrellas","Me ha salido malísima, desde el primer día me dio problemas, llevo muchos años usando estas cafeteras y de esta marca, pero como está ninguna, a los 2 meses la tuve que mandar a reparar y me la devolvieron en peores condiciones, ahora llevo un mes esperando que me devuelvan el dinero, que por cierto es bastante, a si que estoy sin cafetera y sin dinero, VERGONZOSO. Pongo una estrella por que si no no me deja publicar pero pondría cero.",MC,Revisado en España el 6 de octubre de 2023
Primer día y no funciona,"1,0 de 5 estrellas","Muy mal por Amazon, ya que no funciona la cafetera recién traída, ahora esta 20 euros más cara yo quiero esa cafetera pero si la quiero me veo obligada a pagar 20 euros más cara cuando está en garantía y me tendrían que traer una por otra.
Me han decepcionado mucho con la política de Amazon. Y soy compradora habitual y de cosas caras también algunas baratas.",Carlos,Revisado en España el 2 de diciembre de 2023
Vienen usadas y limpiadas,"1,0 de 5 estrellas","Ya es la segunda vez que lo compro y me han traído una cafetera nueva limpiada con alguna mancha y el depósito del agua con gotas de agua luego lo pruebo y no funcionan ninguna solo saca agua.

Compre 2 por qué pensé que la primera venia rota pero no me esperaba que vinieran las 2 igual, me han engañado. No lo recomiendo",Juan Diego Rodríguez Martínez,Revisado en España el 5 de diciembre de 2023
SERVICIO TECNICO DE AMAZON PÉSIMO,"1,0 de 5 estrellas","SERVICIO TÉCNICO DE AMAZON FATAL. No me quejo de la cafetera pero sí del servicio de reparación ofrecido por Amazon. La cafetera se utiliza en una oficina y tiene mucho uso. Hace unas semanas vimos que perdía agua y nos pusimos en contacto con el servicio técnico de Amazon quien nos vino a recoger la cafetera para su reparación pues estaba todavía en garantía. Unas tres semanas después, ayer mismo recibimos la cafetera supuestamente reparada pero al abrir vimos que algunos componentes no estaban ni montados, una pieza pequeña estaba rota (cuando la entregamos estaba bien) y al segundo día la cafetera volvía a perder agua. Estamos en las mismas, parece como si no hubiesen hecho nada, incluso peor.",Janoschka E.,Revisado en España el 23 de febrero de 2023
Perfecta hasta que deja de Funcionar,"1,0 de 5 estrellas","La Maquina funciona perfecta y hace unos cafés muy buenos, también se limpia sola, como maquina esta muy bien. El problema es que se estropea. Ya me habían comentado pero ahora lo he experimentado yo, justo ha cumplido un año y cada vez que hago un café se encienden dos luces que me obligan ha hacer un aclarado largo... y el servicio técnico es desastroso.",Maria,Revisado en España el 9 de octubre de 2023
Rota dos veces en menos de 3 años,"1,0 de 5 estrellas","Esta cafetera ha sido una decepción absoluta. Si bien hay cosas que no me convencían (el café no sale tan caliente como me gustaría a pesar de poner temperatura al máximo, no sale demasiado fuerte), el colmo es los fallos.
Aproximadamente al año de comprarla empezó a fallar, marcando tras cada café el depósito de posos como lleno (aunque lo hubiese vaciado justo antes), sacando café más aguado que nunca y con un ciclo que se repetía. Como estaba en garantía, la llevé a arreglar y me dijeron que era un gato hidráulico y lo cambiaron. Pues bien, año y medio después de la reparación, tengo de nuevo exactamente el mismo problema.
No vuelvo a comprar Krups.",Víctor,Revisado en España el 8 de febrero de 2023
"Si no lo usas constantemente, deja de funcionar.","1,0 de 5 estrellas","He comprado dos y con los dos tuve el mismo problema, dejan de funcionar al año o así. No se si es casualidad, pero los dos al cabo de un tiempo de no usarlos. Ninguna limpieza profunda ni de filtro ni nada lo ha resuelto. Lo llevé a una tienda de reparaciones y dijo que arreglarlo me saldría casi igual que comprar otro nuevo.",LIDIA C.,Revisado en España el 16 de octubre de 2023
KRUPS NO REVISA SUS DEVOLUCIONES - CAFETERA SUCIA,"1,0 de 5 estrellas","Después de ver los comentarios sobre que muchas venían usadas y sin limpiar, y dado que la compré para un regalo de navidad, lo primero que hice al recibirla fue abrirla y ver como venía. Mis temores se confirmaron, la cafetera venía llena de café molido y había sido usada, nada venía bien empaquetado, simplemente tirado en la caja.

Como es un regalo de navidad ya no me da tiempo a devolverla y pedir otra, así que he tenido que limpiar toda la cafetera con la esperanza de que al menos al regalarla no de asco.

Me he gastado 311 euros en un regalo, que lo mínimo es que llegue debidamente empaquetado y limpio.

En caso de que no funcione la devolveré y pediré mi dinero, no otra cafetera pues Krups ha perdido toda la confianza que tenia depositada, dado que obviamente después de limpiarla no la probé hasta el 25 no sabré si funciona o no. Y como no funcione además voy a quedar bastante mal delante del que va a recibir el producto. Así que odio a Krups por tanda doble, una por su falta de higiene y cuidado, y otra por que puede que me estropee la cena de navidad. Gracias KRUPS.

Por ahora, no sé si viene todo lo que tenía que venir, no sé si funciona, y no sé si será higiénico hacer café en ella. Y ES PARA UN REGALO DE NAVIDAD.

SI COMPRÁIS ESTA CAFETERA CUIDADO CON QUE VENGA USADA Y SUCIA.",Danny Gi,Revisado en España el 18 de diciembre de 2015
EFI Global Store ES estafadores,"1,0 de 5 estrellas","Cuidado!!!!!
La cafetera esta realmente bien. Es sencilla y comoda y elegante.
Sale un cafe bueno y rapido. Pero el vendedor EFI Global Store ES es una estafa.
Mucho mejor comprarlo y que sea vendido por Amazon, aunque pueda ser en algunos momentos mas caro.
EFI Global Store ES no se hace cargo del producto y ante cualquier inconveniente y/o disputa, te hacen pagar extra si quieres alguna solucion. Ademas, en mi caso, al devolverla me hicieron pagar los costes de envio (lo acepto porque son las condiciones) pero me devolvieron casi un 20% menos del coste que acaba de pagar! mas de 50€ que me estafaron!!
Ademas, si buscas la empresa en internet, tiene muy malas criticas de atencion al cliente y de manera general.
Por favor, @Amazon, deja de trabajar con empresas asi!
Un saludo",Luis E.,Revisado en España el 5 de agosto de 2022
Una Autentica basura,"1,0 de 5 estrellas","Como tirar 420€ a la basura, han sido todo problemas desde que la compré. La hemos mandado a reparación 4 veces. En la ultima ocasión, para recochineo nos dicen que N0 le pasa nada a la cafetera y nos la devuelven igual que está. Después de dos años se ha pasado la garantía y la hemos llevado a un taller oficial y nos dicen que esta rota la caldera, que la reparación son 170€ aproximadamente. Tiene guasa, porque la segunda vez que la mandamos a reparar supuestamente le cambiaron 3 piezas, entre ellas el calentador. Ha sido un autentico desastre. MUY MAL AMAZON en esta ocasión.",Miguel Lop.,Revisado en España el 14 de noviembre de 2022
Se me rompió,"1,0 de 5 estrellas",Me compré está cafetera pork tenía ganas de ella..a los 4 meses se me a roto la mandé arreglar como esta garantía y me le han mandado dice k arreglada pork dejo de hacerme la espuma de la leche ya k compre la de opción de capuchino y me a venido peor..super wuarra sin cuidado ninguno al empaketarla...y sin averla arreglado...estoy esperando la devolución de Amazon...la cafetera es muy buena pero k no se te rompa pork ya las tienes perdida...yo krups ni una más....me kiero comprar una delongui a ver k tal...,Suly,Revisado en España el 25 de mayo de 2023
No funciona,"1,0 de 5 estrellas","No funciona la cafetera la enciendo con el botón, pero ya de ahí no pasa. Los botones no funcionan solamente el botón start y actúa el vaporizador solamente.",Francisco J.,Revisado en España el 21 de enero de 2024
Mal servicio técnico,"1,0 de 5 estrellas","En el primer año de uso, un café excelente, de los mejores que he probado en cafetera superautomática. A partir del primer año, empieza a perder agua por abajo. Después de más de 2 meses en el servicio técnico, me la devuelven, sigue perdiendo agua. Otro mes y medio más, el café sale aguado. La vuelvo a llevar, le cambian pieza y el café sigue saliendo agua. Reclamación a Krups y veo que no tiene solución. Me dicen que la vuelva a llevar al S.A.T., pero no tienen ni idea de solucionar. A tirarla toca. Mala inversión.",Mougli,Revisado en España el 1 de febrero de 2023
No Comprar,"1,0 de 5 estrellas","Tras comprar esta cafetera pude saborear cafes bastantes buenos, el problema llega al mes de tenerla en casa, la maquina ya no funciona, suelta todo el cafe por debajo de la misma haciendo un desastre, tras limpiarla y dejarla como nueva, probe el servicio tecnico para ver si me lo arreglaban, tardaron muy poco y me parecio raro, al abrir la caja me encontre una cafetera llena de cafe por todos lados y un papel diciendo que habian cambiado una pieza en el molino, la enchufe y magicamente volvia a funcionar... peeeerooo al las 2 semanas le salio el mismo problema. La cafetera es buena, pero no te dura mas de 1 mes en funcionamiento diario, no la recomendaria para nada.",El estafador,Revisado en España el 10 de julio de 2022
No cumple,"1,0 de 5 estrellas","Muy buena cafetera para hacer cafés solos y capuchinos o cafés machiatto.
Al principio los capuchinos muy bien con leche espumosa.
Pero después de 1año ya no hace espuma con la leche, solo cafés con leche caliente.
Es decir que ya no cumple su función.
La envié a arreglar pero me la mandaron de vuelta y sigue igual. A ver como me arreglan esto.
En la foto se ve que solo hace cafe con leche sin espuma, nada de capuchino caffe latte... una pena",CRISTIAN,Revisado en España el 6 de marzo de 2023
1 café antes de cada decepción,"1,0 de 5 estrellas","Ha durado 1 café. Después del primer café, mensaje de error de que tiene que descalcificarse y proceso de limpieza.
Limpieza. Otro café y mismo mensaje de error
LImpieza + descalcificación. Otro café y mismo mensaje de error.
El mensaje de error solo desaparece al apagarlo, pero reaparece cada vez que se hace 1 café.
Ademàs, el teléfono de soporte de la documentación ""no existe"". Es el mismo que aparece en la página web del fabricante
La he devuelto. Veremos si nos devuelven el dinero

Una decapción después de cada café.",Cliente Amazon,Revisado en España el 14 de enero de 2023
Segunda cafetera y segunda avería por pérdida de agua por la parte inferior,"1,0 de 5 estrellas","La segunda cafetera Krups Roma que tenemos y la segunda que pierde agua por la parte inferior. No aguantan ni dos años, antes de los dos años se estropean y eran compradas nuevas las dos. No hacemos tantos cafés al día para que se estropeen tan rápido, no compro ni una más de este modelo, un desastre.
La primera después de la avería nos la cambiaron y esta dicen que ya no nos la cambian.
Muy mala experiencia con esta marca y modelo",CARLOS BENEDICTO REINA,Revisado en España el 7 de mayo de 2023
REMESA DE FABRICACIÓN CON FALLOS. NO COMPRES.,"1,0 de 5 estrellas","Debe haber salido una remesa de fabricación con fallos, ya voy por la segunda cafetera y ocurre lo mismo. Te haces un café y al finalizar se encienden simultáneamente CLEAN y CALC solicitando un aclarado largo, pero ya no se apagan hasta que apagas la máquina. La vuelves a encender, te haces sólo un café y se vuelven a encender. Esta es la segunda máquina y la voy a devolver también y por supuesto no voy a comprar KRUPS. Menuda chapuza. De momento Amazon perfecto.",DAVID OLMOS GARCIA,Revisado en España el 19 de enero de 2023
Una pena tener que devolverla,"1,0 de 5 estrellas","Le pongo esta puntuación porque he tenido que devolverla porque pierde leche. Tiene un tubo de plástico que va de la cafetera al envase de la leche y por ese pierde (adjunto foto).

La estuvimos usando casi un mes y estábamos encantados, pero empezó a gotear leche. Fue poco a poco, entonces decidimos pedir otra cafetera porque estábamos muy contentos, pero a esta le paso lo mismo. Y no merece la pena tener una cafetera por este precio que empiece a perder tan pronto, porque eso siempre va a más.

Por lo demás una cafetera estupenda, buen café, buena espuma. Su uso es muy fácil e intuitivo. Lo hace muy rápido.

En definitiva, una pena tener que devolverla. Espero que mejoren ese sistema para que no pierda.",Cliente Amazon,Revisado en España el 7 de octubre de 2019
Devuelto,"1,0 de 5 estrellas","Viene con restos de café pero no quiere decir que ha sido usada por alguien y luego devuelta a amazon, si no que se prueba en la fabrica (mirad las insutrcciones, lo dice claramente). Sin embargo....

Solicité reemplazo de la primera porque vino sin sobre de descalcificador. La caja también estaba un poco reventada y el porexpan protector dañado, como si alguien ya la hubiese sacado y metido en la caja sin tener cuidado. Cuando recibí la segunda vi que a a la primera le faltaban dos pequeños trozos de porexpan pegados a los lados para proteger sus laterales.

La segunda también vino sin el sobre descalcificador, pero como era un regalo para mi padre, nos la quedamos. Tras unos dias de uso, mi padre dice que cuando hace el cafe se escucha un ruido como de explosión y sale humo (no vapor..) por la rejilla en la zona de calentar tazas. Despues de cinco tazas de cafe pide vaciar el cajon de posos y pide agua, aunque aun quede en el deposito.

Por todo esto acabo de solicitar el reembolso.

Cuando estuve buscando un modelo vi que es una cafetera bastanté más barata que otras del mismo estilo en las tiendas... y hasta aquí puedo leer.",Javier,Revisado en España el 4 de enero de 2016
"Bonita, pero la manual hace mejor café","1,0 de 5 estrellas","Esta es la tercera cafetera Krups que tenemos en casa. Las dos primeras manuales ( un modelo antiguo, uno más moderno) y ahora esta.
La compramos porque remodelamos la cocina y nos apetecía tener una superautomatica.
Tengo que decir que la cafetera funciona muy bien. La elección del café es muy importante, con las anteriores usábamos marca hacendado y con esta en primer llegar escogimos otra marca... Nos pareció que se quedaba corto en espuma.
Hemos cambiado de café y creo que hace un café bueno y es muy muy cómoda de usar. Con los anteriores modelos nos pasó una cosa: el sabor del café fue mejorando con el tiempo. Si esto ocurre en esta ocasión será perfecta.
Es bonita y va a quedar muy bien en mi cocina nueva. Enviaré una foto cuando la tengamos colocada

Después de un año de uso, puedo decir que es muy cómoda, pero no hace suficiente espuma, y el café sale un poco aguado. Nos gustaba más el modelo manual.
Hace unos días dejó de funcionar. No estoy demasiado contenta y por eso he modificado mi valoración",saraylaurafp,Revisado en España el 8 de agosto de 2019
Mal servicio post venta,"1,0 de 5 estrellas","Tengo que reconocer que la cafetera es de gran calidad y muy buena.

El servicio post venta es muy malo.
Gestioné dos veces la reparación en garantia ""Sertec 360"" y devolvieron las dos veces la cafetera mal montada, sucia, con piezas rotas y lo mejor de todo!!! sin reparar y con la misma averia.

No quisieron mandarme una cafetera de sustitución y la unica solución ha sido devolverla y recibir el reembolso de la compra.",RP,Revisado en España el 23 de noviembre de 2022
defectuosa,"1,0 de 5 estrellas","mi experiencia con esta maquina es un desastre bien con problemas del primer dia te hace un cafe se bloquea hay q desenchufar cada cafe, el soporte del fabricante son muy malos en contestar
cuando te cogen el telefono poco ayudan solo recogida del producto en garantia ya es la segunda que devuelvo las dos hacen lo mismo espero q os sirva de ayuda antes de comprar",ciber espai informatica,Revisado en España el 16 de diciembre de 2022
Sí quieren tirar el dinero y tiempo comprela,"1,0 de 5 estrellas","Al principio bien, pero al poco tiempo empieza a perder leche, por el tubo y pasan unos días y ya no sale nada, hablo con Amazon y la mando a reparar, después de meses dando vueltas la cafetera, dicen q está arreglada, q la culpa es mía por no leer el manual, q la máquina funciona perfecta, cual es mi sorpresa? La conecto y no le habían hecho nada y encima me la envían, la bandeja rota, sin el tornillo de la tapa de arriba, bueno un desastre, vuelvo hablar con Amazon y ahora sí dicen q me devuelven el dinero, donde está el dinero?????? Todavía estoy esperando.
Sí quieres riego comprala.",vio,Revisado en España el 25 de marzo de 2022
Rota despues de 4 años,"1,0 de 5 estrellas",Despues de 4 años la maquina pierde cafe internamente y no se puede utilizar. Una pena porque por lo demas funcionaba muy bien.,Alberto Perez,Revisado en España el 6 de noviembre de 2023
Basura,"1,0 de 5 estrellas",No llevo ni un año con ella y se me han roto dos cosas. El molinillo tira el café molido por fuera y el líquido se sale del tubo.,Alba Soldevila Sala,Revisado en España el 7 de octubre de 2023
Vino defectuosa,"1,0 de 5 estrellas",Probablemente haya sido mala suerte. Pero la hemos devuelto. Nada más llegar te pide un ciclo de limpieza profunda que no era capaz de terminar. Apagando y encendiendo te permitía ponerte un café para pedir te seguidamente que hicieras el ciclo de limpieza que no podía terminar. Se encendían dos luces rojas. El segundo día ya se empezaron a encender todas las luces y empezó a perder agua. Una pena porque el concepto por le precio que tiene es bueno.,Patxi,Revisado en España el 9 de enero de 2023
No comprar,"1,0 de 5 estrellas","Para empezar, la cafetera después de usarla en menos de una semana, ya nos dió fallos, se la llevaron y nos la devolvieron casi un mes después y nada más encenderla seguía con el mismo fallo. Voy a devolverla porque no lo veo normal,no suelo dejar críticas malas pero no quiero que los demás cometan el mismo fallo que yo.",David,Revisado en España el 15 de enero de 2023
DECEPCIONANTE,"1,0 de 5 estrellas","Compre esta cafetera en Enero de 2019, ha funcionado normal con una media de 4 cafés por dia, al poco tiempo empezó a mal funcionar el mando que regula la cantidad de agua, corto ó mas largo, al cabo de unos meses empezó a perder agua, decir que siempre se le ha echo el mantenimiento cuando la maquina lo ha pedido, pues de repente preparando un café, ha sacado un momton de vapor, se han encendido todas las luces rojas y ni siquiera deja pararla desde su boton, en definitiva la llevo al servicio técnico oficial y me contesta por Whasapp, la cafetera tiene el calderón defectuoso, coste de la reparación + ó - 170€. Francamente por mi experiencia muy mala maquina, y ademas el café.... Normalito, ( usando cafés de calidad).",Adolfo,Revisado en España el 7 de abril de 2021
ha dirado 5 meses!,"1,0 de 5 estrellas","mal servicio tecnico! soporte de amazon terrible!
la cafetera solicitó descalcificado y por problemas del pridcto no la hacia se mando a arreglar a principios de diciembre y a dia de hoy sigo sin tener la cafetera. se mando a arreglar y le cambiaron el molinillo un dia desoues se quemo la volvi a mandar a arreglar y volvio con una pieza de menos y aqui estamos dos meses despues!",amara,Revisado en España el 26 de enero de 2023
Dura lo que dura la garantía,"1,0 de 5 estrellas","Ojo con esta cafetera, justo terminó la garantía y se ha estropeado. En el último año ya perdía agua por debajo, tuve que poner una bandeja, y ahora el café salía por el depósito de posos. Un desastre, no os la recomiendo. La he tenido que tirar. He hecho las limpiezas con las pastillas krupps clean. Y a la tercera vez que la hice me di cuenta que las pastillas se quedaban atascadas entre la ranura donde se inserta y el depósito de los posos. Una vez salió el café con el olor y sabor de la pastilla, y eso que ya el proceso de limpieza ya había terminado y la luz de aviso estaba apagada.",MONICA,Revisado en España el 2 de noviembre de 2021
Podria mejorar,"1,0 de 5 estrellas","Muy bien, un café bien molido, sabor… no es tan ruidosa y hace unos capuchinos muy ricos. Instrucciones sencillas que explican como limpiar el circuito y avisa de cuando hay que vacias el café sobrante. Y cuando ha pasado el mes de devolución se estropea, se bloquea y no muele bien el café. El fabricante no da señales y tuve que reclamar seriamente para que procedieran a la devolución. Al principio de comprar la cafetera muy bien pero al pasar el periodo de devolución dejó de funcionar. Una pena",Alguien,Revisado en España el 5 de mayo de 2022
Mal producto,"1,0 de 5 estrellas","Nada más recibirla tuvimos que enviarla a reparar porque cuando acababa de hacer un café se iluminaban todas las luces siempre, cuando nos la repararon al poco tiempo volvió hacer lo mismo….",SONIA,Revisado en España el 23 de julio de 2023
funcionamiento,"1,0 de 5 estrellas","Después mucho tiempo que estábamos mirando varias marcas de cafeteras hemos decidido de comprar esta de Krups.
La cosa mas que os ha gustado de esta maquina es el tamaño y el diseño y por eso somos muy triste en devolverla porque la nuestra después un solo día de uso empezado a perder leche desde la boquilla que se conecta a la latera y que va al la boquilla de donde sale el café.
Dicho conector es muy malo diseñado al que se pone en presiona empujándolo en el orificio de la pieza de la latera.
Este sistema de conectivo debería ser hecho mas seguro o con un click o con un sistema de rosca así se puedes poner seguro y con una junta de goma.
Esperamos que en el futuro los diseñadores de dan cuenta del problema y lo irán a arreglar.",Amazon Customer,Revisado en España el 3 de marzo de 2020
No funciona,"1,0 de 5 estrellas","Cuando te gastas más de 300 euros en una cafetera esperas que al menos funcione bien unos años, pero esta cafetera viene dando fallos desde el primer día que la enciendo.. He seguido las instrucciones rigurosamente, al encenderla por primera vez para efectuar la limpieza inicial se encieden las luces de Calcificador y limpieza. No me deja hacer la limpieza. La apago y vuelvo a enceder y ya sí me deja hacer la limpieza, tras efectuarla siguiendo instrucciones hago un café pero sólo salen gotas intermitenes.
Segundo día, otra oportunidad, enciendo la máquina y vuelve a pasar lo mismo, se encienden ambas luces. No sale café. Estoy muy decepcionada , que desde el primer dia falle no me augura confianza. He solicitado cambio por otra para darle una oportunidad, la última, como me de fallo no compraré nunca más esta marca. Además sube y baja de precio unos 60€ cada dos por tres.",Mercedes,Revisado en España el 8 de enero de 2018
No funciona,"1,0 de 5 estrellas","No funciona, la saqué de la caja y estaba rota, pésimo",Carlos,Revisado en España el 26 de noviembre de 2023
Correcta pero con falta de potencia/presión,"1,0 de 5 estrellas","Siendo una cafetera de Krups, se espera algo mejor para el precio que se paga.
El café, independientemente de la marca que se use, no acaba de salir tan cremoso como con otras cafeteras similares. Parece que le falte presión. Si se hace café expreso muy corto, la crema dura únicamente si se toma en los primeros 2 minutos.
Tiene otro defecto importante que es la vibración que produce en su funcionamiento. Las tazas, independientemente del material con que estén hechas, viajan por la bandeja donde sale el café y hay que sujetarlas para que el café no acabe derramado fuera de la cefetera.
Ciertamente, yo no la recomendaría después de haberla usado largamente durante más de 12 meses.",Andreu Raya Demidoff,Revisado en España el 10 de octubre de 2020
Averiada a los 12 meses sin solución,"1,0 de 5 estrellas","Bufff... que adiccion a esta cafetera. Sale un cafe tan bueno! Y es facil y rápida de usar
Edit:Al año se avería. Se remite a reparar y tras un mes mareando dicen no se puede reparar (creo que la han perdido)",Ricardo Guevara,Revisado en España el 22 de febrero de 2023
Defectuosa i fallos electricos,"1,0 de 5 estrellas","Despues de 2 años mi maquina ya tiene fallos,se encienden las luces de clein i calcio despues de cada cafe i aunque haga la limpieza siguen encendidas,fallo electrico?i ya no entra en garantia,no volveré a comprar esta maquina",Danita,Revisado en España el 26 de mayo de 2023
Fatal un error comprarla,"1,0 de 5 estrellas","Fatal nos ha salido malissima no la recomiendo con el precio que tiene ha sido un error comprarla
A los 6 meses se bloqueo la hemos llevado a arreglar al servicio tecnico 3 veces y aunque la reparacion esta en garantia cada mes se vuelve a bloquear y la volvemos a reparar
Y ya no sabemos como resolverlo por que no nos dan opciones ni en el servicio tecnico ni el fabricante",beatriz perea,Revisado en España el 30 de abril de 2022
Avería. Pierde agua a los pocos meses de la compra.,"1,0 de 5 estrellas","A los pocos meses de la compra, empezó a perder agua. Lo envié en garantía a Sertec 360, GAVA. La revisaron y la devolvieron con un informe de reparación: En los test realizados al producto NO se ha detectado ningún fallo funcional de la cafetera. Sigue perdiendo agua, incluso más que antes de la ""reparación"". No puedo hacer de nuevo la solicitud de reparación desde Amazon. Y en la carta del informe de reparación no conta ni el teléfono ni el email.
¿A alguien le ha pasado lo mismo?",Ester,Revisado en España el 22 de mayo de 2021
Amazon E S T A F A,"1,0 de 5 estrellas","Se compro este articulo , supuestamente restaurado , revisado y funcionando , pero con garantia oficial , a la semana fugas de agua y cafe por todas partes , se envia al servicio tecnico en garantia y la sorpresa es que te mandan un presupuesto de reparacion superior al valor de venta nuevo , se reclama a amazon y da la callada por respuesta , una verguenza y una E S T A F A en toda regla .",Carmen medina,Revisado en España el 12 de enero de 2022
No funciona en absoluto.,"1,0 de 5 estrellas","Hemos tenido esta cafetera durante un par de años y estabamos muy contentos, pero se estropeo y decidimos volver a comprarla. En Amazon estaba a mejor precio y no nos lo pensamos. La primera que llegó solo sacaba agua por el orificio del vapor le dieses al botón que le dieses, solicitamos un cambio y la segunda funcionaba exactamente igual de mal. Hemos devuelto las dos. Nos iremos a la tienda y pagaremos un poco más, pero tendremos una cafetera que funcione correctamente.",Laura,Revisado en España el 30 de junio de 2021
Servicio post venta lamentable,"1,0 de 5 estrellas","Al poco tiempo la maquina me marca error. Solicito reparación ya que no podía hacer nada. Tenia una carga de café molido encallada, imposible de sacar. Pues me devuelven la maquina llena de café molido hasta en el deposito de agua. Sucia, no. Lo siguiente. He tardado 40 min en limpiarla. Realmente lamentable servicio.
Pero lo peor de todo es que ME DEVUELVEN LA CAFETERA SIN REPARARLA !!!",S. Brau,Revisado en España el 24 de marzo de 2022
producto defectuoso,"1,0 de 5 estrellas","dos veces me han mandado el modelo blanco con el mismo fallo, incluso tras la reparación en su servicio técnico volvió mal. un desastre para el servicio que da Amazon.",pedro,Revisado en España el 2 de marzo de 2023
Dos meses y ya no funciona,"1,0 de 5 estrellas","Lógicamente compré esta cafetera para hacer capuccinos. Pues en menos de dos meses el sistema de producción de espuma ya ha dejado de funcionar y la leche sale totalmente liquida, sin crema ni espuma ni nada, un fiasco. Veremos si el servicio postventa es bueno y propone una solución rápida.

Año y medio desde la compra: ahora ya no hace ni espuma, ni tampoco café.

En la oficina tengo una De Longhi, funciona perfecto y el diseño es muchísimo mejor: no ensucia, fácil de extraer el deposito de agua, así como el de desechos de café.",Eloi Marin Amat,Revisado en España el 1 de marzo de 2020
Que me solucionen el problema,"1,0 de 5 estrellas","Hace un café muy bueno,pero
se me a averiado ya dos veces y ya no la quiero.Quiero una nueva o el dinero que me costó","La cafetera ya la he repado una vez y se a vuelto averiar ,lo cul quiero o que me devuelvan el dinero o me den una nueva porque tiene 5 meses",Revisado en España el 15 de mayo de 2023
Lástima!,"1,0 de 5 estrellas","La recibí el 31 de diciembre, Nueva precintada, preciosa! Y el 1 de enero fue mi primero café y todo perfecto, excelente café y el cappuccino muy rico. Fácil de usar. Pero resulta que ayer 6/01 la leche no salía con espuma, intente varias veces y después de hablar con el servicio técnico la devolví hoy! Porque me querían enviar a reparación, como pago 400€ por una cafetera y a la semana la tengo que enviar a reparar? Me da pena porque estaba muy contenta, Igual me tocó una que estaba defectuosa, lástima!",🌸🌞,Revisado en España el 7 de enero de 2020
Horroroso,"1,0 de 5 estrellas","Se rompió. Se supone que lo repararon, a los dos días ya no vuelve a funcionar",Rodrigo,Revisado en España el 18 de mayo de 2023
Falta el pack de café de regalo,"1,0 de 5 estrellas","Revisando el pedido he visto que no me han enviado el café de regalo por hacer la compra dentro de un período deerminado tal y como aparece en las imágenes que adjunto.

El café no sabe a nada, al menos el de marcilla y bonka, voy a probar otras marcas y si no la devuelvo. Creo que es un error por parte de la marca no regalarte un café de sabor óptimo para la primera prueba dado que si llega, la pruebas, y no sabe a nada, evidentemente, la devuelves. Yo me doy 3 días para intentarlo con alguna otra marca. Si alguien puede recomendarme una marca con sabor se lo agradezco. Y si la marca desea enviarme el café que iba a regalarme igual consiguen que mejore mi satisfacción como cliente. Muy decepcionado.",Rafael Servan,Revisado en España el 21 de diciembre de 2016
Compre esta al año y medio comenzó a atascarse y casualmente a los 2 años ha dejado de funcionar.,"1,0 de 5 estrellas","Desde el principio maquina que no termino de ir bien. Pero insisten en sus lavados cortos y largos, con pastillas únicamente krups antical que no me han servido para nada",Lidia,Revisado en España el 1 de febrero de 2023
Imposible gestionar la devolución de un producto defectuoso,"1,0 de 5 estrellas","Me ha sido imposible gestionar la devolución de este producto que ha llegado defectuoso. 10
Esperando por una recogida que aún no se ha producido.
Inaceptable el servicio Prime.",Ana,Revisado en España el 16 de enero de 2023
a la 5a semana se ha roto...,"1,0 de 5 estrellas","Pues la verdad es que estaba razonablemente contento con la compra sobretodo por la practicidad de darle al botoncito y ya esta, facil de limpiar, etc... eso si, al ser la primera cafetera automatica que he comprado, una horita de aprendizaje tarde cuando llego... A ver, el cafe de maquina de bar para mi sigue siendo mejor, o incluso de cafetera de toda la vida, pero estaba contento.
Lamentablemente el fin de semana pasado, justo pasada 1 semana del periodo de retorno se ha roto el (motor parece) que calienta la leche...
A ver que tal el servicio de atencion al cliente de Krups ahora ya que no puedo devolverlo a Amazon.",Alvaro Ortega,Revisado en España el 30 de marzo de 2017
"Un mes después de ponerla en servicio, paso más tiempo limpiando la cafetera que tomando café!","1,0 de 5 estrellas","En cada très veces que hago un café, tengo que limpiarlo todo, a pesar de haber seguido escrupulosamente las instrucciones del fabricante. Funcionó bien durante las 4 primeras semanas. Ahora es un peso!",Algofix,Revisado en España el 28 de abril de 2022
Maquina defectuosa. Pedida de tiempo y dinero,"1,0 de 5 estrellas","Han enviado una maquina que no funciona. Pésima experiencia de compra. Perdida de tiempo en el chat de soporte, llamando al fabricante media hora, y encima me piden que la lleve al servicio técnico que tarda 30 días en repararla. Ahora toca devolverla y esperar a que me devuelvan el pago. Mientras tanto sin el dinero y sin la cafetera. Un desastre.",AMEP,Revisado en España el 16 de julio de 2021
Mal funcionamiento y pésimo servicio externo de reparación,"1,0 de 5 estrellas","Le doy una estrella xq menos no se puede.... la máquina desde el primer día hace un ruido que parece que vaya a explotar cuando usas lo de calentar la leche y no hace nada de espuma... se la han llevado 2 veces a reparar y me la devuelven sucia, arañada y sin funcionar y te dicen que funciona correctamente.... yo no volveré a comprarla y Amazon muy bien pero el servicio externo de reparación es pésimo",Juan M.,Revisado en España el 12 de diciembre de 2020
Decepcionante,"1,0 de 5 estrellas","Nueva, primer uso. Se queda atascada en el programa de aclarado largo, pidiéndolo constantemente aunque se haga varias veces. A devolver.",Ignacio,Revisado en España el 25 de diciembre de 2022
Funcionamiento,"1,0 de 5 estrellas","A los dos meses perdia agua y lo envié a reparar. Me lo han devuelto que en principio funciona pero sucio, con carga de cafe que no han limpiado. Yo lo envié en limpio y esperaba recibirlo de la misma manera. Decepcionada con el servicio postventa.",Susana,Revisado en España el 2 de abril de 2022
USADO X2,"1,0 de 5 estrellas","La cafetera no se si hará buen café o no. Lo que sí sé, es que me llegó con evidencias de haber sido usada (mal embalada, con restos de gotas de agua, la documentación y el cable puesto de cualquier forma...)
Pido que me la cambien por otra y... sorpresa, también nos llega usada. Esta sin embalaje y con la documentación y cable igual que la primera.
No pienso comprarles nada, NUNCA.",Carol,Revisado en España el 3 de diciembre de 2020
"Defectuosa, se encienden continuamente las luces de limpieza","1,0 de 5 estrellas",Se solicitó reparación pero sigue con el mismo problema y la devolvieron sin tapa del molinillo. Se solicita reembolso,SILVIA,Revisado en España el 13 de febrero de 2023
Peligrosa,"1,0 de 5 estrellas","Calentarse la leche es un peligro e intentar hacer espuma misión imposible. El calentador ha llegado a saltar por lo aires y salpica leche hirviendo y vapor.
La máquina venía ligeramente arañada. Ésta era la segunda que pedíamos ya que la primera tenía el mismo fallo. Un desastre.",Nayra,Revisado en España el 5 de abril de 2021
"Horrible experiencia,me dicen que está atascada y sucia por dentro y mira que me devuelven","1,0 de 5 estrellas","Se llevaron mi cafetera impoluta, sin hacer café pero estéticamente perfecta y vean que me devuelven,patético...",Encarna aranda,Revisado en España el 19 de julio de 2022
No funciona correctamente!!!,"1,0 de 5 estrellas",Lo devolví porque al dar al botón de encendido salía agua por donde no tenía que salir y tampoco molía el café. Mala experiencia.,pilar,Revisado en España el 23 de octubre de 2022
No la recomiendo,"1,0 de 5 estrellas","Que decepción no he conseguido hacer ni un café!! De la cafetera sale muchísima agua limpia, acto seguido pide que quites el poso del café pero el café no sale!! La devuelvo inmediatamente. La verdad es que el precio y sus dimensiones estaban bien… si preparara café….",Cliente Amazon,Revisado en España el 28 de septiembre de 2021
"Llego rota, imposible de reparar","1,0 de 5 estrellas",Para cuando la encendi por primera vez ya habia pasado el plazo de devolucion. He perdido demasiado tiempo intentando hacer funcionar esta basura de maquina. Jamas en mi vida comprare nada de Krups.,Alexandro Sanchez Bach,Revisado en España el 18 de agosto de 2022
Llego desfectuosa,"1,0 de 5 estrellas","Compre otra krups para Navidad en mi segunda residencia, llego y no funcionaba el molinillo de triturar cafe. Enviada a amazon, espero me envien pronto una nueva, pero hoy he conocido una de las desventajas de comprar online.",P. Platon,Revisado en España el 27 de diciembre de 2021
La cafetera ha llegado Rota..por tres sitios,"1,0 de 5 estrellas",La cafetera está rota y de mi domicilio salió perfecta,Aida L.,Revisado en España el 18 de enero de 2023
.,"1,0 de 5 estrellas",Llevo tres años con la cafetera y empieza. A fallar al desmontarla me doy cuenta de que ha sido manipulada ya que tiene los tornillos desatornilllados y ha sido desmontada anteriormente una decepción total cuando se supone que compras un producto nuevo,Ana,Revisado en España el 15 de octubre de 2021
No era la cafetera que pensaba es más pequeña no vi bien las indicaciones de medida,"1,0 de 5 estrellas","Es más pequeña que la anterior que tenía ,",Amparo Martin Roncero,Revisado en España el 3 de noviembre de 2022
Esperaba más por ese precio.,"2,0 de 5 estrellas","Fácil de usar y hace buen café y capuchino, pero nada más. Muchas programaciones, muchas opciones, que al final no utilizas, y no puedes calentar ni agua para una infusión. Tiene una boquilla para salida de vapor que solo sirve para sacarla y poder enchufar la jarra de leche. No hace café con leche normal ni puedes calentar agua o leche.
Por otro lado, la tengo desde hace 3 meses y ha dejado de hacer capuchino, solo saca la leche de la jarra sin espuma y creo que el motivo es que no hace prácticamente nada de vapor. Antes salía vapor a presión y ahora casi ni se nota. Llamaré al servicio técnico, pero con solo 3 meses .... empezamos mal.

Respuesta del teléfono de atención al cliente, que ni idea, que vaya a un servicio técnico y lo pregunte. En el servicio técnico, pues que ni idea. Que les lleve la cafetera que se la mirarán con calma y la probarán, no que no les ponga prisa porque estas cosas no son fáciles, que saber la cantidad de vapor ...
Al final, he comprado el líquido desatascador de la marca y le he hecho dos pasadas de todas las limpiezas posibles, con pastilla y con el líquido y ahora parece que funciona.

De todas formas, servicios de atención al cliente y técnicos como estos, mejor me compro otra marca.

Ahora ya ni sale leche. El anclaje ente la salida de vapor y la jarra no hace estanco y sale el vapor sin llegar a la jarra. 8 meses y solo son problemas. Vaya desastre de cafetera.",Anonimo,Revisado en España el 28 de marzo de 2021
Buen café pero máquina defectuosa,"2,0 de 5 estrellas","He comprado una, hacía el café muy rico, pero venia con problemas de fábrica, la devolvimos sin ningún problema por parte de Amazon , y con el reembolso compramos otra, la misma cafetera ya que nos gustaba el café que hacía, pero tuvimos el mismo problema que con la primera compra, se queda atascada, se encienden las luces de CLEAN y la otra cada vez que haces un café, cuando la cafetera tiene 1 semana, suelta posos de café por donde sale el agua y varias cosas que no son normales en una cafetera de este precio y de esta supuesta calidad. Así que, hemos devuelto la segunda también y ya no habrá tercera oportunidad, es una pena.",Jenn,Revisado en España el 11 de marzo de 2023
Krups Roma EA8105 - Cafetera superautomática 15 bares,"2,0 de 5 estrellas","Hola, Pues compré Krups Roma EA8105 - Cafetera superautomática 15 bares, ya tenía anteriormente una krups de capsulas y la verdad que era muy buena, fijándome por esta marca, compré la Krups Roma...
Siendo honesto tengo que decir que esta marca ha dejado de ser simple, a una complejidad impresionante, ya que antes de ponerlo a funcionar tiene que tener en cuenta los primeros pasos a dar y es la configuración.
Si no sabes mejor no mires el manual, ya que las instrucciones son de lo peor y nada claras.",Cliente Amazon,Revisado en España el 15 de marzo de 2023
Desengaño,"2,0 de 5 estrellas","Duró un día en casa. Puede ser que nos tocara el garbanzo negro de toda la fabricación. El café era una infusión.
La devolución en Amazon, perfecto.",MARIANO RUIZ LOPEZ,Revisado en España el 5 de agosto de 2023
Decepción,"2,0 de 5 estrellas","La cafetería parecía perfecta en un primer momento, y el café en sí sigue siendo muy bueno, el problema fue el espumador de leche el cual a los cinco días, repito 5 días, dejó de funcionar bien. Tenía que sacarlo y ponerlo varias veces para que funcionara bien porque lo que es calentar, calienta, pero no tiene suficiente potencia para generar espuma.
Una decepción",Cliente Amazon,Revisado en España el 18 de febrero de 2023
No la volvería a comprar,"2,0 de 5 estrellas","Después de un año de uso doy mi opinión y rectifico la que puse en su día. Pros: buena cafetera. Contras: Hace mucho ruido al moler el café y al usarla despiertas a la familia y vecinos, limpieza periódica de descalcificación y limpieza de la máquina (lleva su tiempo hay que llenar y vaciar el deposito varias veces, 15-20 min.), el café siempre es el mismo (hay que poner café en grano no molido) hay poca variedad sobretodo si lo compras en el super, el tamaño es mucho más grande que una cafetera normal con lo cual ocupa mucho espacio. Finalmente la he guardado en el trastero y he recuperado la que tenia antes, con las cápsulas tienes más variedad de sabores e intensidad. No hay que limpiarla (perdida de tiempo y dinero pues hay que comprar pastillas) muy importante no hace ruido y es súper limpia. La volvería a comprar? Definitivamente NO.",Cliente Amazon,Revisado en España el 2 de marzo de 2021
Me salió defectuosa,"2,0 de 5 estrellas","La verdad que me da rabia, ya que me ha salido defectuosa pero es genial.
Estoy esperando que me hagan el rembolso para volver a comprármela.",Montserrat Perez,Revisado en España el 22 de junio de 2023
5 años me ha durado,"2,0 de 5 estrellas","Pues eso, hoy ha fallecido. DEP.",John Eichen,Revisado en España el 26 de octubre de 2023
Al año deja de espumar la leche,"2,0 de 5 estrellas","Al año ha dejado de espumar la leche, abro un proceso de reparación con Amazon, se la llevan 20 días y ha vuelto supuestamente reparada, pero al abrirla, ni la han tocado, las marcas que dejé para ver si la manipulaban, intactas. Y por supuesto la máquina o la espumadera de leche sigue sin espumarla… mal por Krups, mal por Amazon",JORGE PEREZ LUACES,Revisado en España el 23 de diciembre de 2022
no hace la espuma del cafe capuccino,"2,0 de 5 estrellas","después de mes y medio de uso a dejado de hacer la espuma del capuccino, si es verdad que pierde en ocasiones leche por el tubo que esta conectado para hacer capuccino, me dan la opción de repararla, aunque esta nueva, asi que veremos si solucionan el problema si no la devolveré. el hándicap de esta cafetera es que hace automático el capuccino, si eso no funciona es tonteria gastarse esta cantidad en la cafetera habiendo otras mas económicas . Ahora la duda será en caso de que lo arreglen si el fallo es general y volverá como e leido que le a pasado a otros clientes...

Después de dos meses que le envíe a Reparacion porque no querían cambiármela, aún no tengo noticias de nada . No se . Se me hace extraño el mal servicio que me están dando . Sigo sin cafetera con la pasta que cuesta y sin noticias ..",Jose carlos gabino rolo,Revisado en España el 5 de agosto de 2020
"Sale agua por debajo, y queda cafè en la bandeja de recogida de agua","2,0 de 5 estrellas","Esta funciona mejor que la anterior, por lo menos sale café. Pero no puedes estar recogiendo agua cada vez que hagas un café. La devuelvo de nuevo. A ver si la próxima llega bien.",Cliente Amazon,Revisado en España el 10 de febrero de 2023
Todo correcto excepto cafés aguachirri,"2,0 de 5 estrellas","La máquina funicona perfectamente, muy compacta, poco ruido, muy fácil de usar, pero un pequeño problema, hace cafés de agua chirri, no tiene un regulador para ponerle más café por cada taza, sólo para ponerle más agua!! probaré con otro grano de café por si es eso, sino devolución",Juan,Revisado en España el 15 de septiembre de 2022
Estaba muy contenta con la compra,"2,0 de 5 estrellas","Edito:
Se me rompió antes del año y me la repararon, ahora vuelve a fallar.
No volvería a comprarla.
Contenta con el servicio de reclamaciones de Amazon.
*************
Estaba cansada de la cafetera de cápsulas, tenía una de brazo, pero daba pereza moler el café,ponerlo... En fin que me decidí por esta y estoy muy contenta con la compra. Ocupa poco espacio, es fácil de usar y sale un café buenísimo, si usas un café bueno, claro.",Inma M.,Revisado en España el 1 de febrero de 2022
DECEPCION TOTAL,"2,0 de 5 estrellas","Pues resulta que estreno la cafetera y el agua se va por el deposito trasero de la cafetera con lo cual no puedo opinar nada, simplemente que no funcionaba, con lo cual una decepción total. Fue abrir y devolverla directamente.",Alejandro H.,Revisado en España el 12 de diciembre de 2022
Mala calidad de materiales y cuidado con el servicio técnico,"2,0 de 5 estrellas","La cafetera es bonita y fácil de utilizar.
Sin embargo, después de más de un año utilizándola siguiendo las instruccciones de mantenimiento indicadas en el manual, el botón de encendido se fue metiendo hacia adentro poco a poco, me imagino por la baja calidad de los materiales. La he llevado al servicio técnico de Barcelona (Presat Dos, cuidado con esta gente!) y después de un primer presupuesto de 115 EUR, justamente cuando llamo para preguntar cuánto tardaba la reparación me pasan un segundo presupuesto de 220 EUR, que lógicamente he rechazado.
Seguramente se trate de la obsolescencia programada y deficiente calidad de los materiales. Es algo que Krups debería revisar urgentemente.
La pregunta es si tiene sentido gastar 250 Euros en una máquina que se estropeará en un máximo de dos años.
Por mi parte, no más Krups. Volveré a Saeco, que no me dio problemas en 10 años.",PABLO P.,Revisado en España el 23 de marzo de 2018
Buen café pero diseño defectuoso,"2,0 de 5 estrellas","La máquina prepara un buen café. Es cierto que es un poco insistente (como dicen en otros comentarios) con el tema de la limpieza, pero para un buen funcionamiento me parece normal. El problema principal desde mi punto de vista de la máquina es el diseño del espumador de leche. Su sistema de sujección es un desastre (una junta de goma). Cada vez que lo ponemos a funcionar acaba saltando y poniendo toda la cocina perdida de leche. Al final tienes que acabar sujetandolo con la mano para que no caiga. Muy ridícula la situación. Es una pena por que el café es muy bueno.... pero de diseño un desastre.",David,Revisado en España el 12 de diciembre de 2020
Dos años y se rompe. No merece la pena.,"2,0 de 5 estrellas","He tenido esta máquina dos años y 4 meses.
El café sale bastante bueno pero creo que falta presión para sacar más crema.
He probado varios café de distintos tipo.
Hace una semana se encendieron las 4 luces rojas. En el taller autorizado KRUPS me han pedido 170€ para la reparación porque está fuera de garantía. Parece que el fallo del sistema de agua es muy común así que me parece falta de calidad por parte de Krups.
No creo que la voy a reparar y me compraré otra de otra marca",Mr. Andrea Cesqui,Revisado en España el 5 de mayo de 2021
No lo recomiendo.,"2,0 de 5 estrellas","Es mi primera cafetera de este tipo, por su precio la esperaba con gran ilusión y expectativas. Tiene 3 tipos de molido en el café entre los cuales no encuentro diferencia alguna. Me gusta el café largo, pero contra mas largo mas aguado lo hace. El sistema para calentar la leche... la calienta, pero cuesta horrores hacer espuma ademas mancha todo. El deposito de posos de café tiene capacidad a simple vista para unos 15 cafés, pero cada 4 o 5 te pide vaciarlo, estando mas que vacío en ese momento. Para rematar a los 4 meses de la compra, me pide hacer un programa de limpieza, el cual no realiza, y tampoco me deja hacer café. Había leído otra opinión con el mismo problema por lo que he decidido devolverla. La atención de amazon genial, la cafetera, un desastre.",Francisco Mancebo,Revisado en España el 2 de febrero de 2018
Cafetera mejorable,"2,0 de 5 estrellas","La cafetera tiene una estética muy bonita, y es fácil de usar.
Lo MALO es, que al moler el café, no entra todo en el recipiente y desperdicias mucha cantidad.
Es para pensárselo a la hora de comprarla.",María B.,Revisado en España el 7 de febrero de 2022
Café aguado,"2,0 de 5 estrellas","Decepción con esta cafetera. Es bonita y funciona bien pero el café es muy flojo. Por más que lo hemos regulado el café sale muy suave y con poco cuerpo. Si te gustan los cafés intensos esta cafetera no es para ti.
El proceso tarda bastante más comparado con una Jura automática. la limpieza parece fácil pero la bandeja del agua recoge gotas se llena con mucha facilidad y la tienes que estar vaciando cada 2 días.",ALMM,Revisado en España el 4 de septiembre de 2020
Café bastante flojo.,"2,0 de 5 estrellas","Es muy limpia y fácil de usar, la verdad q es muy práctica.. Pero para ser café recién Molido se queda bastante corta. El café no tiene mucho sabor y el tubito q se supone q hace espuma de leche solo la calienta. Aún así no está mal, pero con lo q cuesta ya podría hacer mejor café.",Daniel T.,Revisado en España el 27 de febrero de 2021
Café aguado,"2,0 de 5 estrellas",Es fácil de usar y no hay que preocuparse de limpiarla porque se limpia ella sola pero el café sale muy aguado y lo de espumar la leche pues no lo hace bien,Silvia,Revisado en España el 4 de noviembre de 2021
Buena cafetera,"2,0 de 5 estrellas","Me gusta porque es automática. Pero triste el café desde el momento que sale a poco rato ya está frío. Tenía otra cafetera muy barata que el café salía con Aqua muy ardiente y duraba muchísimo caliente. Lociento por el precio me parece caricima. A principio sale café negro y con espuma ,a poco chorro sale agua un poquito colorada.",Cliente Florin Marc,Revisado en España el 24 de diciembre de 2020
AYUDA,"2,0 de 5 estrellas","Me compré la cafetera hace 2 semanas, suelo hacerme cafés con leche (con bastante espuma al calentar la leche)

Nunca tuve problemas, ya que la leche siempre me salía con mucha espuma.

De repente un día, al calentar la leche ya no me hacía espuma, llevo 1 semana intentando averiguar de qué puede ser y no soy capaz de averiguarlo, alguno puede ayudarme ?",Pablo,Revisado en España el 21 de abril de 2020
Material acero,"2,0 de 5 estrellas","He comprado la cafetera de material acero, la carcasa de la máquina es de plástico. Lo único que veo de acero es la rejilla recoge gotas y las boquillas donde sale el café. Es correcto?",Ainoa,Revisado en España el 12 de agosto de 2021
espacio sólo para una taza,"2,0 de 5 estrellas","La cafetera es bonita, sólida y buena. Tengo otra Krup y estoy encantado. Pero este modelo lo. devolví porque no han dejado sitio para poner dos tazas. Solo puedes poner una o dos muy, muy estrechas","FUNDACION INFANCIA Y APRENDIZAJE, PABLO DEL RIO PE",Revisado en España el 30 de enero de 2021
Impreciso en las dosis.,"2,0 de 5 estrellas","Los primeros meses muy contentos.
Luego empezó a gotear constantemente por el vaporizador (gota a gota).
También empezó a ser impreciso el la cantidad de agua en cada café, por ejemplo le marcas 20 de largura del café i no siempre sale igual de largo.
La limpieza muy lenta.",Marc,Revisado en España el 14 de septiembre de 2020
Mal café,"2,0 de 5 estrellas",La cafetera había sido usada cuando llegó. El café se hacía fácilmente pues el funcionamiento es muy sencillo y las instrucciones muy claras. Sin embargo elpp café era muy malo. Sin espuma ni cuerpo. La devolví. Desconozco si ésta cafetera hacía mal café por estar averiada o por la marca y modelo. No la volvería comprar,Ana L.,Revisado en España el 4 de enero de 2020
Se estropea pronto,"2,0 de 5 estrellas","Hola, en cuestión de año y poco dejo de hacer cappuccino, el café no esta mal pero no coge la temperatura idónea.",Diego,Revisado en España el 5 de septiembre de 2021
Práctica pero no para un buen espresso,"2,0 de 5 estrellas","Es una cafetera sumamente práctica sin embargo, el molino tiene solo 3 ajustes lo que hace imposible hacer un buen espresso así como la temperatura del agua no es suficiente. El otro mayor problema es el cremador que no tiene ni suficiente presión y es de goma. No se obtiene una buena crema.",Enrico Scuratti,Revisado en España el 9 de febrero de 2020
pierde agua,"2,0 de 5 estrellas",Pierde agua por abajo. A alguien más les pasa?.,Rosa Serrat Quer,Revisado en España el 12 de octubre de 2021
Devuelto,"2,0 de 5 estrellas",Sale mejor el café en las maquinas de cápsulas. Lo devolví porque mi vieja cafetera de cápsulas hacia mejor café que esta cafetera.,Torpedo,Revisado en España el 4 de abril de 2020
"Llegó usada, con restos de agua y precintos abiertos.","2,0 de 5 estrellas","La cafetera, en principio funciona, veremos durante unos días si no da problemas. Llegó con los precintos abiertos, la parte en español del manual marcada con un doblez de página y restos de agua en el depósito.",José,Revisado en España el 16 de enero de 2019
"Paquete abierto, faltaban cosas","2,0 de 5 estrellas","La cafetera perfecta, va muy bien y responde a las expectativas. El paquete llegó correctamente precintado, pero la cafetera, aunque estaba sin usar, había sido sacada previamente de la caja; los manuales habían sido ojeados y y el cable estaba mal plegado. Con estas cafeteras vienen unos paquetes de cafe de regalos que no estaban.... Lyo la compré como nueva pero no lo era",Pere,Revisado en España el 27 de junio de 2017
No es como creia,"2,0 de 5 estrellas",El cafe no sale con crema ni con la calidad que esperaba,Kelly,Revisado en España el 21 de enero de 2020
Automatica para bien y sobre todo para mal,"2,0 de 5 estrellas",Para los que les guste el cafe adolece de calidad (cafe) como las maquinas de capsulas. Efectua todo limpiamente pero la cantidad de cafe es ridicula y no permite regulacion.,Fco J.,Revisado en España el 7 de noviembre de 2019
Tiene un defecto.,"2,0 de 5 estrellas","Tiene un defecto, espero la factura y solucion rapida.",Denys,Revisado en España el 9 de diciembre de 2019
No valw la pena,"2,0 de 5 estrellas",El café no sale muy bueno la verdad!!!,Cliente Amazon,Revisado en España el 26 de mayo de 2020
Manuela garcía molina,"2,0 de 5 estrellas","El café no sale muy cremoso para lo Q cuesta la cafetera, y se encienden las lucesrojas sin estar lleno el recipiente de los posos del café, no lo detecta bien, yo la e devuelto",Manuela garcía molina,Revisado en España el 24 de septiembre de 2017
No hace espuma al poco tiempo de uso,"2,0 de 5 estrellas","Al mes de tenerla , empezó a no hacer espuma, calienta la leche pero no hace espuma y hace un ruido muy fuerte. Yo solo hago 8 cafés a la semana , limpia está pero no hace espuma a alguien más le pasa?",Mari Paz Forcén,Revisado en España el 26 de noviembre de 2023
"Café aceptable, vaporizador falla","2,0 de 5 estrellas","El café genial pero a los dos meses se estropeó el vaporizador de leche,la máquina hacia un ruido raro y no salía vapor. Recomiendo cafeteras con un vaporizador fijo los móviles se estropean y son frágiles",Cliente Amazon,Revisado en España el 6 de febrero de 2023
Devuelta,"2,0 de 5 estrellas","Mi experiencia con la cafetera, la devolví después de un año, el vaporizador me salta, cada vez ke se utiliza. Llamo al servicio técnico, falta de limpieza, mala colocación, me responden. No era nada de eso porque no es la primera máquina ke tenemos y sabemos cómo van. La verdad, no la aconsejo, porque otro detalle del café es que tampoco sale el café con crema. Me lleve una desilusión con la cafetera. Ojalá tengáis más suerte, con ella.",Vanesa Barrera,Revisado en España el 27 de febrero de 2022
Regular,"2,0 de 5 estrellas","No hace mucho que la tengo pero no me gusta el resultado final. Me gusta el café fuerte y me sale muy aguado, por mucho que seleccione el grano más molido y el café más fuerte posible. Es verdad que el olor a café no lo tengo con la nespresso pero me gusta más el sabor de una nespresso que de esta.... un poco decepcionada, la verdad",Ana,Revisado en España el 13 de enero de 2020
Café aguado y sin espuma,"2,0 de 5 estrellas","Tenemos la cafetera tres años y hemos probado varias marcas de café y de agua, hemos variado la cantidad de agua y de café, pero el resultado siempre es el mismo, café aguado y sin espuma. Nada que ver con los de cápsulas. El único punto positivo es que es fácil de usar y que el café resulta más barato que con las de cápsulas. No la volvería a comprar.",Hector S.,Revisado en España el 6 de enero de 2020
Decepcionante,"2,0 de 5 estrellas","Muy caro para lo que ofrece, unos cafés muy normalitos",Miriblondie,Revisado en España el 26 de marzo de 2020
Falta que se pueda usar el vapor,"3,0 de 5 estrellas","Muy fácil de usar y con muy buena calidad de café.
Nos permite guardar 4 opciones preferidas (dos de café solo y dos de café con leche)
El dispositivo de la leche no se ve muy duradero y es un poco engorroso de limpiar.
Tiene tres tipos de molido diferentes en función de nuestros gustos. Al moler hace bastante ruído aunque es normal y dura pocos segundos.
La calidad del café es muy buena y el café con leche (latte/capuccino) de buena calidad y con buena crema. En este apartado podemos destacar como punto negativo que si queremos un café con poca leche (por ejemplo un cortado) no podemos hacerlo automáticametne ya que la menor cantidad de leche que permite es de un capuccino.
La salida de vapor, aunque existe, no se puede utilizar como tal ya que no hay ningún botón que lo permita y queda exclusivamente para el uso del recipiente de leche.
En cuanto a la limpieza es muy cómoda. Tiene una opción para hacer un aclarado cuando se enciende y eliminar residuos antes de hacer el café.
Después de hacer un café con leche nos da la opción de aclarar los tubos de la leche y dura unos 10 segundos.
Nos avisa cuando debemos vaciar el depósito de los posos, la bandeja del agua residual y la limpieza a fondo. Esta última se hace con pastillas de limpieza y no require de atención más que poner un depósito donde recoger el agua de la limpieza.
En resumen, muy contento con la compra y la calidad aunque mejorables el depósito de la leche y la salida de vapor.",Hiban Rguez,Revisado en España el 2 de abril de 2020
Excelente cafetera para todos los dias,"3,0 de 5 estrellas",Los menús son simples y el la calidad del café que prepara es de muy buena calidad. La espuma de leche también es muy buena. La limpieza de la cafetera es automática y se agradece. La limpieza del jarro de leche no es simple y hay que ser cuidadoso para que no queden restos de leche en jarra o mangueras lo que desincentiva a utilizarlo. Tampoco es posible poner las partes en el lavavajillas.,Francisco J. Nuñez T.,Revisado en España el 24 de enero de 2023
Fallo en serie acabada en 70M,"3,0 de 5 estrellas","La hemos estrenado el día 25 y ya nos está dando el fallo de limpieza rápida que le está dando a varios compradores. El servicio técnico de Krups me confirma que la serie acabada en 70M da ese fallo. De momento voy a probar con el servicio de reparación de Amazon, porque la cafetera en sí está muy bien y el café sale muy bueno.
Actualizaré con novedades",Rosa y Diego,Revisado en España el 27 de diciembre de 2022
Desconfianza,"3,0 de 5 estrellas","En el primer uso me soltó una pieza en el contenedor de café usado, llame al servicio técnico pero no me pudieron ayudar, a la mínima de que haga algo raro la devolveré, dejo video.",Javier Franco,Revisado en España el 24 de noviembre de 2022
Bonita pero con muchos peros,"3,0 de 5 estrellas","La cafetera en si es preciosa, muy funcional si te lees bien las instrucciones es fácil de manejar...

El mayor pero se encuentra en atención al cliente: pregunte como podía hacer para hacer salir vapor por la boquilla y su respuesta fue.. léete la instrucciones, ahí es cuando te quedas con cara de tonto puesto que si escribes para preguntar una duda es porque ya te las has leído... resumiendo esta cafetera para ser una de las krups más nuevas no puedes calentar leche por la salida del vapor sin que sea a través de la jarra, tampoco puedes calentar agua...

Es algo importante a tener en cuenta si haces infusiones o quieres calentar leche aparte sin tener que hacer capuchino...

También tener en cuenta que no hay función de café con leche, dentro de la función capuchino eliges como quieres el café (más suave, más fuerte...) cantidad de leche y prau",maria,Revisado en España el 23 de junio de 2020
Bonita pero problemática,"3,0 de 5 estrellas",La cafetera la verdad que me gusta mucho pero es la segunda que me envían que he tenido que volver a realizar una devolución porque no paraban de parpadear las luces de clean y des. Una lástima porque el café estaba muy rico y de verdad quería la cafetera pero con ese fallo no iba a quedármela.,Vero,Revisado en España el 13 de diciembre de 2022
2 compras defectuosas,"3,0 de 5 estrellas","Una decepción! En la primera compra ya pidió de inicio hacer una limpieza en bucle, CLEAN + CALC, lavado rápido de 2', y después de cada café igual. La devolvimos con un reemplazo y para sorpresa nuestra tenía el mismo defecto electrónico. Una gran decepción ya que el café era bueno y era fácil de usar.",Isaac G.,Revisado en España el 17 de diciembre de 2022
Primera impresión no muy buena,"3,0 de 5 estrellas","Pues me llegó el otro día, y con muchas ganas de estrenarla y hacerme un buen cafe. pongo agua en el deposito, cafe en grano... y la enciendo. pongo leche en una taza y queriendo hacer espuma en la leche apreté el botón (equivocado) del chorro de agua caliente. la cosa es que cuando me di cuenta le vuelvo a apretar para que se detuviera (porque el vaso se llena rapidisimo) y ni caso, eso no se detuvo asi que tras verter al suelo y en la mano leche/agua hirviendo le doy al boton de apagar, al fin... Limpio todo, la vuelvo a encender, y le doy al otro boton, el de vaporizar (que esta al lado del de on/off) y mi sorpresa cuando veo que el resultado es el mismo... agua hirviendo a chorro... y si le doy de nuevo no se detiene, tengo que apagar la maquina directamente. resignado, pienso, bueno, mejor me hago el cafe y luego ya le añadire la leche aunque no esté espumada ni nada. vuelvo a encender la maquina... le doy al botón de las tacitas... y me sigue saliendo agua!!! pero que es lo que estoy haciendo mal? y encima me he dado cuenta de no la maquina no me llegó con la pieza roja que va dentro del deposito de los restos de cafe. de momento, una experiencia frustrante. el manual de instrucciones no me aclara nada.",karlos,Revisado en España el 7 de julio de 2018
"Perfecta, pero tuve una mala experiencia","3,0 de 5 estrellas","La cafetera en sí me encantó el tiempo que duro bien. Buen café, buena crema, buen sabor y en general un funcionamiento perfecto.

El pero?

Mi experiencia fue regular, a los dos meses más o menos empezó a perder agua por debajo, al volcarla un poco me daba cuenta que la máquina estaba inundada de agua por dentro aunque no quise abrirla y fue a la garantía…
No se si será una avería habitual pero a mi me ha fastidiado bien. Espero que cuando la recupere no tenga que volver a enviarla.

Actualizare",Kevin,Revisado en España el 15 de octubre de 2021
"Muy buen sabor, fácil de usar","3,0 de 5 estrellas","Muy buena cafetera hace un buen cafe , pero me ha dado avería a los dos meses ,enviado a reparar con garantía, pero ahora mismo no tengo cafetera.
No estoy contento,, por cierto solo había una boquilla, por tanto falta una ,porque en la venta pone que tiene que haber 2
La han devuelto pronto y reparada
Pero estoy preocupado porque en solo dos meses y pocos dias se ha averiado ahora falta esperar cuando se volverá a averiar, bueno ,en realidad sólo estaba bloqueada, indicaba limpieza y los botones no me dejaban hacer nada",Joseph,Revisado en España el 11 de agosto de 2021
Si lo sé compro el modelo inferior....o me espero dos días,"3,0 de 5 estrellas","A ver....... la cafetera va bien, pero tiene bajo mi punto de vista un defecto y es que justo antes de empezar a caer el chorro de café cae un chorro de agua, lo cual no debería suceder, además el agua no es limpia ya que cae con los restos del anterior café, por eso le pongo dos estrellas en la potencia de mezcla.....por lo demás todo bien, otra cosa que me ha cabreado bastante es que a los dos días de comprarla por 330€ los señores de Amazon decidan bajarla a 279 sin oferta y encima me enteré porque me mandan la publicidad v
Como ""volver a comprar""",Sergio,Revisado en España el 19 de febrero de 2021
Buen producto pero un pcoco caro,"3,0 de 5 estrellas","Es una cafetera estupenda, hace un café muy bueno y es sencilla de usar, la pega que yo le pondría es que no tiene mucho sentido que tenga la toma para el vapor pero no la puedas hacer funcionar sin el extra para la leche, por lo que no te podrás calentar agua ni leche con vapor.",Dani,Revisado en España el 26 de abril de 2022
Creo que no volvería a comprarla ...,"3,0 de 5 estrellas","Falta un compartimiento para el descafeinado,al hacer la limpieza creo que desperdicia mucha agua y el pitorro de hacer capuchino es muy pequeño...no volvería a comprar..",Maria,Revisado en España el 5 de diciembre de 2022
"Cómoda, café flojo","3,0 de 5 estrellas","Bueno funciona perfectamente, pero me ha decepcionado la calidad del café, y le estoy poniendo grano Colombia 100 % arábiga de tueste natural y de hace 1 mes la producción, y no llega a ser un todo, es algo clarete, una pena porque es cómoda.
Si os gusta el café de verdad no es vuestra cafetera, buscaros una expresó buena y moleros el café.
Esto está mejor que las Nespresso pero no es nada del otro mundo.
Cómoda pero el café normalito o clarete para mi gusto.
Si os gusta el café bueno no tiréis la pasta.",Ignacio RM,Revisado en España el 13 de febrero de 2021
Bien pero...,"3,0 de 5 estrellas","Ésta es la segunda automática que tengo. La anterior era una Saeco del año 2007, la cual duró hasta 2019. Dicho esto, mi valoración está influenciada por la comparación con aquella.

Puntos positivos.
Fácil de utilizar y el café está muy bueno.

Puntos negativos.
Hace demasiado ruido al moler.
La bandeja de la taza se sale con mucha facilidad.
El depósito de llenado, a pesar de ser extraíble o rellenable in situ, no es de fácil acceso y manipulación.
Si se queda sin agua se para pero continúa en cuanto se rellena, creo que esto tiene sus pros y sus contras.

En líneas generales estoy contento con la compra pero el tema del ruido es algo que deberían mejorar y mucho.",CarlosFraile,Revisado en España el 12 de febrero de 2020
"Buen café, pero","3,0 de 5 estrellas","Hace un buen café, practica pero. El indicador del regulador de cantidad de café es difícil ver su posición. Cambiar el café, por ejemplo a descafeinado, ya que como en la mayoría,de cafeteras el contenedor del café es fijo, es una tarea casi imposible.",Jorge,Revisado en España el 28 de diciembre de 2021
"es complicado de limpiar, se viene muy bien explicado, se ha de descalcificar muy seguido","3,0 de 5 estrellas","Segun los videos que veo, hau una placa roja en el bote de los posos de cafe y en esta no viene",Rita Balaguer,Revisado en España el 1 de mayo de 2022
Muy ruidosa,"3,0 de 5 estrellas",Buen café pero ruidosa en exceso,Montselinus,Revisado en España el 1 de agosto de 2022
"SABOR FLOJO, CAFÉ CON POCO CUERPO","3,0 de 5 estrellas","Con el paso del tiempo, me he ido dando cuenta de que el café no es tan bueno como yo pensaba. REcien salido de la cafetera, y tomado al instante, disimula bastante. Una vez lo dejas reposar, apenas unos minutos, notas un regusto a agua, y va perdiendo espuma, y consistencia. Voy a probar con otra marca.",Jose L.,Revisado en España el 27 de diciembre de 2020
Bastante decepcionante,"3,0 de 5 estrellas","Hemos devuelto la anterior por un fallo que tenia en expulsar los restos de café pero salía un café buenísimo. Volvimos a pexir otra,lo hemos recibido mohada el el interior y saca el cafe malísimo, por más que ajustamos el molino no damos con el ,sale muy aguada.Volvere a que me la reponga un ves más",claudiu,Revisado en España el 13 de diciembre de 2020
Calidad,"3,0 de 5 estrellas",Para 300 euro no saca el cafe bueno.Lo siento,Alina,Revisado en España el 11 de abril de 2022
Incompleta,"3,0 de 5 estrellas",Es una maquina incompleta para el precio ya que no puedes calentar la leche sin el vaso que trae y además no tienes opción para usar solo leche caliente o agua caliente solo hace cafes y capuchino y además dice que trae unas tazas de regalo que no han llegado dentro,Toni,Revisado en España el 13 de diciembre de 2020
Dejó de funcionar a los 3 alos de comprada,"3,0 de 5 estrellas","Se nos ha roto a los 3 años de comprada, no hay quien la repare.",Eduardo Bercowsky,Revisado en España el 13 de septiembre de 2021
Se acabó ir al bar,"3,0 de 5 estrellas","Al final me decidi por la Krups despues de leer todas las opiniones y comparar todas las caracteristicas. Dudaba entre la saeco y la krups, buscaba una cafetera que hiciera un buen cafe y me alegro de la decisión. Hace un cafe buenísimo y cremoso y para mi sorpresa los capuccinos espectaculares.
Una de las cosas que me ayudó a decidirme fue que no gasta agua tontamente en lavados cada vez que la enciendes, y lo que me paraba era tener que ponerle el filtro...y no lo he hecho.
Hasta el momento le pongo un 10 y la recomiendo.",Carmen,Revisado en España el 19 de enero de 2015
Joanna,"3,0 de 5 estrellas","El diseño me encantaba, era preciosa, compacta, ocupaba menos que el resto en la cocina pero... Pese a hacer los cafés con espuma, no salían con la intensidad que nos gusta a nosotros, es decir, fuertecillos. Y probamos de todo, cambio de finura del molido, café bueno, plus de aroma, dureza de agua, ciclos de lavado y nada. Así que, al final la hemos devuelto. Si hubiéramos conseguido un café de sabor intenso, nos la hubiéramos quedado seguro.",Joanna,Revisado en España el 7 de febrero de 2018
Regular,"3,0 de 5 estrellas","Solo le doy 3 estrellas porque algunas veces sin conseguir averiguar el motivo, no me saca café, es decir, hace el ruido de moler el café pero no lo muele, por lo que solo me saca agua, pienso que será por el tipo de café, probaré otra marca y si sigue haciéndolo la devolveré",pecomovil,Revisado en España el 8 de enero de 2020
Poca autonomía ?,"3,0 de 5 estrellas","Hace una semana que compramos esta cafetera para la oficina y aparentemente todo genial. Café rico, funciona correctamente.... salvo que ha durado una semana. Nos dice que por problemas de cal y que hay que comprar, según las instrucciones, un desincrustante.
¿Es normal que solo dure una semana?
¿Vamos a tener que pasar el desincrustante semana tras semana?
En ese caso devolveremos el pedido, ya que pensábamos que tendría mas autonomía...",Cliente Amazon,Revisado en España el 8 de marzo de 2017
no hace mal café,"3,0 de 5 estrellas","el café sale bueno, yo la he devuelto dos veces, porque el espumador funcionó el primer dia y luego no espumaba, cuando te gastas el dinero en algo es para que funcione bien y tenga todas sus caracteristicas, si nó no vale",francisco jose contreras almazan,Revisado en España el 17 de febrero de 2020
la calidad en general,"3,0 de 5 estrellas","el molinillo hay veces que no muele el café con el resultado de que sale solo agua , y hay veces que sucede dos a tres veces , el problema no se soluciona pues lo hace desde el primer dia . contactare con el vendedor pasado un tiempo y no se soluciona el problema.",paco,Revisado en España el 8 de agosto de 2019
desperdicia agua,"3,0 de 5 estrellas","No es lo que esperaba. El café sale bien pero con poca espuma y poco cuerpo (utilizo un café que conozco bien, quizás con otra marca salga mejor) Pero lo que menos me gusta es que desperdicia bastante agua. El recogedor se llena rápido. Además antes de que salga el café suelta un chorrito de agua sucia del café anterior en la taza.",Ramon Sarlé Panisello,Revisado en España el 28 de noviembre de 2017
Dejar de usar café en cápsulas,"3,0 de 5 estrellas","No sé mucho sobre este tipo de cafeteras, compramos esta por el precio y principalmente para dejar de gastar cápsulas. Todavía no hemos dado con el café perfecto, estamos en ello .La cafetera es bastante cómoda, fácil de limpiar y el depósito de agua bastante grande. Cuando encuentre el café perfecto le daré mas estrellas .",Roxana Maria,Revisado en España el 14 de julio de 2019
Buena cafetera pésimo servicio técnico,"3,0 de 5 estrellas","La cafetera es buena, genera un excelente café y es de manejo sensillo. El problema es cuándo hay que repararla. En Santiago de Chile el Setvicio Técnico (que es único) es pésimo y sin control por parte de Krups. Es tan malo que es mejor botar la cafetera que aceptar un presupuesto de arreglo. Esto es impresentable",Guillermo Watkins S,Revisado en España el 25 de abril de 2018
Calidad regular,"3,0 de 5 estrellas",Regular calidad. Se ha estropeado en menos de un año. Difícil de limpiar.,Francisco Javier Castaño Triano,Revisado en España el 2 de abril de 2021
Esta bien para uso domestico,"3,0 de 5 estrellas","Funciona bastante bien para uso domestico, para uso de oficina se queda un poco pequeña.
El unico problema que le hemos encontrado es que aunque este al maximo de cantidad de granos de cafe, el cafe sale un poco aguado y no demasiado caliente, comparado con otra cafetera Saeco que teniamos antes.

El color blanco es bonito, pero se ensucia bastante rapido.",M,Revisado en España el 17 de diciembre de 2014
Buena compra relación calidad precio,"3,0 de 5 estrellas","Hemos tenido varias cafeteras Saeco de superior categoria y precio, esta Krups despues de un mes de uso y funcionamiento tenemos la sensación qu hemos acertado con el producto. El cafe sale muy bueno, caliente, se pude regular muy bien tanta la cantidad como lo concentración.el tamaño tambien muy acertado. De momento muy bien....... .",Juanjo,Revisado en España el 15 de junio de 2015
Estamos contentos,"3,0 de 5 estrellas",Le falta un depósito para el descafeinado,pilar,Revisado en España el 28 de diciembre de 2020
cafetera Krups,"3,0 de 5 estrellas","De momento va bien,el café normal,hace unos años tuve una saeco y hacía más bueno el café,cambiaré de marca de café a ver qué tal",Cliente Amazon,Revisado en España el 8 de abril de 2018
buena pero hace ruido al trabajar,"3,0 de 5 estrellas",Regular producto. Hace bastante ruido al funcionar. Y no regula bien la cantidad de molienda para cada café.,ROBERTO,Revisado en España el 20 de octubre de 2018
Calidad precio.,"3,0 de 5 estrellas","Buen precio, materiales decentes, café aceptable.",Pol M.R,Revisado en España el 26 de diciembre de 2019
Cafe suave,"3,0 de 5 estrellas","La cafetera me llego perfectamente a el dia que me indicaron.
la cafetera hace casi todo lo que describe bastante bien pero para hacer un café intenso o fuerte has de hacer maravillas.",Miki,Revisado en España el 16 de abril de 2017
Aprobado justito para el precio que tiene.,"3,0 de 5 estrellas","Duseño bonito. No queda claro su funcionamiento, el manual de instrucciones muy escueto, no termino de cogerle el punto para hacer un buen cafe. No termina de gustarme y se bloquea constantemente hay que limpiar los filtros constantemente.",jose madeira,Revisado en España el 23 de octubre de 2015
Cafe con poco intensidad,"3,0 de 5 estrellas",Tenia el modelo anterior que se ha roto y este no funciona igual. El cafe hecho sale con menos intensidad.,Cliente Amazon,Revisado en España el 10 de julio de 2018
Un café buenísimo,"3,0 de 5 estrellas","Muy contenta, funciona muy bien y el café sale riquísimo",Ionela,Revisado en España el 8 de enero de 2020
Expectativas no cumplidas,"3,0 de 5 estrellas",Esperaba poder conseguir un café con más cuerpo y cremosidad.,Cliente Amazon,Revisado en España el 4 de octubre de 2019
Buen café,"3,0 de 5 estrellas",Muy buena,Cliente Amazon,Revisado en España el 29 de noviembre de 2018
No se como funciona el método de leche,"3,0 de 5 estrellas","Me gustaría alguien pudiera poner vídeo de su funcionamiento sobre todo para la leche, porque a mi me sale agua.",Cliente Amazon,Revisado en España el 20 de marzo de 2022
No sale el café como esperabamos,"3,0 de 5 estrellas","Compré esta cafetera para mi pareja que es muy cafetero. Y siempre había querido una que moliera el café directamente. Le gusta mucho el café solo, tipo ristretto o espresso, creí que sería una buena cafetera viendo las reseñas, pero no le acabó de convencer. Hemos probado diferentes tipos de café, tostados naturales, sin aromas, etc.. El café sale aquoso, marronoso en vez de negro, muy poc espuma, y eso que seleccionamos la medida de ml al mínimo a 20. Però aún así, no sale con la calidad de una cafetera de brazo que teníamos anteriormente, con el café molido.",M&M Amorós,Revisado en España el 5 de octubre de 2021
Buscas un café de bar? Esta no es tu cafetera,"3,0 de 5 estrellas","Sigue a años luz del sabor de los cafés del bar, ni comprando un grano de calidad llegarás a esos sabores. No hace un café malo, pero en general muy normalito. Como ya han comentado no tiene apenas espuma, vibra mucho y la taza ""baila"" mientras está en proceso de preparación.

Por otra parte es fácil de usar, fácil de limpiar, te ahorras bastante dinero comparando con la cafetera de cápsulas..

Conclusión.. la recomendaría si eres cafetero pero no te importa tanto el sabor del café, si lo que buscas es un espresso de calidad, esta no es tu máquina.",Amazon Customer,Revisado en España el 30 de julio de 2021
Buenoooo,"3,0 de 5 estrellas","El cafe es especialmente bueno, el caso es que los fabricantes creo que con este producto nos quiere sacar las perras desde el primer dia. Os cuento: a los 2 dias de comprarla me estaba dando problemas( la compre en Julio de 2015) es decir que me esta durando bastante, pero no gracias a los fabricantes si no gracias a que soy muy manitas.
La garantia no me llego con el producto, pero fue tan gordo el enfadode que fallase desde los primeros dias, que me atreví a desmontarla.
La sorpresa fue que el zocalo por donde baja el cafe del molinillo viene de fabrica hecho a propósito para que parte del cafe molido caiga por fuera de la cazoleta en la que debe llegar toda la cantidad, por lo tanto los mecanismos internos acaban obstruidos por el mismo cafe.
La conseguí dejar en buenas condiciones desmontandola casi por completo y con la boquilla fina de la aspiradora.
Estoy realmente contenta de la cafetera, exepto de los fabricantes. Adjuntare algunas fotos para que quede se pueda confirmar lo antedicho.",MIRELA MURARU,Revisado en España el 29 de septiembre de 2018
El pitorro de calentar la leche se sale saltando te la leche encima,"3,0 de 5 estrellas",En cuanto coge presión el vapor para la leche sale el pitorro disparado. Una decepción,Anuki,Revisado en España el 4 de septiembre de 2021
Cumple su cometido pero no es un café de cafetería.,"3,0 de 5 estrellas","Compré la máquina buscando una opción que me permitiera salir de las cápsulas que están tan de moda porque en el fondo no se sabe lo que contienen y, de paso, para obtener un café de gran calidad a partir de café en grano.
La máquina hace un café correcto a partir de incluso cafés en grano de marca blanca comprados en el supermercado. Lo cual reduce el gasto en café considerablemente respecto del precio de las cápsulas.
No obstante, hay algunos aspectos que creo que deberían corregirse en los modelos futuros:
1.- La máquina no tiene suficiente presión. Es decir, el café no tiene la densidad que se esperaría de una máquina de cafetería. Incluso seleccionando la opción de café ""fuerte"" y reduciendo la cantidad de agua hasta el mínimo como para hacer un café ""corto"".
Creo que sería deseable poder comprar grano de café de una variedad de calidad y obtener un café excelente. No es así. El resultado no es el deseado debido, aparentemente, a la falta de presión de la máquina, aunque en el manual indique que trabaja a 15 atmósferas como las máquinas profesionales.
2.- La máquina vibra y desplaza la taza. Cuando pulsamos el botón para hacer el café, la máquina vibra y la taza se mueve hasta el punto de que, si la taza es estrecha, el café cae fuera de la ésta. Esto nos obliga a estar presentes durante el proceso y éste no es inmediato.
3.- La máquina no tiene indicador para la falta de café. La máquina pondrá en marcha el molino tanto si hay café en el depósito como si no. Nos obliga a estar pendientes.
4.- La máquina se detiene en cualquier momento del proceso si le falta agua. Después de moler el café la máquina empieza el proceso de infusionar el café a presión y lo vierte en la taza. Si durante ese proceso el nivel de agua del depósito está por debajo del mínimo, se detiene el proceso y se ilumina el indicador correspondiente. Si no estamos al tanto, el café queda a medio hacer hasta que rellenemos el depósito del agua nuevamente. Creo que la máquina debería calcular si dispone de agua suficiente para hacer el café que le pedimos antes de empezar. Cuando esto ocurre, el café queda templado o frío.
Para concluir:
Cons:
1.- Se trata de una cafetera cara para lo que ofrece que no es más que un café correcto, independientemente de la calidad del café que le pongamos.
2.- Es automática pero no superautomática por lo que he comentado anteriormente.
Pros:
1.- Obtenemos un beneficio respecto de las cápsulas puesto que con esta máquina sólo interviene agua y café en grano, sin conservantes, ni ningún tipo de aditivo.
2.- El proceso es automático desde el grano hasta la taza.
3.- Si el café que compramos es económico, ahorraremos dinero respecto de las cápsulas. Hasta 30 céntimos por café.",David Muñoz,Revisado en España el 29 de enero de 2015
Buen café tras muchas horas configurandola.,"4,0 de 5 estrellas","Tras horas configurando la cafetera y realizando cafés asquerosos, descubrí que el problema es que antes de hacer el café y una vez hecho hay que apretar al botón de limpieza, y esta suelta un poco de agua con restos de café. Es algo que no viene en las instrucciones. Ahora la tengo configurada con molienda la más fina y a unos 30ml de agua, importante utilizar agua blanda. El café sale buenísimo. La espumadera por el contrario es el peor sistema que podían montar. A veces se sale espumando y la lías un poco.",Baragona,Revisado en España el 14 de febrero de 2022
Buenos cafes si usas grano de calidad.,"4,0 de 5 estrellas","Buena opcion para el precio que tiene, es muy facil de usar, solo 2 botones para hacer cafe, boton de encendido y boton de cafe (2 niveles de intensidad).
Proporcina buen cafe siempre que uses cafe 100% arabica y a ser posible de origen, NUNCA Torrefacto. Hay cafes muy aromaticos y de gran sabor que salen estupendos en esta maquina, por ejemplo el de Kenia y el de Nicaragua.
El deposito de los posos del cafe se “llena” con 6 o 7 cafes, pero es muy facil y rapido de vaciar.
La capacidad del deposito de agua esta bien, aunque desecha bastante agua cuando haces el cafe, con lo que habra que rellenar mas a menudo.

En 2 meses de uso todo funciona correctamente.
En resumen, una buena maquina y facil de usar, buenos cafes usando grano de calidad.",Jorge,Revisado en España el 19 de octubre de 2018
Muy practica,"4,0 de 5 estrellas","Una cafetera que entra dentro de lo normal , el primer cafe no sale muy caliente , esperaba mas de ésta cafetera .
Acostumbrado a una de brazo , es una cafetera que no te ensucia , practica . para mi gusto le faltan mas graduaciones de molido .
Debes hacer el café a 30 que que esta entre la rallíta del 20-40 . te saldrá corto . De lo contrario el café sale aguado .
Yo le doy al moldo mas fino .
Si encuentras te sale corto, te haces tres cafés , que es lo que yo hago . Sale con espuma . no se puede pedir mas.
Eso si utiliza un buen café .",Rochel,Revisado en España el 9 de diciembre de 2020
Bien y no bien,"4,0 de 5 estrellas",Hace un café muy bueno solo porque se me a estropeado el accesorio de leche y luego no me salía el café bueno me a complicado la vida estoy de dos semanas sin cafetera.,Daniela Filip,Revisado en España el 7 de marzo de 2023
Rápido y fácil de usar,"4,0 de 5 estrellas","La máquina llegó en tiempo y perfecto estado. Es muy sencilla de usar. Hace buen expresso (el sabor depende por supuesto del café que cada uno le ponga). Por ponerle un pero, la espuma de la leche no es sencilla de conseguir, a veces sale, a veces no. Nosotros limpiamos la boquilla de espumar en cada uso, asi que por obstrucción no es. Y la leche siempre es la misma marca.
Gracias a esta cafetera nos hemos olvidado de la cafetera italiana en el fuego y de calentar leche en el microhondas. A nosotros nos resulta muy práctica.",LAURA,Revisado en España el 2 de febrero de 2021
Cafés inmejorables,"4,0 de 5 estrellas","Muy contenta con la compra. Me considero cafetera y,si eliges un buen grano,esta cafetera te puede proporcionar un producto digno de las mejores cafeterías (cafe espumoso, leche cremosa...). Fácil de usar. Fácil de limpiar y mantener. Un único handycap: Desde el inicio he tenido problemas con la boquilla para calentar la leche (en ocasiones se desprende). Actualmente lo tengo bastante dominado,pero he de decir que si bien el servicio postventa de Amazon es excepcional, todavía estoy esperando que Krupps,un mes después de haber realizado la compra e intentar ponerme en contacto con ellos,se pongan en contacto conmigo",Cliente Amazon,Revisado en España el 17 de diciembre de 2020
Calidad del cafe,"4,0 de 5 estrellas",Hace buen café .fácil de usar,Javi,Revisado en España el 20 de mayo de 2023
Llego con signos evidentes de haber sido usado,"4,0 de 5 estrellas","La cafetera funciona perfectamente no es demasiado compleja de usar pero si requiere un vistazo a las instrucciones, en mi caso llego con manchas de café y otros signos de haber sido utilizada, no lo voy a devolver porque me imagino que es justo lo que le ha pasado... Alguien la compro la uso, no la quiso y la devolvió, no debería pasar algo así en productos con estos precios",Jose,Revisado en España el 12 de septiembre de 2021
Que en casa bebes un café decente,"4,0 de 5 estrellas","Esta maquina va muy bien, hace buen café y sin tantas puñetas digitales",ron58,Revisado en España el 30 de diciembre de 2022
Compacta y buen resultado,"4,0 de 5 estrellas","Elegí esta cafetera por ser más compacta que otras, ya que no tenía espacio para una más profunda.
Quería una cafetera para reemplazar mi Nespresso estropeada, por ahora creo que la calidad del café no es tan bueno como el de la Nespresso (aunque también depende del tipo de café que compres), pero quería dejar de utilizar cápsulas por la cantidad de basura que se produce con ellas. La diferencia de precio respecto a una Nespresso normalita se recupera después de haber tomado unos 600-700 cafés, y sigue siendo igual de cómoda en cuanto a limpieza.
Hay gente que se queja de que es dificil de utilizar, pero opino que es bastante fácil, elegir cantidad de agua, cantidad de café (2 opciones) y listo.",Roberto,Revisado en España el 5 de octubre de 2015
"Fácil de usar, limpia, buen molinillo","4,0 de 5 estrellas","Es muy fácil de usar, el molinillo funciona perfecto, hace muy buena espuma de leche.
Lo único que no me gusta tanto, es el ruido. Es un poco ruidosa.",Geraldine,Revisado en España el 5 de mayo de 2022
Solo una pega,"4,0 de 5 estrellas","Muy recomendada para la gente que disfrute de un buen café, mucho mejor que las cápsulas y además sin contaminar.
Fácil de usar y de limpiar.
El diseño es bonito y calido.
La única pega es que el pitorro donde sale el vapor para calentar y hacer la espuma de la leche es demasiado corto y amenudo se suelta con el riesgo de quemarte, es lo único no funcional de la cafetera.",ariadna,Revisado en España el 3 de enero de 2021
Muy bien valorada relación calidad/precio,"4,0 de 5 estrellas","fácil de usar, café caliente, fácil mantenimiento, menos ruidosa de lo que parece, capuchino excelente, diferentes tipos de café. No puedo opinar más, pues solo llevo un día con ella, pero parece buena compra comparada con otras que tuve, C******c y Ph**""""""s",Trepanator,Revisado en España el 10 de junio de 2021
El molinillo dejó de funcionar,"4,0 de 5 estrellas","He tenido que enviar la cafetera a reparar porque el molinillo dejó de funcionar, desde el día 28 de Enero que la envié aún no sé nada",ANA,Revisado en España el 16 de febrero de 2022
Cafetera muy completa,"4,0 de 5 estrellas","Es una cafetera muy completa. Llevamos usándola casi un año y hasta ahora muy bien. Muele bien, el café sale rápido y de buena calidad y sabor, fácil de limpiar y mantener. El único problema que nos ha salido es que antes de salir el café, sale algo de vapor por el tubito para hacer capuccino, y cada vez sale más, como si estuviera estropeándose algo. Tenemos que llamar al servicio técnico si va a más.",Basilio,Revisado en España el 1 de abril de 2020
Funciona perfectamente!!!,"4,0 de 5 estrellas","Leer las instrucciones de puesta en marcha, necesitas un recipiente para recoger el agua y no desesperar antes del primer café. Comenzará a vaciar agua por la salida de vapor un ratito, pasados unos 10 minutos ya podrás hacer buen café. Un poco ruidoso el molinillo y la erogación que puedes disminuir tocando el lateral derecho con la mano. (acústica del plástico de la carcasa) Contento con el resultado. Recomendado!!! Actualizo, bajo la bandeja de sobra de agua el plástico se agrieta por la temperatura. No creo que dure mucho tiempo hasta que quiebre.",JordiD7000,Revisado en España el 28 de agosto de 2019
TERCERA CAFETERA KRUPS,"4,0 de 5 estrellas","Es la tercera cafetera que adquiero de la marca Krups y siempre me han dado un servicio óptimo incluso con un alto consumo de uso(como es el caso de la que tengo en la oficina).
Si además se utiliza un buen café el resultado no tiene nada que envidiar al de las mejores cafeterías .
Por ponerle alguna objección solo el hecho de que las empresas adheridas al servicio técnico oficial son escasas y por tanto las revisiones/reparaciones se demoran algo más de lo deseable para los que consumimos altas dósis de café.
En cualquier caso es una buena compra.",Marisol,Revisado en España el 17 de noviembre de 2015
Calidad del material mejorable,"4,0 de 5 estrellas","El café que hace es fantástico, pero me ha decepcionado un poco la calidad de los materiales. Quiero verla con el paso del tiempo, pero hasta ahora estamos contentos con la calidad del café, que al final de eso se trata.",Cristobal R.,Revisado en España el 8 de marzo de 2021
Llenas de café en grano y agua y a disfrutar!,"4,0 de 5 estrellas","Acabo de recibirla e instalarla. De momento tiene buena pinta, fácil de usar. Entiendo que con el uso e ir calibrado el tema irá a mejor. Totalmente automática . Le pones el café en grano y el agua y en el depósito y te olvidas. El no tener que limpiar el cacillo cada vez que la usas es una maravilla. Ya veremos el tema del mantenimiento y limpieza...",Raúl Pérez,Revisado en España el 3 de enero de 2020
Buen café,"4,0 de 5 estrellas",Fácil de manejar. Sólo tiene una pega y es que la taza de desplaza un poco cuando se muele el café.,cce,Revisado en España el 23 de noviembre de 2021
La calidad del cafe natural y super caliente..,"4,0 de 5 estrellas","Tenía Ganas de una máquina de café natural y acerté de lleno es un disfrute total,, la mejor compra sin duda....",Miguel Caamaño Martinez,Revisado en España el 6 de septiembre de 2021
Excelente cafetera,"4,0 de 5 estrellas","Desde que la compré todo son ventajas,ahorro en el café,ahorro en mantenimiento ,ahorro en desechos(antes tenia capsulas)El café sale a gusto de cada uno y ¡Buenísimo!!!.Lo que no me gusta es el ruido que hace,madrugo mucho y a las 3:30 de la mañana ese ruido es fuerte,pero es un mal menor que hay que pagar para disfrutar de un buen café.Le doy cuatro estrellas porque solo llevo con ella un poco más de un mes y es pronto para valorar.",ana,Revisado en España el 8 de octubre de 2018
Vino con fallo de fábrica.,"4,0 de 5 estrellas","Es una cafetera muy buena para el precio que tiene. La he tenido que devolver porque el vaporizador hacía un ruido muy raro (como un martilleo que retumbaba en toda la cafetera) y daba la sensación que iba a explotar. El café delicioso y rápido y el manejo muy intuitivo y sencillo. Amazon como siempre un 10 en atención al cliente. A la que me abone el dinero me compraré la Krups Pisa, para conseguir capuccinos sin tanto problema.",Mar,Revisado en España el 27 de noviembre de 2018
Excelente relacion calidad-precio,"4,0 de 5 estrellas","Gran producto en cuanto a relacion calidad-precio. Buen sabor y aroma, asi como muy correcta esteticamente. Añadir que la primera que recibi, llego defectuosa, però som siempre Amazon, lo gestiono perfectamente, y en mitad del estado de emergencia. La verdad me han salvado porque estava sin cafetera, y el salto de una expresso a una automàtica ha sido un acierto.",Albert Gil,Revisado en España el 2 de mayo de 2020
Que es automática,"4,0 de 5 estrellas",No está mal si que es cierto que el depósito de los restos del café con cinco tazas ya hay que limpiarlo hecho de menos que el estimador de leche fuera más largo para poder usar más cantidad lo bueno que tiene es que la boquilla se extrae le daría un 4,Juan carlos Martin gomez,Revisado en España el 7 de junio de 2020
Lo esperado.,"4,0 de 5 estrellas","Llegó bien, intacta. Funciona correctamente. Cuidado con el paquete que es muy pesado.",Cliente Amazon,Revisado en España el 15 de septiembre de 2021
Estoy muy contento con la compra.,"4,0 de 5 estrellas",Su rapidez en respuesta para elaboración,jose luis,Revisado en España el 24 de marzo de 2022
La básica muy básica,"4,0 de 5 estrellas","Hace un café rico y cremoso, el problema lo tienes con el vaporizador, muy engorroso y se suelta bastante de la cafetera por lo que pones todo perdido, pudiendo llegar a quemarte. Café sólo muy bien, con leche no",ANTONIO JESUS ARIZA LOPEZ,Revisado en España el 3 de noviembre de 2020
100% recomendable,"4,0 de 5 estrellas","Es la primera vez que adquiero una cafetera con molinillo y estoy encantada con la máquina desde el primer momento. Super fácil de usar y el café listo en un momento,que es lo que buscaba.",Ana,Revisado en España el 4 de septiembre de 2020
Buena maquina,"4,0 de 5 estrellas","Es el nuevo modelo de la maquina que ya tenia. El funcionamiento es el mismo y me ha facilitado el uso.
Un problema: al poner las tazas en el soporte, mientras la maquina hace la molienda del café y mientras el cafe cae a la taza, debido a la vibración, la taza se desplaza y es necesario estar delante de la maquina mientras el café se produce.",Cliente Amazon,Revisado en España el 18 de julio de 2017
Calidad del producto,"4,0 de 5 estrellas","Fácil de usar y limpiar
Hace poco que la uso si bien, cumple lo esperado. Volvería a comprarla",Felipe C.,Revisado en España el 15 de julio de 2021
La máquina bien,"4,0 de 5 estrellas",Ponía que me vendría con alguna raya y me llego con un embellecedor roto,Urbano,Revisado en España el 13 de septiembre de 2021
Buena maquina,"4,0 de 5 estrellas",Buena máquina a buen precio,Cliente Amazon,Revisado en España el 17 de enero de 2022
Sencilla,"4,0 de 5 estrellas",Cafetera de uso sencillo. La pega es que el tubito espumador se sale cuando lo pongo en funcionamiento.,Ally Fox,Revisado en España el 29 de mayo de 2021
muy limpia y practica,"4,0 de 5 estrellas","los primeros cafes como de normal los tuvimos de tirar porque eran malissimos.
ahora super contentos de su funcionamiento y de sus cafes.

una pega es que el deposito del cafe avisa que lo vacies a los pocos cafes.

por el resto muy contentos con la compra.",Nuria,Revisado en España el 3 de julio de 2019
Muy útil por el precio,"4,0 de 5 estrellas",Le faltaría poder hacer un descafeinado con un depósito extra pero funciona correctamente!,Eugenia Tramunt,Revisado en España el 18 de agosto de 2021
Buen cafe,"4,0 de 5 estrellas","Llevo 3 meses con la cafetera, esta muy bien por lo que pague 250 black friday. El molinillo hace un ruido normal, es practica y rapida. La unica pega por la que no le doy 5 estrellas es que el material de la boquilla de espuma de leche es de plástico y el sabor se transfiere a la esta. Parece inevitable al estar hecho de este material.",Sara,Revisado en España el 13 de marzo de 2016
hace buenos cafés con facilidad,"4,0 de 5 estrellas","Uso fácil cuando pillas el tema, pero hasta que das con las funciones se hace tedioso",SM,Revisado en España el 5 de mayo de 2021
Satisfecho,"4,0 de 5 estrellas","Estoy muy contento a excepción de la jarra de leche que es una auténtica porquería y se rompe muy fácilmente al abrir y cerrar el enganche.
Por lo demás a día de hoy contento.",Alex P.,Revisado en España el 4 de mayo de 2020
Fantástica compra. Ahorras dinero.,"4,0 de 5 estrellas",Una compra perfecta. Funciona perfectamente café y expreso perfectos... Muy recomendable.,Paz,Revisado en España el 6 de julio de 2021
Totalmente automatica pero el molino podría ser mejor,"4,0 de 5 estrellas","Máquina muy chula, totalmente automatica, pero el molino podría ser mejor.",Nuno Salvador,Revisado en España el 28 de junio de 2021
Buen café,"4,0 de 5 estrellas","Gran café, pero cada poco pide descalcificación",Raul,Revisado en España el 10 de agosto de 2021
Comprada y con problemas,"4,0 de 5 estrellas","Nada más comprada perdía agua por la parte de abajo, la he llevado al servicio técnico de Granada y han tardado 10 días en arreglarla. Espero que funcione bien ya que hace buenos cafés.",JOSE MIGUEL BAENA,Revisado en España el 26 de marzo de 2019
Buena cafetera,"4,0 de 5 estrellas","Los cafés salen buenísimos, muy fácil de usar, muy rapidaestoy super contento con la compra",Alejandro,Revisado en España el 1 de noviembre de 2020
Todo correcto menos el ruido,"4,0 de 5 estrellas","Todo correcto menos que hace mucho ruido, me encanta de cómo hace el café",rafa,Revisado en España el 12 de febrero de 2021
Buena calidad a buen precio,"4,0 de 5 estrellas","Estéticamente los tornillos de fijación dela carcasa, podían haber sido negros.
La boquilla para la leche es endeble. Tiene que estar muy bien sujeta para que no se salga, y también la encuentro un poco corta.",X,Revisado en España el 13 de junio de 2019
Buena bonita y barata,"4,0 de 5 estrellas","De. Momento todo bien. El café muy rico y con crema. Mucho Más cómoda que mi antigua Saeco Vía veneto. Todavía no he probado capuchinos, pero llevo ya unos 50 cafés.",Carlos C.,Revisado en España el 15 de mayo de 2019
Buena cafetera,"4,0 de 5 estrellas","Fácil de usar , volumen y textura del cafe regulable y adios a las cápsulas",Cliente Amazon,Revisado en España el 23 de diciembre de 2020
Krups,"4,0 de 5 estrellas","Una cafetera muy buena. Compacta y fácil de manejar. De verdad que hace un café muy bueno, como las máquinas en los bares. Excelente funcionamiento. Muy contento con la compra.",Toyota,Revisado en España el 31 de julio de 2019
Correcta,"4,0 de 5 estrellas",Buen café expreso pero hay que ponerle muy poca agua en el regulador. como inconveniente: echa un poco de agua antes de comenzar a echar el café y tengo que esperar unos segundos antes de poner la taza,Cliente Amazon,Revisado en España el 30 de noviembre de 2017
garantia de la marca,"4,0 de 5 estrellas",es para un regalo. Tengo una de igual y es estupenda,Jordi-Antoni Poyo Llarch,Revisado en España el 17 de diciembre de 2020
Mejoren el manual de usuario. Por favor.,"4,0 de 5 estrellas","Muy fácil de usar, cuando aprendes su funcionamiento. No le doy 5 estrellas porque el manual de usuario es muy escueto. Más que un manual, es un jeroglífico.",Miguel Angel AV,Revisado en España el 28 de octubre de 2018
Buena cafetera!,"4,0 de 5 estrellas","Gusta todo en general. No gusta lo poco visible del mando de cantidad de líquido, no cuesta nada ponerle una raya identificativa de posición...",Joan Roca,Revisado en España el 9 de enero de 2019
Comodidad,"4,0 de 5 estrellas","Me gusta lo fácil y cómodo , no tienes más quedar a dos botones y listo
Todavía no tiene tiempo suficiente como para hacer otros comentarios",Jose Manuel,Revisado en España el 11 de diciembre de 2019
Buena cafetera,"4,0 de 5 estrellas","De momento funciona perfectamente. No me ha sabido el café tan bueno como el nespresso, pero he de probar otras marcas de café en grano.",Jordi Tormo Dorca,Revisado en España el 13 de diciembre de 2019
"recomendada,de momento muy bien","4,0 de 5 estrellas","después de un tiempo usandola,10 cafes diarios,muy bien.por poner una pega decir q los domingos los amigos se acoplan,al menos traen churros",javi,Revisado en España el 24 de octubre de 2019
Cafetera de cafeteros,"4,0 de 5 estrellas","Tal y como se depone en el enunciado del producto, una cafetera ideal para los que le gusten tomar un buen café",Jose,Revisado en España el 5 de octubre de 2019
Buen cafetera,"4,0 de 5 estrellas",Pone en caracteristicas: Función One-Touch-Capuccino. Incluye depósito de leche externo apto para el frigorífico. Pero no trae ningún depósito de leche externo.,noelia aragunde,Revisado en España el 21 de febrero de 2019
Después de 6 meses ya no funciona,"4,0 de 5 estrellas","Hace buen café ,pero hace mucho ruido y después de 6 meses ya no funciona",Daniela,Revisado en España el 13 de diciembre de 2019
Buena elección.,"4,0 de 5 estrellas","Buena relación calidad/precio. Hace buen café (aunque no al nivel de el de las mejores cafeterías), molinillo poco ruidoso, muy cómoda y sencilla tanto para la elaboración de café como para la limpieza, y con muy buena estética.
Recomendable.",Javier,Revisado en España el 11 de enero de 2016
Sabor impresionante,"4,0 de 5 estrellas",Cumple con las expectativas,juan,Revisado en España el 28 de enero de 2021
La relación calidad precio,"4,0 de 5 estrellas",muy fácil de usar y buenas opciones de darle tu toque personal,Xavi Nolla,Revisado en España el 15 de diciembre de 2019
**,"4,0 de 5 estrellas","Me gusta su fácil manejo, NO me gustaque hace mucho ruido y los chorritos de agua que caen antes del cafe.",Francisco Gómez Costa,Revisado en España el 21 de octubre de 2018
Muy bien,"4,0 de 5 estrellas",Muy bien rapida limpia y café de muy buen sabor,Cliente Amazon,Revisado en España el 3 de febrero de 2020
Muy buena cafetera,"4,0 de 5 estrellas","Cafetera perfecta para uso particular, facil de funcionar y cafe perfecto",Quim Comas,Revisado en España el 29 de agosto de 2019
Muy buen cafe. No puede utilizarse cafe molido,"4,0 de 5 estrellas",Un cafe manifico. Muy sencilla y muy limapia. La unica pefa es que nonpuede utilizarse con cafe molido. El cafe es aurenticamente expresso.Estoy satisfecho,Pedro,Revisado en España el 8 de noviembre de 2017
Buena cafetera,"5,0 de 5 estrellas","Me ha gustado mucho esta cafetera. Antes tenia una manual y la verdad es que el cambio a una superautomatica es genial, solamente hay que vaciar el deposito de cafe usado de vez en cuando y rellenar el agua y café. Muy práctico si no tienes mucho tiempo en el día a día.
Eso si, hace bastante ruido, sobretodo al moler el café.",ASJ,Revisado en España el 16 de septiembre de 2023
Buen café,"5,0 de 5 estrellas","Está muy bien, un poco grande, el café genial, eso si al moler como es lógico hace bastante ruido. Por lo demás encantado con ella",luismi7,Revisado en España el 26 de diciembre de 2023
Cafetera,"5,0 de 5 estrellas","Falta por recibir los 2 paquetes de café y las pastillas de limpieza que estaban dentro de la promoción.Podrían decirme algo al respecto, por favor?
Por lo demás estoy muy satisfecho con el producto",Cliente Amazon,Revisado en España el 15 de diciembre de 2023
Cafe muy rico!,"5,0 de 5 estrellas","Tengo la maquina hace muy poco asi que quizas no pueda hablar de su fiabilidad, pero en cuanto a su funcionamiento es muy favil de usar , hay que buscar el sabor que te gusta mediante la combinacion de el gruso de la molienda, la cantidad de agua en ml y la intensidad que son 2 , suave y fuerte, es recomendable que el cafe sea natural, no torrefacto ni mezcla, por lo demas una vez le pillas tu gusto el cafe es delicioso tal cual como una buena cafeteria, yo dejenlas capsulas por esta maquina y no me arrepiento espero dure muchos años",Cliente Amazon,Revisado en España el 12 de marzo de 2022
"Fácil de usar, diseño moderno y café de calidad","5,0 de 5 estrellas","Me ha gustado mucho tanto la facilidad y comodidad de uso como la calidad del café que prepara. El diseño también es un ""plus"", ya que la máquina es muy bonita.",José Carlos,Revisado en España el 10 de diciembre de 2023
Encantado con la compra,"5,0 de 5 estrellas",Hace un café buenísimo. Tenía una de cápsulas pero quería cambiar a una automática y ha sido todo un acierto.,carlos,Revisado en España el 22 de diciembre de 2023
Mejor de lo esperado,"5,0 de 5 estrellas","El café increible
La molienda y ajuste temperatura perfectas. Mejor q el 95% bares
El espumador suficiente creo q no hace falta el ""kit"" capuchino
Ajuste dureza agua genial
Sencillez manejo",JG,Revisado en España el 5 de diciembre de 2023
Buena sabor,"5,0 de 5 estrellas","Vengo de cafetera italiana y se nota mucho el cambio.
Muy comodo y sabiendo que el mejor cafe es en grano.
Los pictogramas de cafe fuerte y suave se confunden con el de cafe solo o largo.
Tardas unos dias en hacerte con la maquina pero despues genial.

Veremos su fiabilidad",Ramon,Revisado en España el 13 de mayo de 2023
Me gusta mucho,"5,0 de 5 estrellas",La cafetera es estupenda me gusta,Jesus perea,Revisado en España el 30 de diciembre de 2023
Buena cafetera,"5,0 de 5 estrellas","Probamos un poco a la desesperada para salir de nesspreso y con poca esperanza. Nos asustaba la falta de versatilidad a la hora de poder hacerlo solo con grano y sopesamos varias que tenían de grano y molido. Sin duda elegimos bien, una máquina sencilla de usar y con muy buen resultado. Te deja modular el café en cuanto a tamaño, carga y demás. También el tema de la leche a la hora de hacer la espuma es un puntazo para hacer un café algo diferente y con mucho sabor",israel perez,Revisado en España el 3 de julio de 2022
Café,"5,0 de 5 estrellas","Me considero adicto al café...tuve una cafetera de brazo saeco y estaba encantado,pero tenía que molerme el café, así que decidí comprar una de estas y es una maravilla,lástima no haberla comprado antes,cualquier café malo te lo saca con crema y los capuchinos ya es la ost....si tengo que poner una pega,que no es una pega,es que hay que limpiar el accesorio de capuchino bien ,desmontando lo entero para que haga espuma,en cuanto te descuides sale un café con leche sin mas",francisco javier cantador cutillas,Revisado en España el 18 de julio de 2022
Extraordinaria cafetera pero duró 4 años.,"5,0 de 5 estrellas","Tras dos semanas de uso debo decir que ha superado las expectativas que tenía. mejora de largo mi anterior cafetera de cápsulas Nespresso, y tanto con café de marca blanca como con arabica premium el resultado es sobresaliente.
Muy rápida y limpia. Al haber aprovechado un precio en oferta la satisfacción es aun mayor.
En marzo 2020 (tres años y medio de antigüedad) se sale agua por abajo y la llevo a arreglar, le cambian ""el hidráulico"" y vuelve a funcionar bien con un coste de 120 euros por parte de servicio técnico oficial de Krups. A las dos semanas vuelve a perder algo de agua y me lo solucionan sin coste adicional.
En febrero 2021 vuelve a fallar : esta vez no saca ni agua ni café por el doble grifo dispensador, sino que va directamente a ka bandeja de recogida.
Decido comprar una De Longhi superautomatica. El rendimiento de esta Krups ha sido excelente mientras ha funcionado, pero no ha durado mucho tiempo (aunque he de reconocer que la he explotado pues hago una media de 10/ 12 cafés diarios). En todo caso prefiero estrenar una nueva ya que los costes del arreglo son altos para una máquina que preveo que no va a durar mucho más.",Fernando Pecino Robles,Revisado en España el 5 de octubre de 2016
Gran Cafetera!,"5,0 de 5 estrellas","La compré hace dos años y esta es mi valoración:
La tenemos en un pequeño bar, hay dias que hace más de 50 cafés y hasta la fecha funciona perfecta.
Arranca rápida, sonido normal para una cafetera y puedes hacer 2 cafés a la vez.
El café sale muy bueno, nada que envidiar a una cafetera profesional, eso sí, usa café bueno nunca torrefacto, solamente tueste natural, que no se moje el molinillo nunca y ajusta el grosor del molido.
Cada semana aproximadamente pide programa de limpieza, normal para la cantidad de cafés que hace pero nunca me pidió descalcificar.
Ha habido que limpiarla por dentro ya que el café que cae en la prensa desde el molinillo a veces se sale fuera y se va acumulando con el vapor se acaba encostrando... pero como he dicho se le da un uso casi profesional y a menudo muy intenso y la máquina siempre funcionó.
Recomiendo su compra, gran máquina sin duda.",lluis m.,Revisado en España el 3 de agosto de 2020
La mejor,"5,0 de 5 estrellas","Después de muuucho tiempo buscando cafeteras probamos esta de unos amigos y que maravilla de Cafes hace, super buen sabor y a mi me sentaba mal el cafe de cafetera italiana y el de esta cafetera no me sienta mal al estómago ni por la mñana en ayunas. Estamos encantados y encima es super práctica te avisa i necesita agua, si hay que quitarle el depósito de café porque esta lleno... Una maravilla y el capuccino súper rico y la espumita ideal, ya no tenemos que salir de casa para cappuccinos. Mil por mil recomendable!!!",Cliente Amazon,Revisado en España el 6 de enero de 2022
Cafetera de 10,"5,0 de 5 estrellas","Se estropeó la cafetera de capsulas y nos decidimos por una automática que a muy corto plazo la amortizas y además contaminando menos.
Elegimos esta marca y modelo en concreto porque seguramente sea la más compacta.
No soy un experto en cafeteras ni mucho menos así que mis impresiones comparandola con la anterior son muy simples:
- Enciende casi tan rápido como la otra
- Fácil de usar
- Se nota diferencia en el sabor de cafe, esta muy bueno
- Hace un poco ruido al moler el café (lógicamente)
- Gran depósito de agua

Con un poco de tiempo intentaré sacarle partido al vaporizador.

Estoy contento con la compra",Eduardo,Revisado en España el 26 de marzo de 2021
La volvería a comprar,"5,0 de 5 estrellas","Es la primera cafetera automática que tengo, y nada más sacarla de la caja y seguir los primeros pasos del manual, la apariencia en cuanto a uso genera confusión y por ello muy compleja, pero una vez que la manipulas es muy sencilla, navegando con las diferentes opciones que tiene en el
Display.
En cuanto a cómo realiza los cafés, vengo de una de cápsulas más y básica y la diferencia es notable. Aún tengo que ir probando con más detalle las diferentes opciones, de intensidad, molido, etc. Pero tengo claro que no vuelvo a las dos cápsula por calidad del café y por la comodidad a la hora de preparar un café.
Como crítica, es mejorable el manual de uso.",Eduardo,Revisado en España el 19 de diciembre de 2020
Excelente relación calidad-precio,"5,0 de 5 estrellas","Acabamos de dejar las cápsulas y es la primera automática que compramos. Ya habíamos probado las saeco y no tiene nada que envidiarle. Si no buscas filigranas en el café y te ciñes a espressos, lungos y capuccino esta es tu máquina. Puedes regular el grosor del grano, la cantidad de agua, la intensidad del café y el vapor(para leche o calentar agua). Gran depósito de agua y practico. La compramos en blanco y es muy bonita. Por ponerle un pero, que el recipiente de los posos no tiene sensor y tr avisa siempre a los 9 cafés, y hay que vaciarlo aunque no esté lleno y no te deja hacer café si no lo vacías. Pero es una gran máquina!",Luis G,Revisado en España el 18 de octubre de 2020
Muy buena cafetera y muy buen cafe,"5,0 de 5 estrellas","Bien recibida y embalada como siempre en Amazon, Cierto como dicen otras opiniones que venía un poco (mínimos) restos de cafe molido, pero viene un papel de la fabrica explicando que ha sido probada y a pesar de limpiarla pueden quedar algun resto. Respecto al funcionamiento, muy sencillo y me sorprendió la rapidez desde que la enciendes hasta que te puedes hacer el café. En cuanto a la calidad de cafe: excelente!!! ya que utilizando el mismo cafe que la anterior cafetera el resultado es exquisito. Muy facil de usar e intuitiva, en cuanto a ruido lo normal, el molinillo electrico que tengo hace mas ruido que esta cafetera y se agradece que te avise de todo, deposito de los posos lleno o falta de agua, y en este caso si te quedas a medias de un cafe lo termina normalmente cuando se ha rellenado el deposito del agua. Muy buena relación precio calidad, estoy muy contento de la compra.",nacho,Revisado en España el 12 de diciembre de 2016
Tomar café de forma fácil,"5,0 de 5 estrellas","He comprado esta cafetera hace poco y también se la ha comprado un colega mío. La verdad es que es muy fácil de usar, pero todavía no le he cogido el punto. No tengo claro que café es el mejor, me han dicho que no use torrefacto porque avería la cafetera y la selección de café es importante.
Se puede regular la cantidad de agua de la taza, si se quiere fuerte o suave y el nivel (3 tipos diferentes) de molido del café.
Estoy en periodo de prácticas con estos parámetros, pero estoy encantado, ya no tengo que tirar cápsulas a la basura, que siempre me ha parecido un desperdicio. No he echado los cálculos, pero seguro que en un año de uso se paga sola.
Tampoco ocupa tanto, pero desde luego más que una nesspreso. Hay que tener un poco sitio en la cocina.
En resumen, estoy encantado.",Juan Carlos Martin,Revisado en España el 18 de junio de 2019
Café increible y fácil de utilizar,"5,0 de 5 estrellas","La cafetera Arabica Latte es realmente una máquina tope de gama, con unos materiales y acabados de primer nivel y puedes hacer un café y capuccino increibles. Y todo muy fácil, solo pulsando un par de botones.

Viene muy bien embalada y protegida, con todos los accesorios y un manual de instrucciones completo. El montaje es rápido y solo se necesitan 5 minutos para leer bien manual y entender como montar y desmontar el accesorio espumador de leche.

Quizá se echan en falta más memorias programables (tiene 4 muy fáciles de utilizar, 2 para café y 2 para capuccino), pero se compensa por la rapidez con la que puedes personalizar tu café: la molienda del grano, la temperatura del agua, la cantidad de agua o espuma de leche, etc

Y una gran ventaja es que puedes guardar el accesorio espumador de leche en la nevera, por lo que puedes hacerte un capuccino espectacular en solo 2 minutos, sin tener que estar limpiandolo entero cada vez.",Cliente Amazon,Revisado en España el 20 de agosto de 2019
Una gran cafetera.,"5,0 de 5 estrellas","Estoy encantada con esta cafetera,la usamos mucho el cafe sale muy cremoso y sin duda fue una buena compra.",Manuela Riveiro,Revisado en España el 12 de octubre de 2023
