title,rating,body,author,date
Contenta,"5,0 de 5 estrellas","Estoy encantada con la cafetera es fácil de usar y limpiar el café está muy bueno,y deja espuma en la leche.muy contenta",Cliente Amazon,Revisado en España el 27 de julio de 2024
Un 10,"5,0 de 5 estrellas",Tienes que escoger un cafe bueno o triturarlo tu mismo. Funciona perfectamente y salen unos cafes buenisimos y con su espuma,MisterS,Revisado en España el 25 de julio de 2024
Perfecta calidad precio inigualable,"5,0 de 5 estrellas","Hace muy buenos cafés ,cremosos y bien calientes ,se la recomiendo",José Antonio Pérez Ros,Revisado en España el 6 de agosto de 2024
Buena cafetera,"5,0 de 5 estrellas","Muy buena, funciona genial y hace un café muy rico",Admb,Revisado en España el 5 de agosto de 2024
Maravillosa maquina de cafe,"5,0 de 5 estrellas",Hace un café muy bueno y es fácil de limpiar.,Rene Pedolin Dalla Nora,Revisado en España el 3 de agosto de 2024
De momento . Bien. Muy buen café.,"4,0 de 5 estrellas",Os recomiendo q no cargueis mucho el depósito de café. Lo justo sino no cierra correcto y así hace menos esfuerzo la máquina .,carlos,Revisado en España el 20 de mayo de 2024
Buena bonita y barata,"5,0 de 5 estrellas","Es la segunda que compro. La primera la tengo en la oficina y va genial. El café sale muy rico y con espumita. He comprado esta segunda para casa , viendo el magnífico resultado que me ha dado la primera. Una cafetera muy digna para su precio",Elena,Revisado en España el 3 de julio de 2024
Muy bien,"5,0 de 5 estrellas","Estoy muy contento con la cafetera.
Bastante silenciosa, espuma aceptable.
La usamos todos los dias desde la compra para hacer un mínimo de 4 cafés y va perfecta.
Facilmente configurarble la cantidad de tiempo para hacer cafés mas largos o cortos.
Estoy muy contento con la compra.",Ignacio Vergara,Revisado en España el 28 de junio de 2024
Buen servicio,"5,0 de 5 estrellas","Cafetera expreso para el café muy bien, la parte de calentar la leche deja mucho que desear",Raquel,Revisado en España el 26 de julio de 2024
Estupenda,"5,0 de 5 estrellas",No os lo penséis cumple todas las expectativas.,EVA,Revisado en España el 6 de agosto de 2024
Genial,"5,0 de 5 estrellas",Después de utilizar la un tiempo decir que está muy bien y estamos encantados con ella.,Manuel,Revisado en España el 30 de julio de 2024
Como en el bar si te esfuerzas.,"5,0 de 5 estrellas","Buena cafetera. Hace el café súper bueno y rápido. Con la espumadera puedes hacerte un café que no tiene que envidiar nada al de una buena cafetería. Obviamente dependerá del café que uses.
Como aspectos negativos, la veo demasiado grande, ocupa mucho espacio y no es cómodo hacer dos cafes a la vez.
No obstante, comparándola con otras creo que la relación calidad precio es buena.
Mejor que la Dolce Gusto de aquí a Lima",Probadora,Revisado en España el 9 de junio de 2024
Perfecta,"5,0 de 5 estrellas","Hace los cafés perfectos, la leche se calienta muy bien. Todo un acierto. La recomiendo por el precio y lo bien que hace el café. Lo único es cuando pones para hacer 2 cafés al mismo tiempo no salen igual, con esto me refiero a que no sale la misma cantidad de café por los dos agujeros, siempre sale la más cantidad por uno. Esto sucede desde el primero día. Desde entonces hago los cafés de uno en uno y la verdad es que me va perfecto.",Rosa Mellado,Revisado en España el 4 de junio de 2024
buena cafetera para corto tiempo,"3,0 de 5 estrellas","Es una cafetera calidad-precio muy buena, hace un café muy bueno para su precio, pero también tienes de esperar que por ese precio no dure mucho. Tengo esta cafetera de hace un año y medio y ya leí antes de usarla que goteaba bastante por el vaporizador. No le hice mucho caso ya que siempre puede ser que alguna salga mal y la reparen, pero en mi caso pasó lo mismo. La cafetera al principio bien, muy buen café, todo hay que decirlo y el vaporizador también. goteaba un poco pero nada. Cuanto más tiempo iba pasando más goteaba, hasta el punto que te podías tomar media taza de agua caliente, literalmente. Tenía de tener un bol siempre debajo del vaporizador cuando la encendía y me preparaba el café. la llevé a reparar al servicio técnico y no solucionaron nada, solo dijeron que la descalsificara, cosa que hago siempre al mes o dos meses. luego empezó a perder todo el vapor cuando encendía el vaporizador por la parte donde se pone el brazo del café y seguía perdiendo agua, de locos. Amazon la llevo a su taller a reparar pero a parte de vergonzoso por su parte, ya que no hicieron nada. Pusieron el fallo de no hace espuma, me la devolvieron sucia y la caja rota... en fin, me arriesgarme y probaré con otra marca",juanra,Revisado en España el 29 de enero de 2024
No vuelvo a comprar algo cecotec en la vida,"4,0 de 5 estrellas","He tenido varias experiencias con las cafeteras marca cecotec. De tomadas, solo una me ha llegado a durar un poco. Todas las demás un desastre, y el servicio de garantía lo mismo. Me perdieron la cafetera y durante 2 meses no he sabido nada de ella. Ahora la que he comprado no me funciona desde la saqué de la caja… otros productos de Cecotec no tengo, pero viendo las cafeteras nunca más compraré algo de esta marca.",Lucian,Revisado en España el 3 de abril de 2024
Cafetera profesional,"5,0 de 5 estrellas",Hace muy buen café. Con mucha crema. Tiene mucha presión por lo que permite hacer espuma y un muy buen café,Francisco,Revisado en España el 19 de julio de 2024
Ideal,"5,0 de 5 estrellas","Encantada con el regalo que le hice a mis padres, es rápido y esta muy bueno el café! De buena calidad!",Marina,Revisado en España el 21 de julio de 2024
Cafetera cecotec,"5,0 de 5 estrellas","Muy bien producto y entrega en tiempo. Hay que precalentar la máquina un poco antes,pero no lleva mucho tiempo y el café cremoso y perfecto. Única queja,al ser nuevo cuesta enganchar el poltafiltro a la máquina,supongo que mejorará con el uso.",Pablo,Revisado en España el 3 de julio de 2024
Calidad precio insuperable.,"5,0 de 5 estrellas","Soy barman desde hace 18 años. Puedo decir que cumple su función. No es nada del otro mundo, hay cosas a mejorar, como el enganche del mango, que tienes que aguantar la cafetera para que no se mueve del sitio, sino levantas la cafetera arriba. La temperatura la agua al principio es la correcta, pero luego de dos cafés baja drásticamente y tienes que esperar que caliente. La lanza de vapor, cumple su función. Eso sí, que la leche esté muy muy fría. Para dos cafés sibaritas, vale la pena. Le pongo un 10. Por la calidad precio.",Luc,Revisado en España el 3 de mayo de 2024
Buenísimo 👏,"5,0 de 5 estrellas",Llego rápido y es muy buena hace un café requisito 👍👍👍,Hany,Revisado en España el 30 de julio de 2024
Buena relación calidad/precio,"5,0 de 5 estrellas","Cafetera básica pero con buena potencia, el mango un poco grande, en el modelo anterior era algo más corto y estorbaba menos. El especio para la taza muy reducido, pero es lo que hay. Es la única pega, por lo demás perfecto, con que aguante un par de añitos satisfecho",igor,Revisado en España el 18 de junio de 2024
El café sale bien,"3,0 de 5 estrellas","El café sale muy bueno, espumoso y rico.
No me ha gustado que la cafetera viene sin la cuchara de poner el café e incluso parece que tiene unas pequeñas rayas por arriba, parece como si alguien la hubiese devuelto y me la enviasen a mí después. Por eso he estado apunto de devolverla. El botón del vapor, la rueda giratoria estaba atrancada y no podíamos moverlo. Finalmente con un cuchillo y después de probar varias veces lo sacamos y ya va bien.
No la he devuelto por no perder el tiempo en que me manden otra, ya que el café sale bueno y tiene buenas prestaciones para su precio.
Pero me queda claro que esa cafetera viene de otra parte, ya ha sido devuelta, quizás por lo del botón del vapor. Y de paso se han quedado con la cuchara...",M M,Revisado en España el 23 de mayo de 2024
Que haga bien café,"4,0 de 5 estrellas","Va muy bien, mi gusta esta marca, pero este modelo en concreto es muy ruidoso, tengo otra cecotec que no hace tanto ruido","Es bastante frágil, apreto al máximo y no sujeta el móvil, loPuedo sacar con la mano sin hacer fuerza, podría salirse con un bache, no puedo devolverlo porque gire la caja pensando que iría bien",Revisado en España el 29 de abril de 2024
Correcto,"4,0 de 5 estrellas","Yo lo compré por 50 euros
La calidad es endeble pero correcto por precio, en principio estoy a la espera de la durabilidad, el acabado de los metales( el mango donde se echa café ) se ve calidad ""chino"" de el montón, el acabado no es fino pero en principio hace su función, con que el circuito donde se prepara el café sea duradero me conformo por que el precio es bajo
Concretando
Calidad precio correcto
Cafetera chula
Y en principio hace bien su empeño",Fary,Revisado en España el 24 de marzo de 2024
Estoy muy contenta,"5,0 de 5 estrellas","Muy bien, muy contenta. Hace un café buenísimo.
Lo único que puedo sugerir es que se adaptase un poco más a las tazas pequeñas de expreso porque cuando sale el café salpica, pero le he puesto una base de dos centímetros y problema resuelto.",Ingrid,Revisado en España el 1 de julio de 2024
Gran Cafetera,"5,0 de 5 estrellas","Magnífica cafetera, es como tener café de restaurante en casa",Jorge Clavijo Losada,Revisado en España el 16 de julio de 2024
Una máquina como la de los bares,"5,0 de 5 estrellas","El primer mandamiento de todo es, un buen café yo uso un buen cafe robusta en grano que muero en mi casa con el molinillo a mi

Compré la cafetera y venía estropeada porque vamos, de hecho a los tres o cuatro días fallo el sistema del vapor. aún así, decidí darle una oportunidad y pedir otra igual porque pensé que a lo mejor poniéndole agua de la botella que ya lo hacía por cierto pues no se estropearía o bien sería un fallo de fábrica o algo aún así pues eso pedí otra igual porque la cafetera prometía.no entiendo las críticas negativas porque he incluido una foto en este comentario para que se vea como hace el café si eso no es un café bueno pues que alguien venga y me lo diga continúo con mi crítica vale?
Al día siguiente me trajeron otra pero fueron tan competentes que me trajeron la nueva antes de llevarse incluso la que estaba estropeada vamos que me quedé alucinada!
Bien ya llevo algunos días más con la nueva y puedo dar mi experiencia. No entiendo las opiniones negativas que hay porque dado que no es una cafetera de cafetería no se le puede pedir más pero es que no se le puede pedir más a una cafetera doméstica porque es maravillosa. Hace unos cafés estupendos lo que pasa que el que no se hace el café bueno es que no sabe hacérselo. A ver, me explico, hay que coger una medida y hacerte café hasta que justo vaya a empezar a salir agua ahí es un cortado de café yo que me gusta hacerme tipo tazón quito el brazo pongo otra medida y tiro otra medida de café tipo cortado hasta que después le agrego la leche. Es decir que me lo ha dado como doble cortado. En realidad cada vez que das al botón tienes que estar pendiente porque solo sale café para un cortado si lo dejas más empieza a salir agua y te sale café americano. por el precio que tiene la cafetera tampoco te esperes que se pare sola cuando ha terminado de hacer la medida que es para un cortado bien hecho eso si te sale bien hecho pero tienes que estar pendientepor eso hay gente que dice que el café le sale mal o porque no estará pendiente y deja que le salga el agua el café si tú estás pendiente mientras te sale el cortadito te sale maravilloso

a mí que me gusta ya te digo más grande me hago como dos o tres cortaditos de hecho he llamado a la casa para que me mande otro brazo para hacerme una carga quitar brazos poner brazo otra vez y hacer otra carga.

Hoy me he hecho la leche desnatada me ha salido espumita espumitas ponme estás buenísima no he notado que la lechera desnatada me ha salido exactamente igual que con la leche entera eso sí el café lo he notado más ligerito porque claro la leche es desnatada y la leche entera ya me estaba sentando mal es que ya tengo unos añitos jejeje cuándo llegas a los 50 ya no perdonan. Pero lo dicho a mí me gustaba irme a desayunar a la cafetería por el café la fortaleza que tiene el café de una máquina no la tiene una cafetera italiana normal evidentemente pero tienes que saber hacértelo.

en otro orden de cosas aclaro soy una persona que tengo una dificultad visual bastante importante o sea que tiene que ser algo bastante básico y muy fácil de usar para que yo lo pueda manejar y ya os digo que yo lo puedo manejar con muchísima facilidad lo limpio muy cómodamente cosa que era algo que me asustaba bastante con la máquina que pensaba veremos a ver esto... Pero no, ha sido fácil. también me he comprado una jarrita que es muy fácil de limpiar para hacerme la espuma en la leche claro porque esto es primordial.

La calidad precio es relativamente excelente no me compraría una cafetera más cara para hacer lo que estoy haciendo con esta estar pendiente un poquito de que te salga el café total son 2 segundos tampoco es nada en comparación con lo que vale una cafetera un poco más automática y ya que he probado esta es que no me arriesgo he visto comentarios de cafeteras que vale como el doble y no hay casi ningún comentario bueno en esta los comentarios son muy buenos y por eso me he liado sobre todo de un comentario de un señor que decía que desde que era pequeño no llegaba la barra de su cafetería ya hacía cafés y sobre todo ese comentario me ha hecho comprarme esta cafetera y muchos comentarios más obviamente así que mi experiencia positiva positiva al máximo yo la recomiendo al 100% si estás buscando una buena cafetera que te haga un buen café esta es tu cafetera.

Bueno me he permitido editar el comentario porque he añadido unas fotos. Cómo se ve el café que hace es pura espuma si se quiere claro porque a mí me gusta espumoso la leche que yo uso es desnatada cualquier desnatada te vale de cualquier marca. El vaporizador cómo se funciona de maravilla y el café es pura crema de hecho mancha las tartas y los vasos con la cremosidad de un buen café yo uso un buen café como ya he dicho antes la verdad es que la cafetera no solo no decepciona sino que para mí es el mejor electrodoméstico que tengo en casa. El secreto para saber usarla es el siguiente, primero hay que hacer una tirada sin café porque sale todo como es correos o por todas partes no se puede hacer un café a la primera siempre hay que tirar una vez como una tirada con agua solo y luego ya haces un café eso de cada vez luego ya se los cafés que quieras si la máquina he estado en reposo luego tienes que hacer otra tirada más sin café o con el resto que te haya quedado de antes nunca ser el café de entrada porque entonces te sale todo es correos o mal y es una bazofia siempre tienes que hacer una tirada cómo de para tirarlo es que no sé si me explico bien pero nunca se puede hacer el café de entrada siempre hay que hacer una tirada solo sin café o con lo que te haya quedado de antes y después ya vaciar el brazo y hacer el café entonces ya es cuando te sale bueno yo ya sé que no soy una profesional y que no me explico muy bien pero bueno si queréis más información podéis escribirme a mi correo y yo os lo explico estaré encantada porque antes no me salía bien del todo por ese tema cuando ya descubrí que es lo que pasaba hago los cafés de maravilla mejor que en la cafetería yo era de las que me iba a desayunar al bar por culpa del café y ahora no gasto 1 € en el bar porque no me da la gana porque tengo la máquina que es maravillosa y no me hace falta gastar en máquinas máscaras con esta ya me hace el apaño pero es que no solo me hace el apaño es que es buena buena de verdad no solo la consejo si no es que no te aconsejaría ninguna otra y ya te digo que soy muy exquisita para el café",Esperanza Ruiz Ruiz,Revisado en España el 3 de septiembre de 2019
"HACE LO QUE TIENE QUE HACER, CAFÉ Y CON BUENA NOTA","5,0 de 5 estrellas","Hace 25 años aún no llegaba a la cafetera del bar de mi familia y ya hacía cafés,,llevo toda la vida,, Me molesta mucho la desinformación que generan opiniones de personas insatisfechas por su compra, no comprendo como pueden haber comprado la misma cafetera y criticarla , habría que respetar un poco más al vendedor hoy en día y más cuando la oferta incluye producto de tan aceptable calidad y a un precio tan competitivo, resumiendo : 1.ME LA JUGUÉ, 2. ESTOY ENAMORADO DE MI NUEVA CAFETERA, 3.A.LA CALIDAD DEL CAFÉ DEPENDERA EN GRAN PARTE DE LA FINURA DEL MOLIDO DEL CAFÉ Y DE LA CALIDAD DE ÉSTE, 3.B-ESTOY TOMANDO UN EXQUISITO CAFÉ NATURAL 4. YA NO CONTAMINO TANTO COMO ESTOS ÚLTIMOS AÑOS CON LAS CAPAULAS (a mi ya se me ha pasado la moda capsulita a 0,35€) Y AHORRO UN 500% EN CAFÉ, ADEMÁS DE HACÉRMELO YO AL GUSTO SEGÚN EL APETITO CAFETERO DEL MOMENTO(más cantidad , menos , más prensado, menos ),, SOY UN POCO MÁS LIBRE VAMOS.-MUY CONTENTO Y CON BUENOS MOTIVOS- SALUDOS Y ÁNIMO A QUIEN BUSQUE UNA CAFETERA DE CALIDAD Y PRECIO A COMPRAR ESTA CON LOS OJOS CERRADOS. 20 bares de presión es mucho,, y hace ruido solo el primer uso hasta que el circuito de agua se llene la primera vez durante un minuto, luego cuando ya circula nunca más , hay que hacer unos 20 cafés para que empiece a salir bueno , bueno , pero eso pasa con todas, es el rodaje . 👍🏻 Perdón por el tocho y espero que sirva !!",José Luis,Revisado en España el 18 de enero de 2019
Fácil de usar y buen café,"4,0 de 5 estrellas","He de decir que tras leer tantas reseñas me costó decidirme ya que muchos decían que el vaporizador se estropea, sin embargo me alegro de haberla comprado, vamos por puntos.
1- Lo más importante, la calidad del café que hace. Llevamos 5 años con una cafetera de las de jarra automática, es decir que se calienta, hace el café y lo hecha a una jarra para que luego tú lo pongas a la taza y añadas leche, es decir, no de muy buena calidad, pues bien, después de comprar ésta cafeterapor la que me costó decidirme y que fué escogida en gran parte por si marca y su precio mi marido me dijo que si era el mismo café que usamos con la otra, tras decirle que sí me dijo que habíamos estado tirando el café, que está tan bueno que no parece el mismo, el toma café 4 veces al día, por lo wue entiendo que efectivamente nota el cbio de sabor, además no sale ni un sólo poso.
En mi caso que no tomo café de forma habitual, he notado el café menos aguado y más intenso, con menos notas amargas y ácidas, lo noto más equilibrado y me ha gustado.
2- Facilidad de uso, poner el marcha la máquina y hacer el purgado, la limpieza y el primer café ha sido lo más fácil del mundo, el manual viene en español y se entiende perfectamente, el que no o entienda lo siento mucho pero le falta compresión lectora, no es culpa de las instrucciones, literalmente son 3 botones y una ruleta, no puede ser complicado.
3- velocidad. Entre que se calienta la máquina para hacer el café, se hace el café, calientas máquina para vaporizador y calientas y espumas la leche tardará unos 3 minutos tirando por alto, a veces me pongo a preparar tazas etc mientras se calienta y termina la cafetera antes que yo.
4- El famoso vaporizador, si has logrado osvtruirlo enhorabuena, has conseguido ignorar el cartel enorme que rodea el vaporizsdor donde dice muy claramente limpiar después de cads uso (aun que lo veo tan lógico que me parece un cartel innecesario, pero si lo han puesto, por algo será) aparte de istruirse que es el motivo de la marca, es leche, el dolor de tripa que te puede dar si no lo limpias es una cosa importante. En el manual pone muy claramente cómo limpiarlo y es muy fácil y rápido.
5- Temperatura del café, he leído comentarios donde dicen que sale templado, pues no, sale ardiendo como tiene que ser, pero claro, si luego le pones leche fría no esperes que arda, en cuanto al vaporizador también puede hacer que la leche queme en más o menos 40 segundos, no entiendo las quejas en éste campo, creo que no saben usar la máquina.
Resumen:
1 le saca todo el partido al café que uses.
2 fácil de usar
3 rápida
4 Vaporizador de fácil mantenimiento y útil, le ha sacado espumita incluso a leche desnatada.
5 café a buena temperatura, como en la cafetería
Que algunas máquinas salen defectuosas, seguramente sí, como en todos los productos, pero por el precio y la velocidad de envío y teniendo en cuenta la seriedad de Amazon a la hora de solucionar éstas cosas vale la pena probar.",Noelia,Revisado en España el 23 de diciembre de 2023
Sinceramente NO ES PARA TANTO...,"1,0 de 5 estrellas","Hoy he recibido esta Cafetera. En cuanto al Reparto, Entrega, embalaje, etc. todo perfecto y llegó el día acordado. Ojo, si pedís esta Cafetera tened en cuenta que si no especificáis nada os llegará directamente en la Caja de la Cafetera. Si queréis que os la envíen dentro de una Caja de Amazon (para que no se vea el contenido, protegerla, etc. tenéis que indicarlo a la hora de tramitar el pedido)

La Cafetera viene muy bien protegida. Es sacarla de la Caja, enchufarla a la corriente y ya está lista para usarse. El tanque del agua es exactamente de 1,5 libros (es que hay confusión porque en muchos sitios aparece 1,2 litros) Trae el Cacillo para el Café, el Filtro para 1 Café, el Filtro para 2 Cafés y la Cuchara medidora (por un extremo es Cuchara y por el otro sirve como Prensador)

Antes de hacer el primer Café, se recomienda hacerla funcionar varias veces para ""limpiarla"" por dentro, quitarle el sabor a Plástico, etc. Yo así lo hice. Llené el Depósito del Agua, la hice funcionar primero 3 Cafés simples, luego otros 3-4 dobles y luego la puse a funcionar un rato en modo ""manual"". También hice funcionar el ""espumador/vaporizador"" lateral. Puse una Jarra, abrí el vaporizador y la tuve un buen rato para limpiarlo.

Antes de que se me olvidé, la Cafetera tiene los siguientes Botones/Modos de Funcionamiento:

- Botón para Café ""sencillo"".
- Botón para Café ""doble"".
- Botón para Café ""manual"", es decir le das al Botón para que comience a salir Café y lo paras cuando tú quieres (útil por ejemplo para llenar una Taza grande de Desayuno)
- Botón para el ""Vaporizador"", es decir para usar el ""artilugio"" ese para echar el Vapor de Agua, Calentar/Espumar la Leche o echar Agua Caliente en una Taza para una infusión.
- Botón de Encendido (el cual obviamente tienes que pulsar para luego seleccionar cualquiera de las funciones de la Cafetera)

Cuando enciendes la Cafetera la luz parpadea en azul. Hay que esperar como un minuto hasta que la luz se quede fija lo cual quiere decir que la Cafetera ha alcanzado la Temperatura adecuada y ya podemos pulsar cualquiera de los botones para hacer el Café (sencillo, doble, manual, ...)

Para usar el Vaporizador hay que pulsar el correspondiente botón. La luz cambia a rojo y parpadea. Esperamos como un minuto, hasta que quede la luz roja fija y entonces ya podemos abrir el Vaporizador en la rueda lateral que lleva para calentar la leche, echar el agua caliente en una Taza para Infusión, etc.

¿Opiniones/Sensaciones/Conclusiones/...?
-------------------------------------------------
- Calidad de los materiales: aceptable.

- Diseño: mejorable. El mango del ""cacito"" para el Café está mal diseñado no: lo siguiente. Es muy largo siendo más ancho en el extremo y se va estrechando al legar a la unión del cacito que contiene el Café. Es muy muy largo. Da sensación de ""endeble"". Al ser tan largo además implica que tengas que hacer más fuerza y tiene pinta de que eso puede cascar en cualquier momento (en Youtube aparece algún Vídeo de Usuarios a los que se les ha roto ese mango) Lo suyo es que sea más corto y más ancho, lo cual hace que sea mucho más fácil, seguro y cómodo manipularlo e insertarlo en la Cafetera y quitarlo.

- Calidad del Café, Sabor, Espuma, ...: obviamente va a depender del tipo y calidad del Café que uséis. Yo uso el mismo Café que usaba en mi anterior Cafetera y puedo decir que:
-- sale mucho menos Espuma que con mi anterior Cafetera.
-- el Café sabe ""raro"", como a ""plástico"". Si bien puede ser normal ya que es nueva y le falta rodaje no tendría porque ser así tras haberla hecho funcionar varias veces previamente (en otras Cafeteras las limpiaba exactamente igual que esta el primer día y no se apreciaba ningún sabor ""raro"" ni ""plasticoso"" (es que es hasta desagradable...)

- el diseño del Tanque del Agua está bien, es como en casi todas: se puede poner y quitar fácilmente.

Sinceramente da la sensación de que esta Cafetera ""funciona a medio gas"". El Café sale apenas sin Espuma y eso que tiene 20 Bares. En cuanto a su potencia eléctrica son 850W.

Mi anterior Cafetera, que era de otra marca pero de Precio similar a esta (incluso 10 Euros más barata me costó), también tenía 20 Bares y 1.100 W. Le da mil vueltas a esta Cafetera. El Café salía con muchísima más espuma y sabía mucho mejor (nunca tuvo sabor ""raro"", ni siquiera el primer día ya que como digo le hice la misma limpieza que a esta)

No entiendo lo SOBREVALORADOS que están los Productos de CECOTEC. Tienen un precio ajustado, sí, pero su diseño y sus prestaciones finales son fácilmente mejorables (dependiendo del Electrodoméstico en cuestión tiene fallos garrafales... como por ejemplo Microondas en los que no se leen los minutos que vienen serigrafiados...)

Sinceramente después de leer todas las críticas (que para mi gusto están ""hinchadas"", me esperaba un poco más. Me siento tan decepcionado que me dan ganas de devolverla (y eso que me jode hacer esas cosas pero es que en serio está muy sobrevalorada para lo que ofrece realmente...)

Quizás la acabe devolviendo y repare mi anterior Cafetera. El motivo de comprar esta Cafetera nueva es que me ""fastidiaba"" pagar 50, 70, 80 Euros por arreglar mi anterior Cafetera y decidí que era mejor comprar una nueva. Pero visto lo visto quizás devuelva esta, mandé a reparar mi anterior Cafetera (aunque me gaste casi tanto como una nueva) y así al menos contribuiré reduciendo la huella de carbono y generando menos residuos...

Le iba a dar 3 Estrellas pero lo voy a dejar en 1 porque en serio que esto no hay por donde cogerlo...

Por cierto, como mejora de diseño aparte de lo del mango del ""cacito"" del Café (y por supuesto que tenga más presión para sacar más espuma al Café y más sabor) yo mejoraría el diseño de los Botones. Son Botones ""físicos"". Parece una tontería, pero si esos Botones en vez de ""físicos"" fueran ""táctiles"" la Cafetera sería mucho mas cómoda y mucho más usable. Esos cambios de diseño vendiendo muchas unidades no tienen porque encarecer el Producto.",manolito74,Revisado en España el 15 de enero de 2024
Maquina del baren tamano pequeno par la casa.,"5,0 de 5 estrellas","Tengo la maquina en marcha casi dos semanas, la verdad es que es muy buena y el cafe sale tan bueno como en un bar. Dependiendo del la marca de cafe tambien mejor. Claro, con un truco. Como la utiliso solo yo haciendo me cafe por la manana, no tiene mucho sentido de tenerla. Porque como se queda fria siempre me caliento un poco de agua en el bolidor para poder calientar el cacharo antes de hechar cafe. Vierto agua caliente y dejare pasar como si tuviera preparando el cafe. dos o tres veces para que cede muy caliente. despues lo pongo en el molino y enchufo en la maquina para preparar cafe y sale perfecto. El vapor es mas que suficiente para calientar la leche tambien podeis crear una espuma muy densa que el azucar no se hunde al hecharlo en cima. Pero la verdad es que no es adeguada para hacer se un cafe por la manana. Tiene varios ajustes cantidad de agua por la taza. temperatura. 92 grados de fabrica, podeis poner menos o hasta 96 grados. Mayor temperatura cafe mas amargo y menos acido. Menor temperatura, cafe mas acido menos amargo. Entonces la podeis ajustar a propio gusto vuestro. Realmente por el precio es una gran maquina. No digo que no hay mejores, pero esta es ya para mis necesidades mas que suficiente. Todavia no he tirado la maquina vieja de capsula, pero no la voy usar mas. tardava algunos segundos para hacer me un cafe que ahora me lleva casi tres minutos. Es mi ritual de manana prepararme un buen cafe y disfrutarlo en la terraza. Ahora la tengo limpia dentro de un minuto.

Opinion mia:
Gran maquina, si no se calienta bien el hiero primer cafe sale mediocre(agua chiri), proceso lleva su tiempo. Cafe sale perfecto. Como en cualquier publicidad que ves en tele.
No adeguado para algiuen que necesita una taza preparar rapido, cafe se lo toma en pie porque ya tiene que correr al trabajar, por ejemplo.",Cliente Amazon,Revisado en España el 7 de junio de 2024
Impresionante,"5,0 de 5 estrellas","Vengo de una Nespresso U muy cansado del dineral que te dejas en capsulas, había leído que si los materiales no son buenos, que si hace mucho ruido, que si se mueve mucho..... me dio mucho que pensar, pero me decidí y el cambio ha sido espectacular, mas contento no puedo estar, el café que da esta maquina es espectacular! la crema que te da, es espectacular, ya le gustaría a la Nespresso, para los 67€ que he pagado por ella, los materiales son buenos, el sonido es normal, son 20 BARES! igual que la Nespresso, la limpieza es super sencilla, tiene vaporizador, puedes calentar leche hacer capuchinos, infusiones , te, por ese precio.... que mas podemos pedir? lo tiene todo! si quieres mejor calidad compra una superautomatica de 500 o 600€ y encima te vienen con 15 bares, es ridículo!
Lo peor de todo es: No haberla comprado antes!",Jc Tech,Revisado en España el 1 de septiembre de 2018
Edito revisión....,"3,0 de 5 estrellas","Estoy encantada. Hace un café muy rico. Sobre las vibraciones, si esta suficientemente caliente, no vibra más que otras, ni hace mas ruido que otras.
Calienta muy rápido, pero yo siempre me espero un poquito más ( la enciendo para que caliente, y por ejemplo me ducho, y luego hago el café y no vibra casi nada)
No me pierde agua por ningún lado, y a quien le pase, una de dos,o salió defectuosa o usan agua de grifo muy dura y se acaba atascando. Yo con cafetera siempre agua de botella y la última que tuve duró 15 años ( aún funciona pero empezaba a hacer tonterias de anciana)
La compré con un ofertón y como he dicho, encantadísima. Calidad precio inmejorable.
Muy recomendable

Edito: A los 8 meses de uso, con un mantenimiento adecuado y habitual, usándolo 1 o 2 veces al día, el vaporizador dejo de funcionar y al día siguiente a echar agua por todas partes. Lo he mandado al servicio técnico, que con Amazon tienes esa garantía, pero estoy bastante desilusionada...No me fié de los comentarios...",Cliente,Revisado en España el 14 de julio de 2018
Buenas impresiones.,"5,0 de 5 estrellas","Es la segunda cafetera expresso que compramos así que no somos grandes entendidos ni de estas máquinas ni del buen café, pero sin duda para un consumidor medio bastará, es muy muy bonita, me ha sorprendido tanto la construcción como los acabados, elegantes y sólidos, poco plástico y el que tiene no se siente barato, además el indicador de presión analógico le da un toque retro muy chulo, es fácil de entender aunque su manual lo explica bastante bien todo, tiene dos medidas de filtro, para dos cafés (o uno largo) o para un café corto, tiene una capacidad de casi 2L y es bastante sólida a la hora de usarla, vibra, como todas las de este rango supongo, pero no tanto como esperaba, no se mueve del sitio ni le vibran piezas ni nada por el estilo, fácil de limpiar y no es necesario sacarle el depósito para llenarlo ya que se abre por arriba.

Como dice su manual, es aconsejable hacerle un ciclo entero de un depósito para que se limpien los conductos, al principio parecerá que no tira pero es que tiene que pasar toda el agua por los diferentes conductos y puede tardar un poco en expulsar el aire, aconsejo hacerle la mitad del depósito en modo ''café'' y la otra en modo café pero girando la rueda lateral para que salga por el vaporizador (en modo café saldrá agua no vapor) para que se limpien ambos conductos.

El primer café ya salió bueno, nada de amargor ni cosas raras, con su espumita, aunque usé el filtro pequeño y me pasé llenando el vaso pero con menos tiempo hace más espuma.

El vaporizador no lo he probado todavía, la tengo desde hace muy poco, como puntos negativos le pongo que cuando enciendes el vaporizador desde el botón nada te indica ''que está pulsado'' sólo que el botón está hacia adentro, que dado su tamaño y color es difícil verlo, aunque al tacto se nota, así que si se pulsa por accidente nada visual te dirá que está encendido, así que si alguna vez no os sale café mirad que no esté pulsado! también echo en falta que los filtros no tengan una ranura de seguridad para que no se caigan del portafiltro, es curioso porque el portafiltro sí la tiene, pero los filtros no, así que cuidado con darle la vuelta al portafiltro con el filtro puesto porque se caerá, la anterior cafetera que tuvimos si tenía este detalle y a menos que giraras el filtro en una posición concreta, no salía.

Algo a lo que no le he encontrado todavía uso es a un pequeño pitorrito que tiene en la bandeja donde se ponen los vasos o tazas, cuando quitas la parte metálica tiene una pieza que se puede subir, en las instrucciones indica que es un ''sujeta vasos'' y aparece asomándose por la placa metálica, pero no sé si es que mi unidad está dañada o cual es el funcionamiento de esa pieza y por qué se puede levantar en altura (y no se queda fijada) por lo que he visto en fotos de otros usuarios todos la tienen igual, hacia adentro.

Editaré más adelante después de darle más uso a ver si le encuentro más cosas pero por ahora cumple bien.",Carla,Revisado en España el 26 de mayo de 2021
"Si te gusta el café de verdad, NO es tu cafetera","2,0 de 5 estrellas","Me encanta el café, el café de verdad, el auténtico café espresso 10/30. Utilizo café de alta calidad y la molienda exacta para máquina espresso que hago yo mismo con mi molinillo. Realizo el prensado como se debe hacer en función de mi gusto, es decir, un café con cuerpo.
Dicho todo lo anterior, quiero mostrar con ello que sé perfectamente cómo funciona una máquina de estas características.
Tomé el riesgo de comprar esta máquina a sabiendas de que había comentarios de todo tipo. Me llamaba mucho la atención los 20 bares de presión e incluso me topé en YouTube con algún vídeo que destacaba su café buenísimo y de alta calidad para el precio irrisorio que tiene (55/60€).
Mi opinión, el café sale demasiado aguado. Sí que es cierto que al prensarlo más consigues que salga más fuerte pero sigue sin cuerpo y aguado completamente al paladar (probé los dos filtros) . He probado con varios tipos de café y molienda y el resultado sigue siendo el mismo. Aguado. La espuma es más o menos correcta pero no sirve de nada si luego el café (que es lo que realmente importa) está aguado.
No entro a comentar lo de la vibracion, pérdida de agua al calentar, ruido, etc... Ya se ha comentado mucho en los comentarios pero creo que por ese precio todavía tiene pocos defectos, así que en este sentido esto no me ha afectado en absoluto en mi decisión final.
Yo me ciño estrictamente a lo que es el café propiamente dicho y su análisis cualitativo. Para mi gusto, el mejor café que he conseguido sacar con ella es de un 4/5 sobre 10. Insuficiente para decidir quedarme con ella. La he devuelto.
Lo dicho, si de verdad te gusta el café y disfrutar de su sabor y aroma, ESTA CAFETERA NO ES LA TUYA.
Si por el contrario, no das tanta importancia al gusto del café, es una opción a tener en cuenta pero que sepas que la calidad es bastante mala de la máquina (el precio lo dice todo, claro).
A mí es que no me ha gustado ni para hacer café con leche... Me reitero, aguado aguado.
Espero haber ayudado a indecisos.
Saludos! 🙂🙂",Jordi G,Revisado en España el 25 de septiembre de 2018
De las mejores,"5,0 de 5 estrellas","El café que hace es excelente!! y el problema del ruido lo he solucionado poniendo en la base unos tacos de silicona de los que se usan para apoyar los cristales de las mesas.
Soy usuaria de este tipo de cafeteras desde hace tiempo y esta es sin duda alguna la mejor. La recomiendo 100%",Cliente Amazon,Revisado en España el 23 de agosto de 2018
Mejor cafetera por su precio...Si tienes suerte de que que no te salga defectuosa.,"1,0 de 5 estrellas","Play Video
Voy a hacer dos partes:

-Una es una review de la cafetera en sí objetiva.
-Otra es mi experiencia personal sobre ésta. (te recomiendo que leas esto último porque debes tenerlo en cuenta)

-REVIEW:

La cafetera es muy buena por el precio que tiene unos 60-70€, ya que muchísimas otras cafeteras ofrecen exactamente lo mismo o peor por el doble de precio. Tiene 20 bares, depósito de agua extraíble de 1,5 litros, el cuerpo es plasticoso pero tiene buena calidad, las partes metálicas que suelen estar en contacto con líquidos son de acero inoxidable y la bandejita es extraíble, lo que hace que la limpieza de la cafetera no sea engorrosa. También viene con su mango, una cucharita con prensador incluído muy práctico.

Hace un café bueno, con su espumita y más o menos contundente. Para una persona que le guste el café sin llegar a ser un experto en café le va a ir bien. El mango viene con dos medidas: Dos cafés espreso (se queda un poco corto pero está bien) o un café espreso. La cafetera tarda unos 2 minutos en calentarse de cero y hay que estar vigilando cuánto café lleva en la taza porque la cafetera no para automáticamente y te puede quedar el café aguado. Simplemente ver que ya tienes el café justo y que lo que cae no es aguado y fin.

Lo que dicen todas las reviews de que la cafetera se mueve mucho es verdad. Tiembla como una condenada, pero es algo normal en todas las cafeteras caseras que van por bomba a este rango de precio. Yo lo que hice fue ponerle unos tacos de goma a modo de patas y amortiguar las vibraciones de la cafetera y todo fue bien.

El vaporizador funciona con el mismo mecanismo que la cafetera así que no puedes hacer ambas cosas a la vez. O haces el café o haces la leche. RECOMIENDO hacer primero el café, cambias a modo vaporizador, dejas que se caliente otra vez el agua, y calientas la leche. Es un engorro pero repito, por el irrisorio precio esto queda como anecdótico.

Dice que además del modo vapor tiene el modo agua caliente, yo nunca lo pude accionar. Creo que es un fallo normal de esta cafetera.

EN RESUMEN: la cafetera hace su función y aunque se siente plasticosa, es bonita, no muy grande y muy barata.

-ahora viene mi EXPERIENCIA PERSONAL:

No soy un profesional barista pero sí he trabajado con cafeteras y sé cómo hay que tratarlas, limpiarlas etc. Con esto quiero decir que no soy un burro que dice que la cafetera hace cafés amargos y luego resulta que no le ha hecho ni una limpieza de filtros en 5 meses.

Después de estar mirando marcas, modelos tipos de cafetera, concluimos que la que mejor calidad/precio tenía era esta Cecotec power expresso 20 (más barato eran cafeteras de filtro y bastante más caras eran otras cafeteras espresso del mismo estilo y parecida calidad). Encima teníamos un cheque descuento de amazon y se nos quedó en 55€, mejor imposible.

Mi experiencia al principio fue buena, hice todo lo que decía el manual (hacer una limpieza inicial, hacer periódicamente limpiezas de tuberías, limpiar los cazos, los filtros y purgar el vaporizador siempre, etc..) y la cacetera fue bien.

Al cabo de un mes de uso totalmente normal (dos cafés diarios de media) se fastidió el vaporizador... lo había leído en otras reviews y me preocupé de no mover mucho el cacharro porque parece endeble. Pues aún así se rompió, dejó de echar vapor a presión.
Pedí a Amazon un reemplazo y sin rechistar me enviaron casi que al día siguiente una cafetera nueva ¡¡y yo ni había enviado la cafetera estropeada!! en esto Amazon un 10!

Bueno, pues aquí viene lo peor. Saco la cafetera nueva, la enchufo y me preparo para hacele la puesta a punto inicial que recomienda el manual, pues resulta que ahora la cafetera nueva perdía agua por debajo...vamos, que la bomba de agua estaba rota de fábrica! NI SIQUIERA UN CAFÉ PUDO HACERME. Vamos, que como la saqué, la volví a embalar y esta vez no es un reemplazo, sino una devolución.

La cafetera es buena sinceramente, pero la calidad del producto es NEFASTA. No recomiendo su compra a nadie a no ser que la quiera de usar y tirar, porque, sinceramente si tienes suerte de que te dure un par de meses, te puedes comprar 2 o 3 por el precio de una Delonghi que parece que tiene fallos parecidos...

Así que nada...me he quedado sin cafetera y sin el cheque regalo que usé. Por suerte espero la devolución del dinero.

Y recomiendo que si queréis una cafetera en casa que os gastéis la pasta 500€ o más para una cafetera buena de verdad, o que sigáis con las de filtro/italianas de toda la vida.",Gus,Revisado en España el 21 de octubre de 2018
Casi perfecta,"5,0 de 5 estrellas","Me encanta 💖 😍 💕 ♥️ ❤️ 💜 💖 😍 💕 ♥️ ❤️
El café es excelente (recomiendo café Delta)
El segundo ya salió bueno.
Purgue primero la máquina para eliminar residuos y olores. ESTO SE TRATA DE QUE PASE TODA EL AGUA DEL DEPÓSITO Y SALGA POR EL BRAZO DE CAFÉ ANTES. Luego cargué el café ☕️ 😏 sin sobrecargar, es decir si es una taza una cucharada.y si son dos, dos. Prensé ligeramente y cuando la tecla de encendido para café dejó de parpadear , pulse el de café. El primero desechado, pero el 2 estaba bueno 👍 🤷
Fácil y rápidamente tienes la magia hecha 😅
El único problema es el brazo. Hay que cogerle el truquillo de la posición en que lo entras para saber si está bien 👍 o tienes que hacerlo de nuevo. Como no tiene el peso del mamotreto del bar hay que sujetarla cuando lo enganchas y lo desenganchas. Salvo por eso,cuestión de práctica.",Olivieta,Revisado en España el 9 de julio de 2024
"""Cecotec: Excelencia en Espresso y Cappuccino con 20 Bares de Presión y Diseño Premium""","5,0 de 5 estrellas","La cafetera express para espresso y cappuccino de Cecotec se presenta como un testimonio de la excelencia y la innovación en el mundo del café. Con una impresionante presión de 20 bares y una potencia de 850 W, esta máquina promete transformar tu experiencia cafetera, llevándola a nuevos niveles de perfección.

Diseñada para cautivar no solo por su funcionalidad sino también por su estética, la cafetera cuenta con elegantes acabados en acero inoxidable, un material que garantiza durabilidad y facilidad de limpieza, además de aportar un toque de sofisticación a cualquier espacio de cocina. Su depósito de agua es suficientemente amplio para preparar varias tazas de café sin necesidad de rellenarlo constantemente, lo cual la convierte en una opción ideal tanto para el uso individual como para atender a invitados.

El corazón de esta máquina es su capacidad para extraer espressos con una crema rica y aromática, gracias a la alta presión de su bomba. Esta característica, combinada con la temperatura precisa de extracción, asegura que cada taza preserve el aroma y el cuerpo característicos de los mejores cafés del mundo. Además, el vaporizador integrado te permite emulsionar la leche a la perfección, creando una espuma suave y sedosa para esos cappuccinos, lattes y otras bebidas a base de leche que tanto nos encantan.

La interfaz de la cafetera es intuitiva, haciendo que su uso sea accesible tanto para aficionados como para baristas experimentados. La limpieza y el mantenimiento también son puntos fuertes, ya que ha sido diseñada pensando en la comodidad del usuario, con componentes fácilmente desmontables.

En resumen, la cafetera express de Cecotec es una inversión en calidad, diseño y funcionalidad. Es perfecta para aquellos que no solo buscan una máquina de café, sino una experiencia completa que eleve cada momento de su ritual de café a un acto de puro placer y sofisticación. Con esta máquina, Cecotec reafirma su compromiso con la innovación y la satisfacción del amante del café, prometiendo convertir cada hogar en el escenario de una experiencia cafetera sin precedentes.",Punky Bruster,Revisado en España el 23 de marzo de 2024
Cumple su función.,"4,0 de 5 estrellas","Pues de pues de 1 año de uso diario, sigue funcionando,saca buen café, sigue manteniendo la presión aunque a veces gotea debido a presión acumulada. Otra pega es el poco espacio entre la base y porta que solo caben vasos pequeños. Pero por 79 euros que costo creo que sigue dando buena función con una media de 2-3 café diarios.",José b.,Revisado en España el 31 de julio de 2024
Buen café,"4,0 de 5 estrellas","De momento bien, cumple su función. Buen café bonito y barato. Ahora bien soy incapaz de regular la cantidad de café simple o doble! Si alguien sabe como hacerlo que deje algún comentario pf",JRMA,Revisado en España el 6 de agosto de 2024
Los primeros meses perfecto!!,"4,0 de 5 estrellas",Después de meses empieza a perder presión supongo que será o temperatura pero la cuestión es que no sale igual el café ☕.,Manu,Revisado en España el 5 de agosto de 2024
Calidad-precio,"5,0 de 5 estrellas",Tenía hasta ahora una cafetera de cápsulas que llegó a su fin. Después de leer muchas reseñas y dudar me decidí po este modelo y estoy encantada. En casa tomamos bastante café y la calidad del café es estupenda. Evidente depende del café que compres pero saca un café rico t espumoso que nada tiene que envidiar a la del bar. Además reduces residuos y sale muchísimo más económico comprar un buen café molido que las cápsulas.,ITZIAR MARTINEZ,Revisado en España el 1 de agosto de 2024
Bien,"4,0 de 5 estrellas","Podría ser más ruidosa, pero por el precio que tiene genial, muy buen café.",patricia,Revisado en España el 7 de agosto de 2024
Cumple su función calidad precio.,"4,0 de 5 estrellas","La máquina funciona realmente bien.
La única pega es que el cargador de café que pones para hacer café, a la hora de quitarlo puede engancharse en el agarre de la máquina.
Pero sale fácil, al menos hasta ahora solo es un problema pequeño, que no afecta negativamente.
La volvería a comprar.",Francisco S.,Revisado en España el 10 de julio de 2024
La primera espresso (valoración tras tres años),"3,0 de 5 estrellas","Saludos.

Tras poco más de tres años de uso diario, hoy es el día que me despido de esta cafetera. Considero interesante compartir mi experiencia tras todo este tiempo, ya que salvo excepciones en las que un producto llega mal, al principio el funcionamiento suele ser correcto, pero ¿Cómo es a la larga?

Su uso es muy sencillo, al igual que la limpieza. La calidad del café depende tanto de la cafetera como del café que se empleé y su molienda, pero comparando con otras cafeteras de su rango de precios, el café es decente (aunque con otras he conseguido mejores resultados). Como primera cafetera no está mal, al principio funcionaba bien, pero tras unos meses y llevando al día el mantenimiento especificado...

1. Visita al servicio técnico en periodo de garantía (empezó a tirar agua a todas direcciones fuera del brazo/cacito y el espumador en ocasiones se quedaba sin fuerza). En este aspecto, no hubo problema con la gestión de la garantía y tampoco se demoró demasiado (un par de semanas creo recordar).

2. Con el tiempo se ha repetido el problema del espumador.

3. La presión ha ido bajando con el paso del tiempo, lo que se traduce en un café con espuma escasa (en comparación al principio u otras cafeteras, empleando el mismo grano de café).

4. Desde hace meses, tras terminar de servir un café continúa saliendo agua. Esto es algo que me ha molestado especialmente por el desperdicio (perfectamente podías llenar otra tacita, aunque de café aguado).

Comentar que nunca he usado agua del grifo, siempre mineral y por seguridad descalcificando de forma regular. Otro detalle a tener el cuenta es la limpieza y en ocasiones sustitución de los cacitos, los dos que vienen (medida de uno o dos cafés) presentan un agujerito de salida en su base, por lo que pueden retener con el paso del tiempo residuo en su interior.

¿La recomendaría? Tal vez para un uso más ocasional. Al final es una cafetera económica y tres años de uso intenso pondría a prueba a cualquier cafetera de este precio. Como iniciación, regalo o si se quiere probar la experiencia antes que comprar una mucho más cara, es buena opción. No obstante, deja guardada la italiana por lo que pueda pasar.

Un saludo!",Antonio,Revisado en España el 30 de enero de 2024
Buena,"4,0 de 5 estrellas",Las piezas te tienen que manjdar pará una arandela del calienta café. Toda la pieza.... Lo demas muy bien,Ana M.,Revisado en España el 31 de julio de 2024
Precio un poco carao,"4,0 de 5 estrellas","No esta mal, pero el precio",Ivan,Revisado en España el 9 de agosto de 2024
Buen cafe,"4,0 de 5 estrellas","Me acaba de llegar,buen cafe",soledad,Revisado en España el 9 de agosto de 2024
De las mas económicas tipo express,"4,0 de 5 estrellas","Llevo solo un par de días con esta cafetera así que es posible que sea prematura la opinión, actualizo si hubiera cambios significativos.
Lo que mas me ha gustado es el precio para una cafetera express de 20 bares de presión , cualquier marca son mas caras y yo ando ajustado de presupuesto así que...
A lo que vamos sobre si hace buen café:
Si, se puede, pero tienes que comprar café del bueno y molerlo tú en el instante y comprar un filtro,(o sea el cacito donde se echa el café) que no sea presurizado sino sin fondo.
Todo eso es si eres delicado y te gusta el café de primera.
Si lo que te gusta es pillarte en el super café de oferta molido pues también va, eso si, tendrás un café normalito un poquito espumoso que podrás aumentarlo con el tubito del vapor para la leche, eso si me ha gustado, además corta y no gotea el tubito.
Es manual, o sea, tú cortas el chorrito, hay otro modelo automático que pero vale unos 20 pavos más.
El depósito de agua me gusta creo que es de 1,6 litros y lo puedes llenar sin sacarlo de la máquina por una tapa superior, es translúcido y se ve el interior.
La potencia de energía son 850 W, lo cual tarda un poco más en estar lista para echar el café que otras de mas de 1000 W, pero vamos....no tiene mucha importancia eso para mi, entre dos o tres minutos para prepararse está bien.
El diseño no está mal, no es como las retro con detalles de madera, cromados y manómetro de presión, pero tampoco son necesarios para su función.
Tiene partes de plástico externas que abaratan el producto ,pero creo que los componentes internos son de la misma calidad que otros modelos superiores.
Ahora solo falta saber su rendimiento y durabilidad, espero que sea razonable, aunque todos sabemos que las cosas no son eternas.",JORGE,Revisado en España el 21 de septiembre de 2023
Bastante bien,"4,0 de 5 estrellas",Por ponerle un defecto es que PESA MUY POCO.,JlCargal,Revisado en España el 1 de agosto de 2024
Perfecto,"5,0 de 5 estrellas","Es una buena compra, siempre puedes confiar en esta marca de referencia en el sector. Y si lo compras de oferta como yo aún mejor. Hace su función perfectamente, y el café está bien de sabor.
Seguiré esperando a que esté a buen precio para hacer otro pedido.
Recomiendo hace unas cuantas cafeteras antes de beber el primer café para que se limpien los circuitos.",Cliente Amazon,Revisado en España el 26 de julio de 2024
calidad precio muy buena,"4,0 de 5 estrellas","Calidad precio muy buena, anteriormente compre una de otra marca exactamente casi identica por el doble de precio, de echo parecian hermanas en todos los materiales pero esta me da mejor rendimiento , menos ruido y menos precio.",yumasik,Revisado en España el 7 de julio de 2024
UN CAFÉ 😋!,"5,0 de 5 estrellas","La compré para mi marido ( por su cumpleaños) yo no soy cafetera y con las de toda la vida me tomaba un café en el desayuno! 🤦 probé esta cafetera y parece el café de los bares.
Así que ahora tomo café ha diario nunca pensé que este tipo de cafetera podían hacer el café tan bueno.
LA RECOMIENDO 👌 AL 100% ❤",Luna,Revisado en España el 15 de julio de 2024
Buena cafetera,"4,0 de 5 estrellas",Cumple su función. Muy buen café,Cliente Amazon,Revisado en España el 28 de julio de 2024
Después de uno días de uso,"4,0 de 5 estrellas","Me he esperado unos días antes de escribir una opinión.
Las instrucciones són poco claras, he tenido que tirar de opiniones y reseñas de amazon para ver como funcionaba el vaporizador de leche o que echara agua caliente.
He estado a punto de devolverla pensando que no funcionaba el vaporizador.
Para vapor hay que darle al botón específico, se enciende una luz roja y luego darle a la rueda laterla, pero para que de agua caliente, es el mismo paso, dar al botón de vapor pero luego apretar el boton de café y saldrá agua caliente.
Me ha gustado que si vas con prisas y despistado, (yo a las 6 de la mañana) la luz azul indica que estás en modo cafetera, y la luz roja en modo vapor o agua caliente.
Los primeros usos de cafetera, al sacar el filtro del café, éste estaba lleno de agua, y al vaciar el filtro acababa manchano algo, pero al final me he dado cuenta que el motivo es que ponía poco café molido, lo estaba echando a ojo en lugar de utilizar la cuchara dosificadora, no sabia que eso podia repecutir en que los posos me salieran chorreando.
Al pricipio el cafe era un asco, pero tirando de videos de youtube, compré cafe marcilla creme exprés y poniendo el café con la cuchara dosificadora y esperando un par de minutos antes de darle al botón de café, para que éste se fuera calentando, me sale un café con crema que alucinas.
Con el tema leche, el vaporizador me hacia demasiada espuma y calentaba poco, así que caliento la leche en el micro y cuando está caliente, le doy con el vaporizador para hacer una buena espuma.
Vamos, que dudaba entre una cafetera super automatica que vale 3 veces mas o ésta y he acertado de lleno.
Me ahorro una pasta en cápsulas y lo mejor que sale un café bueno, que a mi la cafetera convencional o de goteo no me gusta nada, me parecia un agua negra con gusto quemado.
Otro punto a favor es que la bandeja que recoge las gotas que caen, se saca fácilmente para limpiar, i tambien va bien sacarla si quieres poner una taza grande para hacer el café, sinó no cabe.
Le doy un 9, y no un 10, si no fuera que he tenido que tirar de google y youtube para acabar haciendo un café bueno.
Estaria bien que la boquila del vaporizador, en lugar de moverse solo laterlamente, pudiera moverse hacia arriba.",Maria Jose Cañadas Bujan,Revisado en España el 10 de diciembre de 2022
Cafe para cafeteros,"4,0 de 5 estrellas",Esta bien tal como lo describen.,Andreea,Revisado en España el 24 de julio de 2024
Excelente cafetera (Barista Maestro),"5,0 de 5 estrellas","Conocí esta marca hace poco tiempo y la verdad es que me tiene muy gratamente sorprendido por su relación calidad/precio en todos los productos que he comprado de esta marca. Al hacer poco tiempo que tengo estos productos, no puedo decir nada sobre la durabilidad pero baste decir que los materiales son más que aceptables siendo conscientes de los precios y en la cafetera dan una garantía de diez años lo cual es bastante aclarador.
Yendo al detalle de la cafetera, decir que he adquirido la Barista Maestro dadas las características que presenta (veinte bares de presión, dos thermoblock independientes, acero como material principal, etc.) y su precio que no puede ser más competitivo.
Bien, primero decir que me gusta el café cuanto más denso y corto, mejor. Soy cliente asiduo en una cafetería de Palma de estas de toda la vida en la que hacen un café que es algo fuera de lo común y ya sé que para obtener un café de ese nivel, además de buen café y saberlo hacer, se necesita una máquina que sea realmente profesional con lo que ello supone en el precio. Pues bien, habiendo seguido bien las instrucciones que vienen con la cafetera y entendiendo que hay que darle un cierto rodaje y aprender los ajustes para el gusto de cada uno, puedo decir que esta máquina hace un café espectacular. No voy a decir que llegue al cuerpo que obtengo en la cafetería profesional a la que suelo ir pero es que realmente no lo echo en falta en absoluto con el café que me ofrece esta cafetera. Deja un café sedoso, aterciopelado y con un sabor y aroma que nada tiene que envidiar a una cafetería.
Vengo de otra cafetera súper automática bastante más cara y de marca mucho más conocida y puedo decir que esta cafetera cuenta con unos materiales mucho mejores y el café que da, que es lo que al final cuenta, también es infinitamente mejor.
Si con el paso del tiempo puedo comprobar que la cafetera sigue en buen estado (hay que cuidarla, también) y dando este café, entonces ya será un “10” redondo.
Bien por Cecotec.",Jaime J. M. Terrasa,Revisado en España el 11 de noviembre de 2023
No lo volvería a comprar,"3,0 de 5 estrellas","La pega? En menos de un mes se empiezan a borrar los dibujos de los botones, asique ya puedes tener memoria para acordarte que era cada uno. Y que no soy capaz a saber utilizar correctamente lo del vapor. Primero sale un chorro de agua que lo pone todo perdido asique tengo que poner un trapo para no saloicarlo todo (y no quemarme), y eso, cuando he conseguido que salga vapor. Solución? Por mi parte, podría haber costado menos y que no viniera con el vapor, las infusiones no sabría utilizarlas ahí, y la leche la caliento antes en el microondas, con ella templada, echo el café. Otro fallo tremendo, entiendo que en el bar te pongan estas tazas de mentira por las que pagas 1'30€ por dos sorbos de café, yo en mi casa uso una taza tipica de Ikea tamaño normal, esas que son verde claro, azul marino o blancas. No entra la taza, por tanto he quitado la parte de abajo de la cafetera donde reposa el agua, para poder meter mi taza de tamaño completamente normal. Asique constantemente limpiando con el trapo después de cada uso, cuando ya deja de gotear agua. Realmente uso la mitad de la cafetera....",Elena,Revisado en España el 26 de junio de 2024
Buen producto,"5,0 de 5 estrellas","He estado mirando un montón de cafeteras ya que soy una amante del café y esta ha sido la mejor compra muy buena, lo recomiendo si queréis tener vuestra cafetera de bar sin gastar mucho, comprar un buen café molerlo y a disfrutar de ello.
Te ahorras mucho dinero",Rachida,Revisado en España el 29 de julio de 2024
Me esperaba un cafe de mejor calidad,"4,0 de 5 estrellas",No hace bien o no me sale… la espuma de la leche. Me sale aguada,MJRoico,Revisado en España el 12 de julio de 2024
Cafetera,"4,0 de 5 estrellas",Está bien,Carmen,Revisado en España el 18 de julio de 2024
Funcionalidad perfecta,"4,0 de 5 estrellas","Después de pasar por la experiencia de poseer otras cafeteras y lidiar con el gasto exorbitante en cápsulas, decidí explorar opciones alternativas. Me topé con ciertos comentarios sobre posibles problemas, como la calidad de los materiales, el ruido excesivo y la inestabilidad de algunas máquinas. Aunque dudaba al principio, finalmente me aventuré y debo decir que el cambio ha sido asombroso.

La cafetera que elegí, por un precio bastante razonable de 70€, ha superado todas mis expectativas. El café que produce es simplemente espectacular, con una crema que fácilmente rivaliza con la de las máquinas Nespresso de gama alta. A diferencia de mi antigua Nespresso U, los materiales de esta máquina son de calidad, el sonido es perfectamente normal y cuenta con 20 bares de presión, igualando la oferta de Nespresso.

La facilidad de limpieza es destacable, y además, cuenta con un vaporizador que amplía las posibilidades, permitiéndome disfrutar de capuchinos, infusiones, té y más, todo por un precio bastante asequible. En retrospectiva, lamento no haber tomado esta decisión antes. La relación calidad-precio de esta cafetera es impresionante, y ahora me doy cuenta de que hay opciones muy viables por un precio mucho más razonable que las superautomáticas de gama alta que, sinceramente, parecen ofrecer características excesivas por un precio exorbitante. ¡Una compra que definitivamente valió la pena y que recomendaría sin dudar!",Alexandre,Revisado en España el 26 de diciembre de 2023
Buena cafetera,"4,0 de 5 estrellas","Está muy bien los cafés que saca para el precio que tiene, recomendable, lo único malo es el ruido que hace al cargar el agua. Por eso no le doy 5 estrellas",Luis S.,Revisado en España el 19 de junio de 2024
Funciona bien,"4,0 de 5 estrellas","Me gusta la calidad, pero es muy simple respecto a lo que esperaba, de cualquier forma está bien",M.,Revisado en España el 28 de junio de 2024
Supr bien,"4,0 de 5 estrellas",Todo perfecto y muy bueno el café gracias,Cami,Revisado en España el 7 de julio de 2024
Una cafetera barata que hace el mejor café que he probado.,"5,0 de 5 estrellas","Tenía una cafetera de 400 euros que la verdad es que no me daba más que problemas, y para colmo el café no estaba bueno. He probado suerte con esta y una maravilla, el café está riquísimo, eso sí, es muy fuerte, así que recomiendo hacer el sencillo. La única pega que le veo es que tarda un poco en calentar, pero lo demás contentísima.",anezka,Revisado en España el 11 de julio de 2024
Me gusta,"4,0 de 5 estrellas",Todo bien,"No trajo las pegatinas , ni instrucciones de armado. Donde puedo reclamar para que nos hagan llegar las pegatinas... porque se ve miy simpl el cochecito sin ellas",Revisado en España el 8 de julio de 2024
De momento funciona,"4,0 de 5 estrellas","De momento va bien, café espumoso y rico",M. SANTAMARIA,Revisado en España el 1 de julio de 2024
Fácil de usar !!,"4,0 de 5 estrellas",Con un buen café express un resultado excelente y un gran complemento con el vaporizador/espumador.,Excelente calidad y muy fácil de usar.,Revisado en España el 23 de junio de 2024
Funciona bien como esperaba.,"4,0 de 5 estrellas","Funciona bien, hace un. Café muy bueno, la espumadera cumple su función a duras penas. Materiales de poca calidad en algunas zonas como la rueda para el vapor. De momento contento. Pero por precio no se puede pedir mucho más.",Chema,Revisado en España el 29 de mayo de 2024
Esta bien,"4,0 de 5 estrellas","Compre antes otra cafetera misma marca pero no era automatica, era manual y si no la parabas y te distraes el cafe por los suelos..

Y me compre esta es igual que la que tenia que me ha durado unos tres años,

Me gusta como hace el cafe el diseño es muy bonita , facil de usar tiene para un cafe, para dos, o manual que no para de salir cafe .

Lo que no me ha gustado esque vengaan con el embalaje de la propia marca y la caja rota, la primera que compre se la tubieron que llevar porque venia totalmente la caja rota, la segunda venia tb la caja un poco mal pero aceptable, tenian que tener mas cuidado en enviar las cosas bien embaladas porque son cosas muy delicadasa",Belen,Revisado en España el 29 de marzo de 2024
Buen precio y buena calidad,"4,0 de 5 estrellas",Solo le falta que tenga temporizador.,Juan Reixats,Revisado en España el 28 de junio de 2024
Buen precio,"4,0 de 5 estrellas","Me parece que tiene muy buen precio, y el cafe que hace esta bastante bien. Obviamente no comparable con otras que cuestan mas de 100 eur.
La pega que le pongo es que es bastante lenta.",v s a,Revisado en España el 25 de mayo de 2024
Practica,"5,0 de 5 estrellas","Muy buena maquina, en mi caso se la regalamos a una persona mayor y nada complicada de utilizar, muy contenta",Ona,Revisado en España el 9 de agosto de 2024
Calidad precio fenomenal,"5,0 de 5 estrellas","La verdad es que no esperaba que fuese tan buena, la he probado con un café ☕ normalito para cafetera italiana y hace una crema que mueres como si de un bar se tratará, comprare un café de calidad para que sea el café perfecto sin duda muy recomendable por el precio que tiene.",Miguel Á.,Revisado en España el 4 de julio de 2024
Hace un café riquisimo,"5,0 de 5 estrellas","Yo soy una amante del café en concreto del capuccino y el latte macciato porque me encanta el café con espuma
Sale buenisimo el café, espuma muy bien, no tarda mucho en calentar el agua, tiene un depósito generoso. Por cierto yo utilizo el café candelas natural ecológico es el que más me gusta y me parece que queda mejor
Muy buena relación calidad-precio",Cristina,Revisado en España el 2 de julio de 2024
Una maravilla,"5,0 de 5 estrellas","Hace un café, nada que envidiar a la de los bares, lo hace exquisito, un Díez para mi cafetera",Antonio Serrano Marín,Revisado en España el 7 de agosto de 2024
Me encanta!,"5,0 de 5 estrellas","Fácil de usar, fácil de limpiar, instrucciones simples. 2 sugerencias: 1- que el depósito de agua sea de vidrio 2- que el depósito del café no tenga plásticos y sea todo de aluminio.",Amazon Customer,Revisado en España el 24 de julio de 2024
Muy buena calidad/precio,"5,0 de 5 estrellas","Tras casi un mes de uso, aunque aun tengo que pulir su utilización, puedo expresar ya mi opinión respecto a este modelo de cafetera. Empiezo por el diseño, francamente me gusta bastante, la cafetera es compacta y tiene un bonito recubrimiento de acero inoxidable, los componentes son de una calidad más que aceptable y el proceso de limpieza es muy sencillo y cómodo.

La bandeja calienta tazas, es anecdótica si mantienes la cafetera apagada hasta su uso, ya que solo alcanza una temperatura aceptable tras utilizarla varias veces. Si la mantienes encendida y enchufada permanentemente puede ser útil, pero no se hasta que punto es viable ya que la cafetera, por lo que he visto, tiene función de ahorro de energía y se apaga sola si permanece mucho tiempo sin utilizarse.

El barómetro, en la práctica del día a día no te va a servir para nada, salvo en el caso de que la máquina falle por motivos de presión, ya que vas a poder apreciarlo más fácilmente y saber que el problema puede ser de la bomba que no da la presión suficiente, y hasta aquí porque en realidad, como ya he dicho, a la hora de realizar un café diario no sirve para nada más que esto o como bonito elemento decorativo. No indica ni los bares a los que está funcionando la extracción, pero independientemente de esto, se agradece aunque también se paga, siendo este modelo algo más caro que el inferior que no lo incorpora.

En cuanto a lo importante, que es hacer café, he apreciado que el espumador, genera espuma con mucho aire, para hacer un café visual esta bien, pero no es auténtica crema de leche. Para hacer la crema he probado a obturar el orificio del vaporizador y con la jarra en ángulo de 45º y el resultado el resultado no es malo, aunque el día que escribo este análisis es el primero que lo intento y hay que cogerle el punto, es una de las cosas que tengo que pulir aún. El café, he visto que el grosor del molido y el prensado influye bastante en el resultado, es recomendable un café de molido fino y/o no prensarlo mucho ya que si el molido es normal y/o se prensa mucho, la cafetera no extrae regularmente y en lugar de un hilo continuo cae de forma muy irregular, lo que se nota en la generación de crema y en el sabor.

En resumen, en mi opinión, es una cafetera con unas excelentes prestaciones calidad/precio, que requiere algo de práctica para sacarle todo el partido.",Rubén,Revisado en España el 22 de febrero de 2021
Muy ruidosa,"4,0 de 5 estrellas","Todo muy bien excepto el ruido, le daría 5 estrellas sin dudar si no fuera por eso.",Baena,Revisado en España el 12 de junio de 2024
CAFELITO WAPO,"4,0 de 5 estrellas","Funciona perfectamente,si que es verdad que tengo que cogerle un poco el punto todavia para que me salga el cafe como el de los bares,pero esoy muy contento con ella,ahora el cafe lo tomo en casa.",Andres Masso,Revisado en España el 26 de mayo de 2024
Muy satisfecha con mi compra,"5,0 de 5 estrellas","Hace unos meses decidí dar el salto de usar cápsulas de café a comprar una excelente cafetera express y, tras mucho investigar, opté por esta Cafetera. Estoy muy satisfecha con mi compra. La Cafetera ha mejorado significativamente mi experiencia de tomar café en casa, permitiéndome disfrutar de una calidad de café similar a la de las cafeterías pero desde la comodidad de mi hogar. Si estás considerando hacer la transición de cápsulas a una máquina de café express, te recomiendo que le des una oportunidad a esta cafetera.",rogbl,Revisado en España el 12 de junio de 2024
Reacondicionado perfecto,"5,0 de 5 estrellas",Adquirí una cafetera a precio más bajo reacondicionada y funciona a la perfección. Enhorabuena al producto.,RGTERRER,Revisado en España el 6 de agosto de 2024
Va súper bien,"5,0 de 5 estrellas",Nobse como va muy bien el tema de la leche pero va súper bien todo,Buen producto de buena calidad lo único q el cargador vino prácticamente desarmado,Revisado en España el 3 de agosto de 2024
Gran producto,"5,0 de 5 estrellas","Es un buen producto y hace muy buen café, y el precio está muy bien",Juan Andrés,Revisado en España el 3 de agosto de 2024
Práctica y eficaz,"5,0 de 5 estrellas","Cómoda de utilizar y hace un café espreso muy rico, con muy poco café. En el primer uso hay que purgarla (como si fueras a hacer un café, pero abres el grifo del vapor hasta sacar medio vaso de agua). Cómo en todas, tienes que cogerle el punto entre cantidad de café y la presión en el cacillo.",Juan Nuñez-Cacho del Aguila,Revisado en España el 24 de junio de 2024
Buen cafe,"4,0 de 5 estrellas",Buen cafe a precio insuperable,Oscar Diez,Revisado en España el 20 de junio de 2024
Increíble calidad para el precio,"4,0 de 5 estrellas","Sale un café magnífico, y por el precio tiene muchísimas funciones, muy contenta",Sofia,Revisado en España el 9 de junio de 2024
Muy buena,"5,0 de 5 estrellas","Es la segunda cafetera cecotec que compro y muy contenta con ellas.
La primera fue igual qienesta pero el que nonse podía ver el nivel de presión.",Raquel,Revisado en España el 21 de julio de 2024
Fácil,"4,0 de 5 estrellas","La he probado 3 veces solo.
La maneja donde se pone el café molido va un poco duro, entiendo que del uso será más fácil de encajar.
La compré por lo sencilla que es de manejar.
Encendido/apagado, punto.",Maria,Revisado en España el 23 de mayo de 2024
Excelente cafetera,"4,0 de 5 estrellas","Una gran cafetera: práctica, elegante, hace un café excelente,nada que envidiar a la de las cafeterías.",Nani,Revisado en España el 2 de junio de 2024
Mejor cafetera por su precio...Si tienes suerte de que que no te salga defectuosa.,"1,0 de 5 estrellas","Voy a hacer dos partes:

-Una es una review de la cafetera en sí objetiva.
-Otra es mi experiencia personal sobre ésta. (te recomiendo que leas esto último porque debes tenerlo en cuenta)

-REVIEW:

La cafetera es muy buena por el precio que tiene unos 60-70€, ya que muchísimas otras cafeteras ofrecen exactamente lo mismo o peor por el doble de precio. Tiene 20 bares, depósito de agua extraíble de 1,5 litros, el cuerpo es plasticoso pero tiene buena calidad, las partes metálicas que suelen estar en contacto con líquidos son de acero inoxidable y la bandejita es extraíble, lo que hace que la limpieza de la cafetera no sea engorrosa. También viene con su mango, una cucharita con prensador incluído muy práctico.

Hace un café bueno, con su espumita y más o menos contundente. Para una persona que le guste el café sin llegar a ser un experto en café le va a ir bien. El mango viene con dos medidas: Dos cafés espreso (se queda un poco corto pero está bien) o un café espreso. La cafetera tarda unos 2 minutos en calentarse de cero y hay que estar vigilando cuánto café lleva en la taza porque la cafetera no para automáticamente y te puede quedar el café aguado. Simplemente ver que ya tienes el café justo y que lo que cae no es aguado y fin.

Lo que dicen todas las reviews de que la cafetera se mueve mucho es verdad. Tiembla como una condenada, pero es algo normal en todas las cafeteras caseras que van por bomba a este rango de precio. Yo lo que hice fue ponerle unos tacos de goma a modo de patas y amortiguar las vibraciones de la cafetera y todo fue bien.

El vaporizador funciona con el mismo mecanismo que la cafetera así que no puedes hacer ambas cosas a la vez. O haces el café o haces la leche. RECOMIENDO hacer primero el café, cambias a modo vaporizador, dejas que se caliente otra vez el agua, y calientas la leche. Es un engorro pero repito, por el irrisorio precio esto queda como anecdótico.

Dice que además del modo vapor tiene el modo agua caliente, yo nunca lo pude accionar. Creo que es un fallo normal de esta cafetera.

EN RESUMEN: la cafetera hace su función y aunque se siente plasticosa, es bonita, no muy grande y muy barata.

-ahora viene mi EXPERIENCIA PERSONAL:

No soy un profesional barista pero sí he trabajado con cafeteras y sé cómo hay que tratarlas, limpiarlas etc. Con esto quiero decir que no soy un burro que dice que la cafetera hace cafés amargos y luego resulta que no le ha hecho ni una limpieza de filtros en 5 meses.

Después de estar mirando marcas, modelos tipos de cafetera, concluimos que la que mejor calidad/precio tenía era esta Cecotec power expresso 20 (más barato eran cafeteras de filtro y bastante más caras eran otras cafeteras espresso del mismo estilo y parecida calidad). Encima teníamos un cheque descuento de amazon y se nos quedó en 55€, mejor imposible.

Mi experiencia al principio fue buena, hice todo lo que decía el manual (hacer una limpieza inicial, hacer periódicamente limpiezas de tuberías, limpiar los cazos, los filtros y purgar el vaporizador siempre, etc..) y la cacetera fue bien.

Al cabo de un mes de uso totalmente normal (dos cafés diarios de media) se fastidió el vaporizador... lo había leído en otras reviews y me preocupé de no mover mucho el cacharro porque parece endeble. Pues aún así se rompió, dejó de echar vapor a presión.
Pedí a Amazon un reemplazo y sin rechistar me enviaron casi que al día siguiente una cafetera nueva ¡¡y yo ni había enviado la cafetera estropeada!! en esto Amazon un 10!

Bueno, pues aquí viene lo peor. Saco la cafetera nueva, la enchufo y me preparo para hacele la puesta a punto inicial que recomienda el manual, pues resulta que ahora la cafetera nueva perdía agua por debajo...vamos, que la bomba de agua estaba rota de fábrica! NI SIQUIERA UN CAFÉ PUDO HACERME. Vamos, que como la saqué, la volví a embalar y esta vez no es un reemplazo, sino una devolución.

La cafetera es buena sinceramente, pero la calidad del producto es NEFASTA. No recomiendo su compra a nadie a no ser que la quiera de usar y tirar, porque, sinceramente si tienes suerte de que te dure un par de meses, te puedes comprar 2 o 3 por el precio de una Delonghi que parece que tiene fallos parecidos...

Así que nada...me he quedado sin cafetera y sin el cheque regalo que usé. Por suerte espero la devolución del dinero.

Y recomiendo que si queréis una cafetera en casa que os gastéis la pasta 500€ o más para una cafetera buena de verdad, o que sigáis con las de filtro/italianas de toda la vida.",Gus,Revisado en España el 21 de octubre de 2018
"Muy mala experiencia con CECOTEC, unos impresentables","1,0 de 5 estrellas","Escribo esta reseña negativa debido a que soy incapaz de obtener una respuesta adecuada del servicio técnico de CECOTEC y doy por perdido su coste. No hemos tenido esta cafetera más de 10 días funcionando en la oficina. Un día empezó a perder agua, y desde Julio de 2023 lo único que hemos hecho ha sido enviarla de ida y vuelta al servicio técnico. La cafetera cada vez venía en peor estado, y una de las veces incluso sin las piezas accesorias. Se lo comentamos multitud de veces vía chat al servicio técnico (3 horas para responder cada vez) y en vez de enviar una nueva en sustitución a la vista de lo que estaba ocurriendo nos dicen que eso lo valora el servicio técnico y que consideran que eso no es procedente, con lo cual seguimos en una espiral surrealista de envío y recogida del producto. He contado más de 6 veces, y ya he perdido la cuenta. Y mientras tanto, pues estamos sin cafetera, ya que no ha funcionado correctamente de ninguna de las veces.

No quería escribir esta reseña, no es mi costumbre escribir reseñas, y menos negativas pero me veo obligado de alguna manera a poner sobre aviso a los potenciales compradores de este producto.

He dado, con fecha de hoy y después de 8 meses de idas y venidas del producto, mi dinero por perdido por que me niego a seguir embalando y desembalando la cafetera. He aprendido la lección con CECOTEC. Si esto puede ayudar a alguien, pues por lo menos que no estafen a más gente.",Jesús,Revisado en España el 22 de marzo de 2024
Super decepcionada,"1,0 de 5 estrellas","Recibí mi cafetera con toda la ilusión del mundo.
Estéticamente es bonita, pequeñita e ideal para cocinas con poco espacio.

Tras leer detenidamente las instrucciones y hacer la limpieza inicial tal y como indican en el manual, hice mi primer café.

El café sale riquísimo, con un montón de crema y eso que uso un café básico de Mercadona.
El espumador calienta la leche y le hace mucha crema. La verdad que una maravilla, pero....

A la hora o así, voy a ir a hacer otro café y la encimera estaba totalmente llena de agua... el depósito debe no sellar bien con la base y se sale el agua que te quede en el depósito.

Leí las instrucciones por si el fallo era mío, pero en ninguna parte dice que no debe quedar agua en el depósito trasero.

Lo quito, seco todo y lo vuelvo a colocar asegurándome de haberlo colocado bien.
A la mañana siguiente, todo otra vez lleno de agua.

Menudo bajón.

Me meto en Amazon en las opiniones y busco las opiniones de una estrella y para mí sorpresa, el problema de pérdida de agua es algo recurrente y habitual, entre otros muchos fallos que se repiten entre opiniones de distintos compradores.

He pedido el reemplazo, pero sinceramente me da miedo de que la nueva venga peor que está.

No sé si quedarme con esta y acostumbrarme a quitar el depósito tras cada uso, cosa que no debería ser así, pero que quizá alargarse la vida de la cafetera.

Desde luego, por lo que he leído, no dura más de dos años y el servicio técnico de cecotec es nefasto.

Lo barato sale caro y creo que tendré que renunciar a volver a comprar esta cafetera si la segunda también sale mal....

Muy decepcionada, porque estaba tan contenta de tener una cafetera así...",Natalia,Revisado en España el 9 de septiembre de 2023
"Gotea, rayada y lleva cal","1,0 de 5 estrellas","Es la cuarta unidad de cafetera Cecotec que devuelvo. Pedí una unidad reacondicionado en estado ""como nuevo"" que, en teoría estaba en perfecto estado, con embalaje original y el embalaje pudiera tener algún daño. Llega una cafetera sin embalaje original, el manual empapado, la bandeja llena de arañazos muy grandes, muchas marcas de uso y rozaduras en los cazos y llena de cal, echa polvo blanco por donde sale el agua para el café, además la cafetera se queda goteando continuamente después de preparar el café. Evidentemente no es un artículo ""como nuevo"" sino muy usado y en muy mal estado y con mal funcionamiento. Otras he tenido que devolver también porque directamente no funcionaba y otra me mandaron un modelo diferente al que pedí mucho más antiguo.",Xabiman,Revisado en España el 28 de junio de 2024
Una decepción,"1,0 de 5 estrellas","Me he comprado esta cafetera porque con otro modelo de CECOTEC había tenido problemas y quería darle una segunda oportunidad a la marca, pero ha sido una completa decepción. Al recibirla ya vi que no funcionaba, tardaba hasta 15 minutos en calentar para hacer el cafe, cuando se supone que tiene potencia suficiente para calentar en poco tiempo. Al ponerme en contacto con Amazon me dijeron que tenía que descalificarla, concretamente echándole un chorro de vinagre al tanque de agua, con este método funcionó al encenderla, pero al cambiar de modo tardaba otros 15 minutos. Finalmente me he decidido a devolverla, siendo este el segundo fracaso con CECOTEC, lo que me hace plantearme si realmente merece la pena esta marca, ya que es barata pero no funciona.
PD: comentar que aunque no se si es fallo de máquina o realmente es así, el ruido que hace al servir un café es exagerado, por la mañana no sabrás si despejas por el café o por el ruido que desprende la máquina.",Alba,Revisado en España el 13 de junio de 2024
Una y no más Cecotec,"1,0 de 5 estrellas","Compramos esta cafetera buscando una máquina que hiciera un buen café expreso, huyendo de las cafeteras con cápsulas. La máquina ha funcionado correctamente el primer mes, empezó a gotear y a tener problemas en la botonera, concretamente cuando se encendía, a veces funcionaba otras después de 10 minutos no había manera. Como estaba en garantía del fabricante, nos pusimos en contacto con ellos para arreglarla. Después de unas semanas nos la enviaron supuestamente arreglada, nos dicen que el problema estaba en no descalcificarla y que por eso goteaba, no nos dijeron nada de la botonera. Al abrir la caja y ponerla en funcionamiento seguía con el mismo problema de que no encendía. Nos volvemos a poner en contacto con Cecotec y nos dicen que la devolvamos de nuevo porque efectivamente hubo un fallo con el envío y no miraron la botonera, hacemos el mismo proceso y vuelve a pasar lo mismo. La tercera vez que nos ponemos en contacto con ellos nos dicen que debemos pagar la reparación porque ya se han gestionado dos reparaciones del producto y que la botonera se ha estropeado debido a un mal uso del producto por parte de nosotros. En resumen, por mas que encendíamos la cafetera no funcionaba, tiramos a la basura los 80€ que nos costó la cafetera, porque en menos de 2 meses Cecotec no nos dio solución. Desde entonces no hemos vuelto a comprar nada de la marca.",Rafael L,Revisado en España el 20 de noviembre de 2023
Decepción,"1,0 de 5 estrellas","Me llamó la atención desde el principio, y cuando comencé a utilizarla me gustó. He tenido dos. La primera era nueva, a los dos meses dejó de funcionar el espumador, la devolví y pedí otra igual, tenía esperanzas por cómo hacía el café, me gustaba. La segunda claramente era (mal) reparada, se veían fallos desde su primer uso, poca presión de agua, piezas repintadas que no cuadraban, el colmo, al tercer café dejó de funcionar el espumador. Devolución y pérdida de confianza en este tipo de cafeteras. Se que es barata, pero se lo podrían haber currado un poco más, que durará un año al menos.
Una lastima porque me gustaba el café con leche que se hace, pero...",José,Revisado en España el 5 de junio de 2024
Cafetera defectuosa,"1,0 de 5 estrellas",Compré está cafetera en diciembre2023.ya no empezamos bien pues no funcionaba correctamente. El servicio técnico la reviso y solo dijo k había k descalcificar .cuando perdía agua no hacía bien café y .mi negación a kedatmela llame a cecotec yvolvieron a revisarla y cambiaron el mango pues no estaba correcto.pero sigue sin hacer buen café .Amazon no a hecho caso a i queja . Tengo familia con la moda cafetera y con dos dedos de crema.utilizo buen café y agua embotellada .ruego argumentos por no cambiarla por otra,Alba Nieto Heredia,Revisado en España el 15 de julio de 2024
De muy mala calidad,"1,0 de 5 estrellas","Decepción Garantizada

¡No la recomiendo! Mi experiencia con esta Cecotec ha sido desastrosa.
Menos de dos años después de comprarla, he tenido que tirarla a la basura. La cafetera comenzó a fallar al poco tiempo: perdía presión, el café salía frío y aguado, y el vaporizador dejó de funcionar por completo.

La calidad de los materiales me pareció deficiente. El plástico del mango de la torre se rajó con rápidamente.

Peor aún, el servicio técnico de Cecotec fue ineficaz. Tras varios intentos de reparación, me comunicaron que la cafetera no tenía arreglo y que no podían ofrecerme un reembolso.

En resumen, si estás buscando una cafetera express que te dure y funcione correctamente, te recomiendo que busques en otra parte. Esta Cecotec es una pésima inversión.",Pedro Alonso,Revisado en España el 23 de abril de 2024
NO FUNCIONA - y no vienen a recoger la máquina!!,"1,0 de 5 estrellas","Hola,
La cafetera ha llegado y no funciona. Pero además, he hecho el proceso para hacer la devolución y que vengan a recogerla en el domicilio y hace días que estoy esperando.
Necesito que vengan a recogerla cuanto antes, y hagan el abono. la máquina está aquí esperando a que la recogen y van pasando los días.
Pueden venir a recoger la máquina????
gracias.
M. Angeles Uclés",M Angels,Revisado en España el 6 de agosto de 2024
SE DAÑO SEGUNDA REPARACION,"1,0 de 5 estrellas","llego a finales de nov del 23 y en medio año ya se daño y empezo a salir agua por los laterales, la mandamos a garantia a que la repararan y no duro ni un mes que ya se estropeo de nuevo.
ahora es dificil contactar con soporte tecnico por que en el espacio del producto no me da la opsion y no se como contactar.",Edward,Revisado en España el 8 de julio de 2024
Se ha roto en 24 horas,"1,0 de 5 estrellas","Al cabo de media hora de hacer un café, de la nada se ha puesto en marcha sola, me ha puesto la cocina fina, al volver a enchufarla no para de tirar agua por la salida del café y no reacciona a que le des al botón para pararla.
He solicitado el reemplazo, a ver si tengo mas suerte, podría haber causado un destrozo en mi cocina.",Abraham,Revisado en España el 12 de julio de 2024
Pierde presion por perdida de agua,"1,0 de 5 estrellas","A pasado un año y se a roto por falta de presion por perder agua por la zona del vapor para espumar la leche,no recomiendo comprar este producto ya que a tres amigos mios les paso tambien, no solo a mi, se nota que no pasa controles de calidad eficientes y todas fallan de lo mismo, no vuelvo a comprar ningun producto de su marca",Zeta,Revisado en España el 25 de julio de 2024
"No comprar , la peor cafetera utilizada","1,0 de 5 estrellas","Compré una y la devolví inmediatamente porque la temperatura del agua 65 grados cuando tendría que se 90 o más sale templado , me enviaron otra , no funciona , y a principio salía con fuerza con grano de café 3, pero después se queda sin fuerza y no sale subí la molienda hasta 12 puntos y sale pero un café malo además de temperatura fría .
No cumple con la ficha técnica en lo más importante temperatura de agua más de 90 y presión , para poder obtener un buen café , la he devuelto y solicito devolución para comprar otra que no sea de esta marca , he tenido otras cafetera y me he visto engañado con los comentarios que he leído y elegir pero un gran error . NO COMPRES ESTE MODELO",Joaquin Villegas González,Revisado en España el 12 de febrero de 2024
Tarubitos integrales,"1,0 de 5 estrellas",Vamos a ver sí que está de acuerdo que las instrucciones lo ponen lleva un taponcito de silicona rojo en la válvula del agua pero si viene todo supere embalado eso viene cerrado con herméticamente y la vas a echar agua y no hace falta sacarlo aunque se pueda sacar para qué c*** pones en la válvula roja que casi me cargó la máquina,Pedro devesa,Revisado en España el 19 de julio de 2024
"CAFE FRIO ,RUIDO","1,0 de 5 estrellas","Compre la cafetera por las buenas opiones , pero la verdad es que el resultado en general es malo .
El cafe sale templado casi frio , podrias esperar a calentar un buen rato pero entonces tambien se apaga automaticamente , asi que hay que calentarlo con el vapor que por cierto tambien tarda un monton .
Hace un ruido infernal , parece que tuviera un molinillo pero No .
Perdia el agua por detras en el deposito , eso lo arreglaron bastante rapido en Cecotec pero me vuelve a pasar otra vez .
el cafe no sale bueno del todo , he usado algunas marcas italianas buenas y no acaba de notarse .
me decepciono y aunque funciona y es casi nueva , la voy a cambiar",PEDRO LUIS BARBA LUJAN,Revisado en España el 13 de marzo de 2024
Perdida de agua y servicio post venta deficiente,"1,0 de 5 estrellas",Compre esta cafertera hace 2 años y pierde agua al poco tiempo. Como sacaba el cafe lo fui dejando. Hasta ahora que ya sale todo el cafe. Como esta en garantia contacto con Cecotec. La media para arreglar la cafetera son 2 meses y encima tengo que asumir los gastos de envío que son de 25 euros. La mitad del importe de la cafetera o bien comprar otra cafetera con descuento que vale lo mismo que la que tenia. Genial no?,Saessito,Revisado en España el 9 de junio de 2024
"SI ESTAS DISPUESTO A TIRAR EL DINERO , ES LA MEJOR OPCIÓN","1,0 de 5 estrellas","Malasima calidad, hace dos años compré una y empezó a dar fallo me la cambiaron eso sí por una nueva, la mandaron el 6 de junio y créame solo ha durado un mes.
La marca es malísima y la atención al cliente de cecotec pésima. Vergüenza le tenían que dar. Aún estoy esperando a que me resuelvan el problema",Cris,Revisado en España el 12 de julio de 2024
Mala calidad,"1,0 de 5 estrellas",Muchas cafeteras devueltas y reacondicionadas y muchas a la venta de segunda mano..hace sospechar de la calidad de la máquina..la compré de Amazon segunda mano y me vino con la bomba que no funcionaba y la rueda del vapor encajada por dentro que no se podía utilizar..la he devuelto y no pienso comprar más de esta marca..,Istefaniaz,Revisado en España el 5 de agosto de 2024
Un desastre,"1,0 de 5 estrellas","Lo cortes no quita a lo valiente. Hace un café estupendo. Pero me la tuvieron q reemplazar nada más comprarla pq soltaba mucha agua. Y me trajeron otra. Al poco tiempo el mismo problema. Se la llevaron para arreglarla, q me tocó ir a correos cargando con ella y, cuando me la devolvieron, me trajeron una q no era la mía (los botones estaban desgastados del uso y la mia era nueva). Volví a poner j a reclamación y no me hicieron ni caso. Ayer llevé la cafetera a un punto limpio pq empezó a chorrear café por el compartimento por donde se echa. Vamos, un despropósito. Y el servicio de atención al cliente de cecotec deja mucho de desear",Beatriz,Revisado en España el 23 de febrero de 2024
Pésimo producto,"1,0 de 5 estrellas","Lo compré para un regalo y en menos de un mes de uso, no hace café, no calienta el agua, sale el agua sin calentar. Y no le devuelven el dinero. Cecotec da largas pidiendo cada vez más datos y Amazon dice que lo intentará reparar. No recomiendo en absoluto la compra. Es mí opinión",Cami Jim lo,Revisado en España el 10 de julio de 2024
No cumplió mis espectativas,"1,0 de 5 estrellas","No me quedé con ella porque vi que para hacer dos cafés se quedaba muy corta. Salía muy poca cantidad en comparación con la tradicional cafetera italiana. Tampoco fui incapaz de configurarla , si es que se podía, para que echara más cantidad de café. Además sde veía que por un orificio salía más cantidad que
por el otro.
En fin , creo que lo que yo queria se quedaba muy corto por el precio que costaba. Seguramente tendria que buscar un modelo muy superior para lo que yo necesito.",Cliente Amazon,Revisado en España el 16 de mayo de 2024
NO LA COMPREN,"1,0 de 5 estrellas","Ha durado exactamente tres meses. La compramos el 1 de septiembre de 2023 y el 3 de diciembre de este mismo año ha dejado de funcionar. Obviamente, no la recomiendo para nada.

Tardaron un día en arreglarla y 20 en devolvérmela y el 29 de febrero de 2024, dos meses después de la primera reparación, volvió a estropearse. Volví a llamar al servicio técnico para que la recogiesen (al parecer sólo hay en Valencia), y si el desastre fue grande la primera vez, la segunda fue inconmensurable. Tardaron varias semanas en recogerla, no me llegaba el correo de recepción del aparato. Llamé en varias ocasiones y estaba perdido. Una semana después de habérsela llevado vinieron de nuevo a recogerla (obviamente, no había nada que recoger). La atención al cliente fue nefasta y hasta hace tres días no me han confirmado que les ga llegado y que me la mandarían de vuelta tras una nueva reparación. Llevo más de un mes sin cafetera.

¿Recomiendo CECOTEC? ABSOLUTAMENTE NO",Mary Bu,Revisado en España el 4 de diciembre de 2023
BASURA,"1,0 de 5 estrellas","Basura ABSOLUTA.
Desde el primer día problemas múltiples:
1. El depósito de agua perdía agua constantemente
2. La manilla para la leche dejó de funcionar a pesar de limpiarla y mantenerla.
3. Finalmente, ha empezado a ""sangrar"" por todas las ranuras el agua en vez de salir por el agujero hacia el café.

En definitiva, 11 meses de uso y procedo a DEVOLVERLA.",Autista,Revisado en España el 24 de mayo de 2024
No ha durado ni seis meses. Pésimo el servicio de asistencia técnica.,"1,0 de 5 estrellas","Pues bien… utilizada únicamente para el café de las mañanas… de un día para otro el café se derrama por los lados del brazo. Aparentemente el brazo engarza y se acopla bien, pero una vez que la accionamos, salta el por todos lados. Intentaremos gestionar la devolución con la marca.

AMPLIO…

Después de remitirla al servicio de asistencia técnica, en su caja original, limpia y con sus accesorios, la hemos recibido en estado lamentable, sucia, con marcas de dedos de haberla estado manipulando, con la rosca de vapor bloqueada y con arañazos evidentes de haberla estado apoyando boca abajo, etc… una vergüenza de servicio post-venta… no volveré a caer en un producto CECOTEC",FRANCISCO JOSE BLANCO RODRIGUEZ,Revisado en España el 10 de febrero de 2024
Fatal,"1,0 de 5 estrellas",Quería dejar este comentario para que el vendedor revise sus productos antes de venderlos ya que algunos salen defectuosos por ejemplo esta cafetera la compré para un regalo y me salió fatal ya que no funciona lo de calentar la leche y pierde agua por las juntas traseras donde echan el agua 😣 fatal fatal estoi mui decepcionada 😞,Luisa,Revisado en España el 9 de junio de 2024
Penoso,"1,0 de 5 estrellas",El producto a llegado defectuoso i en mal estado... i voi a devolverlo i ahora tienes que hacer todo el lío para tener que enviarlo de vuelta... si la culpa a sido de ellos. I el producto incluso no funciona... encima... tienes que pasar por todo en proceso. Descargarte la etiqueta i devolverlo... es muy complicado para mi...,Avelina,Revisado en España el 10 de junio de 2024
DECEPCIÓN ME HAN ENVIADO UN DEVOLUCIÓN Que les pasa?,"1,0 de 5 estrellas","Primero tardo 15 DIAS en llegar aún comprada con prime, cuando llegó, llegó tal cual en su caja sin otra de protección ni nada así no más, pues la caja llegó toda golpeada, sucia horrible, llena de polvo e hirviendo, tuvimos que esperar una hora que se enfriara porque de verdad es que la caja y la cafetera estaba hirviendo, supongo que la habría dejado al sol muchísimo tiempo no lo sé,adentro todo estaba como si ya la hubiesen usado, en cuanto a la cafetera: la devolví, en el video la estoy limpiando solo con agua, pero se puede ver el sonido que hace, es muy molesto, luego cuando pones el café si te descuidas un minuto y no te das cuenta ya solo tira agua en el café, la boquilla donde debe salir el vapor es muy pequeña e incómoda para poder hacer el trabajo, además que sale agua a presión lo que fastidia la leche en si, para colocar el aparato o la cuchara de café es bastante incómodo, ya que debe quedar en la marca pero claro, allí te ves tu meneando la cafetera para todos lados, para que se quede justo en la marca, o sea que no es cómoda. Un fiasco totalmente la verdad no la recomiendo y me molesta mucho después de todo el tiempo que tardó en venir",UNICAROSARIO,Revisado en España el 13 de julio de 2023
Dejo de funcionar,"1,0 de 5 estrellas",Dejo de echar agua en menos de un año por lo que la envie al servicio tecnico y me la enviaron funcionando pero a las dos semanas vuelve a dejar de echar agua. No la recomiendo pues no tiene casi nada de fuerza y hacer un solo cafe es un suplicio. No volveria a comprarla,Cliente Amazon,Revisado en España el 27 de junio de 2024
Mala,"1,0 de 5 estrellas","No la recomiendo no sé si a alguien más le a pasado que pierde agua, aparte que cuando empezabas a preparar el café la máquina sonaba súper fuerte y desde que empezaba a transportar el agua desde su compartimiento hasta el vaso tardaba a lo mejor 10 minutos con un sonido muy fuerte.","Producto recomendable, cumple su función.",Revisado en España el 31 de mayo de 2024
Mala calidad,"1,0 de 5 estrellas","La compramos aprovechando una oferta, pero el producto es bastante peor que la anterior cafetera Saeco que teníamos. Pero esta marca ha desparecido y claramente no debimos considerar nunca Cecotec como una opción.",Víctor,Revisado en España el 12 de julio de 2024
NEFASTO,"1,0 de 5 estrellas","Lo compramos. Se le salía el agua, y lo ponía todo perdido. La arreglaron y a los dos días estamos en la misma situación. Ahora no conseguimos ni contactar con ellos.",Cliente Amazon,Revisado en España el 8 de julio de 2024
Tarda muchísimo,"1,0 de 5 estrellas",El diseño es muy bonito y aparente pero tarda muchísimo en hacer un café. La tuvimos que devolver por eso. Además el hervidor de leche no hace la espuma esperada.,Álvaro,Revisado en España el 31 de julio de 2024
Mal mal muy Mal,"1,0 de 5 estrellas","He tenido que comprar dos para que las dos sean iguales.

La primera la he pillado porque el manometro no subia nada, no hacia presion en la camara por lo que hacer espumar la leche era imposible.

Pille la segunda y ha sido exactamente igual solo que esta vez el manometro subio un poco y al apagar la produccion de cafe baja a 0, la presion ahora es un poco mejor pero no suficiente para espumar la leche.

Me he puesto en contacto con el servicio al cliente de Cecotec y me han dicho que es mejor que las devuelva porque estos problemas son comunes en estas cafeteras.

Algo que tengo claro es que mas nunca comprare Cecotec, vale la pena poner un poco mas de dinero y asi no perdeis el tiempo comprando estas cafeteras que no valen para nada.",Miguel,Revisado en España el 8 de septiembre de 2023
Decepcionada!,"1,0 de 5 estrellas","Pedí la cafetera nueva (había opción de comprarla de segunda mano). La he sacado de ma caja y tiene claras evidencias que de ha sido utilizada! Lo del vapor blanco de cal y el recipiente dónde se pone el agua también. Si pago por una nueva, quiero una nueva. Además no para de gotear aún que esté apagada. La voy a devolver.",Jeanette Olmedo,Revisado en España el 22 de abril de 2024
Me vino mal,"1,0 de 5 estrellas","Ayer la probé x primera vez y se le salía el agua x debajo
Hoy me he puesto en contacto con Amazon desde la aplicación y mñn me la viene a buscar Seur,luego Amazon me traerá otra,
Lo mejor sin coste alguno",BARBIE,Revisado en España el 11 de junio de 2024
Ni 30 cafés ha durado,"1,0 de 5 estrellas","Funcionaba correctamente hasta que un día dejó de salir el café caliente y no funciona un botón. En su web no dan ningún soporte, gracias a Dios que Amazon es intermediario y me ofrece una devolución. Una y no más Cecotec",Yago,Revisado en España el 27 de junio de 2024
Calambre de la cafetera,"1,0 de 5 estrellas","Hola buenas tardes, ayer me llegó la cafetera, está mañana estando la máquina parada, solo estando enchufada a la electricidad, al poner el mango del café me dio un calambrazo, contacto con ustedes para ver qué solución podemos poner, gracias.",Luisa Romero Diaz,Revisado en España el 15 de junio de 2024
Solo pude hacer 2 café,"1,0 de 5 estrellas","La maquina no funciona bien , se obtura muy fácil, uso la marca de café de siempre pero con esta maquina no va, si con otras que he tenido , si gustas de un expresso de calidad no te recomiendo este producto, tienes que hacer una molienda gruesa para que no se obture y pierdes calidad y sabor",Silvio,Revisado en España el 18 de mayo de 2024
Pensaba mejor,"1,0 de 5 estrellas","El servicio de entrega fue nefasto. El repartidor se equivocó de dirección y dieron la culpa a mí por no tener actualizado el perfil, cosa que era mentira ya que los pedidos anteriores me llegaron correctamente.
Por culpa del repartidor la entrega se retrasó de 5 días.
El customer service de Amazon peor aún, ya que no solucionó nada, y encima me dieron a mí los contactos del repartidor para que resolviera el problema por mi mismo.
El customer service del repartidor aún peor, ya que me leyeron la respuesta que tenían que darme.

En cuanto al producto pensaba que era mejor. Tarda mucho en calentar el agua cuando la enciendes.
El mango no siempre cierra bien.
El café sale medio frio",gianma84,Revisado en España el 15 de noviembre de 2023
Por cada café necesita más o menos 1 litro de agua.,"1,0 de 5 estrellas","Lo dicho en el titulo, la cafetera una vez empieza a hacer café solo hace que soltar agua, más o menos un litro de agua, llegando a llenar un vaso de 400ml por la mitad. Café aguado, sin sabor y con muchos posos, eso en España es agua sucia y por el precio que tienen estas cafeteras no merece la pena comprarla ni para sujetar la puerta cuando estás subiendo los mandados a casa.

Después de casi 2 semanas en ""reparación"", llevamos 4 días utilizándola y para nuestra sorpresa ahora el agua la suelta por la parte inferior.",Cliente Amazon,Revisado en España el 17 de enero de 2024
Pierde agua y servicio Postventa muy deficiente,"1,0 de 5 estrellas","La cafetera tiene menos de 3 meses y empezó a perder agua por el depósito. Recurro a Amazon y estos me mandan las pegatinas para enviar la cafetera a revisar a Cecotec. A los 2 días me la mandan de vuelta porque está reparada…
Descripción de la reparación: no sale café….
Sigue perdiendo agua por el depósito. FATAL",daniel,Revisado en España el 16 de mayo de 2024
El café sale malisimo,"1,0 de 5 estrellas","El café malísimo, si quieres un expreso puede estar bien, si lo quieres más largo no hay manera de alargar el tiempo, y le tienes que dar a los botones de dos a tres veces, con lo cual el café te sale malisimo aguado y un sabor horrible",María José,Revisado en España el 3 de mayo de 2024
Un año y poco y rota,"1,0 de 5 estrellas",Compre esta cafetera hace algo más de un año y ya no funciona...espero que me lo solucionen pero poca fiabilidad tengo también una freidora aire de la misma marca y espero que me lo solucionen,Sergio,Revisado en España el 16 de junio de 2024
Estropeada en solo 4 meses,"1,0 de 5 estrellas","Llevo desde octubre con está cafetera y al principio todo genial, estaba bastante contenta. Empezó a fallar el vaporizador pero como no pasaba siempre, no le di importancia.

Ahora directamente es que no puedes ni prepararte un café porque no sale NADA.

Edito: El servicio técnico me ha ""reparado la cafetera""
Me la han vuelto a enviar y seguía haciendo exactamente lo mismo: NADA. No sale café y las luces parpadean constantemente.
Eso sí, Amazon excelente con su servicio técnico me ha tramitado la devolución del producto.",Cliente Amazon,Revisado en España el 11 de febrero de 2024
servicio técnico,"1,0 de 5 estrellas","se me estropeo y esta un mes en el servicio técnico, y hasta la fecha no se nada",ramon,Revisado en España el 11 de julio de 2024
"NO COMPRAR, no funciona.","1,0 de 5 estrellas","Compre la cafetera, al mes el vaporizador dejo de funcionar. Me mandaron otra cafetera y en un mes vuelve a dejar de funcionar. La he usado dos veces.",ibai,Revisado en España el 10 de junio de 2024
"Muy mala, decepcionante","1,0 de 5 estrellas","Se estropeó en unos meses, la tuvimos que llevar al Servicio técnico y la teparación fué mala, vol vemos a tener la estripada. No recomiendo para nada gastar dinero en està cafetera.",Toni,Revisado en España el 30 de mayo de 2024
2 veces en el SAT,"1,0 de 5 estrellas","Si no se estropeara cada 4 meses, sería espectacular. Es muy tentadora porque es baratísima en comparación con el resto y, siendo honestos, cuando funciona bien, el café sale bueno. Yo calentaba la leche aparte y sólo usaba el vapor para sacar las burbujas de la leche porque, oh, sorpresa, se recalentaba mogollón y a veces pensaba que iba a explotar, pero bueno, he pasado una mala racha personal y esto último tampoco me iba mal del todo. La he enviado dos veces al servicio técnico y estoy seguro de que la enviaré una tercera porque no la cambian, sólo la reparan (mal). Cuando me quede sin garantía me quedaré sin cafetera.",cristhian,Revisado en España el 10 de noviembre de 2023
Producto peligroso. Peligro de explosión,"1,0 de 5 estrellas","Play Video
Esta cafetera que compré en Marzo de 2022, el pasado agosto (2022) reventó el cristal (creo que es plástico) del manómetro. Estaba preparándome un café, cuando oí que el ruido que hace cambió de repente...entonces cuando me acerqué a observar de cerca qué es lo que pasaba, me explotó en toda la cara el cristal del manómetro. Afortunadamente llevo gafas y estas me protegieron del trozo de plástico que saltó (que se puede ver pegado en la segunda fotografía.)
Inmediatamente me puse en contacto con el servicio de garantía a través de Amazon , y ellos me instaron a enviar el equipo por correo al servicio técnico. Aproximadamente dos semanas después me han enviado el equipo ""reparado"". Como se puede observar en la foto 3º y 4º, y en el vídeo la reparación es una verdadera chapuza. No solo han devuelto el equipo estéticamente roto, sino que además se sale por todas partes (lo podréis comprobar en el video). Supongo que quien lo ha reparado no la ha probado siquiera.
Así que desde estas lineas, animo a cualquier persona que esté pensando en comprarse una cafetera de este tipo que no se deje engañar por los precios ni por las valoraciones de esta marca. Si tienes la suerte de que no se te averíe nunca, estarás de suerte, pero si tienes cualquier incidencia como yo, te arriesgas a que te hagan estas chapuzas de reparaciones.",Manuel Jesus,Revisado en España el 6 de septiembre de 2022
una basura,"1,0 de 5 estrellas","tiene una terminacion vergonzosa, es de un plastico de tercera calidad, materiales malisimos !!",Li & Arivan S.L.,Revisado en España el 28 de julio de 2024
Fue bonito mientras duro,"1,0 de 5 estrellas","Cafetera no muy cara y que hace un café aceptable, aunque me ha durado un año, con lo cual no la puedo recomendar a nadie",juan c.,Revisado en España el 4 de julio de 2024
Gotea muchísimo mientras se calienta,"1,0 de 5 estrellas","A ver me gusta como sale el café y la textura que coge (aunque la marca del café influya claro) me gusta que para su precio pues calienta rápido dentro de lo que cabe.... PERO siempre hay un pero no? Jajaja me ha decepcionado muchísimo el que derroche tanta cantidad de agua mientras la cafetera coge temperatura, no me agrada que tengas que esperar tanto entre que coja la temperatura para el café y luego también para calentar la leche por ejemplo y lo que menos me ha gustado es el mango que trae para echar el café y ponerlo en la cafetera porque coge como óxido o unas manchas extrañas y no se pueden quitar luego y la verdad no se hasta que punto es aconsejable obtener esta cafetera sobre todo por lo del mango.",Sergio & isi,Revisado en España el 22 de agosto de 2023
que no funciona,"1,0 de 5 estrellas","Compre esta cafetera porque he tenido una igual durante 3 años y todo bien hasta que dejo de funcionar .La que he recibido no funciona el vaporizador ni el boton de vapor ,solicite la devolucion por otra ,pero s la ha debido quedar el repartidor ,ya que nunca la recibi.
Hoy me han hecho rembolso pero esa no es la solucion yo quria mi cafetera nueva ya que llevo 10 dias desyunando en un bar ,asi que estoy descontenta con el producto.",PATRICIA COHEN BRIOSO,Revisado en España el 11 de febrero de 2024
Café aguado,"1,0 de 5 estrellas","La cafetera es muy estética, muele bien y los accesorios son de buena calidad. Se ve robusta y bien acabada.
El café después de un mes sigue decepcionado me, he probado distintas opciones pero sigue saliendo aguado y sin cuerpo.",Ssra,Revisado en España el 1 de mayo de 2024
No merece la pena,"1,0 de 5 estrellas","A los 2 meses de comprar la cafetera tuve que devolverla y comprar otra porque el vaporizador dejó de funcionar, y solo lo había usado una vez.
Como se puede ver en el vídeo la fuga de agua es constante mediante goteo. Esto ocurre desde que se empieza a calentar el agua hasta pasado un par de minutos de hacer el café. Me pasó tanto con la primera como con la segunda cafetera.
Seguro que por el precio que tiene puedes conseguir otra de otra marca que no pierda agua",Pablo M.,Revisado en España el 29 de noviembre de 2023
SIN PRESIÓN. CAFÉ SIN CREMA Y AGUADO,"1,0 de 5 estrellas","Llevo 2 días con la cafetera. Después de la limpieza inicial, el café sale muy despacio y sólo sale por uno de los agujeros del portafiltros. Salle Aguado y sin crema. Muy baja calidad de la cafetera. Es la segunda que devuelvo en pocos días. Empiezo a desconfiar de los productos enviados por Amazon. Dudo que sean productos nuevos. Vuelvo a reemplazar por otra cafetera a ver si tengo más suerte. A la tercera va la vencida, dicen",yo,Revisado en España el 27 de enero de 2024
Cecotec es lo peor.,"1,0 de 5 estrellas",Seguí sus instrucciones de limpieza al milímetro y la cafetera se quemó por dentro. Empezó a salir humo blanco del interior. Buenos cafés pero en cuanto se limpia adiós cafetera. Y la espumadera se taponó pronto e imposible limpiar.,FRANCISCO H.,Revisado en España el 23 de abril de 2024
En dos meses muchos problemas,"1,0 de 5 estrellas","LLevo dos meses con la máquina y hace el cafe aguado, muy bonito por fuera, pero no vale para hacer un buen café, de hecho ahora empieza a dar fallos, justos 3 meses después de su compra.",Alvaro,Revisado en España el 7 de mayo de 2024
Recuperar mi dinero,"1,0 de 5 estrellas","Compré está cafetera en abril y en septiembre empezó a perder agua por una junta ,me puse en contacto con Amazon y me derivaron a cecotec ,me mandaron un transportista y se llevaron la cafetera al cabo de 2 meses tras muchas reclamaciones me mandaron la cafetera como si hubiera caído de un 5 piso más rota que cuando yo la mandé me puse en contacto con atención al cliente poniendo una reclamación y en un mes todavía sigo sin respuesta ,espero que alguien se haga responsable porque de lo contrario me veré obligada a denunciar",vicenta fuentes,Revisado en España el 20 de diciembre de 2023
Ni tres años ha durado,"1,0 de 5 estrellas","Al principio parece una maravilla, pero no. Miraros una Moka. Al año se nos rompió el filtro del cacillo pero justo ahora que ha hecho tres años ha dejado de funcionar y encima se ha quedado cortocircuitada.
De la airfryer de esta marca ni hablemos, duró dos y sin recambios según ellos.
No repito más.",Mr. Fimia,Revisado en España el 12 de abril de 2024
Golpeado,"1,0 de 5 estrellas",Viene golpeado y el embellecedor doblado. Solicitaré la devolución.,Carlos,Revisado en España el 19 de julio de 2024
Es un timo,"1,0 de 5 estrellas","Esta empresa es una auténtica timadora. Compré esta cafetera en marzo de 2021 sin pestar atención a las reseñas y a los 8 o 9 meses se averió el Termoblock, la mandé a reparar al SAT y hace cosa de mes y medio ha vuelto a fallar por lo mismo. Llamo al SAT explicándoles el caso, me recogen la máquina y ahora me dicen que como está fuera de garantía debo abonar 33€ si quiero que me reparen la máquina. La empresa tiene conocimiento de que este modelo de máquina ha salido defectuosa y aún así las sigue vendiendo y se niega a repáramela. Debieron haberme abonado el importe de la misma la primera vez. No la compréis!",Iris r.,Revisado en España el 26 de septiembre de 2023
Tiene un golpe,"1,0 de 5 estrellas",Como devolver el producto,Tiene un golpe,Revisado en España el 24 de julio de 2024
no sieve y no hace bien su función,"1,0 de 5 estrellas","No compren la cafetera, sale muy poco café y después no para solo, tienes q estar pendiente cuando baje un mínimo de café porque tienes q darle tu para que pare, otra cosa q si no le da te baja agua churri , estoy muy decepcionada por su función si eres amante del café, lo mejor es gastarse un poco más de dinero y comprarse una en condiciones, si no tienes tanto dinero la mejor opción es ahorrar para comprar otra pero esta no sirve, estéticamente es bonita pero por lo demás horrible",Jenniffer,Revisado en España el 7 de noviembre de 2023
Cafetera ideal para hacer un café aguado,"1,0 de 5 estrellas","Poco bueno que decir de esta cafetera salvo su diseño, es bonita, pero nada más, da igual si prensas más o menos el café o que uses uno y otro café, sale muy aguado, sin espuma y sin cuerpo. Las he devuelto porque no cumple ni de lejos lo que promete.",Ismael,Revisado en España el 4 de abril de 2024
Ha durado 2 años y con 2 reparaciones,"1,0 de 5 estrellas","Me arrepiento de haberla comprado. No hice caso de los comentarios que decían que se estropeaba enseguida, ¡y tenían razón! A los 10 meses dejó de calentarse. Estaba en garantía y cambiaron la bomba. A los 20 meses el portafiltros no encajaba y hubo que cambiar la pieza donde encaja porque había cedido. Ahora, a los 26 meses, pierde agua a mansalva, es decir, la bomba está rota ¡y eso que la cambiaron ya una vez! Ya no está en garantía y no voy a pagar por arreglarla. El uso ha sido de 4 o 5 cafés diarios y la descalcificación cada 6 meses. Francamente, nunca más nada de la marca Cecotec.",Marta,Revisado en España el 25 de agosto de 2023
"Al principio muy bien, despues fatal!!","1,0 de 5 estrellas","Con el tiempo, cada vez salia el cafe menos caliente. La envie a reparar, y hace mas de una semana no se nada de ella. Muy mala gestión",Ruben,Revisado en España el 23 de abril de 2024
Obsolescencia programada,"1,0 de 5 estrellas","Es curioso que, poco después de espirar el plazo de la garantía, la cafetera se ha estropeado. La he mandado a reparar y SORPRESA!! La reparación cuesta 96€, 36€ más de lo que cuesta una cafetera nueva.
Productos chinos de usar y tirar que dejan mucho que desear.",Daniel,Revisado en España el 11 de abril de 2024
No la recomiendo,"1,0 de 5 estrellas","No me gusto, no hace el cafe bien cremoso , he tenido anteriormente otras cafeteras que si eran mejor que esta, no la recomiendo",Juan,Revisado en España el 12 de mayo de 2024
Cafetera,"1,0 de 5 estrellas",No tenía buena calidad,Odalys,Revisado en España el 10 de julio de 2024
1 mes ha durado,"1,0 de 5 estrellas","El café está muy bueno, pero me ha durado 1 mes y dos días. La encendí, pulsé el botón y sonó como si una goma hubiese estallado, además comenzó a expulsar agua caliente por la parte inferior.
Lo dicho, no merece la pena",Guille,Revisado en España el 8 de abril de 2024
Mala calidad,"1,0 de 5 estrellas","El tornillo del filtro para poder retirarlo para su mantenimiento que en ningún lado aparece en las instrucciones del producto, el cual es muy importante, y debería de llevar en la lista de accesorios un destornillador adecuado para ése fin, es de aluminio y muy delicado a la hora de quitarlo, en mi caso fue imposible, y el resultado fue enviarlo al servicio técnico el cual me presupuesto e
La reparación en 70€, y muy desconforme rechacé..... solución!!! Nueva cafetera con el mismo inconveniente.... mi propuesta es que se indique en las instrucciones y venga en el producto accesorio para su manipulación.... gracias",Juanber,Revisado en España el 3 de octubre de 2023
"Mala cafetera , mala marca","1,0 de 5 estrellas","Esta cafetera es una auténtica porquería, a la semana ya sale agua por todos los lados, café por ningún sitio.
La marca ya me ha fallado en dis ocasiones.
Un conga de limpiar que duro dos asaltos y en el servicio técnico ni caso, y esta cafetera que duro una semana,.
No lo aconsejo a nadie mira otra marca mejor",Arquidisa 433 SL,Revisado en España el 22 de febrero de 2024
Purgante,"1,0 de 5 estrellas","De verdad es de pena por una parte lo cojo en una oferta inferior a 150€, cosa que me alegre un montón y la apariencia de la cafetera parecía que prometía, pero el desengaño fue tremendo primero para poner el brazo porta café, casi imposible, lo consigo pruebo y de crema nada de nada. Pensé que al ser el primero y de prueba quizás era normal. El segundo en el desayuno pese a llenar el cacillo grande todo lo que se podía, el café salió como el de un puchero, sin nada de crema. Esta es la 4º cafetera que tengo y jamás, pese a que las anteriores eran de poco precio, nunca había visto un café tan horroroso y el café molido que utilizo es el de siempre (no digo marca por considerar que no debo hacerlo, pero sino es el mejor es de los mejores). Cuando he tomado para desayunar el café tuve que ir tres veces al W.C., vamos que como purgante sí que sirve, hoy he solicitado la devolución ya que no hay derecho a esto, seguiré con mi antigua, pero eficaz cafetera.",Jose,Revisado en España el 20 de febrero de 2022
NO SIRVE PARA DESCAFEINADO,"1,0 de 5 estrellas","EL primer día funciono bien pero como uso descafeinado al segundo día ya la bomba no podía mas y ya no salía ni espuma y tardaba mucho en tirar el descafeinado, me imagino que con café ira de perlas.",CARPANTA,Revisado en España el 5 de abril de 2024
Problemas de salida cafe,"1,0 de 5 estrellas","Envié la cafetera Cecotec servicio técnico oficial, ya que la máquina con unos cinco o seis meses me estaba dando problemas a la hora de pulsar el café me lo han reparado y de momento está bien pero una máquina con poco tiempo no tiene porque dar problemas mi opinión como es normal.
Saludos",José luis,Revisado en España el 24 de febrero de 2024
Una 💩,"1,0 de 5 estrellas",Me la compré y salió malísima el café sale frío como el hielo y ni calienta lo del vapor,cristian,Revisado en España el 31 de mayo de 2024
No hace café lo escupe!!,"1,0 de 5 estrellas",Como indico en el título. No hace café lo escupe como se aprecia en video adjunto. Café insufrible y cafetera de vuelta a Amazon a la espera de mi reintegro.,Antonio,Revisado en España el 1 de abril de 2024
Venía partida. La carcasa del fondo,"1,0 de 5 estrellas",No la he llegado ni a enchufar a sido quitarle la pegatina del fondo y comprar que venía partida la carcasa es imposible que en el transporte se partiera venía así de fábrica,juan sebastian,Revisado en España el 31 de marzo de 2024
Llegó rota,"1,0 de 5 estrellas","Llegó con una esquina rota, un trozo importante. Y la caja estaba en perfecto estado. La devolví sin probarla.",Laurie Swan,Revisado en España el 16 de mayo de 2024
Compra otra,"1,0 de 5 estrellas","Compré una para regalar que no duró ni dos años, a mi me regalaron otra igual y no llegó a los 9 meses... Si no echan agua de continuo por el espumador, es por donde el cazo de café. Una unidad podía haber salido defectuosa, dos ya es mucha coincidencia.

Después de esta, compré una de la marca Orbezogo y la diferencia es muy grande, te das cuenta que ésta de Cecotec realmente no trabaja a la presión que promete y que la calidad deja mucho que desear.

Resumen: compra otra, no pierdas el tiempo y el dinero.",David M.,Revisado en España el 9 de agosto de 2023
Que mala compra,"1,0 de 5 estrellas","Sólo tres años!. El agua le sale por todos lados. Además,desde que la compré, era un goteo constante.",Orlando Ortega Cardin,Revisado en España el 19 de mayo de 2024
NO LO RECOMIENDO PARA NADA.,"1,0 de 5 estrellas","Malisima, tuve dos y las dos alcabo de poco soltaban agua por todos lados.
Ni un año duraron.",María,Revisado en España el 30 de mayo de 2024
se tapona continuamente,"1,0 de 5 estrellas","Es una cafetera malísima, se bloquea y se tapona continuamente y no hay manera de que salga café",Miguel Ángel,Revisado en España el 1 de mayo de 2024
Rotura del depósito,"1,0 de 5 estrellas","Después de encontrar el motivo de fuga de agua.Somos cuatro en casa. Ví que el depósito estaba rajado de mitad hasta la parte alta del depósito. No creáis que no costó encontrar la fuga de agua.
La devolveré y pediré su reembolso.

No me dan el reembolso porque el transportista no escaneó el código.
I N C R E I B L E, no ???
Todavía no me lo han reembolsado
Me siento muy triste como estafado",Josep,Revisado en España el 15 de diciembre de 2023
"Peor , imposible","1,0 de 5 estrellas","yo tenía buenas opiniones de CECOTEC, pero después de haber pasado la cafetera por la revisión del fabricante y viendo que sigue saliendo el café más frío que caliente , pues no se me ocurrirá repetir con la marca , es una pena pero es lo que tenemos",Cliente Amazon,Revisado en España el 3 de febrero de 2024
Malísima,"1,0 de 5 estrellas","No me gusto , muy sucia","Hola , mi mal ala semana ya el filtro de dos tazas no funciona, y siempre tira el café por los lados , muy mala la verdad",Revisado en España el 15 de junio de 2024
Molinillo se ha roto,"1,0 de 5 estrellas","Esta cafetera me la compré hace un año, se le ha roto el molinillo de café, la he mandado y no han visto necesario cambiarlo, lo han limpiado, y me la han devuelto a los 10 días, y ha durado 6 días, ya está roto otra vez, en vez de cambiarlo y ponerle uno nuevo, la empresa cecotec no es nada seria por lo que veo. No la recomiendo",Pascu,Revisado en España el 13 de diciembre de 2023
No es para café en grano,"1,0 de 5 estrellas",Sinceramente creo que Amazon tiene un acuerdo con Cecotec. Yo buscaba una superautomatica con molinillo. Buscas eso y te sale siempre está cafetera la primera que no específica el tipo de café que lleva. Y luego es con café molido. Ahora la tengo que devlver y es un regalo.,Anabel,Revisado en España el 17 de febrero de 2024
Ni un café decente,"1,0 de 5 estrellas","Imposible hacer un café decente,después de gastar un paquete de café,me rindo y devuelvo la máquina.",Roberto,Revisado en España el 21 de mayo de 2024
dos años y fuera,"1,0 de 5 estrellas","la cafetera no va mal, aunque pierde poca agua. el problema es que a los dos años ha dejado de funcionar. por suerte me cubrió la garantia y amazon amablemente me envió una reemplazo.
todo bien con este reemplazo hasta que a los dos años ha vuelto a morir. en este caso, con el periodo de garantia finalizado por lo que no me queda otra que enviarla a un servicio técnico para que me la reparen.
mal vamos si los productos están hechos para que no diren",Gothalo,Revisado en España el 4 de septiembre de 2023
No estava bien,"1,0 de 5 estrellas","Creo que he venido con defecto de fábrica, pero hecho la devolución. Todo bien.",Muy bueno,Revisado en España el 8 de mayo de 2024
Horrible,"1,0 de 5 estrellas",La cafetera a los 4 meses ha empezado a ir mal y al enviarla a reparación nos la han devuelto igual. Muy descontenta. Nadie hace nada.,Giuliana D.,Revisado en España el 20 de marzo de 2024
Obsolescencia programada. A los 2 años deja de funcionar.,"1,0 de 5 estrellas","No recomiendo para nada. A los pocos meses de comprarla, empezó a gotear mientras calentaba el agua, pero decidimos no mandarla a arreglar, por no quedarnos sin cafetera. Bien, ahora hace 2 años y dos meses que la compramos, y Justo cuando acaba su garantía a los 2 años, deja de funcionar. Hoy ya no encendía, ha muerto de repente. Gracias Cecotec. Vuestras cafeteras son tan malas como vuestras aspiradoras.",Denisa I.,Revisado en España el 27 de noviembre de 2023
Absolutamente lamentable,"1,0 de 5 estrellas","A las pocas semana la maquina empieza a perder agua por los laterales, la envio a Cecotec para que la reparen, me la devuelven y no solo no la han reparado, si no que al enchufarla a la corriente una vez encendida se me ha quemado con un corto circuito. No hay manera de contactar con Amazon para el reembolso ya que caducó el periodo y con los de Cecotec solo se puede por correo. No se todavia si me van a reembolsar el producto, ya que esta marca no la quiero a volver a ver ni de lejos. Es verdad que lo barato sale caro.",Alessio Brengetto,Revisado en España el 10 de julio de 2023
No cumple con las expectativas,"2,0 de 5 estrellas","Esperábamos más de esta cafetera, pero nos ha decepcionado sobremanera.

Lo primero de todo que noté al recibir el producto fue su mala calidad de construcción. Fue sacarlo de la caja y flipar con lo plasticoso que es y el poco peso que tiene. Incluso la cazoleta del cafe pesa perfectamente una cuarta parte que la de mi antigua cafetera Saeco.

Lo segundo, el café que hace, no es muy allá:
Saca el café muy poco caliente, y cuando digo muy poco caliente es que puedes tomarlo directamente tal y como sale.
El café, en el proceso de extracción, solo sale por una obertura de la cazoleta, por el otro apenas sale nada. Hemos probado a poner menos cafe, menos prensado, más prensado, y nada. Si quieres hacer 2 cafés a la vez, es inviable porque mientras en uno llenas el vaso, en el otro apenas sacas nada.
Tampoco me gusta que el tamaño de los cafés este prefijado, hubiera gustado que pudieras alargar la extracción como tu quisieras.

Y ojo, que la tapeta calientatazas es completamente inútil, he dejado unas tazas encima durante bastante tiempo y es que no calienta prácticamente nada.

Y el sistema de presión, no se si funciona igual de mal en todas o es mi unidad. La primera puesta a punto, para que cogiera presión, tuve que encender el espumador hasta que cogiera presión, luego ya fui capaz de hacer café. Y si utilizas el espumador, luego tienes que volver a usarlo para que el sistema pille presión, si no, no coge nada y no hace café.
Estamos pensando seriamente en devolverla, cada día que pasa nos convence menos.

Por punto positivo, el diseño más o menos es bonito y el rellenado del agua es comodo, no hace falta sacar el deposito.",Cristhian M.,Revisado en España el 11 de febrero de 2024
Cecotec defrauda con su mala Atención al Cliente,"2,0 de 5 estrellas","Me tocó la cafetera problema, ya desde que llegó no hacía todo lo que ofrece.
Pero a los 6 meses empezó a dar problemas.
La envié a Valencia al Servicio Técnico de Cecotec, y no sé que fue peor, la atención al cliente de Cecotec, o la máquina. Al cabo de las 5 semanas en Valencia, me la envían de nuevo, peor de lo que se fue, incluso le faltó alguna pieza.
Pienso que tuve mala suerte con la máquina, yo tengo otros electrodomésticos de la marca y me funcionan muy bien, pero NO ME GUSTA su Atención al Cliente y menos su Servicio Técnico, pasan de ti :(
Amazon hace lo que puede y gestiona la devolución sin problema.",Luz Sampedro,Revisado en España el 1 de agosto de 2024
"Al principio bien, pero con corta vida","2,0 de 5 estrellas","Previamente teníamos en casa una Tassimo que después de varios años dejó de funcionar, así que ante la duda de comprar una Nespresso que ya conocíamos o ésta de Cecotec, nos decantamos por esta pensando que podríamos tener un buen café.

No soy ninguna experta, pero a la hora de comprar esta cafetera nos gustó la idea de poder disfrutar de un café de mejor calidad que las cápsulas, ya sea por comprar un buen café o molerlo en casa al gusto.

VENTAJAS:
- Precio
- Puedes preparar el café a tu gusto, eliges cuanto café poner en el cacito, y si lo quieres corto o largo, así como la cantidad de agua, o si quieres una taza o dos a la vez.
- Espumadera para calentar leche
- Parte superior para mantener la taza caliente

DESVENTAJAS:
- Proceso de limpieza más tedioso que con otras cafeteras. Si bien es similar, al tener mayor capacidad de agua, debes repetir los pasos más veces y dejando 15 minutos entre cada descarga de agua, por lo que se tarda al menos hora y media (mínimo) en completar la limpieza interna.
- Para mi gusto, la espumadera está muy abajo, en mi caso tenía que inclinar demasiado la jarrita, y aún con 100 ml subía tanto la espuma que me era complicado no derramar un poco.
- Si preparas 1 café, debes esperar 5 minutos para preparar el siguiente. Si tienes invitados o sois más de dos en casa que beben café juntos, fastidia bastante la espera.
- Ruidosa, pero realmente igual que una Krups o una Tassimo, con la diferencia que ésta se mueve mucho más.
- Los cacitos se oxidan y manchan aunque los limpies al momento con agua caliente
- Más inversión de tiempo al requerir moler el café o poner un café ya molido en el cacito, y su posterior limpieza.

Después de 1 año y 9 meses, estaba realizando la limpieza al pie de la letra (recomendado cada 3 meses) y casi al finalizar, la cafetera empezó a expulsar agua por la parte inferior y la superior a la vez. La apagué y comenzó a hacer ruido como si estuviera preparando café. La mantuve desenchufada más de un día y en el momento la sequé todo lo que pude, aún así la cafetera no volvió a encenderse más.

A los 3 meses de su compra aprox, el café salía más aguado, a veces por un lado salían gotas y por el otro un buen chorro, aún realizando la limpieza en los tiempos recomendados.
Con el paso de los meses, la espumadera funcionaba a días y otros no.

Nos hemos arrepentido con esta compra, porque aunque es barata, no vale la pena si dura menos de dos años y a los pocos meses ya comienza a presentar fallos. Finalmente tendremos que comprar otra cafetera (de otra marca). En este caso lo barato ha salido caro.",Cliente A,Revisado en España el 25 de agosto de 2020
"buena compra, pero ahora, por comodidad, elegiría otra mas automatica","2,0 de 5 estrellas","compre la cafetera CECOTEC, porque es una nueva marca que ya conocía pues tengo otros pequeños electrodomésticos y me ha sorprendido lo bien que funciona y los diseños estupendos que tienen
Lo que pasa, es que antes, disponía de una cafetera con capsulas, y por el medio ambiente, decidí cambiarla, pero he pasado de tener una cosa muy practica a complicarlo todo mas. Debería de haber comprado una CECOTEC SUPERAUTOMATICA, pues el molinado y limpieza es automático.
bien, esto es sólo un consejo para los que quieran la vida más fácil.
Ahora hablo de la cafetera que compré( Espresso 20 Barista compact 1465 W)Funciona muy bien, café estupendo, gran deposito de agua,y tiene una bandeja encima para calentar las tazas, puede hacer infusiones, y el capuccino, queda buení...sssimo
Bien, la cafetera es un 10 para quien quiera cafetera "" manual"", lo que pasa y como he dicho, ahora cogería una mas automática, mas que nada, para no encontrar tanta diferencia después de dejar las capsulas.
ah! y la marca CECOTEC un 10 en electrodomésticos
.",anna,Revisado en España el 3 de mayo de 2024
Después de 25 días he tenido que devolverla,"2,0 de 5 estrellas","Me llegó la cafetera hace unos veinte días. Al principio ya me dio problemas, no me entraba el agua a la cafetera y no hacía cafés. Al cabo de un rato empezó a funcionar pero, desde entonces, a veces sale bien el café a veces no. Sale como a gotas muy aguadas, como tirándola a presión y he decidido devolverla.

No sé si voy a pedir el mismo modelo y otro diferente. Y no sé aún la marca.

Edito: Al final decidí comprar otra marca. La verdad es que TODOS los productos de Cecotec que he comprado, me han salido malos de una u otra forma. No escarmiento con esta marca. Aconsejo a todo el mundo no comprarla. Mucho marketing, pero a la hora de la verdad, los productos son de una calidad pésima.",Cliente Amazon,Revisado en España el 4 de junio de 2024
DECEPCIÓN...,"2,0 de 5 estrellas","OPINIÓN MODIFICADA...
ORIGINAL (15-09-2020):
Me ha gustado mucho:
-La relación calidad-precio de la máquina.
-Hace un muy buen café (sin ser entendido), nos ha encantado, hemos probado con diferentes tipo de café y salen muy ricos, les da mucha cremosidad y es un gusto...
-Su facilidad de manejo.
-Y el ruido, me ha sorprendido gratamente. Esperaba una máquina que hiciese mucho ruido por según que comentarios y la verdad es que es muy aceptable. Lógicamente hace algo de ruido pero para nada es mucho... Considero que se ajusta a lo normal en este tipo de cafeteras.

Lo que menos me ha gustado:
-Los materiales parecen endebles, a nosotros la primera máquina nos vino golpeada (foto1), teniendo que solicitar su devolución, que ha sido solventado sin problemas hasta el momento.
-Que solo quepan tazas y no vasos normales de cualquier casa, a veces es incómodo, toda vez que te obliga a comprar una jarra tipo cazo o lavar tazas si quieres café y no te quedan...
-La rejilla que recoge el goteo que se pueda generar (foto 3), tiene un diseño que hace que sea incómoda su limpieza. Toda vez que para limpiarlo, primero debes quitar la rejilla metálica y posteriormente la de plástico donde queda depositada el agua, manchado con ello la base de la cafetera en muchas ocasiones.
En otras máquinas la rejilla va encastrada en el depósito de plástico, permitiendo que se pueda sacar todo a la vez, pudiendo llevar el brazo dónde se echa el café encima para su limpieza, sin que se ensucien otras partes de la cafetera o de la cocina.
-Instrucciones muy escuetas.

En general, me quedo con relación calidad precio, siendo una cafetera muy recomendable en ese sentido.

MODIFICACIÓN (16-10-2020):
Tras un mes de uso, muy decepcionado...
La relación ""CALIDAD""-Precio (cualidad más destacada originalmente para mi), no tiene para nada una buena relación, ya que tras tan solo un mes de uso, el vaporizador ha dejado de funcionar tras explosionar.
El vaporizador no lo hemos usado a diario, ya que no siempre ha sido necesario para calentar la leche, y aún así de un día para otro, dejó de echar vapor.
Tras dejar de echar vapor, tratamos ver hacerla funcionar de nuevo, calentándose demasiado en esta ocasión la cafetera, y tras varios intentos fallidos, explosionó quedando inservible. Ya no funciona y si queremos usarlo sale agua por la parte superior de la cafetera por cualquier endidura.
Lo mejor es que el café lo seguia haciendo bien y que hemos podido devorverla sin problema.",Isaac,Revisado en España el 22 de septiembre de 2020
Dejo de funcionar,"2,0 de 5 estrellas","La hemos usado durante tres años dos veces por semana, somos un matrimonio y ha dejado de salir café. Imposible contactar con el servio post venta",SALVADOR,Revisado en España el 24 de julio de 2024
Llego roto y reacondicionado,"2,0 de 5 estrellas","El pedido llegó en mal estado. Se notaba que había sido reembalado por alguna otra devolución.
No funciona, hace el café como acuoso y sin espuma. Se producen salpicaduras aunque esté correctamente ajustado el mango del café. Tuve otra parecida y me duró solo dos años. Lo barato suele salir caro. Espero que no le pongan pegas para su devolución y reembolso. Dudo que vuelva a comprar algo de esta marca.",Isra,Revisado en España el 2 de junio de 2024
Buen articulo pero se rompe a los dos años,"2,0 de 5 estrellas","Todo bien hasta que le da por no encenderse. El sensor que detecta si lleva mucho tiempo encendida no es de mucha calidad, y el sistema que hace que se apague automáticamente hace que no se vuelva a encender jamás.",Miguel Molina,Revisado en España el 25 de mayo de 2024
Mala calidad,"2,0 de 5 estrellas",Mala calidad y hace mucho ruedo y la agua sali fria no clienta nada,Es que no funciona no se que pasa,Revisado en España el 4 de julio de 2024
No es buena,"2,0 de 5 estrellas",Siempre tienes que quedar puesto un vaso porque pierde agua,ANGEL LUIS OLLERO,Revisado en España el 7 de julio de 2024
No es lo que esperaba,"2,0 de 5 estrellas",Parece que vas a tener café de bar pero ni mucho menos...,Ricardo,Revisado en España el 8 de junio de 2024
Decepcionada,"2,0 de 5 estrellas","Compre la cafetera porque tenia buenas opiniones, al principio todo bien, pero tras unos 6 meses de uso, el café sale sin ninguna crema, con falta de cuerpo. Nada que ver con el principio. Una pena.",Lisandra,Revisado en España el 2 de abril de 2024
Lentitud...,"2,0 de 5 estrellas","Tarda mucho tiempo en calentar.
Para obtener dos tazas de café el tiempo de espera es demasiado entre cada una.
Ignoro si es por en tipo de aparato o por la potencia.",Ángel,Revisado en España el 21 de abril de 2024
Que venga completo,"2,0 de 5 estrellas",Que hace Buenos cafés pero no viene completo,Hola quisiera saber donde puedo reclamar por que me faltan dos cosas y sonla15 cuchara mediadora y prensa y la 19 que es el filtro para dos cafes de acero inoxidable donde puedo reclamar por favor gracias,Revisado en España el 29 de mayo de 2024
Devuelto,"2,0 de 5 estrellas","Pros
Bonita y muy buena calidad de construcción. Muy rápida en calentar y preparar el café. Sin goteo al acabar.

Contras
El expresso sale aguado. Por más fino o prensado que se llene el cazo.
La espuma es exagerada. No es cremosa, sino más bien jabonosa. Y hace más espuma que café.

Esta misma cafetera haciendo un buen brebaje habría sido de 10. Pero al final lo que importa es el café.",roadrunner,Revisado en España el 25 de enero de 2024
No estoy satisfecha con la compra.,"2,0 de 5 estrellas","Es fácil de usar y tiene buena presentación. El café sale templado, aparte de no conseguir una buena cremosidad, con lo cual no cumple mis expectativas. Otra cosa que observo es que tira mucha agua a la bandeja de recogida, no sé si eso es normal. No estoy satisfecha con la compra.",Chafloga,Revisado en España el 13 de marzo de 2024
No me ha gustado,"2,0 de 5 estrellas",Botones borrados en pocos dias .Sigue goteando a pesar de parar el boton y tarda bastante en calentar .Voy a devolver esta y comprar otro modelo,Cristina,Revisado en España el 8 de abril de 2024
Cafe bueno pero mala cafetera,"2,0 de 5 estrellas",El café era buenísimo pero de 3 que pedí 3 se estropearon en cuestión de semanas de calidad malísima deberían mejorar las piezas o algo...,Ivan,Revisado en España el 8 de mayo de 2024
Decepcionante,"2,0 de 5 estrellas","Me dejé llevar por la cantidad de opiones y el precio de la cafetera pero estoy bastante arrepentido de la compra.

De lejos tiene bastante buena pinta, pero cuando te acercas se ve que es un producto que vale lo que cuesta en su rango de precio y no más.

El funcionamiento es el más simple que puede haber: Le das a un botón para empezar a hacer el cafe y también para que pare. No tiene botones predeterminados para hacer un cafe corto o largo. Esto hace que como te despistes, el café te salga demasidado largo o que no pare de echar cafe hasta que se vacie el deposito que es bien grande. Una cagada.

En cuanto a la calidad del café, todavía no he conseguido hacer uno decente y he sido hostelero durante muchos años por lo que sé hacer cafés. Uno de los problemas para conseguir un buen café, es que el agua coge el sabor a plastico del depósito que es una M, y eso que lo he limpiado bien y hecho bastantes cafés y cargas/descargas de agua. Llevo poco tiempo con la cafetera y espero que se le vaya el mal sabor o tendré que tirar la cafetera a la basura.

El vaporizador está mal diseñado y no se puede orientar libremente, dejando solo unos pocos centimetros entre su punta y la encimera en la que tengas apoyada la cafetera. Luego, si quieres calentar leche con él, tienes que mover la cafetera y ponerla de lado en la esquina de la encimera para poder meter la jarra. Mal.

Comentar que es de 20 atm. y no 30 como se indica en algunos comentarios. Para que el café salga caliente hay que dejar la cafetera calentando un buen rato o el café no saldrá a la temperatura adecuada.

Por último y viendo algunas terminaciones, me entran serias dudas sobre la durabilidad y reparabilidad de la cafetera. No me extrañaría que en cualquier momento se pueda romper el mango por ejemplo y tenga que comprar una nueva por no poder conseguir repuestos.

En definitiva, que me arrepiento de no haber gastado 100€ más y haber comprado una de marca que me gustaba más.",Anomino,Revisado en España el 18 de septiembre de 2019
Dura poco,"2,0 de 5 estrellas","Justo terminando la garantía se estropeó,la arreglaron y otra vez lo mismo
Dura sus dos añitos justos ,eso con muy buen mantenimiento",María R,Revisado en España el 1 de mayo de 2024
Tras la garantía se estropeo,"2,0 de 5 estrellas","La he estado usando durante poco más de dos años y se estropeo.
Se atascó la salida del agua y cada vez salía menos café, aunque le hiciese periódicamente limpiados con agua, lo único que se podía hacer ya que no se puede desmontar la salida que seguro estaba obstruida.

Contacté con el servicio técnico de Cecotec, que deja mucho que desear, más de dos semanas de correos para acabar diciéndome que si, se ha estropeado pero que me aguante que si quiero otra nueva con un diminuto descuento. Tras acceder a la oferta, me llega otra cafetera que al quitar las pegatinas se estropea la pintura. Otra vez semanas de correos para ofrecerme una devolución del dinero del que se arrepienten diciendo que eso no es lo que han ofrecido (otra vez dejando mucho que desear).

La segunda funciona muy bien, pero me toca los cojon**",Jose Angel Gonzalez Mejias,Revisado en España el 10 de julio de 2023
Poco fiable,"2,0 de 5 estrellas",Esta muy bien de precio. Pero parece una cafetera d juguete la calidad d los materiales me pareció demasiado baja,Muy bien de precio pero párese de juguete. No me gusto nada,Revisado en España el 15 de mayo de 2024
Café un poco aguado y saca demasiada agua,"2,0 de 5 estrellas","Añado:

El brazo se partió por la mitad (ya se veía endeble) pero CECOTEC me lo reemplazó. Pero lo que destacaría negativamente es que saca mucha cantidad de agua, tanto cuando saca el café como cuando quieres quitar el brazo que sigue sacando agua ensuciando mucho la base.... bastante decepcionado.

--------------------------

Compré la máquina para probar distintos tipos de café y con la esperanza de que los 20 bares de presión me dieran una intensidad y concentración de café parecida al de un café de cafeteria. Y la verdad es que está muy lejos de conseguir esa intensidad, incluso sale un café bastante más ligero y aguado que el de una cafetera Nespresso. Yo cargo bastante las dosis para conseguir una mayor intensidad, pero aun así no consigo esa concentracion. Digamos que queda un café a medio camino entre el cafe americano y el café de cafetería...

En cuanto al funcionamiento, en general funciona bien, pero el boton de café corto saca demasiado café. He intentado modificar la duracion como alguno dice que se puede, pero me ha sido imposible (y lo he probado todo).

El brazo encaja bastante bien, pero evidentemente tienes que sujetar la máquina porque sino del golpe del brazo la desplazas entera.

Por ultimo, decir que cuando sacas el brazo sigue saliendo algo de agua, como si no fuera capaz de absorber el agua que ha quedado en el conducto después de hacer el café. No es un gran problema, pero cada vez que retiras el brazo, se ensucia la bandeja.

Dicho esto, yo NO volvería a comprar esta cafetera, y probablemente me gustaría algo más de dinero en alguna otra de una marca más reconocida o especialista en el mundo del café.",Jordi,Revisado en España el 19 de enero de 2021
Pequeña,"2,0 de 5 estrellas",Es pequeña. Si cremas leche tienes que esperar muchísimo tiempo a poder hacerte un café. No la recomiendo,Dianis A.,Revisado en España el 25 de abril de 2024
Hola necesitó ayuda con esto,"2,0 de 5 estrellas","No entiendo por qué después de hacer un café se queda con tanta agua esta parte, se supone que eso debería de estar sin agua, además ya he probado a poner más menos café No se por que pasa.Alguien que me ayude?",Maria moreno,Revisado en España el 8 de marzo de 2024
No tiene potencia,"2,0 de 5 estrellas","Llevabamos queriendo una cafetera cerca de un año, y nos decidimos por esta por los buenos reviews. A mi me gusta mucho hacer crema con la leche. He trabajado muchos años en barra haciendo cafés, y tengo conocimiento pleno de como hacerla, desgraciadamente esta cafetera no tiene potencia alguna, te hace burbujas y luego se chafan. La devolvimos a la semana. Una pena porque estaba muy ilusionada :(",Priscilla,Revisado en España el 30 de diciembre de 2023
Para mí no es práctica,"2,0 de 5 estrellas","Hace el café bueno pero la verdad es que para mí no es práctica, por donde sale el agua hacia el cafe chorrea mucha agua cuando quitas el brazo y en el trayecto de llevarlo para vaciar el cafe usado en la basura chorrea de tal manera que si no pones algo ensucias mucho.
Una lastima porque como ya he dicho el café está bueno.",Juan,Revisado en España el 12 de enero de 2024
Se llenaba de agua por dentro,"2,0 de 5 estrellas","Al acabarse la garantía dejó de funcionar. Después de mucho tiempo buscar un servicio técnico que supiera y quisiera reparar ese modelo, me mostraron al abrirla lo mal hecha que estaba y cómo se ha ido llenando de agua y oxidando por dentro. La verdad es que a parte del fuerte ruido y vibración, funcionaba bien mientras duró. El café dejó de ser espectacular a los pocos meses, pero tampoco estaba mal. La limpiaba a menudo con productos para la cal por si era por eso( no hay manera de abrirla para limpiar la rejilla de arriba. Está sellada. Cuando desmontaron la máquina resultó que a pesar de la rigurosa limpieza y mantenimiento estaba atascada y la máquina llena de porquería, restos de café y óxido por dentro ( todo eso nos lo hemos estado bebiendo.) tengo un video en mi móvil antiguo que intentaré subir más tarde. Conclusión: calidad china, jamás volveré a confiar en esa marca!",antonia,Revisado en España el 17 de abril de 2023
No vale la pena,"2,0 de 5 estrellas",Olía y sabía feo el café la devolví,Norka,Revisado en España el 16 de mayo de 2024
Sólo para cafés pequeños,"2,0 de 5 estrellas",La compramos pensando en los cafés de desayuno para dos y no nos ha sido útil. Cafés pequeños. No cabe taza grande. Suelta mucha agua. Hay q rellenar con cada café.,Fernando,Revisado en España el 30 de marzo de 2024
La cafetera tiene problemas,"2,0 de 5 estrellas","El producto no termina de convencerme, cuando la prendes empieza a perder agua, y después de hacer el café, tambien. El café sale bueno, pero es una perdida de agua innecesaria.",MANUELA,Revisado en España el 24 de marzo de 2024
Gotea sola,"2,0 de 5 estrellas",Nose si es la mia o que a todas les pasa nada mas ponerla a calentar ya empieza a perder gotas de agua ( cosa qie no entiendo) y cuando hago el cafe y quito la palanca ya no son gotas ya es un chorreon por lo demas el cafe sale bueno pero si es en sus primeros dias y ya va asi..... n se si la recomendaria para que la compraran. Yo la compre por un monton de comentarios buenos pero aora que la tengo no es para tantas estrellas como tiene,Jorge,Revisado en España el 14 de septiembre de 2023
Es lo que vale …,"2,0 de 5 estrellas","Una cafetera con estas prestaciones y el precio que tiene no es apta para públicos con ideales. ¿Por que? Los materiales de fabricación . Más plástico que metal. El manual, poco entendible. Intuitivo ? No. Al menos no para principiantes. El desastre de café en el momento de la colada. Saca más de un lado que de otro. No se si vino defectuosa, pero he pedido devolución. Como bueno, es ligera, pequeña y estéticamente bonita. Como plus, el calienta tazas",Katheryn,Revisado en España el 14 de noviembre de 2023
Nunca fue bien del todo,"2,0 de 5 estrellas","A los dos años de tenerla ha dejado de funcionar. Cuando tenía un año ya la mandé a reparar porque se quedaba sin presión y no salía el café. Me la devolvieron (funcionando) diciendo que no le pasaba nada. Cada cuatro veces funcionando correctamente una tenía que tirar el café porque salía gota a gota.
Le he hecho múltiples ciclos de limpieza en estos dos años con productos específicos y nada. Mientras funcionaba bien, el café me gustaba pero no merece la pena.",Jose L.,Revisado en España el 4 de noviembre de 2023
defectuosa,"2,0 de 5 estrellas",La cafetera salió defectuosa desde el primer momento. el cafe salia frío y luego no se podía cremar la leche. No la volvería a comprar.,xisco enseñat crohen,Revisado en España el 4 de marzo de 2024
Retraso en la entrega,"2,0 de 5 estrellas","La cafetera bien,pero la entrega mal ya que se retraso varios días y lo único que me dijeron es que si no lo recibía en la fecha que me dijeron ee segundas que podía tramitar la devolución. Mal muy mal...",fernando,Revisado en España el 11 de febrero de 2024
Pérdida de agua,"2,0 de 5 estrellas","La cafetera llegó bien, al empezar a utililizarla perdía agua por donde se pone la cazoleta con el café, la verdad que el fabricante al explicar el problema dijo que lo devolviera sin problema y eso hice, el café que hacía estaba bueno pero es una pena que el fabricante no compruebe que sus productos se venden en perfecto estado de uso, sin pasar un control de calidad",Leandro,Revisado en España el 2 de noviembre de 2023
Ago.19:Tras 1año.....no volveria a comprarla//Dic.18:Cafe muy rico y cafetera tal cual la describen,"2,0 de 5 estrellas","La cafetera es tal como descrita y va muy bien;
PROS:
El cafe sale muy rico y con espumita (tb depende del cafe q uses)
Facil de limpiar y usar
Con la tapa de 1 cafe podrian salir 2 cafes espressos (cortos estilo italiano pero cargaditos)
Se apaga solo transcurrido un tiempo
CONTRAS (para mi gusto);
Aunque nones de grandes dimensiones, en comparacion de las cafeteras de capsulas nespresso, ocupa bastante
No se puede ""programar"" para q se acabe la dosis (tienes q estar pendiente de darle al boton para q no salga mas cafe)
Una vez pulsas para terminar tu taza, gotra un buen chorro por lo ke hay q vaciar amenudo la bandejita del agua residual

Tal como en la foto tiene una salida para calentar la leche o bien te de agua caliente. No la puedo valorar porke solo la use el primer dia pero he de decir q calento bien la leche y me saco espuma

#######
La opinion de arriba la puse en dic.18 donde di 3 estrellas: ahora (ago.19) bajo a 2 estrellas y comento:
En feb o marzo se despego el mango de plastico de la parte de acero donde se pone el cafe. Amazon me ofrecio varias opciones, entre ellas mandarme una cafetera nueva igual si yo devolvia la mia para q pudieran ellos solicitar la garantia. Por parte de Amazon un 10!!!
Por lo que recibi mi cafetera nueva y tras solo 6 meses creo q tras pulsar el boton de fin de cafe la cafetera gotea bastante por lo que cada 2 dias cm maximo debemos vaciar el deposito y segun enciendes la cafetera al poco ya t sale el cafe , para mi gusto, hirbiendo..... Encima hace unas semanas poniendo el cafe la base se bajo por lo q si pones demasiado cafe le cuesta filtrarlo para q caiga cafe y si pones poco para q el cafe molido este holgado y filtre el agua, a veces se queda todo el agua arriba y no cae nada.....

La verdad q teniendo una cafetera practicamente nueva, tener esta sensacion de decir, joe.....tenia q haber pillado una nespresso d capsulas......",Maialen,Revisado en España el 14 de diciembre de 2018
Decepción,"2,0 de 5 estrellas","Desde el principio perdía un poco de agua, no le di mucha importancia ya que al fin y al cabo conseguía un buen café, ahora tras meses de uso no sólo pierde agua sino que no ajusta bien y el café termina lleno de posos.
El los últimos años he comprado varios electrodomésticos de esta marca y a los dos años son para tirar.",Paz,Revisado en España el 9 de diciembre de 2023
Café frio,"2,0 de 5 estrellas",Increíblemente el café sale templado. Nunca sale caliente,almeria,Revisado en España el 13 de abril de 2024
"Power expreso 20 matic,no la recomiendo.","2,0 de 5 estrellas","Para un cafetero nose,pero para alguien que le guste tomar 1 o 2 cafes al dia esta muy bien.El cafe sale bueno y con bastante espuma por encima.Facil de usar de limpiar.Y el espumador no es buenisimo pero tampoco malo,pasable.
El gran pero es que tira agua por debajo da igual que la acabes de utilizar o que lleves 2 dias sin hacerlo.
Pedi una y a los 2-3 dias empezo a tirarla(solo la tira cuando la levantas y la inclinas),pense que vendra defectuosa y pedi que me la cambiaran. Con Amazon genial a los 2 dias tenia la nueva en casa.Todo muy bien hasta que a los 15 dias la levanto y mi sorpresa fue que le pasaba lo mismo.Al final e pedido el reembolso porque no es que la haga funcionar mal,pero por ahy debajo van cables y la corriente y el agua no son buenos amigos.Lo peor es que creo que no soy la primera a la que le pasa y que la marca no halla hecho nada por arreglarlo.No creo que 2 seguidas sea una coincidencia.",Yessica,Revisado en España el 19 de octubre de 2022
48h la he devuelto.,"2,0 de 5 estrellas","Me encantaría escribir otro tipo de reseña, pues estaba encantada con mi 'Juguete nuevo'..
La recibí el 9 de enero por la tarde, deseando llegar a casa y ponerla... Y así fue.. Día 10, lleno deposito, preparo mi 1er café... Super Contenta!! Rápida, calienta tazas maravilloso, con su cremita.. Hablando maravillas con mis compis... Llego a casa a las 20h.. Horror!! Litro y medio d agua x la cocina... Pierde agua!! Decido darle una segunda oportunidad, ( después del cabreo!) x si n habia acoplado bien el depósito... Y era culpa mía!
Día 11, lleno medio depósito ( por si acaso! Y pongo trapos), proceso a hacer mi café... Y jo**er! Q bien!.. Pienso 'seguro q fui yo, q lo. Puse mal'.. 21h.. Trapos mojados y más d lo mismo :(
Así que la he devuelto! No voy a probar suerte con otra! Esperaré q se me pase la decepción.",Maria P. Navarro,Revisado en España el 12 de enero de 2023
Bien hasta que ha petado,"2,0 de 5 estrellas","Después de año y medio de uso, el agua ya no sale por los goteros del café sino que sale alrededor, por lo que la cafetera ahora mismo está inservible",Juan,Revisado en España el 29 de enero de 2024
Decepción,"2,0 de 5 estrellas","La tuvimos que devolver a la semana. Probamos varias marcas de café y no salía bueno. Hasta se borraron los dibujos de los botones.

El vaporizador correcto.",Elvira,Revisado en España el 20 de enero de 2024
Duró dos años,"2,0 de 5 estrellas","Cuidado con este producto, me duró dos años a un café diario, empezó a perder agua y luego dejo de calentar, cuando lo lleve a arreglar como paso la garantia me querian cobrar 34 €, supuestamente estaba fuera de garantia, no entiendo como un producto con tan poco uso se estropee tan pronto",Cliente Amazon,Revisado en España el 6 de noviembre de 2023
Queja,"2,0 de 5 estrellas","Buenos dias.
Soy Montse, me llego la cafetera cecotec, estoy muy indignada con la resolución que me han dado, no se si es la empresa que la arreglo o ustedes de Amazón, me dicen que la cafetera estaba sucia, y que me lea bien las instruciones, para poderla limpiar, yo soy una persona que la cafetera la limpio cada dia y la descalsifico cada mes, ya que la uso poco, me parece de muy poca verguenza dar dicha resolución. Si ustedes leen las opiniones de la gente, en todas dicen que sale un cafe aguado. Yo por mi parte no comprare nada cecotec, y por ciento que tengo varias cosas, y no me parece bien que digan lo de la suciedad. Si ustedes no saben fabricar cafeteras. Vale más hacer menos cosas y más bien hechas. Tengo mala educacion como ustedes han tenido. Un saludo.

Continuo hablando de mi cafetera, cuan do voy a probar si funciona bien, qual es mi sorpresa, que el boton de vapor, esta roto, cuando yo lo envie estaba perfecto, no se si fueron ustedes de Amazon ho la casa Cecotec, incluso los de transporte, mi opinion en reparación es nefasta.",Toni,Revisado en España el 14 de febrero de 2022
Pierde agua,"2,0 de 5 estrellas","Es la tercera cafetera de la misma marca y modelo que compro desde el 28 de diciembre pasado.
La primera la compré en una tienda del barrio y la devolví porque perdía agua por la base, salía a chorro por el agujero de entrada del cable de alimentación.
Compré por aquí al misma pensando que era cosa de la tienda porque me llevé la que tenían en exposición.
Llegó y la rueda del vapor daba problemas. La devolví.
Llegó otra nueva el pasado domingo día 23.
Esta mañana había un charco de agua debajo de la cafetera y al levantarla ha vuelto a salir otro chorro por el mismo sitio. Como si se hubiera acumulado dentro de la carcasa y saliese al levantarla para ver por qué había un charco debajo.
Ha hecho media docena de cafés en total. El último, anoche.
En Atención al Cliente de CECOTEC, muy amables, dicen que no les constan fallos, claro.
La he devuelto.
No sé si es problema de la marca, del modelo, o de ese tipo de cafeteras, pero las anteriores Nespresso que he tenido no perdían agua y no creo que sea normal que una cafetera pierda agua.
A una cafetera solo le pido que haga café. No soy muy exigente al respecto, con que tiña el agua me vale.",Miguel Ángel Tapia,Revisado en España el 25 de enero de 2022
Mal producto,"2,0 de 5 estrellas","El calentador de leche a vapor ha fallado dos veces , no funciona. La maneta del café se ha soltado.
En definitiva poca calidad",chema,Revisado en España el 22 de enero de 2024
"Buen cafe,pero el vapor se ha roto","2,0 de 5 estrellas","Buen café pero desde agosto y ya se ha roto lo de calentar la leche, fue un regalo para familia que vive fuera de espańa y ahora no puedo pedir garantía…. No la recomendaría por que en 6 meses ya no se puede calentar la leche con vapor.",javier,Revisado en España el 3 de enero de 2024
Cafetera,"2,0 de 5 estrellas",No me funciona bien,Ni me funciona bien yanet,Revisado en España el 1 de abril de 2024
Una estrella por cada año que me ha durado,"2,0 de 5 estrellas","Cómo anunciaban las profecías de las reseñas que decidí ignorar, la cafetera pasó a mejor vida poco después de los dos años de garantía.

Sucedió justo después de un proceso de limpieza y descalcificación, aplicado según el manual, que aparentemente inundó y fundió la electrónica interior.",jarbo,Revisado en España el 23 de noviembre de 2023
Baja calidad,"2,0 de 5 estrellas","A los cinco meses perdió presión. La envíe a reparación y la he recibido prácticamente igual.

Perdida de presión",Cliente Amazon,Revisado en España el 1 de febrero de 2024
Pierde agua cuando se esta calentando,"2,0 de 5 estrellas","Tarda lo justo para calentarse pero pierde agua mientras se calienta. Y una vez acabado el café sigue goteando bastante.
Como hagas dos cafés seguidos el manguito por donde sale el café, solo sale por un agujero, (no siempre pasa).

Pensaba que era mejor calidad.",Dario gomez,Revisado en España el 7 de diciembre de 2023
Poco duró la alegría,"2,0 de 5 estrellas","Play Video
Reseña mod Power express20
Primero, cuando llegó muy bien,no ruido ni temblores (con otros modelos de otras , que tuve que devolver, fatal)
Así que contenta pero...no la tengo ni tres semanas y me pasa lo del vídeo .Ahhh lo de que calienta las tazas,por lo menos esta no,puede que otras . Hago devolución.",Ileina,Revisado en España el 3 de diciembre de 2023
No cumple las expectativas,"2,0 de 5 estrellas","La verdad el café tiene muy buen sabor, pero la máquina tarda mucho en encender, no tiene parada automática, es decir tienes que calcular cuánto de café quieres que salga y estar pendiente, el café al salir salpica todo al rededor :( en fin creo que es el único producto Cecotec que no me ha gustado 100%",Vane Gonçalves,Revisado en España el 30 de agosto de 2023
Abierta,"2,0 de 5 estrellas","De momento le doy 2 estrellas porque me ha llegado en la caja original sin poner otra encima por lo menos para que no se viera lo que era y además esta abierta. He sacado todo y creo que no falta nada aunque creo que la han manipulado, yo la compré como nueva y me decepcionada que sea ya usada aunque no se allá puesto en marcha. Cuando la pruebe volveré a poner comentario, espero que funcione.",nuria,Revisado en España el 28 de junio de 2023
LA 1ª perdía agua la 2º sin presión,"2,0 de 5 estrellas","Pues como dice el titulo en 2 semanas 2 cafeteras, la 1ª la tuve en casa 3 días el primero y el segundo día iba de lujo un café bastante bueno con una cremita muy decente temperatura adecuada y buena mezcla de agua. al 3º día después de preparar el café mañanero me pongo a limpiar la cafetera y sus accesorios cuando me di cuenta que perdía agua, quito el deposito compruebo que no se salía lo dejo a un lado y al mover la cafetera por unos de los lados empezó a salir agua como si fuera una catarata. LA devuelvo y pido la 2ª me llega la pongo en marcha preparo el primer café y pensé me e pasado prensándolo por eso no sale y después probé sin café y escasamente sale un hilo de agua. llevo mas gastado en café que en la cafetera haciendo pruebas la segunda va de vuelta a ver si a la tercera va la vencida",Jaime A.,Revisado en España el 21 de enero de 2022
Mala calidad de los materales. Se nota.,"2,0 de 5 estrellas","Hace el café rico, que es su función principal, pero es lo único positivo. Al día siguiente de que me llegara el mando del porta ya estaba flojo, el vaporizador bueno, funciona pero hay que pillarle un poco el truco, y es lento. Cuando pongo la máquina a calentar para utilizar el vaporizador, comienza a caer bastante agua por la salida del portafiltro, lo que es muy engorroso porque la bandeja se llena enseguida, además, si tras utilizar el vaporizador hago un café, el agua sale casi en estado gaseoso, haciendo que todo quede salpicado además del café quemado. No la recomiendo en absoluto, igual conviene gastarse un poco más para que al menos, teniendo las mismas funciones, no se den este tipo de problemas.",Nacho,Revisado en España el 15 de agosto de 2022
Decepcionante,"2,0 de 5 estrellas","El primer día, hice un solo café, para ver si su funcionamiento era óptimo y así fue. Al día siguiente comencé ha hacer un uso habitual de la cafetera, o sea, unos 3 cafés al día. Cuando llegó la noche, me di cuenta q la encimera estaba llena de agua y pensé que podría haber sido algo casual. Lo limpie, y a la mañana siguiente, la encima volvía a estar llena de agua, sin ni tan siquiera haber hecho uso de la cafetera. Retiré el depósito de agua para ver si tenía algún defecto y cual fue mi sorpresa, q de dónde salía agua era de dentro de la cafetera y salía por todas las rendijas.
Le di una oportunidad, después de haber leído muchos comentarios negativos, y veo que me equivoqué.
La cafetera está envalada y a la espera q la recojan para su devolución.
Yo no recomiendo el producto para nada. Es una pérdida de tiempo",Ainhoa Núñez,Revisado en España el 16 de febrero de 2022
Faltan componentes,"2,0 de 5 estrellas",Me ha llegado la cafetera sin el filtro de 1 café ni la cucharilla medidora para premsar el café,sergi,Revisado en España el 26 de diciembre de 2023
¿Pierde agua?,"2,0 de 5 estrellas","Creo que no es muy lógico que en el precalentado suceda esto hasta llenarse el recipiente prácticamente, perdiendo de esta manera muchísima agua.",Manzanita,Revisado en España el 17 de enero de 2024
Bonito diseño y potencia pero poca vida útil,"2,0 de 5 estrellas",Al principio bien. Buena potencia y bonito diseño. Café muy espumoso pero tras 2 años ya no funciona bien y no sale café. Además el filtro para 1 o 2 tazas se atascó al poco tiempo y ya no se podía cambiar.,Adrián Domínguez,Revisado en España el 20 de octubre de 2023
1 máquina fallaba-2 maquina perfecta.,"2,0 de 5 estrellas","La máquina en si es bastante buena, después de echarle agua al día siguiente estaba toda en la encimera de la cocina, el café es bastante bueno, pero en este caso me ha salido rana, repetiré la compra y para comprobar que es un fallo de fábrica y no todas son así, que tira agua, pues otra vez devuelta y ya esta.
EDITADO UNA SEMNAA DESPUES.
Después de recibir la segunda máquina he de decir que ya con esta he acertado, no tira agua y echa un café bastante bueno.
La foto del café podría ser de cualquiera de las dos máquinas ya que el café en si, sale bueno.
El único inconveniente es tener que ir a devolver la primera y las molestias que ello conlleva ya que tienes que buscar el tiempo para llevarla a correos.",Miguel MAFA,Revisado en España el 26 de septiembre de 2022
Tirar el dinero,"2,0 de 5 estrellas","Mi mujer y yo somos bastante cafeteros, y no nos vale cualquier cosa. Esto es un quiero y no puedo, además de tener sus complicaciones: llenar el depósito, limpiar el brazo por cada café que hagas, obstrucción del porta filtro súper rápido (en mi caso, en la primera semana), la máquina gotea y mancha en cada uso.
Es mi opinión, es de las peores compras que he hecho en bastante tiempo, tiene buen precio pero no justifica todo lo negativo que ofrece.
Compra una cafetera italiana de toda la vida por 10€.",Miguel,Revisado en España el 7 de marzo de 2023
Llego dañada,"2,0 de 5 estrellas",La cafetera hace buen café però llegó dañada.. sólo trae el embalaje original... Sin la caja de Amazon.. el paquete poco protegido,Xavier B.,Revisado en España el 15 de noviembre de 2023
Mala relación calidad-pecio.,"2,0 de 5 estrellas","Hace 12 años compré una cafetera de estas características (y más fea) en el LIDL por 50€ con 10 bares menos y la sustituí por esta que apenas ha durado un año y ya me está dando problemas. No tiene auto apagado y el filtro no es desmontable. Estéticamente no está mal, pero no pienses tomar café en una taza un poco más grande que las típicas de bar, porque la altura es mínima.

Demasiado cara para lo que ofrece, sinceramente.",Alfredo,Revisado en España el 28 de abril de 2023
Cajas en mal estado,"2,0 de 5 estrellas","El producto es bueno,tengo una en mi casa y estoy contenta con ella.
Compre 2 mas para regalo pero las cajas estaban rotas por arriba y como presionadas por los lados.
Con lo cual dan muy mala impresion para un regalo.
No lo volveria a comprar en este sitio",M Carmen,Revisado en España el 2 de agosto de 2023
Malaa!!!!,"2,0 de 5 estrellas","Compre 2 cafeteras, una para mi y otra para regalar a mi madre, a mi me funciona bien de momento , pero la de mi madre la que fue un regalo, a salido super malaa, al principio iva bien pero en cosa de mes asi el boton de encender la cafetera dejo de funcionar, se envió a reparación, me llega hoy reparada y cual es la sorpresa... que el tiempo de espera en encender la cafetera resulta ser más largo que el que era de un principio y para mejor la rueda de hechar vapor, esta empotrada, no gira ni para un lado ni para el otro... y cual la solución? volver a enviarla a reparación, osea aparte de no mejorar la cafetera me la traen a peor.... y más tiempo de espera.
Osea si se envia un aparato a reparar que menos que la revisen completamente y verifiquen que funciona correctamente, no tener que volver hacer el mismo proceso por 2 veces, mareando a la gente... servicio de repacioon peesimoooooooooo!!!",Ana sandra,Revisado en España el 28 de abril de 2021
Producto excelente pero con fallos,"2,0 de 5 estrellas","Inicialmente todo iba perfecto y me encanto, pero luego de 6 meses el vaporizador fallo, lo envie en garantia y regreso informando que estaba buena y mantenimiento realizado, vuelvo e intento vaporizar pero sale humo sin presión. si lo dejo mas de 10 min calentando salia presion por unos segundos y luego mal de nuevo. la envio de nuevo a garantia y regresa mencionando que no tenia nada malo.

Cabe mencionar que el producto iba super bien pero el servicio tecnico no sabe arreglar fallos",Yurani Hoyos,Revisado en España el 23 de febrero de 2023
MUY DEFRAUDADOS y nos sentimos TIMADOS,"2,0 de 5 estrellas","Ahora, en junio de 2022 me compré esta cafetera y mi hermano la compró también. Hace unos meses, a él dejó de funcionarle. No se calentaba, por lo que el café salía frío. Y, no hubo manera de contactar ni con atención al cliente de Amazon, ni con el servicio técnico de la marca.
Y la mía, hace tiempo que dejó de funcionar el espumador de leche/calentador de agua. Y hace unos días, me encontré con el mismo problema que mi hermano: la luz no deja de parpadear (es decir, no se calienta) y por lo tanto, el café sale frío. Así que, en menos de 2 años, dos cafeteras a la basura.
Muy defraudados con las compras, con la marca y con la nula atención recibida.",LOLA P.,Revisado en España el 23 de abril de 2022
Buen café pero incómodo uso,"2,0 de 5 estrellas","Hace buen café, pero el brazo que trae, el filtro de 1 y 2 tazas se caen con muchísima facilidad. Debería traer un saliente metálico que entre y al girar queda estable. Cada vez que quitas el café hecho el filtro se cae a la basura o casi. Es muy muy incómodo. Es más, el brazo sí viene con un canal para que los filtros tengan ese ""enganche"" de metal, pero por algún motivo ninguno de los filtros lo trae. Es una verdadera lástima pues la convierte en demasiado incómoda como para recomendarla.",Juanvi,Revisado en España el 6 de octubre de 2022
El cafe sale tibio.,"2,0 de 5 estrellas","Durante el primer año se comporto, dado su precio, como se esperaba. No era un cafe maravilloso pero servia. Al cumplir el año ya apenas calienta el agua y sale tibio. Para tomarte un cafe con hielo sigue siendo util.",Ricardo Morlanes,Revisado en España el 4 de julio de 2023
No la volvería a comprar,"2,0 de 5 estrellas","Después de usarla y tenerla un tiempo, no me la volvería a comprar. Gotea muchísimo aunque la pares y se me ha roto el mango y el cacillo por bastantes sitios. Se queda pillado cuando echa el café. Bastante regular.",Patricia,Revisado en España el 25 de mayo de 2023
NO LA COMPREIS,"2,0 de 5 estrellas","Después de un año en el que ha fallado sucesivas veces, de repente dejó de funcionar lo que calienta el agua para que el café salga caliente y funcione el vapor.
Como estaba en garantía, la mandamos a través de amazon, nos dijeron que en 20 días laborables nos la devolverían arreglada. Hemos tenido que reclamar 2 veces porque no sabíamos nada. Sorpresa cuando nos la envían, que está rota. Nos dicen que puede ser del transporte, pero la caja está intacta.
Menos mal que Amazon trabaja muy bien y nos ha dado la posibilidad que devolvernos el dinero o cambiarla por otra. Obvio que me devuelvan el dinero. CECOTEC trabaja muy mal con las reparaciones!!!",Maria,Revisado en España el 11 de febrero de 2022
Servicio tecnico nulo,"2,0 de 5 estrellas",A los 6 meses de comprarla empezó a perder agua al encenderla y nos intentamos poner en contacto con el servicio técnico 2 veces y no hemos recibido contestación ninguna. Al final como siempre Amazon ha respondido fenomenal ante el problema buscando soluciones. No volveré a comprar Cecotec.,Beatcas,Revisado en España el 3 de mayo de 2023
Mala experiencia,"2,0 de 5 estrellas",Mala experiencia on este producto,Antonio Diaz Pau,Revisado en España el 2 de noviembre de 2023
No esta mal,"2,0 de 5 estrellas",Muy pequeño tuve que devolverlo,Kelk86,Revisado en España el 10 de octubre de 2023
A las dos semanas empezó a perder agus,"2,0 de 5 estrellas","A las dos semanas de comprar la cafetera empezó a perder agua por la parte de abajo.
Como si se hubiera roto una tubería interna.
Probamos que el recipiente del agua ajustara correctamente.
Acabamos devolviéndola porque es mucho el agua que pierde.

No volveré a comprar un producto cecotec. Ya es la segunda mala esperiencia que tengo con esta marca.
La calidad de sus productos es muy mala.",Rafael Blanco,Revisado en España el 11 de septiembre de 2022
Mala compra para mi gusto,"2,0 de 5 estrellas","Hace su función y es fácil de utilizar, pero el café que saca no es nada bueno, aparte de que utilizarla día a día puede hacerse incómodo ya que no es nada rápida ni eficaz, aparte de que limpiarla es un lío; por otra parte el espumador es inútil, mucho vapor y poca eficiencia. Si de verdad te gusta el café no compres esta cafetera.",DaniMato,Revisado en España el 22 de septiembre de 2022
Pierde agua por la base,"2,0 de 5 estrellas","La cafetera es muy bonita y el café sale de escándalo pero el punto negativo es que pierde bastante agua por la base, es una pena pero la he devuelto por esto. He leído mas reseñas y he encontrado que pasa a menudo espero que la marca Cecotec mejore esto.",antonio,Revisado en España el 9 de enero de 2023
El café sale delicioso pero la máquina pierde agua por todas partes,"2,0 de 5 estrellas","a pesar de q el café sabe delicioso, la cafetera perdía agua a lo bestia, menos mal que nos dimos cuenta rápido porque lo pusimos sobre un nuevo mueble de cocina de madera y nos lo podría haber destrozado. solicitamos su devolución. si no fuese porque claramente tenía un defecto de fabricación la cafetera era una maravilla. hemos adquirido otro modelo que ojalá no tenga estos problemas",Cliente de Amazon,Revisado en España el 18 de noviembre de 2022
Mejor invertir algo más,"2,0 de 5 estrellas","La compré a pesar de las malas críticas. Al segundo uso, el portacazos empezó a oxidarse por muy bien que lo limpiase y secase. La mandé a reparación para que me cambiasen el accesorio y comprobasen la cafetera, ya que el café me sabía aguado aunque le echase poca agua (sabía extraño), no me cambiaron el accesorio y supuestamente la cafetera no presentaba ningún fallo. Todo un quebradero de cabeza y mareo el empaquetar y enviar el producto una y otra vez. Finalmente, la voy a devolver.",Emago,Revisado en España el 11 de mayo de 2022
Me esperaba algo mejor,"2,0 de 5 estrellas","Me confíe en regalar esta cafetera a mi pareja por los comentarios que había, pero resultó que la cafetera aparte de hacer el café aguado, suelta agua desde que empieza a precalentar hasta cuando ya has terminado de hacer el café, un fiasco muy grande vamos.",Diana Beltrán López,Revisado en España el 26 de marzo de 2023
Una pena,"2,0 de 5 estrellas","La cafetera preciosa, el cafe bastante bueno. Las instrucciones poquisimo claras. La rueda lateral, dia uno se quedo no en el cero, dia dos pasadisima de rosca sin que la forzaramos. Dia tres me toco decidir que la devolvia. estuve pensando en comprarla de nuevo la verdad, pero sin tocar la rosca lateral porque es bastante de juguete…",Neus,Revisado en España el 13 de septiembre de 2022
Defectuosa,"2,0 de 5 estrellas","Cumple su función de hacer el café pero la ruleta/botón para hacer espuma es inservible. No gira ni para un lado ni para otro ni se saca ni se mete. Voy a devolverla, esperemos que me devuelvan el dinero o me manden otra en condiciones.",Lorena Roxana,Revisado en España el 9 de mayo de 2023
Antes de cumplir el año a empezado a dar problemas,"2,0 de 5 estrellas","Estaba esperando a cumplir un año de uso de la cafetera. A los diez meses la cafetera empezó a dar problemas, lo primero decir que esta cafetera se a usado diariamente para hacer de uno a tres cafes, muchos días se usa para hacer un solo café.
El primer fallo que a tenido es que al pulsar el botón del calentador de agua la cafetera empieza a gotear, supongo que la pieza encargada de soportar la presión y evitar la salida del café estaba deteriorada.
En segundo fallo el botón de calentar el café se encendía solo, en cualquier momento sin tocar la cafetera, cuando pasa esto la maquina ademas se queda bloqueada, no se puede apagar ni pulsar otros botones, la única forma de apagara es desenchufando, cuando pasa aun rato la vuelvo a enchufar y funciona correctamente. A causa de este problema me puse en contacto con Amazon y me la cambiaron por otra cafetera nueva. el servicio de Amazon a sido impecable como siempre.
Si esta cafetera vuelve a dar problemas pediré la devolución del importe y probare con otra marca.",Roberto,Revisado en España el 7 de diciembre de 2018
Ha durado 1 año y medio,"2,0 de 5 estrellas","Cuando solamente havia pasado un año y medio de su compra falló. La presión del agua se disparaba y el agua salía por todos lados a presión con el evidente peligro de quemaduras que esto supone. Una vez vaciada, desmontada y totalmente limpia el problema continuó y nunca mas se ha vuelto a poder utilizar. Tengo cafetera de cápsulas y esta solamente se utilizaba con algunos parientes o visitas que prefieren el café exprés por lo tanto su uso fue escaso. Un fracaso.",Lluís Valcàrcel,Revisado en España el 12 de marzo de 2022
"Cecotec es buena marca, pero este modelo.......para nada.","2,0 de 5 estrellas","Tras varios meses de uso, y habiendo ido a servicio técnico en una ocasión, volvió a fallar un mes después. Se hizo el mantenimiento al pie de la letra, y aún así el técnico nos dijo que no lo parecía. Tras decirle los pasos seguidos, se sorprendió porque según comentaba, es como había que hacerlo. La cuestión es que al tener la segunda avería, Amazon me ofreció el reembolso. Por su parte perfecto, pero la marca debería entender que abaratar demasiado la producción de un producto conlleva casos como el mío, que seguramente no compre más cosas de Cecotec.",Paco Abedul,Revisado en España el 10 de noviembre de 2021
Demasiadas vibraciones y ruido. Demasiada agua goteada,"2,0 de 5 estrellas","Podría decir que cumple su función a un coste aceptable. Los materiales parecen buenos aunque es ruidosa como una moto por eso tiene 3 estrellas. Hace café y se puede tomar, calienta la leche fácilmente sin historias. La chapa plateada de las tazas vibra demasiado y eso es muy desagradable. El tiempo de envío excesivamente largo, cosa que no comprendo porque Cecotec envía con mucha celeridad pero en fin. Lo importante es que ya la tenemos. Dice que es compatible con mono dosis de café, ¿con cuales? Bien podría traer unas muestras. Se usará en estos días y se corregirá mi opinión si fuera necesario

16/4/2019 pegas:

Vibra demasiado
Gotea demasiado. Es un tedio. Siempre vaciando agua sucia aparte de que moja el café seco antes de empezar a hacer el café. Eso no debe ser bueno

Aunque el café sea normalito sin ser una delicatessen las molestias superan al placer. Rectifico la puntuación a 2 estrellas. No estoy satisfecho.

Cecotec no ha aprobado. Suspendido",Jose M,Revisado en España el 8 de abril de 2019
BuenA con defectos,"2,0 de 5 estrellas","No para de salirse el agua por debajo, no sé como hacer para que no vaya al salón y tenga todo lleno de agua, siento que estoy perdiendo con su compra, alguien puede ayudarme con esto????",Fátima,Revisado en España el 8 de enero de 2023
Se ha roto al mes de uso,"2,0 de 5 estrellas","Quiero ser lo más justo posible con la valoración, por eso, quiero destacar que la caja venia golpeada y la cafetera venia con una zona del depósito rota que no interfería en su funcionamiento y con un golpe en un embellecedor frontal. No sé si esto habrá sido un factor determinante en el fallo que me dio.
Al principio muy contento, hacia un café buenísimo, muy espumoso, y el brazo de vapor funcionaba también muy bien. Al mes de uso la estaba usando y el café no salia, escuché un ruido dentro y empezó a salir agua hirviendo por las grietas de unión que la maquina tiene en la parte superior. Me quemó un poco la mano ya que estaba aguantando la taza para no moverse por la vibración.
Puede que esto haya pasado por el mal transporte o por algún defecto de fábrica. No hay forma de saberlo. Si no hubiera ocurrido este episodio hubiera estado encantado con el aparato",Nuno,Revisado en España el 24 de abril de 2019
Regular,"3,0 de 5 estrellas","Escribo la reseña después de dos meses de uso de la cafetera. Al principio bien, una cafetera bonita, el mango muy ergonómico y el café para dos en una carga salia bien. Pero noto que con el tiempo cada vez sale mas ""aguado el café"" cuando haces por ejemplo café con leche para dos, no puedes hacerlos en una misma carga, antes si....ahora tengo que hacerlos de uno en uno y es incomodisimo. No se que le habrá pasado. Se limpia y se hace el mantenimiento rigurosamente.",SeokyPunto,Revisado en España el 5 de junio de 2024
El café lo hace pero no acaba de estar bueno.,"3,0 de 5 estrellas","La compré para tener en casa y hacer unos cafés de esos que repites varias veces.

Me fui a una tienda especializada compré un café de los que te mareas al pagar y cuando los hice... decepción.

No quería echarle la culpa directamente a la cafetera pues sólo probara con ese café así que busqué por los foros cafés recomendados y me fui al corte y compré otro café, algo más barato, esta vez sólo tuve que empeñar uno de mis riñones y listo.

Resultado similar, no me convenció el sabor.

Se los llevé a un amigo y los probamos en su cafetera y el sabor fue totalmente diferente. Ahora si que sentía que estaba tomando un buen café.

En resumen... No sé si es la presión, o cual es el motivo por el que no acaba de salirme con ella un buen café, soy muy poco entendido en estos temas.

Lo que si puedo asegurar es que ahora tengo un cacharro más en la cocina ocupando espacio.

Tal vez en un futuro me compre una de las de verdad y a la larga acabaré ahorrando dinero.",Torreirus,Revisado en España el 22 de enero de 2024
Bonita y barata,"3,0 de 5 estrellas","Imitación barata de la antigua ufesa terminaciones nefastas rebabas mal acabadas ,,añoro la antigua ufesa
Más cara pero mucho mejor,el café sale muy bueno, no creo que me dure 2 años...",Ismael Martínez Ripoll,Revisado en España el 13 de julio de 2024
Cafetera calidad /precio buena.,"3,0 de 5 estrellas",Fácil de limpiar y poco ruidosa. Tarda bastante en calentar la resistencia en comparación con otras que he tenido. Para tener 20 bares de presión no saca demasiada espuma.,Andres,Revisado en España el 29 de julio de 2024
"Hace cafés. Más que con crema, con espuma!","3,0 de 5 estrellas","Para lo que vale, hace cafés. El depósito de agua es adecuado, no hay que cargarlo continuamente como otras. Los cafés los hace rápidos, temperatura justita pero ok. Vibra poco, cosa importante porque en otras cafeteras hay que vigilar que la taza o tazas sigan en su sitio si te despistas un momento.

Más que crema hace casi espuma, y bastante. Algo notorio. Supongo que dependerá de la marca de café.

Sin embargo es bastante jaleo hacer un café. Aquí ya depende de lo limpio que sea cada uno. Al ponerla en marcha para calentarse gotea, y cuando acaba el café queda una cantidad considerable de agua en el circuito que cae a la taza o a la bandeja inferior al sacar el brazo. Sacar la bandeja es poco cómodo y se llena pronto.",Albert,Revisado en España el 29 de febrero de 2024
Hace un cafe muy flojito,"3,0 de 5 estrellas",Al cafe le falta cuerpo y he probado con tres tipos diferentes. Para nada se parece a los cafes de cafeterías,Maria,Revisado en España el 16 de julio de 2024
Para profesionales,"3,0 de 5 estrellas",Para hacer un buen café hay que hacer muchos cafés,Cliente Amazon,Revisado en España el 19 de julio de 2024
Tarda muchisimo en calentar,"3,0 de 5 estrellas","Tengo desde hace dos dias esta cafetera y tarda mucho (5 minutos) en calentar para preparar el cafe. Estoy valorando la posibilidad de devolverla. El brazo de la cafetera es muy largo y delgado, lo que dificulta su colocacion.
No recomendable si estas buscando una buena cafetera",Maragato,Revisado en España el 6 de julio de 2024
"Barata, buen café pero muy floja. No puedes pedir más por ir ese precio","3,0 de 5 estrellas","Ya va a hacer un año que la tengo. Habló del modelo cecotec cafetera express digital Power espresso Matic para expreso y capuchino de 20 bares, 850 w de potencia y vaporizador orientable.
Dudé mucho por las malas opiniones pero tampoco quiero gastarme un dineral en una cafetera.
El café lo hace muy bueno, la cafetera parece de juguete, no pesa nada, prácticamente toda de plástico excepto la rejilla, el cazo y los cacillos.
Ahora se sale por abajo por algún sitio indeterminado y constantemente hay que estar pendiente, pero...vi el mismo problema en diferentes marcas de precios parecidos o superiores, así que me decanté por la más barata. Puedes poner una pequeña bandeja bajo para q no t manche la bancada.
La mía anterior era robusta, pesada, el cazo también pesaba y me duró mucho pero era más cara. Está la considero peor pero es lo que hay por 77€.
Lo del vapor no lo gasto. Solo café. Y de crema sale muy bien. También es cierto que utilizo un buen café molido para maquina express. El molido es muy importante para sacar buena crema y consistencia.
Uso agua mineral, como en todas mis cafeteras.
No noto un ruido especial ni demasiada vibración.
Son 20 bares, no encontraba esa potencia ni en máquinas muchísimo más caras.
La enciendo, hago cosas y al rato hago el café, antes de q se apague porque si lleva mucho encendida se apaga sola.
El café se corta solo, es automático, aunque también tiene una posición para hacerlo manual. Con el corte automático sale bien de corto y d crema y no tienes que estar pendiente por si se sale. Para mí ese detalle es importante.
Tiene malas críticas, es cierto, pero como otras más caras. Todo depende de lo que puedas o quieras invertir en una cafetera y de lo exigente que seas. Yo intento ser realista en cuanto a precio y calidad.
Echo de menos cafeteras intermedias como antes que por unos 200€ tenías una máquina toda de metal, pesada, y buena que parecía de bar en pequeño y te duraba más de una década o dos. Ahora hasta las d ese precio son de plástico y, por muy buen café que hagan...las piezas de plástico no se pueden comparar a las metálicas, más pronto que tarde se rompen y... adiós cafetera. Incluso el metal que usan ahora es de otro tipo, pesa menos y se ve enclenque, habló de las económicas.
Para mí lo más engorroso es que se salió antes del año pero por lo demás...hace mejor café del que te sirven en muchos bares.",Makeda,Revisado en España el 22 de octubre de 2020
Regular,"3,0 de 5 estrellas",La verdad que la esperaba de otra manera. Más robusta i no tan endeble! Es toda muy de plástico i no se yo lo que durará! Un poco decepcionante. I donde se pone el café hace como un fondo i siempre queda agua hay.,Jordi la vespa,Revisado en España el 26 de junio de 2024
Cafetera ecotec,"3,0 de 5 estrellas",Hace buen cafe pero gotea mucho,Jose,Revisado en España el 28 de julio de 2024
No la recomiendo,"3,0 de 5 estrellas","No la recomendaría porque tienes que darle tu al botón para que pare con el café.
El depósito para las gotas de agua/café que cae una vez hecho y retiras la taza es una tortura sacarlo, empastre asegurado.
Muy muy mal diseñado",maria,Revisado en España el 24 de mayo de 2024
Ha durado 6 meses,"3,0 de 5 estrellas","No sé si ha sido por qué el repartidor la lanzó por encima del muro de mi casa
al suelo ( aparentemente no se apreció nada roto por el envoltorio estaba bien protegido) pero al tiempo empezó a tirar agua por la rueda del vapor, lo bueno Amazon se hizo cargo y ningún problema.",david,Revisado en España el 19 de junio de 2024
Nos ha durado dos meses y medio,"3,0 de 5 estrellas","Cafetera de barista, buen café una vez le coges el truco. Si es verdad que debes ir regulando la presión según el café de grano que compres y no resulta tan cómodo que una superautomatica. Si tienes prisa por las mañanas, no es tu cafetera. Ahora bien, se ha estropeado a los dos meses y medio a pesar de tener un buen mantenimiento, intentamos arreglarla y limpiarla de nuevo a fondo pero finalmente tramitamos la devolución. Es un modelo demasiado nuevo sin muchas opiniones (Cecotec Cafetera Express Barista Power Espresso 20 Barista Maestro. 2250 W, 20 Bares).",Lucia,Revisado en España el 25 de marzo de 2024
Buena maquina pero....,"3,0 de 5 estrellas","Calienta rápido el agua, hace buen café y buena espuma pero como en otros productos Cecotec que tengo, los botones se borran muy rápidamente. Ya tengo el de encender borrado, y el del vapor está a punto de desaparecer. No hace ni un mes que la tengo en marcha.",Lluis Fabregat,Revisado en España el 10 de mayo de 2024
poca durabilidad,"3,0 de 5 estrellas","Compré dos cafeteras una para mi y otra para mi madre, a ambos nos ha durado poco mas de un año. El manguito de la junta en donde se pone el café acaba deteriorandose en ambas cafeteras. Una lástima, iba perfectamente hasta ahora que hemos tenido ese problema.",Diego,Revisado en España el 14 de junio de 2024
Estética bonita buen precio mal funcionamiento,"3,0 de 5 estrellas","Lo dicho, bonita y barata pero el café sale aguado de hecho tengo un vaso permanente abajo porque chorrea agua siempre al encender antes de poner el cacito y después también,el café sale aguado",VERONIKA,Revisado en España el 5 de julio de 2024
La he devuelto porque soltaba mucha agua despues de cada cafe,"3,0 de 5 estrellas","Hace el cafe muy bueno pero despues de cada cafe soltaba bastante agua obligandome a poner un cuenco siempre debajo. Por lo que he podido ver en algun video no solo me pasa a mi, asi que no se si sera algo normal de la maquina. Aunque la apagara seguia soltando tanta agua como para otro cafe largo. Me he pedido un modelo superior a ver si responde mejor",Amayra,Revisado en España el 10 de mayo de 2024
A mi no me sirvio,"3,0 de 5 estrellas","Es buena cafetera pero solo admite moler CAFE Natural y a la hora denponer el.porta cuesta bastante, primero q al.ppio esta duro pero molesta la zona donde sale molido el cafe",Cliente Amazon,Revisado en España el 3 de junio de 2024
Podría mejorar,"3,0 de 5 estrellas","Hace buen café,pero no es práctica porque el filtro se cae si no lo sujetas.Es bastante lenta y el hecho que el café ya está programado(largo o corto) condiciona al usuario esperar que se caliente 2 veces si quiere un americano.",S. Alcalde,Revisado en España el 8 de mayo de 2024
Gotea,"3,0 de 5 estrellas","Me gusta el café recién hecho, sale con su buena crema.
No me gusta que una vez quitas el porta para desechar el café, queda agua en el y cae a la bandeja. Gotea unos segundos después por lo que siempre vas a tener agua y vaciar a diario esa bandejita.",Bernabe Navero,Revisado en España el 26 de mayo de 2024
Café aguado,"3,0 de 5 estrellas","No se por qué, pero me sale el café aguado, usando la misma cantidad de café que en otras cafeteras, eso sí, con mucha crema.",Bernardo,Revisado en España el 2 de julio de 2024
En un mes de uso tiene borrados algunos símbolos de los botones,"3,0 de 5 estrellas","Hace buen café y es muy cómoda de usar, pero en un mes se están borrando los símbolos de los botones que más se usan.",Ana,Revisado en España el 20 de junio de 2024
Se podria mejorar para que aguante el calentamiento !,"3,0 de 5 estrellas",Esta haciendo un cafe buenisimo pero al calentar el agua no aguanta para un cafe americano por ejemplo!,Dan barbir,Revisado en España el 19 de junio de 2024
...,"3,0 de 5 estrellas",De vez en cuando se traba el pitorro de la leche,Iulian M.,Revisado en España el 5 de junio de 2024
Está bueno,"3,0 de 5 estrellas",Hace el café está bueno fácil de usar,Muy bien producto es como se describe recomndable,Revisado en España el 11 de junio de 2024
Parece de juguete,"3,0 de 5 estrellas","Hace su funcion, pero parece de juguete, es muy endeble, no tiene opcion de regular el tiempo que sale el cafe y tienes que estar pendiente de pararlo porque se te llena el vaso y se sale todo si no te das cuenta, ya que la tengo no la devuelvo, pero no volveria a comprarla",montsilu,Revisado en España el 25 de febrero de 2024
Pasable,"3,0 de 5 estrellas","La cafetera está bien, pero el hervidor- calentador de vapor le sobra , no vale para nada, una vez acabado de tirar el café sigue perdiendo agua, y una taza normal no cabe han de ser tazas pequeñas",Alejandro Gutierrez Palacio,Revisado en España el 29 de abril de 2024
Ni mal ni bien.,"3,0 de 5 estrellas","No está mal pero además de lenta, el vapor es un asco....te cuesta la misma vida hacer la espuma en la leche. No la recomiendo la verdad. O es muy mala o viene defectuosa....no lo sé. Pero como dije le cuesta hace espuma en la leche la misma vida....",Sergio Morales,Revisado en España el 3 de marzo de 2024
El café sale perfecto,"3,0 de 5 estrellas","Tarda muchísimo en calentar para el primer café de la mañana. El calienta leches es de juguete y no sirve prácticamente para nada, es una cafetera demasiado ruidosa. Eso sí, el café sale muy bueno",Francisco Javier Lopez Ruiz,Revisado en España el 17 de mayo de 2024
Café poco caliente,"3,0 de 5 estrellas","El café sale muy rico y con espumita, la máquina funciona muy bien y no es nada ruidosa, pero para mi gusto que me encanta el café caliente no tiene temperatura óptima, he solicitado devolución porque no me gusta nada el café templado. Lo demás todo perfecto.",Eva,Revisado en España el 18 de abril de 2024
Funciona pero tarda en calentar.,"3,0 de 5 estrellas","La cafetera usada con 6 cafes diarios funciona como tiene que hacerlo, solo un pero que para mi es un poco incomodo. El tiempo de calentamiento es demasiado largo comparado con otras cafeteras similares, tarda entre dos minutos y medio y tres en hacer el primer calentamiento... pero con solo dos dedos de cafe en la taza hay que esperar de nuevo unos 30 segundos o algo mas, para que vuelva a calentar para poder hacer un cafe un poco mas largo.
Para el segundo cafe tras hacer el primero, hay que esperar de nuevo casi un minuto para poder empezar con el segundo y de nuevo otra vez la espera.
No se si sera normal esto en este modelo de cafetera, pero en comparacion con mis dos anteriores, tarda mucho en calentar el agua.

por lo demas funciona tal y como anuncian.",miguel,Revisado en España el 19 de noviembre de 2023
Hace cafe pero regular,"3,0 de 5 estrellas","No acaba de ir del todo bien.
El boton de encendido/cafe no calienta la maquina, si la caliento desde el vaporizador se calienta demasiado y sale a presion.",jdefrutos,Revisado en España el 21 de mayo de 2024
HACE POSOS DEL CAFE,"3,0 de 5 estrellas","Aveces quedan posos de café en el fondo de la taza y otras no, es muy raro, por lo demás, bien de momento.",JOSE Y LIDIA,Revisado en España el 25 de mayo de 2024
Mal estado,"3,0 de 5 estrellas",Mientras funcionaba era aceptable.,Devolución cafetera para reparación o devolución.,Revisado en España el 10 de julio de 2024
Lo esperado,"3,0 de 5 estrellas","Vino con un arañazo, material un poco endeble, pero calidad precio esta bien",ABM,Revisado en España el 28 de mayo de 2024
"Por el precio, bien","3,0 de 5 estrellas","No esperes maravillas por ese precio, pero cumple si no eres exigente.",Juan O.,Revisado en España el 2 de mayo de 2024
Hace cafe.,"3,0 de 5 estrellas",Despues de unos meses probandola es una Cafetera mediocre.Gotea agua sin el mango.cuando hecha cafe deja de calentar el agua saliendo el cafe tibio asi como el vaporizador.la cafetera se apaga sola si no se utiliza en diez minutos lo que conlleva que las tazas de la parte superior no lleguen a calentarse.Deberian mejorarse todos estos detalles pero por el precio esto es lo que hay.,DAVID,Revisado en España el 27 de enero de 2024
no sale el vapor para calentar leche y espumar,"3,0 de 5 estrellas",que hago para calentar la leche con la espuma antes funcionaba y ahora no,feli el gato,Revisado en España el 15 de mayo de 2024
MUY PRACTICA,"3,0 de 5 estrellas",Si te gusta el café recién molido esta es tu maquina. La bomba tiene poca presión ya que si mueles el café muy fino no tiene fuerza. Y si quieres calentar la leche con el evaporador es casi imposible ya que tarda muy poco en enfriarse y tienes que esperar bastante hasta que vuelva a calentarse la cafetera!!,Samuel,Revisado en España el 6 de enero de 2024
Cafetera,"3,0 de 5 estrellas","La cafetera está bien relación calidad precio, pero le pondría un problema con el goteo. Mientras se calienta y luego de hacer el café, gotea muchísimo, y siempre tienes que tener una taza debajo.",MARC MARTIN SANCHEZ,Revisado en España el 28 de febrero de 2024
Cafetera cecotec,"3,0 de 5 estrellas",Soy amante del café y compre esta cafetera. Con el tiempo bien. No tuve ningún problema. Pero es una cafetera normalita. Al que le guste el buen café yo buscaría algo más superior.,Joaquin,Revisado en España el 3 de marzo de 2024
Hace bueno el café,"3,0 de 5 estrellas","Calidad precio no está mal, de momento funciona bien y sale bueno el café, a veces expulsa agua sin motivo, si lo vuelve a hacer más veces haré una devolución o reclamación.",RAUL,Revisado en España el 8 de febrero de 2024
Normal muy normalita,"3,0 de 5 estrellas",Cumple su función para el precio que tiene. He tenido varias antes y esta es sólo normal.,Pedro J. Garcia Torres,Revisado en España el 22 de marzo de 2024
Buena cafetera,"3,0 de 5 estrellas","La compré hace un mes, o poco más de un mes. La máquina en sí está muy bien, el café sale sabroso, aunque compres uno barato.
Algo que no leí en ningún comentario ni vi en ningún análisis era el tiempo que tarda en estar preparada para hacer el café y lo que tarda en hacerlo.
Decir que es muy rápida, debe de tardar unos 20 segundos en calentar y otros 20s en hacer el café, más o menos. Bastante rápido, lo que es un 10.
La única pega que le puedo poner después de lo que la he usado es que el brazo, donde se pone el café, a pesar de limpiarlo después de cada uso, parece oxidado y sucio, tiene aspecto de que la lleve usando años. No sé si será un defecto de fábrica, pero da la sensación de que es de muy mala calidad.",Kripke,Revisado en España el 20 de junio de 2023
Muy poco práctica,"3,0 de 5 estrellas",Se hace difícil su uso. No es muy práctica que digamos.,Tere,Revisado en España el 12 de marzo de 2024
Bastante grande para su servicio,"3,0 de 5 estrellas",En menos de tres años se ha estropeado,Gema,Revisado en España el 23 de marzo de 2024
Dejo de funcionar,"3,0 de 5 estrellas","Me gustó la opción de una taza o dos tazas
Me gustó el brazo tipo bar
Me gustó la presión

No me ha gustado, que la cazoleta para una taza, se desmotara muy a menudo, ya que son dos piezas y volverlo a montar es una odisea
No me ha gustado, que cuando se obstruye el agujerito por donde sale el café, monte un lio de narices.
No me ha gustado que dure solo dos años y unos pocos meses, ya no funciona la resistencia que calienta el agua.
Me he quedado sin cafetera, no repito con CECOTEC",Vicente Carbonell,Revisado en España el 4 de octubre de 2023
Complicada,"3,0 de 5 estrellas",No es práctica,Cliente Amazon,Revisado en España el 16 de abril de 2024
EXPERIENCIA DESPUÉS DE 6 MESES DE USO,"3,0 de 5 estrellas","Desde la experiencia de alguien que nunca ha manejado una cafetera de este tipo. Solo tengo experiencia con: cafetera de goteo, cafetera de cápsulas, cafetera de cápsulas de papel y cafetera italiana.

:: PROS ::
- Un café muy bueno, como nunca había tomado. Compactando bien el café sale un café exquisito.
- Te hace engancharte a ver qué marca de café te gusta más, cosa que nunca habías pensado.
- Puedes hacer cafes cortos, largos, al ser totalmente manual lo haces justo a tu manera.
- Es una muy buena opción para meterte en el mundo del café expresso.
- Salen muy buenos capuccinos

::: CONTRAS::: (consecuencia de ser tan barata)
- No te avisa de cuando se queda sin agua y lo que es peor, sigue funcionando sin agua haciendo ruidos extraños.
- No puedes programarle la cantidad de agua para el café
- La opción de calentar la leche es tediosa: o calienta el agua o calienta la leche, no puedes ir calentando la leche mientras haces el café.
- Es exactamente igual que en un bar, cuando terminas de hacer el café hay que limpiar el recipiente (a golpes tal y como hacen en los bares) o meterle una cucharilla para limpiar el café usado. Al principio me hizo gracia, despues de 6 meses, ya no. Muy tedioso.
- Hace mucho ruido, como si estuviera temblando toda la cafetera.
- Gotea un montón, cuando cortas el agua sigue por si sola un poco más.
- Tarda casi un minuto estar caliente para el café, aunque esta parte se aprende a gestionar al ir preparando el café mientras se calienta.

::: ¿CÓMO HAGO EL CAFÉ CON LECHE PERFECTO? :::

1º Boton calentar agua
2º Mientras se calienta la cafetera, compactas el café lo más fuerte que puedas sin llegar arriba del todo de la cazoleta, hay que dejar aproximadamente 2 milimetros. La medida exacta es con el medidor que incorpora sin llegar a llenarlo por completo.
3º Introducimos la cazoleta en su sitio
4º Presionamos el botón del agua hasta JUSTO hasta el momento que se aprecie que empieza a cambiar de color de negro intenso a un poco menos intenso.
5º añadimos leche al gusto

La marca de café que uso es Marcilla gran aroma extra fuerte.",Pablo,Revisado en España el 6 de marzo de 2019
Buen café pero fallo en pieza,"3,0 de 5 estrellas","El café muy bueno eligiendo una buena marca de café expreso. He pedido un cambio de cafetera porque tiene fuga de agua del depósito por una válvula que no sella bien, y se encharca, con el consiguiente peligro",Isaac,Revisado en España el 10 de enero de 2024
Mejorable,"3,0 de 5 estrellas",No hace el mejor café del mundo pero es rápida. Fácil de limpiar. Personalmente prefiero una buena cafetera italiana porque el café sale mucho más concentrado o cargado,Solo-007,Revisado en España el 5 de febrero de 2024
Dura 2 años como mucho,"3,0 de 5 estrellas","Hace un café muy bueno, el problema es que la primera que tuvimos duro 5 meses y la segunda, la que nos dieron después, 2 años y medio",carlos callejon,Revisado en España el 4 de enero de 2024
Dura justo la garantía,"3,0 de 5 estrellas","Se ha roto a los 4 años de uso, el uso era solo los fines de semana, con lo que creemos que si es un uso diario, duraría menos de la mitad.
El café y la crema que saca es increible",José Manuel sornosa,Revisado en España el 11 de enero de 2024
Mediocre,"3,0 de 5 estrellas",Me decidi por esta cafetera porque estaba muy bien valorada llevo tres dias usandola y no me termina de convencer.El cafe sale a goteo no a chorros,mari carmen,Revisado en España el 5 de febrero de 2024
Pierde agua por debajo,"3,0 de 5 estrellas",El café muy rico y con espuma muy bueno pero la voy a decir porque me hace charco de agua por debajo lo cual quiere decir que pierde por alguna parte y sale agua por todos los tornillos,maria,Revisado en España el 22 de diciembre de 2023
Buen producto - servicio terrible,"3,0 de 5 estrellas","Funciona muy bien para una cafetera pequena. El dia que dejo de funcionar, tenia que contactarme con el servicio de reparacion de Cecotec para descubrir que es catastrofico.
El servicio es muy lento y le falta profesionalismo. Nunca comprare otro producto de Cecotec.",Tariq L.,Revisado en España el 17 de noviembre de 2023
Necesito ayuda,"3,0 de 5 estrellas","Necesito ayuda, el brazo no entra cuando le pongo el cazo de café, no gira al completo entra muy forzado",Angel,Revisado en España el 16 de enero de 2024
NO ME CONVENCE LA CALIDAD DEL CAFÉ EXPRESS.,"3,0 de 5 estrellas",Seguramente sea porque es complejo conseguir altas presiones en cafeteras domésticas. No lo sé.,fjperailes,Revisado en España el 21 de enero de 2024
funcionamiento y resultados,"3,0 de 5 estrellas","Lenta al calentar agua, y calienta tazas solo templa.",Javier E.Giron,Revisado en España el 29 de enero de 2024
No calienta suficiente,"3,0 de 5 estrellas",No calienta demasiado el café y sale muy templado,Fran,Revisado en España el 18 de febrero de 2024
Calidad.,"3,0 de 5 estrellas","La cafetera esta bien ,sin mas, pero no es normal que a los dos años y medio se rompa la caldera y no tenga reparacion. No aconsejo la compra de esta marca. Es de mala calidad.",Cliente Amazon,Revisado en España el 26 de noviembre de 2023
Buen café,"3,0 de 5 estrellas","El café sale bueno, pero acostumbra a las cafeteras de cápsulas, esta insucia todo, entre el polvo y los goteos...",Cliente Amazon,Revisado en España el 7 de diciembre de 2023
funcional y bien de precio.,"3,0 de 5 estrellas","Por el precio que tiene está bastante bien, pero custa un poco de encajar la maneta en la máquina, parece que se tenga que forzar y que se podría romper",Quim Adell Carbonell,Revisado en España el 15 de noviembre de 2023
Por ahora funciona bien,"3,0 de 5 estrellas",Y evo utilizándole un mes i va perfectamente el café sale bueno. Me gusta mucho esta máquina es lo qué buscaba.,Galina stankova marinova,Revisado en España el 20 de noviembre de 2023
No me convence,"3,0 de 5 estrellas","Después de casi dos meses de uso, mi opinion es diferente,.. gasta mucha agua, al encenderla sale mucha agua y al acabar de hacer el café sigue saliendo hasta casi llenar la taza..un depósito casi cada dos días por 4 o 5 cafés, excesivo... además, se le han borrado las marcas a los botones de uso, han quedado lisos, ya ha pasado el tiempo de devolución,.. al menos los cafes q hace no están mal...

EDITO
Estamos a principios de septiembre, o sea, hace cinco meses que la compré y mi opinión es cada vez más negativa. Por el filtro de un café ya no sale nada, ni aunque no pongas café, no sale agua, se acumula la presión y ahí se queda. Para un café uso el filtro doble, y sale algo de café si no se sale por arriba de la barra portafiltro, que además, va durísima ahora para girarla. Aparte que cuando la llevé a reparar a las pocas semanas, aún sigo sin respuesta de Cecotec. Y los botones borrados a los pocosa días y no le hicieron nada. Tengo varias cosas suyas, pero en cafeteras, fatal, mala compra.

NUEVA EDICIÓN
Mes de Noviembre, 7 meses, llevada otra vez a reparar, ya no sale café, coge mucha presión, u salen gotitas de café mezcladas con algo, sale como un chocolate,.. y que la van a mirar de reparar... Fatal, en siete meses KO...",Lu**,Revisado en España el 18 de abril de 2021
Cafetera eléctrica,"3,0 de 5 estrellas","En la web se ve muy bien pero era muy grande y las calidades dejaban mucho que desear pero claro va todo con el precio, la devolvimos sin problema",Juan j.,Revisado en España el 29 de octubre de 2023
Cafetera,"3,0 de 5 estrellas",Poca presión y temperatura,Victor,Revisado en España el 22 de diciembre de 2023
"Buenas compra con 3 ""peros""","3,0 de 5 estrellas","La funcionalidad la cumple, nada que objetar. Incluso el café lo prepara bien, he trabajado con cafeteras malas.
PERO tiene pegas:
1. El cabezal del mango para el café se sale, baila, hay que tener mucho cuidado. Los de cafetera profesional se quedan fijos una vez los colocas.
2. A raíz de lo anterior, es difícil limpiar los cabezales al suceder ésto, porque no puedes darle el golpe seco en la basura para quitar el café. Y al andar bailando el cabezal, incluso con una cuchara se hace tedioso y aburrido...sobre todo si presionarte bien el café antes. Tampoco trae nada para facilitarte ese trabajo.
3. La manga para cremar la leche tiene dos funciones; la de cremar y la de echar agua para las infusiones. Ésto se traduce en que es demasiado ancha (a parte de que ya es corta) y hay que pillarle el truco para que te haga crema y no espuma... Aún así, no crema como otras.
4. Tuve que hacerme con una jarra para la leche a parte, y tampoco te trae una tacita o dos a juego, que muchas suelen hacerlo y es un plus que gana (obviamente no es una obligación por parte de la marca)

Saltando ésto, relación calidad-precio está bien. Se calienta super rápido, el almacén de agua es individual y se desmonta super fácil y, lo más importante, el café sale cremoso y no aguado (hice la prueba del expreso).

Pd: también va a influir la calidad de café que uses.",Nessy Lanza,Revisado en España el 29 de noviembre de 2020
Buen producto calidad precio,"3,0 de 5 estrellas","Para una persona que no quiere complicarse con un café diario es la cafetera idónea, no soy cafetero pero un café o dos me tomo al día por la comodidad de hacerlo y en esta cafetera",Adrian Martínez Martínez,Revisado en España el 2 de octubre de 2023
Cafetera cegotec,"3,0 de 5 estrellas","La verdad q se hacia un buen café, y hasta hace nada no echa agua y llevo un par de semanas sin poder tomarme el café, aparte de eso me vino con un golpe",Yo,Revisado en España el 18 de septiembre de 2023
Cafetera averiada,"3,0 de 5 estrellas","La cafetera se obstruía y la mandé a reparar, me la devolvieron con ese problema solucionado pero desde entonces pierde agua por la válvula. Hay que volver a repararla",Maria,Revisado en España el 26 de septiembre de 2023
No dura mucho,"3,0 de 5 estrellas","Me ha durado dos años y medio, la cafetera funciona pero ya no calienta el agua y el cafe sale aguado y frío",Alejandro B.,Revisado en España el 25 de octubre de 2023
¿Segunda mano?,"3,0 de 5 estrellas","He recibido el paquete a tiempo, cosa bastante habitual en Amazon, Pero... (tenía que haber algún pero)
El producto no venía dentro de su caja habitual, el cable estaba enrollado de forma inusual y lo más extraño, no traía ningunas instrucciones. Esto me ha dado a pensar que quizás se trate de producto de alguna devolución, así que me he apresurado a probar la cafetera. El mando para en vapor va extremadamente duro, ¿Será este el motivo por el que la devolvieron? Por lo demás parece que todo funciona correctamente. Ya se que no es un aparato que necesite complejas instrucciones para ponerlo en marcha, pero es que hasta el más sencillo de los electrodomésticos llevan, además de la hoja de garantía, que tampoco venía con el envío, un folleto con indicaciones. Espero no tener que arrepentirme demasiado tarde de esta compra.",J.Guillén,Revisado en España el 27 de septiembre de 2022
Dura poco,"3,0 de 5 estrellas",Hace bien el café. Se obstruye el filtro y es difícil de desmontar. Dejó de funcionar tras dos años y 10 meses.,Cliente Amazon,Revisado en España el 19 de octubre de 2023
"Precio , pero poca calidad","3,0 de 5 estrellas","No hace buen café,",Vicente,Revisado en España el 14 de noviembre de 2023
podía estar mejor,"3,0 de 5 estrellas","He terminado usandola únicamente para que me haga el café solo, no sale bien la espuma de la leche, que es una de las cosas que me atrajo en un principio (para café solo compro una italiana).",leire landeta,Revisado en España el 3 de agosto de 2023
Café de 10,"3,0 de 5 estrellas","Hace un café increíble, fácil de limpiar y muy cómoda y ligera. Ocupa poco espacio.
El espumador de leche es una estafa. Solamente sale agua caliente, no hace espuma y no sirve para nada. Por esta parte, un poco decepcionada. Hemos tenido que comprar un espumador a parte, sino sería un 10.",María José,Revisado en España el 12 de junio de 2023
Poca fiabilidad,"3,0 de 5 estrellas","Despues de un año y un poco la bomba de agua se ha ido a la porra. Cuando funcionaba hacia un cafe bastante aceptable usando un cafe decente, pero debo decir que dudo mucho eso de los 20 bares. He visto cafeteras de 15 bar hacer cafe con mas presion.
Es una cafetera made in china con un monton de clones de otras marcas con minimos cambios esteticos para personalizarlas o incluso has de varias marcas identicas. Por el precio no esta mal, pero para un uso intensivo es lo que tiene la calidad china.",Roberto Mora,Revisado en España el 13 de diciembre de 2022
Defectuosa,"3,0 de 5 estrellas","La cafetera ha venido defectuosa, pierde agua a chorros por todos los agujeros inferiores, incluso por donde entra el cable de alimentación. He consultado con atención al cliente de la marca y me han dicho que eso no es normal en ningún caso y que la devolviese. En Amazon la devolución totalmente satisfactoria, incluso me han devuelto el importe antes de recibirla. He pedido otra y espero que todo vaya bien. La volveré a valorar..

Edición:
Con la segunda llevo tres meses y, de momento, no he tenido ningún problema. El manejo es sencillo y el café que hace creo que es bueno. Yo recomendaría su compra pero, cierto es, que miedo me da lo que pueda pasar a la larga tras ver algunos comentarios",Carmen MM,Revisado en España el 29 de abril de 2022
Gotea mucho.,"3,0 de 5 estrellas","Acabo de recibirla, he hecho la limpieza como se ordena haciendo varias veces (4 para ser más exacto) el paso de agua por todo el circuito y luego la he probado con café descafeinado molido. Una vez que he pulsado para acabar la acción de salida de café compruebo que gotea durante un tiempo. Como no creo que esto sea normal probaré algún día más y si el goteo persiste, la devolveré. Por cierto, el café queda riquísimo, pero el goteo me ha desanimado.",Mario,Revisado en España el 30 de enero de 2023
"No hace café de calidad, pero es barata","3,0 de 5 estrellas","He comprado esta cafetera porque mi kenwood k-mix ES021 está empezando a fallar. La revisión /reparación es muy cara y llevaría mucho tiempo. Envío a Italia y lo que venga. No dudé en pedir esta pues la kenwood parece que ya no se vende y el precio es muy barato si lo comparo con lo que me costó la kenwood (150).
Pero veo que la diferencia de precio tiene sus motivos, ya que, además de la diferencia de calidad de materiales y diseño que saltan a la vista, y que no me hubiera importado mucho dada la diferencia de precio, hay un problema que sí importa: la calidad del café que hace. No hay comparación posible. No la devuelvo porque tampoco es que sea café de colador, pero casi.
El otro motivo que me animó es la gran cantidad de opiniones sobre la máquina y la buena valoración. Tampoco voy a pensar que la mayoría de opiniones no son reales, lo que pasa es que quizá muchos de los que han opinado no tuvieron la suerte de probar un café hecho con una cafetera como mi moribunda k-mix ES021.",Cliente Amazon,Revisado en España el 13 de marzo de 2021
Buen precio,"3,0 de 5 estrellas",Tarda mucho en calentar y el cacito se queda lleno de agua al terminar de expulsar el café,Elsa,Revisado en España el 26 de septiembre de 2023
Si te gusta el sabor intenso del café No la recomiendo,"3,0 de 5 estrellas","Ya llevo un tiempo con ella y al principio hacia el café más intenso ( trabaje en una cafetería) por tanto se prensar llenar perfectamente la cafetera además de no ser difícil de un tiempo a esta parte ya no hace el café nada intenso y el café sale bastante malo ,,,,
Toda una disolución tenía buenas espectativas leyendo los comentarios,no la recomiendo",Alexandro,Revisado en España el 5 de febrero de 2023
Sentimientos encontrados,"3,0 de 5 estrellas","Bien de precio, fácil de usar, y no muy difícil de limpiar, pero me encuentro con un problema, después de meses ya de uso y por más que la hemos limpiado sigue saliendo un sabor como a plástico que no sabemos como quitar, los primeros cafés tuvimos que tirarlos, el deposito de gua huele mucho al típico olor de electrodoméstico mayormente de plástico cuando se calienta de más.",S. D.,Revisado en España el 13 de enero de 2023
tiene el fallo que hace mucho ruido y no se puede usar por la noche que molesta a los vecinos,"3,0 de 5 estrellas",lo bueno funciona bien y da un buen cafe(depende de la calidad de cafe que se use)lo malo es muy ruidosa y esto creo yo se puede superar por la fabrica.Lo molesto que no se puede usar por la noche muy tarde pues molesta a los vecinos.,pithy,Revisado en España el 13 de abril de 2023
"Muy buen cafe, pero mimad la maquina","3,0 de 5 estrellas","El servico de amazon,como siempre,excelente. Pero la empresa a la que encargan el servicio tecnico, tela.....Tras año y pico funcionando perfectamente y descalcificandola periodicamente, un dia dejo de funcionar. La mandamos al servicio tecnico y nos la devolvieron arreglada pero con una ""nota"" de que el problema se debio a la falta de mantenimiento (que se ha venido haciendo segun el manual). Ademas, los 3 primeros cafes han ido directo al desague,dado que nos la han devuelto aun llena de producto antical (suerte del fuerte olor quimico que desprende,si no a saber que consecuencias habria tenido) y hemos tenido que limpiarla con agua.",Andreu,Revisado en España el 3 de enero de 2022
"Buena, peeeeeero","3,0 de 5 estrellas","No soy yo de esos que mide la presión y se trae el café de colombia para molerlo justo antes y tal. Pero me gusta el café y reconozco cuando uno está bueno. Y esta máquina hace cafés muy muy decentes. Quizá no los mejores del mundo, pero sí muy buenos. Y muy rápido. Es fácil de usar y, para mí, no hace excesivo ruido. No le pongo 5 estrellas porque (como casi todo en Cecotec) te da la sensación de que no te va a durar mucho. No le pongo 4 estrellas porque gotea muchísimo. Durante el calentamiento, mientras estás poniendo el café molido en su lugar, cae mucha agua....más que un goteo....tira agua. Al menos la unidad que me ha tocado a mí. Si no eres muy exquisito, esta máquina no está mal.",Javier,Revisado en España el 17 de julio de 2021
Obsolescencia programada,"3,0 de 5 estrellas","Genial, los dos años y dos meses que duró me proporcionó un café al nivel de las grandes cafeteras y de los grandes cafeteros de cápsulas. Pero todo llega a su fin. Llevo dos semanas que, ni limpiando concienzudamente ni poniendo café sin presionar demasiado, la máquina te da café o lo da gota a gota. Revisado, que el motor no da la suficiente presión. Al final he optado por cambiar de máquina, total, la garantía expiró hace dos meses y en su momento me costó 55€, sale más cara la reparación que comprar una nueva. Obsolescencia programada, aviso a navegantes",martinezbald,Revisado en España el 5 de junio de 2022
LA CALIDAD DEL CAFÉ,"3,0 de 5 estrellas","es una buena cafetera, sin más, lo que ocurre es que no he podido solventar una duda ni viendo videos, ni en el manual, ni en el servicio técnico que me pedian que enviase un vídeo para ellos ver que hacía yo mal cuando lo lógico (debido al tipo de pregunta) era que me lo hubiesen dicho o me hubiesen enviado ellos el video de como hacerlo. Esto lo pone el manual:Pulse el botón espresso para que la máquina prepare un café corto.
Pulse el botón espresso doble para que la máquina prepare un espresso doble.
Nota: estas dos funciones anteriores son personalizables. Si desea cambiar el volumen predeterminado de bebida, proceda de la siguiente manera:
Pulse el botón de espresso o espresso doble. Cuando haya obtenido la cantidad de bebida deseada, pulse de nuevo el botón anterior para detener la dispensación de bebida. La próxima vez que pulse el botón, la máquina dispensará la cantidad guardada.
Mi deseo es saber como puedo personalizar la cantidad de café tal tal como indican en el manual.
Gracias",lilusky,Revisado en España el 10 de septiembre de 2020
Cecotec cafetera20bares,"4,0 de 5 estrellas","Para el precio está fenomenal cumple su proposito de hacer buen café y la verdad es qué para los tiempos que vienen se agradece
La recomiendo.",Angél josé,Revisado en España el 10 de mayo de 2024
"Buen café ,buena cafetera","4,0 de 5 estrellas","Acostumbrados a la cafetera de cápsulas, estamos muy contentos,puedes medir la cantidad de café que quieres,,tiene dos medidas. A parte tiene para calentar la leche",Miguel Esteban,Revisado en España el 4 de mayo de 2024
Café buenísimo,"4,0 de 5 estrellas",El único problema que veo es que hace mucho ruido. Por lo demás todo bien,Maika,Revisado en España el 18 de mayo de 2024
Normalita,"4,0 de 5 estrellas",La veo muy buena pinta está bastante bien de tamaño y todo lo único malo que yo la veo esque sale muy despacio el café y se corta una salida cuando se está llenando la taza por lo demás bien,Cliente Amazon,Revisado en España el 21 de abril de 2024
Cafetera sencilla,"4,0 de 5 estrellas",Está bastante bien y sale el café bastante bueno. Hace un poco de ruido pero es normal es express. Y es sencillo el uso. Te la puedes llevar hasta de camping si tienes donde enchufar.,juan carlos,Revisado en España el 21 de abril de 2024
Café buenísimo,"4,0 de 5 estrellas","La cafetera es ideal,hace un café muy bueno ya que la.ptesion que tiene hace una crema muy buena pero tengo que decir que hace más ruido de lo esperado . Calidad-precio está fantástico, la recomendaría",patricia,Revisado en España el 4 de abril de 2024
"Café riquísimo, fácil manejo y precio de la cafetera","4,0 de 5 estrellas","Llevaba tiempo pensando en comprarla pero me disuadía que por su precio no cumpliera con su función.
Lo cumple y sobradamente.
Es muy fácil de manejar, ruido lo justo, hasta el café más humilde gana( con respecto a cafetera de goteo o italiana). El espumador de leche va bien, ojo IMPORTANTE limpiarlo cada uso.
No le doy todas las estrellas porque acabo de comprarla y no sé el tiempo de vida que le queda.
Un verdadero acierto. Por el precio es excelente. Ni la mejor cafetera de cápsulas puede hacerle sombra y nada que decir de la diferencia de precio por cada café.",Ppmiranda,Revisado en España el 13 de enero de 2024
Funciona muy bien,"4,0 de 5 estrellas","Funciona muy bien. Busca un buen café y te saldrá bueno. La única pega, por poner algo, es que no caben tazones altos, un mal menor, por lo demás todo bien.
Hace muy buena espuma.",Cliente Amazon,Revisado en España el 12 de abril de 2024
La calidad del cafe,"4,0 de 5 estrellas",La cafetera bien en general teniendo en cuenta su precio aunque encuentro que es un poco lenta para calentarse pero bien en general,jordi,Revisado en España el 19 de abril de 2024
Fantastica,"4,0 de 5 estrellas","Manejable, sencilla y hace un café magnífico.",Cliente Amazon,Revisado en España el 7 de mayo de 2024
Muy satisfecho.... de momento,"4,0 de 5 estrellas","Después de leer mil comentarios de máquinas express y especialmente de este modelo me decidí a comprarla.
Dudas que tenía antes de comprar en base a los comentarios:
Saldrá cremoso?.... sale cremoso de sobra, un 10 en ese sentido. Mejor que mi vieja cafetera de cápsulas Dolce Gusto
Vibrará mucho y/o hará demasiado ruido? ...... No hace más ruido ni tiene más vibración que mi anterior cafetera, lo normal. Ni vibra la taza ni nada por el estilo.
Pierde agua? ...... este es un problema del que informan algunos usuarios tras meses de uso. De momento ningún problema en ese sentido.
Tarda mucho en calentar? ..... tarda un poquito más que la Dolce Gusto, para mí no representa un problema.
Fácil de limpiar? ..... muy fácil. Sin embargo hay un detalle tremendamente importante que no he leído en ningún comentario y que merece la pena detenerse en el. El filtro de café, de inox, tiene doble fondo y me ha sido imposible desmontarlo. En otros modelos se consigue dandole unos golpecitos, en el mío no ha resultado. Como consecuencia de ello el doble fondo no se puede lavar con lo que se acumularán residuos. Pero lo peor es que dichos residuos podrían obstruir el único orificio inferior de salida, el cuál es minúsculo ( apenas se aprecia en la foto). Si esto se produce el agua a presión no encontraría salida produciéndose una sobre presión en el circuito de agua del aparato que podría ser la causa de los casos de pérdidas de agua y otras averías que refieren algunos usuarios.
Además estoy convencido que lo anterior podría agravarse si se utiliza agua del grifo en determinadas zonas de España con alto contenido en cal.
EDITO 29-01-2023 -- Sigo tan contento como al principio. La uso un par de veces al día y va fenomenal.",A. Castro,Revisado en España el 27 de septiembre de 2021
El café,"4,0 de 5 estrellas","Vamos por partes:

Lo primero en mi opinión para valorar una cafetera es que tal café hace. Pues bien un aprobado alto, teniendo en cuenta el precio del producto un aprobado muy muy alto. Café rico con cuerpo después de tomártelo te deja ese saborcillo a café durante un rato … muy rico.

La cafetera materiales simples diseño simple … vamos que la han hecho funcional, botones de plasticurrio no muy esteticos uno viene incluso una gotita torcido (eso si, si nos ponemos muy tiquis miquis).

Las quejas que he leído, que si gotea mucho, en mi opinión pues gotea un poco, para eso existe una bandeja abajo que recoge ese goteo, pero no me molesta en absoluto, temperatura del café... tengo la costumbre de tirar un café sin cargar (solo agua) y seguido cargar el cacillo con café y preparármelo, usando la taza que ya recibió el agua caliente anterior, me calienta la taza y purga el circuito, asi quetal vez por esto no noto el café a mala temperatura para nada, unos grados de mas .. pues quizás daño no le harían pero vamos que no lo veo imprescindible.
Otro dato que creo que es importante es el café que utilicemos, aclaro uso un café de 17€ el kilo (La Brasileña, una cadena de tiendas que hay en mi zona) lo compro en grano y muelo la cantidad justa con un molinillo con sistema de muelas, porque alguna vez que he usado diferente café, algún marca blanca especial para expresso pues café sale pero....

En resumen teniendo en cuenta que en esto del café influyen otros factores además de la cafetera con esta cafetera el café obtenido en mi opinión es un café muy muy rico. Y eso es lo que a mi me importa sobre todo.

Felicitar al que pone las pegatinas en la cafetera, las pega muy muy bien, cuesta dios y ayuda quitarlas con el riesgo de dañar o rayar la cafetera por las dichosas pegatinas.

P.D. El servicio de Amazon que tuve que ponerme en contacto por un problemilla ajeno a lo que nos ocupa un diez.",Fran,Revisado en España el 4 de diciembre de 2019
Aceptable,"4,0 de 5 estrellas",Lo esperaba mas cremoso por los bares que tiene. Lo demas todo correcto.,Marta Luque Cabello,Revisado en España el 9 de abril de 2024
Buena cafetera,"4,0 de 5 estrellas","Después de probar dos, una no funcionaba y la otra me pareció pequeña me quede con esta. Tiene buena calidad y precio",JOSE M.,Revisado en España el 23 de marzo de 2024
Está bien,"4,0 de 5 estrellas",Está bien para el precio pero tan buena calidad no es pero hace su función,Marta,Revisado en España el 18 de abril de 2024
Expulsa mucha agua.,"4,0 de 5 estrellas","La cafetera está muy bien, en general. Después de hacer el café, expulsa mucha agua. Igual es normal, aunque un poco incomodo. Por lo demás, todo bien.",Bego,Revisado en España el 9 de abril de 2024
Hace buen café,"4,0 de 5 estrellas",Hace café con aroma y sabor que no envidia al de las cafeterías y bastante más económica que otras con las mismas prestaciones,Ricard,Revisado en España el 21 de marzo de 2024
Café espectacular,"4,0 de 5 estrellas","Necesitaba una máquina así , saca un café exquisito, eso sí por ponerle un pero , hace un poquito de ruido a la hora de tirar el café",adrián,Revisado en España el 8 de marzo de 2024
Cafetera CECOTEC,"4,0 de 5 estrellas","Buena cafetera en general, aunque el vapor tarda bastante en salir y tambien un poco voluminosa.",José Ángel EMBID GONZÁLEZ,Revisado en España el 12 de abril de 2024
no veo la diferencia entre esta y otras de menos precio,"4,0 de 5 estrellas","la devolví, no había forma de quitar el sabor a plástico del café, no me había ocurrido nunca, lo lógico es que esto ocurra al principio. Además pone que hay que hacer una limpieza profunda cada 3 meses con un anti cal. Ninguna maravilla esta cafetera , no he encontrado diferencia entre esta mas cara y otras mas baratas similares. muy decepcionada.",Francisco J,Revisado en España el 23 de enero de 2024
muy buena cafetera,"4,0 de 5 estrellas",por ponerle una pega.. el ruido... parece que vaya a despegar un Airbus,Maite,Revisado en España el 21 de marzo de 2024
Va genial,"4,0 de 5 estrellas",A pesar de comprarla de segunda mano va genial. Y el café sale muy bien. Se muele al momento m.,Àlexvg,Revisado en España el 4 de marzo de 2024
Por ahora genial,"4,0 de 5 estrellas","Nos sorprendió para bien. El café sale riquísimo y con espuma. Trae todos los accesorios. Si tuviera que decir algo malo, que el palito para calentar la leche es corto y que tarda un poco a calentar el agua pero por lo demas todo genial.",Almudena,Revisado en España el 16 de enero de 2024
El café está bueno,"4,0 de 5 estrellas","Play Video
Es mi primera cafetera de este tipo, yo caliento la leche y hago el café , hay que entenderla y probarla pero a mí me va bien yo la recomiendo porque además es muy planita y me quita poco espacio de la encimera!",María Jesús Castellano,Revisado en España el 1 de febrero de 2024
Una de las mejores que he tenido,"4,0 de 5 estrellas","Estoy encantada con mi máquina expresó. Es facil de usar, y el café sale con una buena espumita. Llevo usándola ya un par de semanas y el café sale perfecto. He tenido otras expresó y esta es la que menos vibra y la que mejor hace la espumita en la leche cuando quieres un capuchino.
Lo primero que hice fue usarla con agua solo para que hiciera bien el recorrido del circuito. ( ahí la verdad esque suena mucho y vibra) cada vez que lavo el cazo dispensador tengo que hacer como si fuera a hacer café pero solo con agua para que se limpie bien el cazo de restos de jabón ( ya que si no lo hiciera el café saldría con jabón) ya que simplemente tiene una pequeña perforación abajo y al aclararlo de forma manual no sale todo el jabón ( que por ese motivo le doy una estrella menos, aunque se soluciona así de sencillo) he leído comentarios de que vibra mucho o suena mucho pero la verdad se puede ver en el video que no es así, puse el cazo encima de la cafetera para que se aprecie la poca vibración que tiene.
Cuando me llegó estuve apunto de devolverla porque parecía que estaba abierta la caja ya que la cafetera venía con restos de plástico azul que protege lo metalizado pero al revisarla vi que no estaba usada y probé a ver si tenía agua en el circuito y como no fue así no la devolví y la verdad esq no me arrepiento.
Para mi es una de las mejores cafeteras que he tenido. Por el momento va todo bien.
Como digo por sacarle una pega es lo de el dispensador de café que está muy bien que vengan dos para un café corto o largo pero lo único que no me ha gustado es que no se pueda aclarar bien de forma manual para eliminar los restos de jabón.
Dejo un video de la cafetera y fotos del dispensador de café donde se aprecia que en la parte trasera solo tiene un micro Aguero.",sandrac,Revisado en España el 29 de enero de 2021
Me ha gustado más cuanto más la he usado.,"4,0 de 5 estrellas","Hay que apretar mucho el café para que se mueva el barómetro. Yo no tengo fuerza para apretar tanto el café. Así que no hace presión, ni crema. El calentador de leche funciona bien, así que, en lugar de crema, le hago espuma. Lo bueno, que puedes calentar la leche a la vez que haces el café. Tiene buena capacidad de agua. Cuando la compré, traía una pegatina enorme en todo el frontal, se quita fatal y las manchas de pegamento se quitan fatal. La limpieza en sí de la cafetera es sencilla, aunque la parte de recoger el café tiene muchos recovecos y hay que limpiar muy bien con el estropajo para que quede limpio. El contenedor de agua es grande, así que no hay que preocuparse a menudo por el agua. La potencia está bien, si puedes apretar bien el café. El grifo de infusiones está muy bien. Puedes llenar un termo tranquilamente de agua caliente. En general, la primera impresión fue muy mala, pero ahora estoy satisfecha y por éso cambio la valoración.",Carmen,Revisado en España el 12 de diciembre de 2022
Cafetera,"4,0 de 5 estrellas",Hace buen café aunque tira agua después de utilizarla,maria soler oliva,Revisado en España el 7 de marzo de 2024
Casi perfecta,"4,0 de 5 estrellas","Hace buen café , pero podria mejorar. Un poco lenta entre café y café y algo ruidosa para mí gusta. Algo que me gusta es que si se apaga sola al rato de estar sin usar .",Cogumelo,Revisado en España el 15 de enero de 2024
Buena relación calidad precio.,"4,0 de 5 estrellas","Excelente cafetera. Buen café, con bastante crema y buen sabor. Yo personalmente prefiero un buen café de una cafetera express antes que el de las cafeteras nexpresso, por el simple hecho de que sale más económico, y además obtienes mejor café, porque normalmente entra más cantidad (mg) de café en estas cafeteras que en una capsula diminuta. Buena relación calidad precio, no se le puede exigir más. La única pega que le pondría es que el brazo del café cuesta de poner totalmente en perpendicular, ya que sino lo haces puede que te fugue agua. No va suave como en otras cafeteras y si lo fuerzas mucho no debería de ser bueno. Puede que mi filtro esté defectuoso o algún problema con el brazo, nose si a alguien más le ocurre, pero no supone un problema tampoco mientras no te pases girando lo. Por lo demás le doy un 7 porque considero que por este precio dudo q encuentres cosas mejores.",Jordi,Revisado en España el 1 de febrero de 2023
Correcto relación calidad precio.,"4,0 de 5 estrellas","Calidad y cantidad de material, el justo como para dar estructurabilidad, como es de esperar, se ve descartable por lo cual si dura al menos un año puede ser una compra decente, ideal si durará 2 a 3 años mínimo. El metal utilizado como material y antioxidante parece decente en capa de baño y deja de desear en espesor.
En general: cumple y funciona adecuadamente.",Franco,Revisado en España el 11 de noviembre de 2023
Buen café y rápido,"4,0 de 5 estrellas","Café muy rico y con espuma, lo único que es casi todo de plástico. Pero muy buena compra.",Manuel Hernández,Revisado en España el 26 de febrero de 2024
Cafetera,"4,0 de 5 estrellas",Bonita y sencilla. Cumple con mis expectativas.,Salomé,Revisado en España el 13 de marzo de 2024
Lo más importante es que es tal cual vemos en las.fotos. sin trampa ni cartón. Muy contenta,"4,0 de 5 estrellas","Es una buena cafetera en general.la pedí para regalar y he acertado.adrmas tiene un diseño bonito,ah! El cFe sale buenísimo.gracias",Cliente Amazon,Revisado en España el 5 de febrero de 2024
Muy buena cafetera,"4,0 de 5 estrellas",Muy buena cafetera por coste reducido el único inconveniente es que no entra una taza normal para el café,abraham gutierrez solorza,Revisado en España el 1 de febrero de 2024
Por aora bien,"4,0 de 5 estrellas",Cumple su función está bastante bien,Francisco Rozas garcia,Revisado en España el 1 de marzo de 2024
Buen producto,"4,0 de 5 estrellas",Para los amantes del café lo recomiendo 100x100,Cliente,Revisado en España el 28 de febrero de 2024
"Buena cafetera, pero os recomiendo el manual de usuario de otro fabricante","4,0 de 5 estrellas","Aunque solo llevo un par de días con ella, el modelo Digital Power Espresso Matic, lo primero que he aprendido es que el manual que incluye es bastante deficiente. He comprobado que en realidad los modelos de Cecotec son equivalentes a los de Ikohs, aunque estos tienen 1100 Watios de potencia y la estética de los botones en el panel frontal sea distinta. Así que os recomiendo ir a su web, buscar el modelo equivalente a vuestra Cecotec y descargaros su manual, os va a ser de gran utilidad. No solo incluye guías claras de como operar la cafetera y de como prepararos el café, también otros trucos para optimizar su uso, mantenimiento y limpieza, guía rápida de posibles problemas y soluciones, etc... En serio, no dejéis de hacerlo, me vais a dar las gracias.

Me gusta mucho esta cafetera y además de preparar un café mejor y más cremoso me va a permitir ahorrar un montón a la par que dejar de contaminar con las p*ñeteras cápsulas. Eso sin contar con que tanto los Con Leche, los Cortados o los Capuchinos te los haces con leche de verdad. Evidentemente todo el proceso lleva más tiempo que darle a un botón, poner una cápsula y mover una palanquita, pero hasta eso me gusta y le he cogido el punto al ritual de prepararte un café como si fuese al bar. La única parte que me resulta incómoda es la de andar dando golpecitos -como en los bares- para desechar el café usado que se resiste a abandonar el recipiente portafiltros.",Kigonjiro,Revisado en España el 21 de noviembre de 2020
Muy contenta con ella,"4,0 de 5 estrellas",Llevamos dos años usandola y funciona como el primer dia.,Jessicapdf,Revisado en España el 18 de febrero de 2024
Excelente calidad precio,"4,0 de 5 estrellas","No le pongo cinco estrellas porque la primera vino defectuosa, perdía agua y aunque perfectamente embalada, la caja exterior me presagiaba que venía de un cambio y así fue, pero Amazon me la cambió y voy a opinar de la que si funciona que con siete días que llevo me encanta. Vengo de una Saeco también barata, y la diferencia es notable. Me gusta más esta por el café que hace, con la espuma justa, sencillez y ruido. Aunque no es silenciosa nada que comparar con la Saeco que no podía poner a ciertas horas de la madrugada por su ruido excesivo. Muy contento hasta la fecha y me encanta en café que hace. Muy recomendable su compra y observar si pierde agua por la base antes de tirar la caja. Quizás la que devolví vaya a otro, aunque dudo que Amazon se complique otra vez de esta manera. Nada más desembalar y limpiar, el primer café tarda lo suyo hasta que se purga el circuito. A partir de aquí, lo normal. También en el primer uso no llegaba agua a la cafetera: si os pasa, revisad la válvula del vaso expansor de agua y simplemente empujar con el dedo un poco y observar que sale agua. Una pequeña aclaración por si le pasa a alguien.",Alex,Revisado en España el 11 de abril de 2022
Hace un café muy bueno (una pena la logística),"4,0 de 5 estrellas","Era para un regalo y vino sin embalaje de Amazon. Además vino abierta la caja.

Por lo demás, es muy bonita y hace un café muy bueno.",Amanda,Revisado en España el 30 de diciembre de 2023
"Buen product, mal transporte","4,0 de 5 estrellas","El producto funciona perfectamente, pero la caja veni con varias roturas y deja mucho que desear su transporte",Victor,Revisado en España el 4 de enero de 2024
Buena,"4,0 de 5 estrellas","Llegó a tiempo y bien, más rápido que el propio fabricante. Fácil de usar. Para una express casera (no profesional), está muy bien.",Ramón F.,Revisado en España el 12 de enero de 2024
Relación Calidad/Precio,"4,0 de 5 estrellas",Los casquillos del café cuestan muchísimo de quitar,Juan Trujillo Martinez,Revisado en España el 22 de enero de 2024
Funcionamiento aceptable,"4,0 de 5 estrellas","Cumple bien su función, pero para 2 tazas se queda un poco justo y el depósito de agua no deja ver el nivel con facilidad",Luigi,Revisado en España el 4 de enero de 2024
"Su comodidad, precio y diseño","4,0 de 5 estrellas","Muy buen resultado ,cafe excelente",Luis F.,Revisado en España el 17 de febrero de 2024
Relación calidad precio,"4,0 de 5 estrellas",Genial para el precio que tiene,Jovi11,Revisado en España el 24 de enero de 2024
Café perfecto,"4,0 de 5 estrellas","Otros vendedores incluyen café gratis, alguna cosa extra, este no.
Por otra parte, la cafetera es buena, el café sale bien, no trae cosa de metal para calentar la leche, para limpiar es una faena. Recomendable por el precio",Aitor,Revisado en España el 25 de noviembre de 2023
Buenísima calidad-precio,"5,0 de 5 estrellas","Tras un par de semanas tras su compra e instalación, la clavija del café ya va siendo más fácil de insertar. Los primeros días estaba muy dura...

El único inconveniente que le puedo poner es que cuando poner el capazo con el extra para que caiga el café recién molido, deja todo bastante enguarrado alrededor... no sé si es por tamaño inapropiado... o por qué será.

Por el resto, encantadísimo.",Juan Crescenti,Revisado en España el 2 de junio de 2024
"Buen producto, funciona perfectamente, pero el sabor a naranja no es muy sabroso","5,0 de 5 estrellas","El café es igual al que te ponen en los bares, con muy buen sabor y mucha espuma Solo le pongo una pequeña nota negativa en el sentido de que el agua gotea después de hacer el cafe",Cliente Amazon,Revisado en España el 25 de junio de 2024
Cafetera completa,"5,0 de 5 estrellas",Llevo poco tiempo con ella de momento me muy bien,Grumete,Revisado en España el 25 de julio de 2024
Cafetera cecotec,"5,0 de 5 estrellas",El diseño,Genial,Revisado en España el 4 de agosto de 2024
Fenomenal,"5,0 de 5 estrellas",Calidad precio,Jairo Altamirano,Revisado en España el 2 de agosto de 2024
Muy bien,"5,0 de 5 estrellas",Po por el precio que tiene está genial,Cliente Amazon,Revisado en España el 19 de julio de 2024
Buena eleccion.,"5,0 de 5 estrellas","La cafetera la compre hace un par de años.

Sigue estando en la cocina usándose diariamente, sin problemas.

No tenia expectativas, y han sido bastante buenas al final.",Alejandro,Revisado en España el 1 de julio de 2024
Café espumoso,"5,0 de 5 estrellas","Hace el café espumoso y rico, lo único que hace bastante ruido al hacer el café.",Liliana,Revisado en España el 8 de julio de 2024
Buena cafetera,"5,0 de 5 estrellas",Funciona muy bien y hace muy buen café,Gasku,Revisado en España el 1 de agosto de 2024
Buena relación calidad precio,"5,0 de 5 estrellas",Es una buena cafetera a un buen precio,Felipe,Revisado en España el 22 de julio de 2024
Excelente,"5,0 de 5 estrellas",Está cafetera es excelente los cafés quedan buenísimos,Winifer Characo,Revisado en España el 25 de julio de 2024
Todo perfecto,"5,0 de 5 estrellas",Es una máquina perfecta y fácil recomendable 😉,adil mouhcine,Revisado en España el 20 de julio de 2024
La mejor compra que pude hacer en Amazon ✌🏻🫶🏻 que no falte mi cafecito por las mañanas 🥰,"5,0 de 5 estrellas",Me ha encantado todo ! Me es muy útil 😊 llevo más de un mes usándolo y ahora doy mi reseña ✌🏻 y confirmo que fue una excelente compra !,emunoz,Revisado en España el 24 de julio de 2024
La mejor.,"5,0 de 5 estrellas","Muy buena cafetera. En casa estamos encantadas con el servicio de la cafetera. Muy buen café, con mucha crema y rápido...no tienes que esperar.",Cliente de Kindle,Revisado en España el 14 de julio de 2024
Cumple con lo deseado !,"5,0 de 5 estrellas",El café de la mañana sabe mejor,Antonio Blasco Guerrero,Revisado en España el 16 de julio de 2024
Buena máquina.,"5,0 de 5 estrellas",Esta máquina hace un café muy bueno.,Cliente Amazon,Revisado en España el 22 de julio de 2024
Calidad y rapidez en la elaboración del cafe,"5,0 de 5 estrellas","Completa, potente, componentes de calidad y rápida.",M Carmen,Revisado en España el 25 de julio de 2024
Calidad precio impresionante.,"5,0 de 5 estrellas","Desde que la tengo, no me ha dado problemas. El café sale espectacular, y no tiene nada que envidiarle a una cafetera de bar.
Sin duda recomendaría esta cafetera si quieres que los cafés te salgan como un profesional.",Leonor G.,Revisado en España el 17 de junio de 2024
Muy buena,"5,0 de 5 estrellas",Excelente cafetera y con buena presencia.,Juan Carlos Moreno,Revisado en España el 27 de julio de 2024
Muy buena cafetera,"5,0 de 5 estrellas",La verdad es que esta cafetera hace un café excelente. Estoy contenta con ella si se me estropea algún día repetiré.,Manuela Ramos,Revisado en España el 15 de julio de 2024
Rico,"5,0 de 5 estrellas","Para el precio que tiene hace un café muy rico, con bastante espuma y luego puedes espumar aún más la leche, por el momento muy contentos. Recomendable 100%",Jessica,Revisado en España el 9 de julio de 2024
Máquina para el cafi,"5,0 de 5 estrellas",Es una máquina prefecta para el café pra mi es buena compra,Hamid chabou,Revisado en España el 18 de julio de 2024
Excelente,"5,0 de 5 estrellas",Me encanta la mejor compra si te gusta tu cafécito recién hecho,Isabel O.,Revisado en España el 15 de julio de 2024
Una maravilla,"5,0 de 5 estrellas",La compramos para la oficina en la que trabajo y el café que hace es espectacular; además es super fácil de usar y de limpiar y tiene un compartimento para el agua bastante grande y hace que no tengas que estar todo el rato echándole para cada café que haces. Super recomendable,RED CONSTITUCION,Revisado en España el 11 de junio de 2024
Buena,"5,0 de 5 estrellas",Buena,Juan José Guzmán,Revisado en España el 25 de julio de 2024
Cafetera barata con buenas prestaciones,"5,0 de 5 estrellas","Llevamos ya 1 mes usando esta cafetera regularmente y las impresiones son buenas.
Es de uso fácil, con 3 botones muy intuitivos: encender, comenzar a hacer café y hacer que salga el vapor por el vaporizador.

Lo primero que recomiendo hacer es ponerla a funcionar solo con agua y ""hacer un café"" solo con agua, para que el circuito interno se limpie, y hacer lo mismo con el vaporizador.
El proceso para hacer café es fácil:
1. Cargamos el filtro del tamaño según si queremos hacer 1 café o 2 y lo presionamos con el extremo contrario al de la cuchara que incluye la cafetera.
2. La encendemos y esperamos a que el la luz sea verde y apretamos el botón del medio con el símbolo de café. Con esto el café comenzará a salir y cuando consideremos que ya ha terminado tendremos que pararla manualmente, volviendo a apretar el mismo botón de antes.
3. Para el vaporizador será un proceso similar. Apretamos el botón inferior y cuando la luz esté verde giramos la ruleta que se encuentra a la derecha de la máquina hasta el máximo (que no podamos girarla más) y notaremos que el vapor sale. Cuando hayamos terminado, giramos la ruleta de nuevo en el sentido contrario al anterior y volveremos a apretar el botón del vapor.
Y así habríamos acabado.

La máquina es fácil de limpiar ya que todas las piezas que están en contacto con el café o la leche se pueden desmontar, pero deberíamos esperar a que se enfríe un poco para no quemarnos.

Cuando fui a comprarla vi comentarios de gente que se quejaba de que se le había roto muy fácil el vaporizador. Para eso recomiendo que cuando terminemos de usarlo, con el botón del vaporizador sin apretar, giremos la ruleta con cuidado para que salga agua y limpie el circuito para que no se seque la leche y obstruya el circuito.

En general estamos muy contentos con la cafetera y de momento el resultado muy bueno. No hay cafetera de este estilo con las mismas prestaciones por el mismo precio, siendo esta la mejor de su rango de precio.",Regina Ochoa,Revisado en España el 10 de mayo de 2021
Encantado,"5,0 de 5 estrellas",La he usado 3 veces y hasta ahora me gustan los resultados,J.david,Revisado en España el 11 de julio de 2024
Fantastico café!!!,"5,0 de 5 estrellas","Super buena calidad de café, espuma y crema, muy recomendable!!!",Nat Ribas,Revisado en España el 12 de julio de 2024
"era lo que estaba buscando, excelente producto.","5,0 de 5 estrellas","muy fácil de usar, estamos muy contentos con todos los productos de AMAZON, empresa seria y eficiente.",Bernabé Enrique Felipe Navarro,Revisado en España el 3 de julio de 2024
Buen cafe,"5,0 de 5 estrellas","Muy contento ,de muy buena calidad ,la usamos a diario tres personas y se nota q es buena ,además de hacer un café rico .",Cliente Amazon,Revisado en España el 8 de junio de 2024
Café de calidad.,"5,0 de 5 estrellas","Si buscas llevar a otro nivel tu experiencia de tomar café y convertirlo en un ritual de sensaciones no lo dudes más y pide este modelo de cecotec. La espumita, la calidad, el aroma el sabor... Ya ni hablemos del hervidor que trae incorporado con el cual podremos hervir nuestra leche o nuestras infusiones. Un 10 de 10 trae 2 filtros uno para la cantidad de una taza y otro con capacidad para dos.",Gonzalo Pérez Fornieles,Revisado en España el 28 de abril de 2024
PERFECTA,"5,0 de 5 estrellas","Muy contenta con la compra, fácil de usar y cómoda de limpiar, el material es muy de plastico pero hace su función correctamente.",PALOMA,Revisado en España el 17 de junio de 2024
Cuesta encajar el cacito poco practico,"5,0 de 5 estrellas",Hace buen café buena calidad precio,Gumersinda Díaz garcia,Revisado en España el 1 de julio de 2024
Hace café,"5,0 de 5 estrellas","A mi el café no me gusta, pero como le gusta a ella...
Dice que es rápida y sabe bien (el café).",Cliente Amazon,Revisado en España el 26 de junio de 2024
Maravillosa.,"5,0 de 5 estrellas","Buen producto. Hace un café magnífico, muy cremoso.Fácil de utilizar. Muy bonita. Ojo al empezar a utilizarla, el depósito lleva un tapón rojo para proteger la boquilla. Hace un ruidito al el café, que entiendo será una primera irrigación de agua y luego para al ruidito normal. Poco goteo al finalizar el café. Muy contento con la compra. Veremos la duración del producto. Aconsejable.",Victoriano,Revisado en España el 17 de mayo de 2024
Fácil manejo,"5,0 de 5 estrellas",Funciona bien hace buen café,jose luis,Revisado en España el 4 de julio de 2024
La calidad del café,"5,0 de 5 estrellas","Es perfecta, al tener la modalidad de 1 taza, 2 tazas en servicio auto, me va perfecto, porque la hora de la sobremesa, puedo ir preparando café sin estar frente a la cafetera esperando para que llegue a la medida que quiero y pararla, y hace una crema fantástica, yo desde luego estoy encantada con la cafetera, y si alguien quiere un poco más se le añade con el manual y listo, y que decir del espumador de leche, pones leche fría de la nevera y en un momento te la hace toda espuma, y eso que en casa utilizamos desnatada, que hará con la entera!!!
Para infusiones uso el brazo de café limpio pongo la bolsita y le doy al manual, añado el agua que necesito y ya tengo la infusión lista ( yo uso el café en monodosis que es mucho más limpio y de precio compensa la limpieza) hace muchos años que uso cafeteras compatibles con monodosis, y así no me peleo con el molinillo y el tipo de molienda que le va bien a la cafetera, la monodosis es perfecta, y ya tengo la marca que me gusta y no me sale cara (soy muy cafetera, y he de decir que me gusta más el café que hace la cecotec que el café que hace la cápsula dulce, y eso que he tenido 4 máquinas pero cuando les falla algo, es mejor tirarlas y comprar otra si no están en garantía)",twilighter23,Revisado en España el 8 de mayo de 2023
Buen producto.,"5,0 de 5 estrellas",Para las personas que quieren acercarse un poco más al café de un bar de desayunos y salir del mundo de las cápsulas esta es tu cafetera. Fácil de usar y eligiendo un buen café lo disfrutas mucho. La única pega es que no tiene control para dosificar un café…debes de pararlo tú mismo .,Carlos Hernandez,Revisado en España el 20 de mayo de 2024
Va de lujo lo recomiendo hace cafelacos,"5,0 de 5 estrellas",Va de lujo lo recomiendo.... Por cierto de cuánto tiempo es la garantía...hace cafelacos,Lucia,Revisado en España el 26 de junio de 2024
Muy buen cafe,"5,0 de 5 estrellas","Estamos muy contentos con su funcionamiento, hace un cafe muy bueno y con espumita. Muy parecido al del bar",Alberto,Revisado en España el 24 de junio de 2024
Mejor imposible,"5,0 de 5 estrellas",Si le metes un buen cafe...maaas bueno no lo puede hacer y con 1 dedo de crema y en 1 momento😊,Miguel Jimenez Espejo,Revisado en España el 10 de junio de 2024
Esplèndida,"5,0 de 5 estrellas","Habíamos perdido una antigua cafetera express a causa de una avería. Nos había dado un servicio extraordinario durante más de 15 años. Ante estas circunstancias no teníamos muchas esperanzas de que esta nueva cafetera pudiera suplir la antigua. Pues bien una vez hemos probado el café que nos prepara esta Cecotec no podemos estar más satisfechos, el café es aromático, con cuerpo y con una espuma muy consistente y cremosa. Excelente cafetera, esperemos que dure tanto cómo la anterior",GBS,Revisado en España el 3 de mayo de 2024
Súper contenta,"5,0 de 5 estrellas","Nada más llegar sin ni siquiera ver las instrucciones, ya que tengo experiencia por mi trabajo puse un café, no puedo quedar más contenta, sale buenísimo, expreso",Milagros,Revisado en España el 29 de junio de 2024
