title,rating,body,author,date
Horrible,"1,0 de 5 estrellas","Después de meses de mil pruebas y cientos de cafés tirado, no consigo que funcione correctamente, los cafés horrorosos. No la compren",antonio herrero,Revisado en España el 15 de junio de 2024
Excelente,"5,0 de 5 estrellas",Cafetera recomendable 100% sugerencias leer bien manual de instrucciones y tutoriales en YouTube para saber configurar correctamente y después te dará todas las prestaciones necesarias para obtener un buen tés de café. La recomiendo por calidad y precio además es muy elegante,Abelardo,Revisado en España el 11 de junio de 2024
Ya se ha roto,"1,0 de 5 estrellas","Ni seis meses ha durado, salta un fallo del circuito hidráulico y hay que mandar a reparar, una pena.",Virginia,Revisado en España el 9 de junio de 2024
Muy buena cafeteram,"5,0 de 5 estrellas","Me ha gustado mucho esta cafetera magnífica start, hace un café con mucha crema y sale el café muy caliente no como mi anterior cafetera que tenía que calentar la taza antes de hacer el café, estoy muy contenta ,cafetera muy recomendable.",Cliente Amazon,Revisado en España el 7 de junio de 2024
Un laberinto de máquina infumable,"1,0 de 5 estrellas","Sin ninguna duda la máquina de café más mala que he tenido en mi vida.
Madremia la cantidad de avisos y advertencias que tiene para hacer un café

Que si hay muchos posos
Que si el agua
Que si el grano no está molido
Que si hay mucho café
Que si tiene cal el agua
….

Hacer un café con esta máquina es un laberinto de preguntas que como no tengas el libro de instrucciones cerca date por j.

Si compras esta cafetera, te recomiendo te pases al te",Nacho Puig,Revisado en España el 5 de junio de 2024
Gran cafetera calidad precio,"5,0 de 5 estrellas","La tengo desde hace una semana y decir que por el precio que tiene los cafés están pero que muy bien. Cuesta un poco al principio porque hay que leer bien el manual y se ve que tiene quizás un poco de mayor mantenimiento por lo del filtro y la descalificación pero no creo que sea para tanto como se comenta.
En cuanto al principal fallo que le veo es que no se puede usar solo para leche y no se puede calentar a no ser que no hagas un Capuccino pero he encontrado una solución. Eliges la opción Capuccino y café molido pero no le echas café. Cuando deje de tirar la leche sacas la taza y solo tirara agua. Es un apaño pero funciona si solo quieres leche caliente y espumosa.",zizux,Revisado en España el 1 de junio de 2024
Práctica y bonita,"4,0 de 5 estrellas","Lamentablemente, era muy ancha y no me cabía en la cocina",Milagros Sánchez,Revisado en España el 30 de mayo de 2024
Excelente relação preço qualidade,"5,0 de 5 estrellas",Simples e eficaz,Paulo Ribeiro,Revisado en España el 30 de mayo de 2024
El buen cafe,"5,0 de 5 estrellas","Hemos tenido varias cafeteras y está da muy buen café.
Hay que graduar la temperatura y el molido del café y sale con mucha crema, como bien dice su nombre magnífica",antonio,Revisado en España el 30 de mayo de 2024
Café 5 estrellas,"5,0 de 5 estrellas","La cafetera De'Longhi Magnífica S ha sido una adición fantástica a nuestra cocina. Como amantes del café, estamos muy impresionados con la calidad y el sabor del café que produce.

El proceso de preparación es increíblemente fácil gracias a sus funciones automáticas. Con solo presionar un botón, puedo disfrutar de un espresso perfecto o un cappuccino cremoso en cuestión de minutos. El molinillo integrado permite ajustar la finura del café, lo que garantiza una taza de café a nuestro gusto.

El sistema de espumado de leche funciona de maravilla, produciendo una espuma suave y rica ideal para lattes y cappuccinos. Además, la limpieza es sencilla gracias a las piezas extraíbles y al sistema de limpieza automática.

La cafetera también tiene un diseño elegante y compacto que se adapta perfectamente a nuestra encimera sin ocupar mucho espacio. El depósito de agua y el contenedor de granos son lo suficientemente grandes para varios días de uso sin necesidad de rellenarlos constantemente.

En resumen, la De'Longhi Magnífica S ofrece una experiencia de café de calidad de cafetería en la comodidad de nuestro hogar. Estamos muy contentos con nuestra compra y la recomendamos a cualquiera que busque una cafetera superautomática eficiente y de alta calidad.

Cinco estrellas bien merecidas. ¡Una inversión que vale cada centavo!",Jonathan,Revisado en España el 26 de mayo de 2024
DISEÑO INCOMPLETO. MALA CALIDAD.,"1,0 de 5 estrellas","A los genios se les olvidó poner un botón para calentar y/o espumar solo leche. He buscado y rebuscado en las instrucciones y en los foros coincidiendo con otros muchos usuarios. Esto es algo que pueden hacer hasta las cafeteras más básicas con la lanceta de vapor.
Corrijo esta opinión para añadir que se ha roto a los 3 meses. Ya no dispensa leche y tengo que mandarla a BARCELONA desde Málaga para repararla. Una pasta (porque pesa bastante) de la que abonarán 2,49€ o 2,99€ ya ni me acuerdo. En mala hora he comprado este cacharro. Al final las marcas raras, por mucha publicidad que hagan, no dejan de ser eso: marcas raras.
MODELO MAGNIFICA START",JUAN,Revisado en España el 22 de mayo de 2024
Buena relación calidad precio,"5,0 de 5 estrellas",Cumple las especificaciones. En mi caso sin problema de los expuestos por algunos compradores. el cafe sale cremoso con cuerpo y sabor. Café rápido. Recomendable,domenec,Revisado en España el 19 de mayo de 2024
Cafetera muy funcional,"4,0 de 5 estrellas",El único punto negativo es que cuesta regularla para obtener un café denso !! Pero creo que es recomendable su compra!! La volvería a comprar!!,Susana S.P,Revisado en España el 17 de mayo de 2024
La he recibido defectuosa,"1,0 de 5 estrellas","La cafetera en si esta bastante bien, pero la recibimos defectuosa, perdía agua por un lateral, como Amazon no nos la quería cambiar por una nueva, pedí la devolución parcial del importe y envié a reparar la cafetera a fábrica. Después de dos semanas y media, ni Amazon me ha devuelto el dinero ni la fábrica ha reparado la cafetera, vamos una vergüenza. La última vez que compro algo de esta marca. Pongo una estrella porque no se puede poner menos.",pablo,Revisado en España el 14 de mayo de 2024
Una estafa con todas las letras,"1,0 de 5 estrellas","Me siento estafado, una auténtica vergüenza en todos los sentidos. Una cafetera tan cara que apenas ha durado 30 días funcionando, y ahora pierde agua por el difusor de servicio.

El servicio de atención al cliente, lamentable, más de un mes en proporcionarme la factura para poder aplicar la garantía en el servicio técnico.

Y el servicio de Miravia demencial, me siento completamente indefenso, un timo, menos mal que compré la cafetera en la tienda oficial De'Longhi.

Huid de este fabricante, la calidad es lamentable. Huid de Miravia, que se lava las manos de los que vende, te ignoran y no te ayudan.",Cliente Amazon,Revisado en España el 13 de mayo de 2024
Calidad,"5,0 de 5 estrellas",Calidad Precio Inmejorable,Luis Alberto,Revisado en España el 12 de mayo de 2024
Cafetera muy buena,"5,0 de 5 estrellas","Una gran cafetera, parece profesional, nada que envidiar a las de más de mil euros. Yo compré un buen café de grano y es insuperable, todo el mundo que toma café en casa le encanta.",Mel,Revisado en España el 8 de mayo de 2024
Estupenda cafetera automática que dmite café en grano y molido,"4,0 de 5 estrellas","Un poco voluminosa, y teniendo en cuenta que no puedes usar café torrefacto, solo en la proporción de 20/80 con el natural, pues dejará de funcionar el molinillo interno, pero por lo demás perfecto producto, un café riquísimo y con calentador de leche, muchas opciones y a un precio muy contenido",JesusFdo,Revisado en España el 7 de mayo de 2024
El café que hace,"5,0 de 5 estrellas",El funcionamiento,Opa,Revisado en España el 6 de mayo de 2024
X fin una cafetera en condiciones,"5,0 de 5 estrellas","Play Video
Buenisima.",Cliente Amazon,Revisado en España el 3 de mayo de 2024
Buen producto,"5,0 de 5 estrellas",Cumple lo que quería,Cliente Amazon,Revisado en España el 3 de mayo de 2024
MAGNIFICAS,"5,0 de 5 estrellas","Súper, pero súper buena , y como su nombre lo dice , magnificaS.
100% recomendada.",Danny Gabriel Molina Cedeño,Revisado en España el 1 de mayo de 2024
"Cafetera bàsica, si lujos però que cumple perfectamente su funcion","4,0 de 5 estrellas","Es una cafetera bàsica, no le pidáis excentricidades ni cosas raras, excelente para hacerse un café. Tenéis la opción de hacer dos cafés a la vez, cortos o largos, podéis graduar la molienda, la intensidad del café y la temperatura. De serie no trae filtro. Lo que no me gusta... Le pongo agua de ósmosis y aun así cada mes me salta la alarma para descalcificar, lo encuentro excesivo.",Pons,Revisado en España el 1 de mayo de 2024
Buen café,"5,0 de 5 estrellas","Al principio cuesta un poco encontrar el punto exacto para que el café salga perfecto. Siguiendo los consejos de la reseña de otro comprador, puse la ruleta del molinillo al 3 y la ruleta de afuera al MAX -3 puntos. El botón de 1 taza corto sale demasiado corto y el largo demasiado largo (para mi gusto). Configuré el 1 taza largo para que salga un poco más corto. Al principio todos salen muy aguados y salía gota a gota hasta que pillas el punto pero una vez encontrado, merece la pena. Hoy el café ha salido como muestro en el vídeo, consistente y riquísimo. Desespera un poco al principio porque los 10 primeros cafés tomas agua manchada y tienes ganas de devolver la cafetera, pero paciencia que acabas dando con la posición correcta.",Jenifer,Revisado en España el 30 de abril de 2024
El sabor es muy bueno!!,"5,0 de 5 estrellas","Sin duda la mejor cafetera, el cafe sale muy muy bueno 👌
La verdad que acerté a comprar esta cafetera.",Niko,Revisado en España el 27 de abril de 2024
Máquina de cafe,"5,0 de 5 estrellas","Muy buena máquina, café de sabor muy buena, excelente limpieza e higiene en su funcionamiento",Jose antonio G.G.,Revisado en España el 23 de abril de 2024
Cafetera que va de lujo.,"5,0 de 5 estrellas","Es una gran compra. Llevo unos meses con ella y encantado. Hace buen café y es fácil de utilizar y limpiar. Eso si, requiere leerse bien el manual para conocer las funciones y que significa cada luz cuando aparece.",carlos,Revisado en España el 20 de abril de 2024
Me encanta,"5,0 de 5 estrellas","Me encanta como sale el café, tambien depende de la materia prima que le pongas pero se puede modificar molido, intensidad...y si te apetece un descafeinado tiene un deposito q le puedes echar con un cacito. La unica pega es que echa mucha agua para limpiar despies del cafe y cuando la enciendes y tienes que tener un vasito o el deposito de llena enseguida.",Ana Rosa,Revisado en España el 19 de abril de 2024
Ruidosa,"1,0 de 5 estrellas",Mucho ruido y el café aguado,Nat,Revisado en España el 18 de abril de 2024
Magnífica,"5,0 de 5 estrellas","Con ella las mañanas son distintas!!! Fácil funcionamiento y mejor servicio, ideal para esos desayunos de pareja",Blas Garcia,Revisado en España el 15 de abril de 2024
Una cafetera única.,"5,0 de 5 estrellas","Si quieres tomar un buen café, esta es la cafetera.",Velislava Plamenova,Revisado en España el 13 de abril de 2024
Bien,"4,0 de 5 estrellas",falta el liquido de limpieza,mardik,Revisado en España el 13 de abril de 2024
Decepcionante,"2,0 de 5 estrellas","Quien crea que hará un café parecido al del bar (italiano) , pues… saca un café horroroso, sin consistencia , sin espuma, .. he probado todos los cafés Lavazza, illy, hasta marcas españolas, nada . He quitado la Nespresso por artificial, cara y sus cápsulas ( no reciclables) pero me arrepiento. Cómprate una cafetera moca de toda la vida y ahorrarás el dinero. esta máquina es como la airfryer, otro trasto que ni fu, ni fa. (PS: soy italiano, se lo que es un buen café. )",FabianP,Revisado en España el 13 de abril de 2024
Lo compre de segunda mano h nunca funciono,"1,0 de 5 estrellas",Hice la devolucion y aun no he recibido el reembolso . Despues de mas de 30 dias,Rosa Segura,Revisado en España el 11 de abril de 2024
Desperdicia mucha agua,"4,0 de 5 estrellas","Cafetera superautomática con boquilla para leche que funciona bastante bien, muele el café o lo puedes poner molido en otro compartimento y hace varios tipos de café según tu preferencia espreso, luongo, etc... Hasta que das con el punto de molido tienes que ir ajustado, desperdicia mucha agua con la limpieza ya que limpia al conectar y al apagar, está bien sin llegar a ser una excelencia",Jose A,Revisado en España el 11 de abril de 2024
Delicada,"1,0 de 5 estrellas",Tiene un año y medio y ya se ha estrope,Margarita o,Revisado en España el 10 de abril de 2024
No esta mal,"4,0 de 5 estrellas",Desperdicia demasiada agua y hay que descalcificar todos los meses,Jose alba,Revisado en España el 9 de abril de 2024
Gran artículo,"5,0 de 5 estrellas","He tardado en escribir la reseña porque quería estar seguro de que funcionase perfectamente.
La maquina llego bien embalada aunque con una tapa de plástico desencajada, la cual encaje sin problemas dado que tengo conocimientos técnicos, aunque reconozco que a otras personas les podría haber llevado a devolver el producto.
Tarde más de dos meses en elegir la máquina debido a la multitud de quejas en todo tipo de modelos y marcas, desde el ruido hasta el consumo excesivo de agua.
Bien, aquí os dejo mi evaluación:
- Ruido: el normal de un molinillo de café y una bomba de agua. No es para estar durmiendo al lado, pero tampoco es que sea lo más molesto del mundo.
-Gasto agua: gasta por el surtidor un poco menos de la mitad de una taza y otro poco por la zona de la bandeja inferior en cada preparación, en cada encendido y en cada apagado. No es una barbaridad, pero si lo miras con lupa, pues duele un poco tirar ese agua. Yo la aprovecho para ir regando un poquito las plantas. Por mi parte agradezco que la máquina se autolimpie en cada uso y realmente no encuentro demasiado excesivo el gasto de agua.
- Ciclo descalcificación: tengo la máquina instalada con el filtro de agua y después de varios meses todavía no me ha pedido hacer el ciclo. Lo digo porque había reseñas que se quejaban de que era demasiado frecuente.
-Acabado: realmente la cocina luce más bonita desde que la tengo. Un diez.
- Control: prefiero el panel táctil al panel del mando rotatorio. Me gusta el diseño.
- Molienda: Al principio tienes que buscar la marca de café que te agrade e ir ajustando el molinillo para que salga a tu gusto, pero cuando lo consigues el café que puedes conseguir es excelente. No soy un experto cafetero pero ahora disfruto del café con leche por las mañanas y del expresso al mediodía.

En resumen, estoy muy contento con mi elección final por una maquina con un coste contenido pero con unas grandes prestaciones.",Cliente Amazon,Revisado en España el 8 de abril de 2024
Buena compra,"5,0 de 5 estrellas","Me dijeron que era una buena marca y que hacía buenos cafés, pero no creía que me gustaría tanto, de momento sólo la tengo una semana y no me a fallado en nada así que por el momento la recomiendo 100%",Diego,Revisado en España el 8 de abril de 2024
¿¿ES ASÍ O DA PROBLEMAS DESDE EL INICIO??,"1,0 de 5 estrellas","La compré como un regalo para un Cumpleaños; se abrió y se estrenó el 28 de Marzo. Ayer, día 6 de abril, tenía el piloto rojo que avisa que necesita descalcificación:
1- Han sido 10 días de uso únicamente. Se ha usado 2 o tres veces al día, para dos tazas de café a la vez, normalmente.
2- Usé agua de garrafas hasta que me llegaron los filtros para el agua. Tengo los filtros desde el 1 de abril y seguí las instrucciones correctamente para su instalación.
3- Ahora he comprado el líquido descalcificador, que no sale barato y en cuanto llegue, haré el proceso.
Tras 10 días de uso, la máquina ya necesita descalcificación ¿Eso es normal? No lo creo. Como no se solucione, conllevará la devolución del producto con sus consiguientes problemas añadidos para mi, cuando compré un producto QUE NO ES BARATO y que no debería dar problemas.

Ahora mismo, el grado de satisfacción es mínimo.",Sandra,Revisado en España el 7 de abril de 2024
Buen cafe.,"5,0 de 5 estrellas","Pues la calidad del cafe, así como sus diferentes posiciones de configuración, hace de ella muy practica .
En plan negativo, tengo que decir y no creo que sea problema del modelo sino de esta cafetera en particular, me pidió descalcificarla a unos días de empezar a usarla, el agua de mi zona no es dura, con el ph dio media y ya a mi me pareció que estaba dando mas cal de la cuenta. Sin duda una gran calidad por el precio de compra, de las que he tenido la mejor sin duda.",use leon,Revisado en España el 7 de abril de 2024
Muy satisfecha !!!,"5,0 de 5 estrellas",Me gusta el café y por lo tanto queríamos un cafetera que se adapte a nuestras exigencias en cuanto a no usar más las cápsulas . Y sobre todo tener opción de poder calentar la leche . Y saborear de un buen café en cualquier momento . La cafetera lo vale . Calidad precio . Y tienes la opción de tener café normal y descafeinado . Para tus invitados .,Rocío Gonzalez,Revisado en España el 3 de abril de 2024
Cafetera premium,"4,0 de 5 estrellas","He tardado bastante en poner reseña para asegurarme que hago lo correcto. Es una cafetera muy buena si vas ser capaz de 2 cosas :
-gastar mucha agua y dinero en filtro.
-gastar tiempo y dinero en descalificarla cada mes.",Nicoleta,Revisado en España el 1 de abril de 2024
Magnifico cafe,"5,0 de 5 estrellas",Excelente café y muy cómoda,AAdV,Revisado en España el 31 de marzo de 2024
Cafetera,"2,0 de 5 estrellas","Me gusta como hace el café y el sabor sobre todo. Pero he tenido que depurarla y siguiendo las instrucciones no he podido hacerlo, un poco complicada para mi",Maria josr,Revisado en España el 24 de marzo de 2024
Me defraudó,"3,0 de 5 estrellas","Aunque hacía buen café, saltaban advertencias cada dos por tres al caer el café molido fuera de su sitio.",AJ,Revisado en España el 19 de marzo de 2024
Espectacular,"4,0 de 5 estrellas","Disfruto mucho de la calidad del café que hace.
Para el precio que tiene, buena calidad de bebidas, aunque poca variedad
Recomiendo 100%",fernando,Revisado en España el 16 de marzo de 2024
Paciencia,"4,0 de 5 estrellas","Después de varias pruebas y de un buen cambio de café,hemos conseguido un delicioso café con cuerpo y cremoso.",ami,Revisado en España el 14 de marzo de 2024
Falló pero volví a comprarla,"4,0 de 5 estrellas","La recibí un miércoles, solo me hice un café jueves y viernes. El sábado ya no funcionaba. Hablé con atención al cliente y concluimos en que venía defectuosa de fábrica. Pedí reembolso y la devolví. Me volví a comprar la misma cafetera porque he leído opiniones, he visto vídeos y comparaciones, y considero que es de las mejores. Gracias",Daniela,Revisado en España el 13 de marzo de 2024
Buena máquina.,"4,0 de 5 estrellas","Después de unos días, me di cuenta que en el modelo de base (teclas negras) son del mismo color que la máquina y no se ven. Voy a pedir una cromada. Pero a subido de precio.",Amaya E.,Revisado en España el 13 de marzo de 2024
"No se puede calentar leche, solamente","3,0 de 5 estrellas","Tiene un problema, no se puede calentar leche, si no va vinculada al Capuccino. Gran Fallo!!",Joda Home,Revisado en España el 12 de marzo de 2024
Perfecto,"5,0 de 5 estrellas","Cafés perfectos. Después de 4 meses de uso, sigue funcionando como el primer día.",CARLOS P.,Revisado en España el 9 de marzo de 2024
El cafe sale espectacular de rico,"4,0 de 5 estrellas","El cafe sale espectacular de rico, la unica pega que le encuentro y por eso no le he puesto un 5, es porque siempre tiene cositas, que si cambiar filtro, que si limpiar no se que de la cal, vamos que no te aburres con el mantenimiento",Gemma moragues,Revisado en España el 9 de marzo de 2024
Cafetera muy bien acabada. Ocupa espacio pero no excesivo. Buen cafe.,"5,0 de 5 estrellas","Tenia dudas sobre el tamaño y no sabia si iba a ocupar demasiado espacio. La cafetera es grande con respecto a la típica nespresso aunque no es un tamaño excesivo. He notado un mejoría sobre el café de la nespresso y un ahorro importante en café por lo que estoy bastante contento con la compra. Utilizo café normal en grano y café descafeinado molido de forma esporádica. La posibilidad de usar dos tipos de café es lo que más gusto de la cafetera por siempre viene bien un descafeinado.
EDITO.
Después de dos años y medio de uso todavía más contento con la cafetera funciona perfectamente no me ha dado ningún problema ni error ni fallo, siempre que detecta falta de agua o café, repones y a funcionar.
Respecto al consumo, poniendo el selector al máximo de intensidad gasta unos 10 gr por cafe.",Jose Miguel Ruiz,Revisado en España el 26 de diciembre de 2018
Muy buen gusto,"4,0 de 5 estrellas","La cafetera en su conjunto es muy buena. Tiene varios puntos buenos y un par de malos.
Puntos positivos:
- Calidad precio muy buena
- Diferentes largos de café para expresso o para cafés largos (simples o dobles)
- Configuración del tiempo encendido como de la temperatura del café
- Aunque la mayor parte de la cafetera está fabricada en plástico, es de buena calidad.
- Posibilidad de espumar la leche así como de poder sacar agua caliente para té.
- Autolimpieza al encender y al apagar
- Posibilidad de tener dos tipos de cafés. Uno ya molido y otro en grano que puedes usar 'fácilimente'
Contras
- En la autolimpieza, usa cantidad de agua descomunal. No tiene sentido la cantidad que gasta
- La parte del café en polvo no siempre funciona bien. Si te pasas de café, no funciona. Si pones poco, tampoco y no siempre es fácil de gestionar",IG-ISSI,Revisado en España el 2 de agosto de 2024
Altamente recomendable su compra.,"5,0 de 5 estrellas",Es una cafetera realmente buena. No desperdicia agua tan solo se mantiene limpia en todo momento. Hace muy buen cafe y se de lo que hablo ya que soy camarero y he trabajado con molinillos manuales y es necesario una buena carga y un buen molido. Yo la tengo puesta a un 4 de molinillo max de cafe y agua super caliente. La capacidad de café es muy buena. Las infusiones se hacen en un momento y la crema de capuchinos es realmente buena,Cliente Amazon,Revisado en España el 18 de enero de 2018
Por ahora satisfecho,"4,0 de 5 estrellas","La cafetera funciona muy bien. Tuve el modelo antiguo de esta misma marca. La compré hace 14 años y hico cientos o quizás miles de cafés. La tuve que reparar un par de veces. Me pareció que podía estar muy satisfecho con el resultado de esa máquina. Por eso he vuelto a confiar en Delonghi.
La máquina estéticamente es bonita. Ruido el normal, no se puede esperar que un molinillo no haga ruido. He leído alguna reseña en que hablan del ""timo"" del filtro. Este usuario no se ha leído las instrucciones de la máquina. En mi caso como no uso agua del grifo no le pongo el filtro y la máquina puede funcionar sin él. Simplemente en la configuración de la máquina indicas que funciona dincrl filtro y la máquina no te indicara que lo debes cambiar. Otro usuario habla de que viene con restos de café. Esto puede suceder, no en mi caso pero también indica el libro que se debe a las pruebas de ajuste que se hacen en fábrica. En mi caso venía perfectamente ajustada en cuanto al nivel de molienda. El café sale con crema y a la velocidad adecuada. Si, gasta agua, se limpia al inicio de la preparación y al apagar la máquina pero no resulta excesivo si nos es que eres una cafetería profesional.
No es una cafetera de alta gama pero se pueden conseguir buenas bebidas de café con ella. Puedes programar 3 niveles distintos de intensidad del café. Esto hace variar la cantidad de café que se usa en cada descarga. También 3 niveles diferentes de cantidad de agua, para expreso, café largo y americano. Me costó decidirme por esta por el tema molinillo. Quería un molinillo de piezas cerámicas, Delonghi no las fabrica con este molinillo. Finalmente he decidido por esta y estoy contento. Los botones táctiles le dan un toque de modernidad
Buena máquina.",Albert,Revisado en España el 16 de junio de 2024
LO MEJOR: LA AUTOLIMPIEZA Y NO MÁS CÁPSULAS! Más sostenible,"5,0 de 5 estrellas","EDITO OPINIÓN ENERO 2021
TRAS DOS AÑOS Y MEDIO DE USO, la cafetera funciona como el primer día.
La autolimpieza me quita muchísimo trabajo y el tener siempre puesta una taza para que recoja el agua de la autolimpieza y ahorrarme tener que vaciar la bandeja está genial.
Sólo tengo que cambiar el filtro cada dos meses y hacer la descalificación cuando la máquina lo pide, por ahora sólo la he tenido que hacer dos veces, cada 10 o 12 meses más o menos. Depende del uso que se le de. La primera descalcificación fue al año de comprarla, pero ahora la usamos mucho más y me la pide cada 10 meses aproximadamente.
También estoy contenta por estar generando muchos menos residuos que con las cafeteras de cápsulas, y contribuyendo de alguna manera a cuidar un poco más el medio ambiente que cuando teníamos la Nespresso.
Estamos encantados con esta cafetera.
Repetiríamos la compra sin dudarlo.

OPINIÓN INICIAL
Escribo la opinión después de varios meses de uso.

Lo mejor de esta máquina, aparte del buen café que hace, molido en el momento, es el POQUÍSIMO MANTENIMIENTO que tiene.
A veces da pereza usar los pequeños electrodomésticos de cocina por el rollo que es limpiarlos después, pero gracias a la autolimpieza que hace al encenderse y al apagarse, el mantenimiento es mínimo. En el manual recomiendan una limpieza del depósito y de las partes accesibles de la máquina una vez al mes. Aparte de éso, hay que descalcificar cada varios meses (la máquina avisa de cuándo es necesario) y cambiar el filtro del agua cada dos meses.

Empecé usando agua embotellada, pensando que sería mejor para la máquina y que haría más rico el café, pero después de unos meses he notado una cantidad enorme de residuo mineral en el depósito del agua cuando lo limpiaba (el agua mineral que utilizaba, de una muy conocida marca, tiene una dureza de 4 sobre 5). Así que he decidí cambiar al agua del grifo porque en mi zona no es dura. La cantidad de residuo ha empezado a ser muchísimo menor, apenas se aprecia.

En cuanto al ruido, algo hace, pero no se puede pedir que limpie todo el circuito interno y muela café sin hacer ruido. A nosotros desde luego nos compensa.

Por ponerle alguna pega, es muy grande, ocupa un montón en la cocina. No fuimos conscientes de lo grande que es hasta que la tuvimos en casa.

Aún así, estamos encantados con la compra.",Hanna 🌷,Revisado en España el 5 de agosto de 2018
La mejor compra que he hecho últimamente,"5,0 de 5 estrellas","Llevo un par de meses con la cafetera y creo que puedo hacer ya una valoración más o menos acertada de sus ventajas e inconvenientes.

Empecemos por los pros: el café que hace es espectacular. Eso sí, tienes que calibrar bien la máquina. En mi experiencia, te llevará varios cafés encontrar el punto ideal del café, tanto por la molienda como la temperatura o cantidad de café en carga. Pero una vez que lo encuentres mercería la pena (no desesperes, es mi primer consejo). Otra cosa importante: el café que uses se nota bastante. Yo he ido usando desde marcas más comerciales a cafés más exclusivos y ciertamente se nota mucho la diferencia en el sabor. Sobre el capuchinador también tengo puntos a favor. Fácil de manejar, espuma buena y bien para calentar la leche.

Y ahora los puntos negativo. Yo encuentro fundamentalmente dos. El primero es la cantidad de agua que la máquina desprecia ya que al encenderla y pagarla hace una descarga de agua para limpiar los conductos. Esto en si no es malo, pero si bebes poco café o quieres hacerte simplemente un café corto debes saber que vas a tirar más agua de la que vas a usar para hacerte el café (la cantidad de agua que pierdes en cada encendido/apagado es equivalente a la que usas para un café con leche). Si en casas sois muchos o vas a usar la máquina para las visitas y harás muchos cafés consecutivos entonces este problema se minimiza. Sobre el gasto de agua, al mes y medio ya me pidió la máquina una limpieza de conductos, y aqui también se pierde bastante agua. El otro problema que veo es que existe un único depósito en el que poner el café por lo que no puedes tener café y descafeinado, por ejemplo. Esto se minimiza porque hay un compartimento pequeño que permite meter café molido por lo que puedes dejar el compartimento principal para el café y poner el descafeinado en el molido si alguien te lo pide.

El balance general: creo que la máquina es cara pero si valoras el café de calidad los pros superan a los contras. Yo la recomendaría. Estoy muy contento con la máquina a pesar del agua que gasta.",ismaelrl,Revisado en España el 28 de febrero de 2021
Buena relación calidad - precio,"3,0 de 5 estrellas","Aspectos Positivos:
Calidad del Café: Esta cafetera ofrece una excelente calidad de café, comparable a la de una cafetería. Puedes preparar espresso, cappuccino y otras variedades con facilidad.

Facilidad de Uso: La interfaz de usuario es bastante intuitiva. Los botones y la rueda de control permiten ajustar la cantidad de café y el nivel de molienda de manera sencilla.

Personalización: Puedes personalizar tu bebida ajustando la intensidad, la cantidad de café y la temperatura del agua. Esto es ideal para adaptarse a tus preferencias personales.

Sistema de Espumado: La boquilla para leche permite preparar cappuccinos y lattes con una espuma de leche cremosa. Aunque no es automática, es fácil de usar y ofrece buenos resultados.

Compacta: A pesar de ser una máquina superautomática, su diseño es relativamente compacto, lo que la hace adecuada para cocinas con espacio limitado.

Mantenimiento: La máquina cuenta con programas automáticos de limpieza y descalcificación, lo que facilita su mantenimiento.

Aspectos Negativos:
Ruido: la máquina puede ser bastante ruidosa durante el proceso de molienda y preparación del café. Esto puede ser un inconveniente, especialmente en las mañanas tranquilas.

Boquilla Manual para la Leche: Aunque el sistema de espumado manual produce una buena espuma, no es tan conveniente como los sistemas automáticos que se encuentran en modelos de gama alta. Requiere algo de práctica para obtener la espuma perfecta.

Capacidad del Depósito de Agua: El depósito de agua tiene una capacidad moderada, lo que significa que puede necesitar ser rellenado con frecuencia si se usa mucho. Esto puede ser un inconveniente para usuarios que preparan muchas tazas de café al día.

Durabilidad del Molinillo: Aunque el molinillo de esta máquina es efectivo, algunos usuarios han reportado que puede desgastarse más rápido de lo esperado, especialmente con un uso intensivo.

Precio de los Repuestos: Los repuestos y accesorios originales pueden ser costosos. Esto incluye elementos como los filtros de agua y las pastillas de limpieza.

Interfaz Limitada: La interfaz de usuario, aunque fácil de usar, puede parecer algo básica para aquellos que buscan más opciones avanzadas y personalizaciones detalladas que ofrecen modelos más caros.

Conclusión
La De'Longhi Magnifica S ECAM11.112.B es una excelente opción para quienes buscan una cafetera superautomática de calidad que ofrezca una buena relación calidad-precio. Produce un café de alta calidad y es fácil de usar, aunque tiene algunos inconvenientes menores que podrían influir en tu decisión si tienes necesidades específicas. En general, es una máquina muy recomendable para los amantes del café que valoran la conveniencia y la personalización en su experiencia de preparación de café.",Adrian Quintín Cárdenas,Revisado en España el 23 de junio de 2024
Si logras ajustar el cafe... Sera tu cafetera por muchos años,"5,0 de 5 estrellas","Despues de dos semanas de prueba y estar a punto de devolverla, puedo dejar las siguientes valoraciones:

1. Ajustarla (molinillo, cantidad cafe, cantidad agua, temperatura) hasta conseguir la intensidad y volumen de cafe a mi gusto ha sido una tortura. He estado a punto de devolverla porque teniendo la cantidad de cafe a tope y el molinillo como viene de fabrica (6), salia aguado y a mi me gusta intenso, con cuerpo y crema. Regulando el molinillo hacia el 1 (mas fino), no apreciaba diferencia, es mas, parecia mas aguado. Hay que tener paciencia e ir girando el molinillo de punto en punto e ir probando cafes (gastaras mucho al principio).

Al final he conseguido un cafe intenso como el de un bar, mejor que el 90% de bares, con dos cafes natural arabica de precio muy asequible (bonka y fortaleza)

2. Para los que dicen que gasta mucha agua y tarda mucho en prepararse para el primer cafe... Tarda 20-25seg mas que la nespresso que para nada me parece un problema si va a salir un cafe de verdad. Por lo del agua, si que gasta, pero si pensamos que alarga la vida util de la cafetera, creo que tampoco es importante.

3. El tema de la descalcificacion, todavia no me ha pedido nada, dicen que cada dos por tres te pide descalcificar, ya veremos.

4. Es grande, mucho mas que una de capsulas.

5. El tener doble compartimiento para poner un cafe con grano molido es indispensable porque sino, que hacemos si apetece un descafeinado??

Resumen: Una vez consigas ajustar los parametros saldra un cafe digno de la mejor cafeteria, con la ventaja de poder escojer el tipo de cafe y su intensidad.

VALE MUCHO LA PENA SI ERES CAFETERO y por este precio no creo que haya algo mejor.

EDITO DESPUES DE VARIOS MESES DE USO. La cafetera funciona perfecta, lo que dije en la primera review es correcto. Hay que saber escoger el cafe para que salga con cuerpo. En cuanto a la descalcificación, es muy pesada, la pide cada poco tiempo. Al final he optado por hacer los ciclos de descalcificación cuando yo creo, aunque la maquina tenga un led rojo avisando que te has pasado el ciclo, pero es simplemente eso ya que la cafetera funciona con normalidad...

Escoge un buen café y no te defraudara!",Francesc L.,Revisado en España el 4 de enero de 2019
Buena compra (a la segunda...),"4,0 de 5 estrellas","Después de la desilusión inicial de recibir un producto claramente usado (venía sin plastiquitos, sin filtro, sin tira medidora de dureza de agua, sin cucharita para el café molido...) y con molinillo atascado, una vez devuelta y sustituida por Amazon (en dos días!!), puedo decir estar satisfecho con su funcionamiento y con el café que prepara.
Veníamos de consumir café en capsulas y a propósito del cambio, en mi opinión:
1: se pierde la inmediatez típica del sistema por cápsulas (hay que admitirlo...). Este tipo de máquina necesita de un encendido más largo y consume agua al encenderla y apagarla (el equivalente de una tacita al encender y una al apagar)
2: el aparato ocupa bastante, si se anda cortos de encimera es algo a tener en consideración
3: aún consumiendo más agua, la frecuencia con la que hay que reponer agua o vaciar posos es menor que la frecuencia de rellenado de agua o vaciado de cápsulas de una típica Nespresso Inissia
4: el nivel de ruido es parecido
5: la posibilidad de configurar diferentes parámetros de preparación y de poder usar el café que a uno más le guste (o una mezcla de), lleva a una mayor probabilidad de acabar obteniendo el café optimo para cada uno (no voy a hablar de calidad... :) )
6: la opción de usar café molido está bien (para descafeinado o café con más/menos cuerpo que el en granos), pero tener que ponerlo a cada café no es tan cómodo. Estaría bien un recipiente para el molido. Por lo general, no creo que en casa se usen más de dos tipos de café...
7.: en cuanto al medioambiente estamos hablando de un electrodoméstico clase A que produce posos de café que van al contenedor orgánico (o a las plantas o a desatascar el fregadero :)), nada de tener otra bolsa de basura y llevar las cápsulas al punto de recogida cada X tiempo...
8.: finalmente, a menos de usar cafés carísimos, resulta mucho más económico que el sistema en capsulas (aún considerando el coste del filtro del agua)",Antonio,Revisado en España el 28 de agosto de 2018
NEGATIVA,"2,0 de 5 estrellas","He tenido varias marcas de capsulas, y decidí comprar esta para usar el grano y hacer un café, perfecto, oloroso etc...
pero lo que no quiero es tener cada seis meses, a pesar de tener el agua descacificada y ponerla osmotizada, pasar como
digo yo por el tubo y tener que cambiar los filtros, te advierte en ROJO, Y NO FUNCIONA, hasta que lo cambias y lo considero un pequeño ENGAÑO, que tenían que avisar, tanto es así que cuando acabe el café comprado, la venderé o

regalaré. NOQUIERO SABER NADA , si has de continuar comprando filtros para adecuar el agua.",pepito h.,Revisado en España el 29 de agosto de 2018
Buen compra,"4,0 de 5 estrellas","Pero...gasta mucha agua. Cada vez que se enciende o se apaga limpia los conductos con el agua del depósito. Como un café corto más. Eso se nota pero con lo que me ahorro con el café en grano gano más que pierdo. Se deberá descalcificar más a menudo pero dispone de la operativa y te indica cuando ejecutarla. No me atrevo a ponerle agua del grifo, pero acabaré haciéndolo.",Carolus,Revisado en España el 14 de julio de 2024
Un buen café,"5,0 de 5 estrellas","Una vez desempaquetada es importante leer las instrucciones ya que la puesta en marcha no es intuitiva. Tal y como dicen las instrucciones el café mejora mucho a partir de la 4 o 5 taza. Hay que tener en cuenta que cada vez que se apaga o se enciende hace un enjuague con lo que mejor poner una taza siempre debajo.
Dicho todo esto y aunque solo hemos usado café de Mercadona mezclando a mano el forte con el Normal, el café sale muy bueno, nada que envidiar a la Nespresso.
Importante no usar torrefacto o mezcla, estropea la máquina.
Sólo la usamos para café solo, así que del capuchinador no puedo opinar.
Por el momento muy contentos y un gran ahorro de dinero en cápsulas.",Cliente Amazon,Revisado en España el 18 de junio de 2024
Funciona bien,"4,0 de 5 estrellas","Como dicen en todos los foros, es una buena cafetera, calidad precio insuperable.
Satisfecho con la compra.",Cliente Amazon,Revisado en España el 6 de agosto de 2024
Excelente,"5,0 de 5 estrellas","La cafetera llegó en perfectas condiciones, con libros de instrucciones en varias idiomas, este modelo viene con programas que me encantan mucho, para ahorrar energía y agua, el cafe es riquísimo, pena que no tengo un vídeo para subir, para que veais la cantidad de espuma en el cafe, super concerto , ademas como tiene molinillo, ahorras mucho café, y difrutas del sabor y aroma espectacular gracias DeLonghi, me alegra saber que aún ai impresas serias",Cătălin Veronel Minea,Revisado en España el 13 de julio de 2024
"Magnifica, tal y como su nombre indica","5,0 de 5 estrellas","Tras unos meses de pruebo, puedo decir que hemos hecho una muy buena compra. Anteriormente teníamos una cafetera superautomatica, de Krups, por cierto también muy buena. Pero esta nos ha convencido más. El café sale muy caliente, buenisimo, con crema de café, y puedes configurar la cantidad de ml de agua que gasta para el café espresso, largo...
La única pega que le pongo, es que gasta mucha agua. Que por otro lado, está bien porque realiza un lavado al inicio i al final de café, manteniendo así los tubos limpios.
La recomiendo mucho!",ALBA OBRE,Revisado en España el 19 de junio de 2024
PERFECTO EQUIPO Y SERVICIO,"5,0 de 5 estrellas",En perfecto estado y funcionamiento. Con muchísima seguridad en el envío para que no pueda entregarse a nadie que no sea el destinatario y muy bien embalada.,RICARDO D.,Revisado en España el 1 de agosto de 2024
Hace bueno cafe?,"5,0 de 5 estrellas",La maquina funciona muy buena y hace cafe bueno,Wendy,Revisado en España el 7 de agosto de 2024
Muy bien,"5,0 de 5 estrellas","Estoy muy contenta de la nueva Maquina de cafe. Llegada antes del dia previsto, y funciona muy bien",Giu Orlandi,Revisado en España el 27 de julio de 2024
cafetera semiautomática,"5,0 de 5 estrellas",acabo de comprar. De momento estoy muy contenta. hace buen café. pero una cosa hay obesas de plastico como depósito de agua .son finos . hay que tener cuidado.,irina,Revisado en España el 13 de julio de 2024
Problemas de uso,"3,0 de 5 estrellas","La cafetera automática hace un café delicioso. Sin embargo, tiene varios problemas que hacen que su uso no sea ideal para mí:
* Cambiar de grano de café es complicado, ya que no se puede vaciar el depósito una vez lleno. Así que, una vez que rellenas el depósito de granos de café, te quedas limitado a ese tipo de café hasta terminarlo.
* Presenta problemas al usar el depósito de café premolido, ya que no lo detecta bien, te obliga a rehacerlo y se desperdicia en la bandeja.
* Aunque el programa para capuchino funciona fantástico, no tiene un programa solo para leche caliente, lo cual limita la preparación de té con leche.",Oriana,Revisado en España el 5 de agosto de 2024
Bastante ruidosa,"3,0 de 5 estrellas","La cafetera es buena, nada que decir . En cuanto le pilles el punto de molido e intensidad, el resto es historia(para gusto los colores). A nosotros nos gusta el café muy fuerte y con esta cafetera +un buen café lo logramos. Ahora bien , lo que no me gusta nada es bastante ruidosa y por la mañana temprano (a las 4 o 5 ),por ejemplo,se escucha muchísimo. En todos los comentarios he visto quejas del gasto de agua de la máquina, pero nadie apenas habla del ruido. Yo como madrugo mucho, es lo que más me molesta. Los que os levantáis temprano como nosotros, hay máquinas más silenciosas en el mercado. Aunque es una muy buena cafetera, por el ruido no la volvería a comprar.",Cliente Amazon,Revisado en España el 27 de julio de 2024
CAFETERA,"5,0 de 5 estrellas",Es un buen producto,Jose,Revisado en España el 4 de agosto de 2024
Recomendación,"5,0 de 5 estrellas",Mejores cafés que en muchos bares,Alberto Olasolo,Revisado en España el 29 de julio de 2024
La mejor cafetera,"5,0 de 5 estrellas","La mejor cafetera profecional para casa ,la marca es inmejorable ,el café sale espectacular ,sabroso y cremoso. No es la primera vez que compro DeLonghi y no freo que en un futuro cambie de marca .es de lo mejorcito",vanyo dimitrov varbanov,Revisado en España el 28 de junio de 2024
Buen café,"5,0 de 5 estrellas","Play Video
Al principio cuesta un poco encontrar el punto exacto para que el café salga perfecto. Siguiendo los consejos de la reseña de otro comprador, puse la ruleta del molinillo al 3 y la ruleta de afuera al MAX -3 puntos. El botón de 1 taza corto sale demasiado corto y el largo demasiado largo (para mi gusto). Configuré el 1 taza largo para que salga un poco más corto. Al principio todos salen muy aguados y salía gota a gota hasta que pillas el punto pero una vez encontrado, merece la pena. Hoy el café ha salido como muestro en el vídeo, consistente y riquísimo. Desespera un poco al principio porque los 10 primeros cafés tomas agua manchada y tienes ganas de devolver la cafetera, pero paciencia que acabas dando con la posición correcta.",Jenifer,Revisado en España el 30 de abril de 2024
Delonghi no falla!,"5,0 de 5 estrellas",Excelente cafetera! 100%recomendable!,Andrés,Revisado en España el 25 de julio de 2024
Excelente,"5,0 de 5 estrellas",Una de las mejores cafeteras,NURIA DAURA DEL BARRIO,Revisado en España el 16 de julio de 2024
Buen cafe,"5,0 de 5 estrellas",Estamos encantados,Nuria,Revisado en España el 20 de julio de 2024
Indicaciones para AJUSTE PERFECTO,"5,0 de 5 estrellas","En relación calidad precio no existe ahora mismo otra opción mejor. El único inconveniente es que con los ajustes de fábrica no hace un café perfecto y puede desilusionar el primer dia... pero con paciencia y probando se consigue un café muy bueno.Despues de unos 15 cafés de prueba, he conseguido unos ajustes que preparan el café perfecto (pa mi gusto). Os los dejo
Primero, Usar un buen café 100% natural, no merece la pena ahorrar ahí. Yo he usado ""Consuelo Brazil"".
Segundo, Cambiar la posición del molinillo, punto a punto de uno en uno y siempre mientras el molinillo está funcionando, hasta dejarlo entre el punto 2 y 3. Tercero, la rueda de intensidad al máximo.
Cuarto, la temperatura de fábrica.
Quinto, el botón de café corto (40ml)
Sexto, usar un vaso cónico para que cree más crema.
Si aún así queréis un café solo aún más concentrado, usar el botón de café solo doble.

Con el café que he mencionado y esos ajustes podéis probar la calidad de la máquina. Espero que sirva de ayuda",ALBERTO,Revisado en España el 8 de septiembre de 2023
Muy buena cafetera,"4,0 de 5 estrellas","Ya tenía una de esta marca, que compré huyendo de las cápsulas, pero es de brazo, y era un incordio el llenado y vaciado de la cazoleta.
Esta es mucho mejor en todo. Mejor café recién molido, fácil de usar y cómoda. Te avisa si falta agua o café y si hay que vaciar el depósito de los posos. Puedes ajustar el molido, la intensidad del café, y el largo de cada tipo de café.
Hace ruido, aunque no tarda mucho en moler.
También hace un enjuague cada vez que se enciende o se apaga, lo que gasta bastante agua, ya que sale agua cada vez, como si hiciera un café sin café. Yo dejo siempre una taza bajo, para no tener que estar vaciando continuamente la base. Lo bueno de ésto es que sabes que limpia cada vez.
También me gusta que se pueda regular la altura de la salida del café. Evita molestas salpicaduras.
En mi caso, muy satisfecho con la compra. Muy recomendable y muy buen café.",AEG,Revisado en España el 10 de diciembre de 2023
Hace buen cafe,"5,0 de 5 estrellas","Llevamos una semana empleandola y la recomiendo,hace un café estupendo y el uso muy sencillo",Isaac,Revisado en España el 5 de julio de 2024
Súper.Maquina de cafe,"5,0 de 5 estrellas","Lo mejor de lo mejor he probado varias, pero sin duda esta es la mejor la recomiendo al 100%cafe excepcional, fácil de usar , fácil limpieza lo tiene todo, estoy súper contenta",CAROLINA,Revisado en España el 20 de junio de 2024
Regalo,"5,0 de 5 estrellas",Fue un regalo para mi hermano y está encantado,Laura P.,Revisado en España el 7 de julio de 2024
Cafetera,"5,0 de 5 estrellas","Una pasada de cafetera, me encanta el café que hace, le doy un diez",Alfonso D,Revisado en España el 27 de junio de 2024
La mejor compra que he hecho,"5,0 de 5 estrellas","A solo 24 h de haberla recibido, solo puedo decir que es una de las mejores compras que he hecho en Amazon.
La hemos probado con agua del grifo, que es la que bebemos en casa habitualmente con un sabor aceptable. Sin filtro descalcificador pues no venía con la máquina (yo creía que si) y no lo recibiré hasta dentro de un par de horas. Hemos usado de entrada los ajustes de fábrica y tirado al fregadero los primeros 5 cafés sin probarlos siquiera. El sexto ya lo hemos probado y el sabor nos ha parecido bueno, así como la cantidad, temperatura y aspecto. A partir de ahí yo diría que aún va mejorando, pero voy a ir muy despacio. Iré modificando muy poco a poco la cantidad de café y la finura de la molienda, y estoy convencido de que aún mejorará. No obstante, si no consiguiese mejores resultados ya me daría por muy satisfecho.
Cuando uno se gasta más de 300€ en una cafetera creo que es normal que las expectativas sean altas, y en este caso no me ha defraudado en absoluto.
Estoy usando el café en grano que he encontrado en el supermercado del pueblo, no he podido elegir mucho pero me merecía bastante confianza: L’Or espresso forza 9 que usábamos con la Nespresso y nos gustaba. Lo he pagado a unos 15€ el kg, que es algo menos que los 61€/kg que cuesta en cápsulas comprándolas en cajas de 20. Por tanto, haciendo entre 6 y 10 cafés al día se amortiza muy rápido, se generan muchos menos residuos y el café es mejor. No puedo pedir más!
Un par de notas añadidas:
1- el manual instrucciones es muy escueto. Bajaros de la web de Delonghi el manual completo.
2- la tira para controlar la dureza del agua estaba, en mi caso, dentro del manual en inglés. La he encontrado por casualidad.
Edición a 8 de enero de 2021:
10 meses más tarde creo poder ser un poco más preciso: después del primer paquete de la marca L’Or venimos usando el café en grano de Lidl, a menos de 6€ el kg. El resultado, para nuestro gusto, es excelente, siendo un considerable esfuerzo no pasar de los 5 cafés al día. Definitivamente he ajustado el grado de molienda justo entre el 1 y el 3 y la cantidad de café 3 puntos por debajo del máximo.
En definitiva, una compra perfecta.",Toni,Revisado en España el 5 de marzo de 2020
Un espectáculo de cafetera,"5,0 de 5 estrellas","Decir de primeras que no puedo comparar con ninguna otra cafetera. Esta opinión está basada en el uso de ésta exclusivamente.
Vengo de las cápsulas y la diferencia es brutal (para mejor), con las que llevaba cerca de 8 años, creo.
No tiene nada que ver el sabor, el cuerpo, la cremita de el café recién molido que tomo ahora con el de antes. Es como ir a un bar.
No pensaba que se iba a notar tanto, la verdad, pero sí.
Meterle grano y que muela cada vez que haces café... un espectáculo.

Desde que enciendo la cafetera hasta que el café está hecho pasan unos 45 segundos, aprox. Unos 30 para arranque (encendido, autolimpieza con agua caliente y llegar a la temperatura configurada). Y 15 segundos luego para moler y echar el café.

El manual recomienda una limpieza a fondo cada mes. La limpieza a fondo te lleva 15minutos de trabajo y 1h de reloj (45minutos consiste en que la cafetera eche agua caliente para autolimpieza). Pero yo diría que si el agua que usas no tienen mucha cal, no hace falta hacerlo cada mes.

Ocupa más espacio que la cafetera más pequeña de cápsulas, sí. Es cierto. Seguramente también consuma más electricidad (imagino, no lo sé). Pero, ¿has pensado en lo que te ahorras en café?. Una capsula puede salir por 30- 40 cts. Un kg de café en grano puede valer desde 5€ a 30€. Pongamos 10, que por ese precio ya hay buen café. Si echas una cantidad de unos 30ml por taza de café, el kg te da para unas 120 tazas. Echad cuentas. Depende del número de cafés que te tomes. Mis cuentas es que en 1 año y medio ya está amortizada.

Y qué decir de la espuma que hace. Al que le guste la espuma...

Es cierto que no tiene pantalla táctil y que puede que no tenga muchas opciones. Pero yo lo que necesito es que muela y que haga café corto y largo. No más. Y ésta es perfecta.

Queda por ver la durabilidad. Ya veremos.",Eduardo,Revisado en España el 26 de octubre de 2021
La De’Longhi Magnifica S ECAM11.112.B es una auténtica joya para los amantes del café!,"5,0 de 5 estrellas","Lo que más me sorprende de esta máquina es su facilidad de uso. El panel de control Soft-Touch es intuitivo y permite preparar espresso y otras deliciosas bebidas con solo tocar un botón. ¡No se necesita ser un barista profesional para obtener resultados increíbles!

La boquilla para leche es una característica que realmente destaca. Permite crear lattes y cappuccinos de calidad profesional con una espuma suave y cremosa. Además, puedes ajustar la cantidad de leche y café a tu gusto, lo que garantiza que cada taza sea perfecta.

La calidad del café es excepcional. Con 1450W de potencia, esta cafetera muele los granos frescos en el momento, lo que asegura un sabor y aroma inigualables. Además, puedes personalizar la intensidad, la temperatura y la cantidad de café para satisfacer tus preferencias individuales.

La limpieza y el mantenimiento son igualmente sencillos gracias a su sistema de enjuague y descalcificación automáticos. Esto prolonga la vida útil de la máquina y garantiza que cada taza sea tan deliciosa como la primera.

En resumen, la De’Longhi Magnifica S ECAM11.112.B es una cafetera superautomática de alto rendimiento que hará las delicias de cualquier amante del café. Su elegante diseño, su facilidad de uso y la calidad excepcional de las bebidas que produce la convierten en una inversión que vale la pena. Si buscas la mejor experiencia de café en casa, ¡esta cafetera no te decepcionará!",Simón,Revisado en España el 3 de septiembre de 2023
Me encanta,"4,0 de 5 estrellas","Llevaba bastantes años con una tassimo, pero me enamoré de esta cafetera. La tengo hace casi dos semanas y va pero que muy bien. Estuve leyendo muchos mensajes antes de comprarla y tengo el selector de molido en el tres y hace muy buen café. La intensidad del café en tres cuartas partes más o menos. Si hay que ponerle algún pero es que es un poco ruidosa sobre todo al moler el café, pero lo compensa con su sabor. No usar café torrefacto porqué al llevar azúcar puede manchar las cuchillas del molinillo interior de caramelo. Yo uso agua mineral. Compra recomendable para mi, aunque llevo poco tiempo con ella.
Llevo un mes con ella, la verdad la damos mucha caña y me ha saltado el piloto de descalificar, voy a esperar unos días y la voy a decalcificar. Me ha sorprendido lo rápido que se ha encendido, no ha llegado al mes. Ya la he decalcificado y la verdad es que la hemos metido mucha tralla, en un mes unos 250 cafés y muchos de ellos café largo y doble. Pero estoy muy contento con ella. Después de 15 meses de uso bastante bueno la máquina empezó a hacer café aguado, estuve mirando y le cambié el selector de molienda al dos y parece que vuelve a funcionar correctamente.",Víctor,Revisado en España el 16 de febrero de 2023
Reacondicionada - rota. Pedida la nueva y todo perfecto.,"5,0 de 5 estrellas","La máquina llegó a su tiempo. Era reacondicionada y tenía un arañazo en la parte superior de la cafetera, algo con lo que ya contaba. La cuchara medidora, el filtro de agua, habían sido abiertos (también se decía) y faltaba la tira para comprobar la dureza del agua, aunque no hubo problemas porque en Madrid el agua es blanda. Enseguida eché el café y el agua y a probar.
Muy fácil de manejar y ajustar. Tras hacer pruebas con unos 200 gr de café malucho, ya la tenía a mi gusto. Decir que sale un café espectacular. Con el molino en la segunda posición de finura al tirar un espresso la crema era de la mitad de la taza. Yo para mí la ajusté a la mitad de finura del molino (3 1/2) y una maravilla.
El problema vino cuando voy a prepararme leche para un capuchino, y por el panarello casi no salía vapor y la leche no se montaba.
Probé a sacar agua caliente y echaba un chorro continuo durante unos 20 ml, luego la máquina hacía un ruido raro y el agua salía a golpes.
Por todo esto deduje que lo del vapor/agua caliente estaba mal. Me puse en contacto con Amazon y al día siguiente se llevaron la máquina.
Ahora estoy esperando a ver si sale alguna más reacondicionada (no es la primera vez que compro estos productos y nunca había tenido problemas), pero si veo que en unos días no hay ninguno, compraré una nueva.
Espero que entonces de tuviese problema, y si lo hubiese, pues de nuevo Amazon y a decidir entonces cual comprar.
Creo que estos productos que son devueltos por anteriores compradores deberían sen revisados cuidadosamente antes de revenderlos.
Hoy 27-junio-2017 he recibido la nueva que he pedido y todo está perfecto.
He seguido cuidadosamente las instrucciones del manual, y todo lo que había visto en los videos de youtube. La configuración de la cafetera es muy sencilla e intuitiva. He hecho bastantes pruebas con un café ""malucho"" y puedo decir que los cafés los hace francamente bien.
El vapor funciona muy bien y monta la leche con rapidez.
La temperatura la he puesto al máximo y los cafés salen muy calientes.
El molino tiene 13 posibilidades de ajuste. En la segunda más fina, el café sale con una crema que se puede cortar. Yo para mí, la he puesto en un punto intermedio, al 3 1/2 y posiblemente cuando compre el café de más calidad tendré que modificar el molido, no sé si a más o menos, pero es tan sencillo que no da ningún problema.
Adjunto fotos de como sale el café en este punto. Los primeros con la rueda de carga casi al mínimo y otros con la rueda casi al máximo.
He rellenado del registro en la web de DeLonghi para ver si me mandan el regalo y la tarjeta GOLD SERVICE para garantía de tres años.
Si más adelante veo algo destacable,en cualquier sentido, editaré y comentaré.
Hoy por hoy 100% recomendable.",Rodrigo,Revisado en España el 23 de junio de 2017
Que a mi esposo le encantó porque es amante del café. el regalo,"5,0 de 5 estrellas",Regalo para mi esposo por el día del padre.,Maria Elena,Revisado en España el 16 de junio de 2024
Gran acierto.,"5,0 de 5 estrellas","Tras año y medio de uso intensivo, no cambio ni una coma de la revisión que hice en su día. Una vez encuentras el café en grano que te gusta (que esa es otra batalla) no la cambiaría por nada en el mundo.

Llevamos ya una semana entera de uso intensivo con ella y os voy a contar mi primera impresión.

Venimos de una Nespresso y no hemos perdido para nada con el cambio. Buena potencia de sabor incluso en café largo. Por poco mas de lo que nos costaba cada pedido a Nespresso, tienes una caferera de primer nivel. Estamos encantados con ella.

Nosotros la estamos usando sin filtro de cal (no venía incluido) y no lo estamos echando de menos. Lo cierto es que nosotros vivimos en una zona en la que el agua es buena del grifo. No se si en otras zonas podrá ser totalmente imprescindible este accesorio.

La función de autolimpieza es un poco tediosa al principio porque llena el depósito bajo los surtidores de café bastante rápido. Nosotros lo hemos solucionado con una taza mediana debajo para que caiga ahí el agua. Mucho más limpio y fácil de desechar.

Su uso es tan fácil que nuestra peque de 4 años es capaz de prepararlo (le hace gracia hacer el desayuno a sus papis).

Es un puntazo además el bypass para café premolido. Nosotros lo utilizamos para descafeinado de manera habitual, pero puede utilizarse con cualquier tipo de café molido.

Recuerda, eso si, que solo debes usar el café en grano natural. No torrefacto ni mezcla porque podría atascar el molinillo.

Pros:
-bypass de descafeinado.
-facilidad de uso.
-la autolimpieza hace que no requiera una atención bestial.
-gran sabor.
-calidad/precio difícil de superar.
-ahorras a corto plazo mucho dinero.

Contras:
-de momento no tenemos ninguna pega.

Actualizaré la review dentro de unos meses con nuestra experiencia en un periodo más largo.",Mapache Tranquilo,Revisado en España el 20 de octubre de 2021
Estupenda pero limitada,"3,0 de 5 estrellas","Hace un café estupendo, pero para mí tiene un fallo importante. El accesorio leche está muy limitado. Sólo puedes hacer capuccino con él. No puedes hacer, por ejemplo, descafeinado con leche o café largo con un poco de leche. La he devuelto y he comprado el modelo inferior con el espumador tradicional que me va a dar más juego.",Juan GTX,Revisado en España el 16 de junio de 2024
Me ha gustado bastante,"5,0 de 5 estrellas","Es muy cómoda y fácil de usar, no queríamos complicarnos con pantalla táctil y muchas opciones que al final te quedas siempre en la misma, el tema del café ya es un poco más complicado, tienes que elegir el tipo de molienda, más gruesa o más fina según la marca y el tipo, os aconsejo que compréis poca cantidad y vais probando, en mi caso uso Marcilla paquete rojo, y molerlo entre 2y3, el café corto sale muy bien, el largo es un poco aguachirri, si quieres como yo que te tiemble la ceja, pues haces dos cortos seguidos y ya salgo de casa que ni Usain Bolt.",Jordi G.,Revisado en España el 2 de marzo de 2024
Muy buen resultado general,"5,0 de 5 estrellas","Es la primera superautomática que pruebo de Delonghi y estamos muy contentos con ella. La compré reacondicionada y estaba nueva (a falta de la caja original que no la traía). Venía hasta con los plásticos puestos en la bandeja y la tapa de café. Le faltaba el filtro de agua, pero estos suelen ser tirados si se trata de una devolución. Adquirir un filtro nuevo no supuso ninguna dificultad para nosotros y ahora tenemos cafetera nueva, que funciona de maravilla, a mitad de su precio habitual!

Como todas las superautomáticas, son bastantes puñeteras en cuanto al mantenimiento que se basa en: llénala de agua, vacía la bandeja del café molido, vacía la bandeja de agua de descarte, descalcifica, cambia filtro de agua, etc.., pero es muy fácil de usar y no se vuelve tan pesada como otras marcas de la competencia.

Como única pega le pondría el hecho de no indicar muy bien cuándo está lleno el depósito de agua descartada. Siempre que se enciende el testigo me toca intentar sacarla sin salpicar nada porque el nivel del agua está al máximo. No es para personas con mal pulso.

Recomiendo limpieza periódica y descalcificar con líquido y no con pastillas que se disuelven",Kiril,Revisado en España el 8 de agosto de 2023
Relativamente compacta y hace buen cafe,"5,0 de 5 estrellas","Es una cafetera superautomática, relativamente compacta, teniendo en cuenta que por lo general, este tipo de cafeteras ocupa bastante.

Las funciones de superautomática las realiza de pegada. Tiene múltiples opciones, se puede concreta el tamaño de la molienda, la intensidad del café y luego tiene para expreso( una pasada como queda), cafe normal o lago. Todo ello también configurable.

Limpia ella sola el circuito al encenderse y al apagarse.

El cafe queda cremoso y estupendo.

Puntos débiles:

- Depósito pequeño de agua (es de 2l pero con las funciones de lipieza que tiene, se agota en nada)
- la opción X2 no es nada recomendable, es preferible hacer los cafes de 1 en 1, ya que añ hacer dos cafes a la vez, baja mucho la calidad del mismo, quedan demasiado aguados.

- el vaporizador, de leche, no es tan bueno como el resto de la cafetera, al hacer un par de cafes, a veces pierde fuelle y no genera buena crema.",Adrian 1986,Revisado en España el 6 de diciembre de 2023
Una gran cafetera.,"5,0 de 5 estrellas","Reseña del 10/10/2023.
He leído que cuesta encontrar el punto. He probado varias configuraciones y no doy con ls ideal. Actualmente utilizo café de especialidad (1ra foto), molienda al 2 (2da foto), la cantidad de café casi al máximo 3ra foto) y el resultado es el de la 4ta foto. Café de la derecha hecho con cafetera de acero inox de toda la vida (se ve bien negro) y el vaso de la izquierda es el de la máquina Delonghi Magnífica S. Si hubiera alguien que pudiera orientarme lo agradecería, si no, procedería a la devolución porque me da la sensación de haber tirado 400€ a la basura.
Reseña 24/10/2023
Reedito: Y es que se dice que rectificar es cosa de sabios. Una vez probado casi todo solo me faltaba una cosa por probar, cambiar el tipo de café. Dio resultado, era el café. Me compro un café de especialidad que me cuesta más de una 20€ con un resultado pésimo. Compro otro que me cuesta 7€ (marcilla) y de repente todo funciona, me sale un café con cuerpo, color, cremoso y con un sabor intenso. Sin duda ahora estamos disfrutando de una gran cafetera. Una gran compra que recomiendo a los amantes del café.",oscar Ruiz-Ruano Rodriguez,Revisado en España el 10 de septiembre de 2023
Maravilla,"5,0 de 5 estrellas","Una auténtica maravilla de cafetera. Estoy encantado con la compra ya que soy muy fanático del café y está cafetera no tiene nada que envidiar a las que hay en lo bares. Entiendo tb que dependerá del café que compres, en mi caso un lavazza natural, pero estoy seguro que con otros tipos de café también saldría excelente. La única pega que le pondría es que gasta mucha agua ya que cada vez que se enciende y se apaga se limpia internamente. Creo que sería suficiente que solo lo hiciera una vez. Por lo demás una compra del diez.",Cliente Amazon,Revisado en España el 1 de marzo de 2024
Buen café,"4,0 de 5 estrellas","Estoy contento con la compra, después de dar con la tecla del ajuste del molinillo sale Un café muy bueno,la pega que le pongo es que gasta mucha agua al inicio de encerla ya que compro agua mineral buena para la máquina y la segunda pega es que a las 3 semana ya se encendió la luz roja para descalificar,no lo entiendo ya que uso filtro y como he dicho antes agua mineral , esperaré a ver cuándo pide de nuevo la limpieza,por lo demás bien y bien café sí le hechas un café bueno",Ángel,Revisado en España el 4 de noviembre de 2023
Aceptable para el precio,"4,0 de 5 estrellas","Se ve una cafetera de calidad, más sólida que las de gama baja de Philips pero la he acabado cambiando por el modelo Delonghi Dinámica que ofrece bastante más prestaciones por solo un poco más de dinero

Personalmente, para una cafetera de gama media baja mejor quedarse con los modelos más baratos como magnífica... Esta funciona muy bien para iniciación con un espumador automático, pero si te interesa personalizar las bebidas, los modelos superiores ofrecen más variables para jugar",Carmen,Revisado en España el 24 de noviembre de 2023
Gran café pero me esperaba mas,"4,0 de 5 estrellas","Llevo un par de semanas de uso, máquina es correcta pero me esperaba más por las buenas críticas. Es bastante plasticosa y muy ruidosa. Hace buen café mucho mejor que las máquinas de cápsulas y eso que no tengo ni idea de ajustarla, el molinillo lo tengo a la mitad. Es fácil de utilizar cosa que se agradece, muy importante leer las instrucciones a la hora instalar la máquina.",Sr. F.,Revisado en España el 13 de diciembre de 2023
La De'Longhi Perfetto Magnifica S: La Mejor Cafetera Superautomática en el Mercado,"5,0 de 5 estrellas","¡Esta cafetera es una maravilla! Nunca había probado un café tan delicioso en mi propia casa antes de adquirir esta De'Longhi Magnifica S. La preparación del café es rápida y fácil, simplemente seleccionas el tipo de café que deseas y ella lo hace todo por ti. Aunque al principio tenía mis dudas sobre invertir en una cafetera tan costosa, puedo decir con seguridad que ha valido cada centavo. No puedo imaginar volver a mi cafetera anterior después de esta experiencia.
Además de la facilidad de preparación, esta cafetera ofrece una amplia variedad de opciones de café, incluyendo espresso, cappuccino, latte macchiato y más. Además, cuenta con un molinillo de café integrado, que te permite ajustar la molienda de acuerdo a tus preferencias y garantiza que el café siempre esté fresco.

Una característica especialmente útil es su sistema de limpieza automático, lo que hace que mantener la cafetera limpia y en óptimas condiciones sea una tarea fácil y rápida. La capacidad del depósito de agua es de 1,8 litros, lo que es suficiente para preparar varias tazas de café antes de necesitar rellenarla.

En general, la De'Longhi Perfetto Magnifica S Superautomática es una excelente opción para cualquier amante del café que busca una experiencia de preparación fácil, con una amplia variedad de opciones y una limpieza sencilla. Aunque su precio es más elevado que otras cafeteras, es una inversión que definitivamente vale la pena a largo plazo.",Juan,Revisado en España el 20 de febrero de 2023
Mi superautomática De'longhi,"5,0 de 5 estrellas","Llevaba tiempo siendo usuario tanto de cafetera express como de cápsulas y después de decidirme a cambiar a cafetera superautomática opté por esta cafetera De'longhi Magnifica S por sus reseñas y la supuesta relación calidad precio.
Después de casi 3 meses puedo decir que ha sido todo un acierto!
Tengo lo que buscaba, dejar de usar cápsulas y tener que rellenar casquillos sin perder ni calidad ni comodidad.
Como consejo para no errar a la hora de la configuración os diría que si queréis un café intenso y con cuerpo ajustéis la rueda de cantidad de grano (rueda delantera) al máximo y la de molienda (la que está dentro del depósito del café) sobre el 3 ya que más fino puede obstruir el molinillo. SOBRE TODO usad café natural NO torrefacto o mezcla ya que obstruye el molinillo.
Tiene un pequeño compartimento para café molido (una taza) el cual es super práctico si te apetece de vez en cuando uno descafeinado.
Gastar agua gasta, pero es el precio a pagar si quieres la comodidad de tener siempre el circuito limpio ya que hace una limpieza en el encendido y otra en el apagado.
Algunas reseñas hacen referencia al nivel de ruido, ruido hace, pero nada fuera de lo que se puede considerar normal, yo soy de madrugar y en casa nadie se ha despertado por el ruido de la cafetera, aún :)
Como punto negativo decir que el aviso de descalcificación sale cada 3 semanas más o menos (zona Barcelona) lo cual es un poco engorroso ya que para hacer el ciclo de descalcificación tengo que seguir las instrucciones ya que es difícil acordarse de los pasos a seguir.",jesus clua garcia,Revisado en España el 16 de octubre de 2021
MAGNIFICAS,"5,0 de 5 estrellas","Play Video
Súper, pero súper buena , y como su nombre lo dice , magnificaS.
100% recomendada.",Danny Gabriel Molina Cedeño,Revisado en España el 1 de mayo de 2024
Café recién hecho,"4,0 de 5 estrellas","Es mi segunda cafetera de este tipo y sin ánimo de ofender a nadie, a los que nos gusta el buen café, no nos gusta el de cápsulas, además de que provoca ardor de estómago, puesto que es café más tratado. Es cierto que gasta mucha agua para la autolimpieza, pero es por un buen funcionamiento. También es cierto que tardas al menos unos días en pillar el punto, pero vale la pena. Como punto negativo a diferencia de la anterior, todas las opciones muelen la misma cantidad de café y no tiene la opción Doppio, pero si en categorías superiores.",Retamero,Revisado en España el 4 de agosto de 2023
"Si te gusta el café, lo necesitas.","5,0 de 5 estrellas","Recomiendo este producto? (Spoiler, sí!)

Después de un mes de uso continuo en varios formatos os puedo decir que es una compra casi obligatoria si os gusta el café.

En mi caso he probado todas las opciones posibles que ofrece para valorarlo y sinceramente no defrauda.
Tanto café en polvo como en grano, he probado natural y mezcla y algunos packs de café de Starbucks y todo perfecto.

A tener en cuenta:

El deposito da para unos 8 cafés dobles.
Relleno este deposito una vez cada 3/4 días.
En mi caso venia con el filtro el cual debe cambiarse según fabricante, cada 2 meses.

El poso del café.
Este cae en un pequeño deposito interno, super fácil de sacar y limpiar.
La limpieza de esta es casi como el relleno del depósito de agua, cada 3/4 días de uso continuo.

Selector de café.
Más fácil no lo podían hacer, puedes escoger el molido del café o directamente en polvo, por lo que es apto para los dos formatos que hay a la venta de café.

Podría estar todo el día hablándote de lo maravillosa que es esta cafetera, pero honestamente, hacen fácil su uso y pese al precio. Sale muy a cuenta.",Fernando,Revisado en España el 23 de marzo de 2023
Buen café,"4,0 de 5 estrellas",Es normal que a los 15 días se enciende la luz que necesita decalcificar. 2-3 cafés al día,Cliente Amazon,Revisado en España el 14 de febrero de 2024
"Como su nombre indica, es magnífica.","5,0 de 5 estrellas","La cafetera es estupenda y fácil de usar y limpiar, recomiendo poner el filtro purificador aún echándole agua mineral, una vez que le cojes la medida de la intensidad del café con la rueda del panel posterior y de la molienda del grano del café que hay una rueda en el molinillo sale un café con crema, aroma y cuerpo.
Solo tuve un problema ya que el model que suministran ahora es diferente al de la foto que proporciona Amazon en la página en la tapa del café que es totalmente negra no transparente y la tapa superior que antes era metálica ahora es negra de plástico con unas marquitas que es para dejar las tazas, llame a atención al cliente que me pasaron con De, Longhi España y me lo aclararon ya que yo creía que le faltaba la pieza metálica, también me pasaron con el servicio técnico de Almería de De, Longhi repuestos Fermin que me atendió estupendamente y me mandó un correo con la información de la pieza metálica pero al tener que desmontar toda la pieza superior para tener que cambiarla y que yo no voy a poner tazas ahí desistí de pedirla y sustituirla, doy las gracias a Leonardo de atención al cliente de Amazon por su profesionalidad y hamabilidad e incluso la posibilidad de cambiar la pieza ya que es un fallo de Amazon al no corresponder la foto con los cambios que la marca a realizado en el mismo, gracias también a De, Longhi España por su trato y buen hacer.",David Cabrera Pleguezuelos.,Revisado en España el 18 de noviembre de 2021
Hay que saber manejarlo,"4,0 de 5 estrellas","Es una cafetera un poco complicada al principio, hay que estudiar las instrucciones, y hay que saber manejarla, o no te sale un café como tú quieras , más bien aguado.",Antonio Maiquez Nicolas,Revisado en España el 18 de enero de 2024
Muy contento,"4,0 de 5 estrellas","Play Video
Soy muy cafetero e usuario durante muchos años de saeco aroma y ya era la hora de dar el salto hacia una súper automática. Tras estudiar varias opciones me decanté por esta cafetera por su calidad relación precio. Llevo dos días con ella y de momento muy bien al principio algo engorroso encontrar el punto personal del café también es cierto que es algo ruidosa y gasta bastante agua pero hay que tener en cuenta que es un sistema de limpieza que ayudará a proteger la cafetera y evitar averías durante muchos años. Seguiré probándola y editaré la reseña si es necesario.
La única desventaja que la veo es el precio... es un poco cara para lo que realmente es.",Alberto,Revisado en España el 26 de julio de 2023
Mejor cafetera automática gama media,"4,0 de 5 estrellas","Si bien es la cafetera automática de entrada de esta marca me ha sorprendido las posibilidades de ajuste que tiene y que hace que el café salga a tu gusto. Tengo otra automática De'Longhi desde hace años superior a esta y con mas funciones y las unicas diferencias están en las calidades de terminación y en los tipos de café que hace pero no en la mezcla y en el sabor. El diseño está bien y tiene la ventaja de que el depósito de agua esta en un lateral y no detrás. En cuanto al ruido y cantidad de agua que consume le veo apropiado y similar a la que tengo pero en una utilizo agua del grifo y en esta, por ubicación, agua comprada por lo que es un detalle a tener en cuenta. La limpieza es similar y la descalcificación la realizao cada tres meses. Para mi es una compra perfecta, pero claro solo compro esta marca desde hace años para cafeteras.",José M.,Revisado en España el 7 de enero de 2023
Un café muy bueno.,"5,0 de 5 estrellas","Una gran compra. Los cafés del día ya no tienen nada que envidiar de los que te puedes tomar en cualquier cafetería con ella. El único inconveniente que le encuentro, es que el depósito de agua se me consume muy rápido porque cada vez que se apaga y se enciente limpia conductos y suelta unos buenos chorros de agua.
Ojo que está muy bien, porque el café siempre sabe cómo tiene que saber, pero se funde el depósito con 4 cafés espaciados a lo largo del día. A nivel de cuidados va a requerir mas que una nespresso o una cafetera italiana, pero el resultado es muchísimo mejor, y el calentador de leche para hacer espuma da un toque a los cafelitos super profesional.",Alberto Calvo Ferrara,Revisado en España el 1 de diciembre de 2023
Cuesta encontrar el punto del molido,"4,0 de 5 estrellas","Es muy fácil de utilizar,pero si que es verdad que cuesta un poco encontrar el punto de molido ,solo me falta que me haga crema y será perfecta",Esther Elias,Revisado en España el 10 de enero de 2024
Opinión completa,"4,0 de 5 estrellas","Cuando llega el manual de instrucciones no es muy claro con qué hacer. Tuve que mirar algun video de internet. La decalcificacion es un proceso realmente largo y creo que requerido en su incio, lo cual no está muy bien explicado, para iniciarla estás haciendo un paso y de repente tendrás que irte a otro completamente diferente para volver al anterior. Inicialmente tiene mil opciones (lo cual está genial) puedes modular el molido, ajustarla a la dureza del agua que uses, modular la temperatura del café, seleccionar para uno o dos cafes y otras muchas cosas. Por ello recomiendo leer bien las instrucciones y tomarse un buen tiempo para iniciarla bien y comenzar con buen pie si no se te hará un lio. Si consigues eso, la cafetera es realmente buena. El cafe sale muy bueno, sin posos, se puede usar cafe en polvo (para descafeinado por ejemplo) en un cajetin concreto (realmente un buen detalle). La caja con los restos de cafe salen secos y se limpia facilmente, al igual que rellenar el tanque de agua o de cafe es muy cómodo. La función de vapor funcional y hace buena espuma para leche aunque recomiendo limpiarla cada vez que se usa (por dentro tambien quitando la proteccion).
Cada vez que se apaga y enciende saca unos 40ml de agua para limpiarse y se apaga automaticamente, pero puedes poner cuánto tiempo desde el ultimo cafe debe pasar para apagarse o apagarla tú manualmente.
Por donde cae el cafe es regulable en altura, muy buen detalle para evitar salpicaduras.
Si haces decalcificacion sale mucha, pero que mucha agua, varios tanques y tanto por la maquina como por donde sale el vapor así que con cuidado si te toca ese paso o la haces alguna vez.
Realmente contento con este producto.
9/10",Carlos,Revisado en España el 30 de julio de 2019
"Comodidad, café en condiciones a tu gusto, pero que gasta mucha agua","5,0 de 5 estrellas","(A dos semanas de la adquisición). Viniendo de una cafetera de cápsulas, es un gusto poder desprenderse de la necesidad de comprar esas carísimas cápsulas, su eliminación y que el café encima fuese tan flojo y malo.
Esta cafetera es casi tan cómoda y rápida, el café está realmente bueno (aunque requiere al principio una puesta a punto que no te esperas) y encima te ahorras una pasta en cápsulas y no tienes que reciclarlas (o tirarlas, con el impacto medioambiental que supone). La crema para el capuchino queda espesa y muy rica.
He de decir que es verdad que la cafetera usa muchísimo agua, va bien porque alarga la vida útil del aparato, pero yo estoy rellenando el depósito cada 3-4 días (con solo 1-2 cafés al día). Estaba usando agua de botella de mineralización muy débil por aquello de la cal, pero visto lo visto, voy a tener que comprarme el filtro para purificar el agua que vende la marca para ella.
El café en polvo me ha dado algún problema, porque la máquina quizá detecta una cantidad excesiva o insuficiente, no sé, y eso que he usado el dosificador, pero el caso es que solo he podido hacer café descafeinado dos veces (después del error la verdad es que no lo he vuelto a intentar).
En general, contento con la compra, lo volvería a hacer y se lo recomendaría a mis amigos más frikis del café.",Cliente Amazon,Revisado en España el 22 de enero de 2022
Café emocionante y espuma deliciosa,"5,0 de 5 estrellas","Cuerpo, aroma, crema… Y el accesorio de leche hace un capuccino increíble.
La cafetera es una pasada.
Hemos cambiado el café de cápsulas por el café de verdad.
Cómoda e intuitiva.
Cierto que gasta agua y requiere una mínima configuración inicial.
Recomendación: Mejor dos cafés cortos que uno largo, sale con más agua, menos cremoso.

El accesorio de leche hay que lavarlo después de cada uso, pero merece la pena si eres fan de un capuccino de cafetería italiana auténtica.

El botón de agua caliente también es genial para las infusiones.

Una cafetera maravillosa para los amantes del buen café. Fundamental comprar café en grano de calidad.",Jana,Revisado en España el 13 de diciembre de 2023
"La mejor cafetera que he tenido nunca, tiene un problema muy importante pero subsanable.","3,0 de 5 estrellas","suelo pelearme con las cafeteras, siempre buscando una que de un café decente pero que no me cueste un dineral. Llevo ya unos meses con esta y estoy encantado, de momento funcionamiento perfecto y el producto que da es magnífico, cien mil veces mejor que las de cápsula (por supuesto dependiendo del grano que le meta sale una cosa u otra).
Hay gente que se queja de que tira mucha agua, no es correcto, al encenderse y apagarse hace una limpieza del circuito con algo de agua caliente, evidentemente usa agua para ello, pero es el equivalente a si en una cafetera de cacito limpias este con agua después de usarlo, además sirve para calentarlo antes de hacer un café y no es un uso de agua excesivo en absoluto. Yo tengo siempre un vaso debajo para que no vaya al depósito y no tenerlo que estar vaciándolo y listo.

EDICION POR FALLO TRAS 6 MESES DE USO:
Hace ya un par de meses empezó a dar un fallo, al ponerse la parte móvil en cierta posición golpea la bandeja de residuos hacia adelante separándola un milímetro hacia fuera, lo que hace que la cafetera se detenga todo el rato dando aviso de 'lleno' cuando no lo está, me costó mucho trabajo encontrar el problema pero lo voy a describir aquí por si le pasa a alguien más. No me pasaba al principio, así que entiendo que es un ajuste de piezas con el uso que no tiene por que ocurrir a todo el mundo pero que puede que a alguien más le pase. El caso es que un eje vertical de la parte móvil, al descender empuja la bandeja de residuos abriéndola y deteniendo la máquina mientras hace el café, lo que me obliga a estar sujetándola mientras trabaja. Me costó mucho localizar el punto de choque, uno puede asegurarse cerrando la bandeja sin el depósito pero poniendo una tira de papel por encima, que al quedar aprisionado por el eje una vez cerrado no se deslizará al tirar de ella. Solución: cortar con la dremel (o sierra, o lo que se tenga) una pequeña ranura en la bandeja justo donde toca dicho eje, lijándolo bien después para que quede fino. Puede verse en las fotos el detalle antes y después. La punta de cuchillo señala los puntos que chocan.
Decir que a pesar de este problema la recomiendo y la volvería a comprar en el futuro, le doy solo tres estrellas porque entiendo que nadie debería tener que hacer este tipo de bricolajes en una máquina de este tipo, pero en cuanto a rendimiento y calidad la máquina es una pasada. También decir que no me he molestado en acudir a la marca por no quedarme sin cafetera unos días prefiriendo arreglarla yo, supongo que es un fallo del que se harían cargo en garantía.",David De Mingo,Revisado en España el 3 de noviembre de 2017
FACIL MANEJO Y BUENOS CAFES!!!!,"5,0 de 5 estrellas","Hola.
Ya hace tiempo que tenía el gusanillo de pillar una cafetera Super-automatica.
La cafetera está muy bien. Es de fácil manejo y tiene ciclos de autolimpieza cada vez que se enciende o se apaga después de hacer un café. Este punto es de agradecer ya que de otra manera igual por nosotros mismos no lo haríamos.
La gran duda de este tipo de cafeteras es la automatización como se comporta y los problemas que puedan suceder por culpa de la CAL.
Soy partidario de hacer una descalcificación de la cafetera cada 1 mes se use o no la cafetera pero cuando más razón cuando no se usa.
El hábito de hacer un buen mantenimiento va hacer que tengamos cafetera durante más tiempo.
Estaría bien por parte del fabricante que mandara algún catálogo con las piezas De recambio o desgaste y sus precios dentro de la caja.
Os dejo un video y unas fotos. Por si sirve de ayuda",STORM78,Revisado en España el 7 de diciembre de 2020
Decepción,"1,0 de 5 estrellas","Después de usar mi cafetera Cecotec, que me costó cinco veces menos que la Delonghi, decidí buscar una mejora y opté por esta última marca, conocida por su calidad.

Sin embargo, tras algunas pruebas, he concluido que el café de mi Cecotec es superior, tanto en sabor como en experiencia general. A pesar de las altas expectativas puestas en la Delonghi, debido a las excelentes reseñas que leí, me enfrenté a varias decepciones. La más notable fue que el café no salía lo suficientemente caliente, lo cual es esencial para una buena taza de café.

Además, esperaba disfrutar de un café recién molido y con un sabor excepcional. A pesar de los esfuerzos y el café de calidad que usé, el resultado fue un café aguado y sin la crema deseada.

La función de autolimpieza, aunque útil, se convertía en una molestia al tener que poner una taza cada vez para evitar salpicaduras y limpiezas frecuentes.

En resumen, mi experiencia con la cafetera Delonghi no cumplió con las expectativas. Por el precio que tiene, esperaba un café excelente desde los primeros intentos.

He decidido devolverla y continuar con mi confiable cafetera Cecotec, que, a pesar de su menor precio, me proporciona un café de mejor calidad y más caliente.",Marcos Miranda,Revisado en España el 16 de diciembre de 2023
Pierde agua y se desconfigura,"1,0 de 5 estrellas","Decepcionado con la cafetera, después de un año de uso ha empezado a desconfigurase y hace los cafés como le da la gana, también tiene el problema que pierde mucha agua en la bandeja inferior, para hacer un café, gasta el agua para el café y pierde casi la misma cantidad por la bandeja (parece como una sobre presión).
A parte lo he mandado a reparar por garantía y después de casi un mes, me ha llegado y sigue con el mismo problema (ahora toca volver a mandarla).
En resumen, muy insatisfecho con la compra, no lo recomiendo.",Berni,Revisado en España el 13 de julio de 2024
"Tras 15 días de uso, ingresada en SAT, ha pasado un mes de su compra y sigo sin cafetera.","1,0 de 5 estrellas","Tras dos semanas de uso, se me estropea, llamo al servicio de atención al cliente de De Longhi y tras varias fotos y videos me indican llevarla al SAT de mi ciudad. Aún estoy sin cafetera (tras quince días depositada). Han pedido las piezas principales de la máquina (grupo infusor y placa electrónica), por lo que espero recibirla arreglada pero tengo miedo de que tras ello vuelva a estropearse si con sólo quince días de uso ya han tenido que sustituir tantas cosas.",Cliente Amazon,Revisado en España el 21 de julio de 2024
"Averías continuas, el servicio de atención al cliente lamentable","1,0 de 5 estrellas","No recomiendo en absoluto la compra de esta cafetera ni la de ningún producto de esta marca. Adquirí este producto en octubre de 2016 y hacía saltar el diferencial de la casa cada vez que funcionaba, lo que dice poco en favor de los controles de calidad de DeLonghi. Conseguí que fuese reemplazado.

En los dos primeros años de uso (plazo de garantía) tuve que enviarlo por tres veces a reparar, siempre alegaban problemas de calcificación, pese a que yo realizaba el mantenimento tal y como indicaban sus instrucciones. Siempre ""dejaban caer"" que no era una avería que cubriese la garantía, pero que la reparaban porque eran muy atentos.

Procedí a cambiar los ajustes para programar la descalcificación como si usase agua de gran dureza, pese a que no era así, lo que me llevaba a descalcificar cada cien cafés, con el consiguiente coste monetario y de tiempo. A pesar de ello, he tenido dos averías más en los siguientes 4 años, cuyo coste total de reparación ha ascendido a 190 €, el 60% del valor de la cafetera nueva. En total 6 años y 6 averías.

Mención aparte merece el servicio técnico, primero por la escasez de los mismos, que me obliga a enviar siempre fuera el produco, con la incomodidad que supone y un coste de 37€ más IVA sólo por el transporte y presupuesto. Y luego, por la falta de claridad de los presupuestos, incluyendo conceptos poco claros o repetidos. Esta deficiencia es la que me lleva a hablar de no adquirir productos DeLonghi en general.

Tampoco puedo más que hablar negativamente del servicio de atención al cliente, que ha sido incapaz de ofrecer ninguna respuesta razonada a mis sucesivas reclamaciones.",Andrés Alberto Salgado López,Revisado en España el 17 de noviembre de 2022
AMAZON TAMBIÉN FALLA. FALLO EN UNA SEMANA DE USO,"1,0 de 5 estrellas","20/10/23 es una pena SIGO SIN: CAFETERA, CONTESTACIÓN Y SIN DINERO. En las 48h. Que le dan al servicio de reparación de AMAZON, SIGUEN SIN RESPONDER. 👎🏿🙇🏽‍♂️😭🥵🤯🐌🐌🐌💩💩. HASTA CUANDO TENDRÉ QUE ESTAR LLAMANDO CADA 24H. (Toda la vida? AMAZON FUNCIONARÁ? )
Un mes después y sin cafetera, DESASTRE ATENCIÓN AL CLIENTE DE DELONGI, ATTENTO Y AMAZON. 18 días SIN CAFETERA, AMAZON NO RESPONDE. SIGO ESPERANDO ALGUNA NOTICIA después de. 15 días, sin noticias, sin máquina, ESTE ES EL FUNCIONAMIENTO DE AMAZON? He pagado por una cafetera que no funciona, no se me cambia, DONDE ESTÁN LOS DERECHOS DEL CLIENTE EN AMAZON PRIME? ME RESPONDERÁ ALGUIEN.
En uso 10 días, se me encienden las luces que indican que hay que hacer limpieza de la maquina, sigo los pasos para realizarlo como esta en las instrucciónes, como no deja de estar y hay veces que funciona y otras no; me pongo en contacto con Amazon, dandome solo la solución de reparar la maquina, ya que siguiendo sus indicaciones para hacer comprobación de funcionamiento, la maquina esta mal, (esto puede tardar hasta un mes). IMPRESENTABLE lo que cuesta una ""muy buena cafetera automatica"", NO SE REEMPLAZA y 1 mes SIN CAFETERA, en mi opinion es un desastroso funcionamiento de Amazón independientemente de lo que la marca de la cafetera les marque.",Luis Miguel,Revisado en España el 18 de septiembre de 2023
Muy mal servicio postventa,"1,0 de 5 estrellas","Pues lamentablemente he de editar la reseña, la cafetera no es mala, pero si su calidad y servicio postventa, a los 5 meses de uso, siempre con el café que recomiendan, de tueste natural, la cafetera solicita limpieza, sigo el manual de usuario y la descalcifico con producto de la propia marca, tras 30 minutos de limpieza se escucha un fuerte ruido y para mi sorpresa, trozos de plástico en la bandeja interna.
La mando al servicio oficial y este me presenta un presupuesto de, atención, 3€ de la pieza, pero luego empiezan a añadir otras piezas, limpieza, ajustes, montaje, envío, y la broma asciende a 122€! (casi la mitad del precio de la cafetera nueva)
Les informo de que la cafetera no ha sido manipulada, y menos en su interior, que es de donde parece ha roto la pieza, que ha sido la propia cafetera, durante su limpieza, que es totalmente automática, que ha roto la pieza, que es un defecto y que ha de estar cubierto por la garantía (recordar que no tiene ni 6 meses), pues nada, se niegan, y me piden casi 50€ por devolverme la cafetera sin reparar!
Así que, lamentablemente no puedo aconsejar la marca, el servicio que las repara, Attento Servizio, deja mucho que desear en cuanto a profesionalidad.
Edito nuevamente, Amazon intento reparar la cafetera en su servicio técnico, al no poder, me mandaron una cafetera nueva, pero la sorpresa es que recibo un nuevo correo de Attento Servizio (imagino que el servicio técnico de Amazon acabó mandándola allí) y al tener mis datos, me mandan un nuevo presupuesto, esta vez solo substituyen una sola pieza, diferente a la del presupuesto que me mandaron a mi, y esta vez sin coste! mucha atención conAttento Servizio y con Delongui Italia, a los que también acudí y tampoco me dieron solución.
Afortunadamente y gracias a Amazon, tengo mi cafetera nueva, asustado cuándo tras meses, solicitó nuevamente limpieza, pero está vez, afortunadamente no se ha autodestruido.",CarlosCG,Revisado en España el 1 de diciembre de 2021
Muy mal,"1,0 de 5 estrellas","Ahora mismo la tengo en reparación con el perjuicio de tener que llevar la caja a correos y quedarme sin cafetera casi un mes ( he tenido que volver a las cápsulas )

Mi experiencia ha sido nefasta. En dos meses mi cafetera soñada dejo de hacer buen café después de un mes de uso normal. Salía aguado y requemado. Daba igual como pusiera las ruedas , que tipo de café usara… me hacía un café malo malo. Empezó a soltar agua por debajo de una pieza y el café se quedaba por atrás. Cuando sorbí poso obviamente dije basta y he articulado la garantía pero espero que me devuelvan el dinero porque es una vergüenza.",Cliente Amazon,Revisado en España el 21 de febrero de 2024
Vergonzoso,"1,0 de 5 estrellas","Compre la cafetera en menos de 6 meses no funcionava bien, la llevo a reparar y me la cambian por una que está podrida medio destrozada, y encima lo pone en el albara de entrega. Amazon me devuelve el dinero, pero claro yo la compre de oferta y ahora no lo está…. Un mes sin cafetera para nada.",David F.R,Revisado en España el 20 de junio de 2024
Una verguenza!!!,"1,0 de 5 estrellas","Mi mala reseña es por el servicio de amazon y lo expongo en estas lineas:

Compro una cafetera delonghi nueva, modelo Magnifica S aprovechando la oferta del Prime day. Todo bien hasta que llega a casa, el paquete precintado mal, como si lo hubieran abierto. Desmonto el paquete, saco la cafetera y cuál es mi sorpresa cuando veo que tiene restos de café en el molinillo y rascadas en la tapa superior, signos de haberse usado en varios sitios. Llamo a atencion al cliente y me indican que solo puedo optar una devolución y tarda unos 30 dias aprox. Ahora tengo que enviar el producto y esperar a que me hagan el ingreso para poder comprar otra cafetera, pero eso si sin la oferta Prime day.
Resumiendo, te venden una cafetera usada con la excusa de la oferta Prime day, vamos que intentan “colocártela” y cuando pides un cambio no te lo dan. Quieren la devolución para colocársela a otro que no se de cuenta.
Además, hice una recarga de 100€ en la tarjeta amazon por una promocion “recarga 100 y te regalamos 10€”. Por supuesto los 10€ tambien se los quedan ellos.

En fin un trato terrible sin ganas de ayudarte a poder hacer un cambio para que así puedas aprovechar las promociones. Está bajando mucho la calidad del servicio de amazon lo llevo viendo hace tiempo.
No volveré a a comprar mas en Amazon.",Elisa banchs,Revisado en España el 14 de julio de 2022
Molino mal . No hace crema.,"1,0 de 5 estrellas","Play Video
La compré y llevo con ella 2 semanas. Decepcionada. No hace espuma ni crema . El molino a menos de 5 no saca el café. Con el molino a 3 o a 1 no saca café se enciende el botón rojo de emergencia. Le compré filtro por q no traía. Utilizó bien café lavazza y borbone,cafés buenos. El espresso sale aguado en todas la niveles de molino. . el café medio sale regular con el molino a 5. Seguro la voy a devolver. Gaste más de 1 kg de café bueno y nada...vengo de un cafetera delonghi espresso tradicional ec 200 y sacaba mejor el café. Decepcionada",ADRIANA,Revisado en España el 24 de enero de 2024
Error cafetera,"1,0 de 5 estrellas","Al quinto uso, salió esa señal de alerta y no se pudo arreglar. Tampoco el manual venía con indicaciones. Muy mala experiencia si al quinto uso ya da esos problemas.",Marisol,Revisado en España el 23 de julio de 2024
Un desastre,"1,0 de 5 estrellas","He tenido la cafetera 3 meses, limpiarla, no es fàcil, el café correcto sin mas, cuidando mucho la molienda y poniendo a tope la cantidad. Actualmente lleva un mes a reparación, llame hace una semana: espera una semana mas, vuelvo a llamar. Misma respuesta, a ver, de una cafetera de este precio se espera algo mas..... y el servicio me ha decepcionado.
Sigo después de 20 días más, y 4 llamadas... Que me espere una semana más.... Es increíble, recibí un correo si quería esperar o una restitución inmediata, especifico lo segundo, pues una semana de espera, llamo y me dicen que lo primero...,. decepción total",Pere,Revisado en España el 27 de enero de 2024
ATENCIÓN Desastre de cafetera. Aún espero reembolso y Amazon resuelva abono,"1,0 de 5 estrellas","Desastre! Decepción! No funciona correctamente. Aún sigo esperando resolución y se me reembolse.Confío en Amazon me reembolsen y retorno la cafetera. cafetera no ha funcionado correctamente nunca desde su recepción. Tengo confianza en Amazon que me reembolsen el importe y retorno la cafetera, hasta el momento Amazon ha cumplido, sigo esperando se resuelva.
En correos he tenido que abonar 28,05e por gastos para derivar la cafetera a asistencia, ESPERO AMAZON REEMBOLSE ese gasto como perjudicado , tengo confianza en Amazon que reembolsen gastos y pueda publicar de manera satisfactoria conforme calidad de atención al cliente. Seguimosss! Gracias",SF,Revisado en España el 2 de enero de 2024
No la recomiendo,"1,0 de 5 estrellas","Me dió un montón de problemas y la tuve que devolver. En cambio me compré una Ufesa por 100 euros y maravilla, con un café con espumita y con mucho aroma.",mmrosa,Revisado en España el 16 de junio de 2024
Un café casi aguado,"1,0 de 5 estrellas","Compre esta cafetera en julio antes de irme de vacaciones, al volver a mediados de agosto, empezaron los problemas, ya que la cafetera hacia un cafe aguado, sin cuerpo, probe diferentes marcas de cafe y seguia igual, asi que segui las instrucciones y despues de comprobar que el cafe descafeinado ( el ya molido) te i mas cuerpo que el cafe normal, entendi que el molinillo estaba defectuoso, asi que la envie al servicio tecnico para su reparacions y despues de casi 20 dias sin maquina me la devuelven sin haber cambiado el molinillo, ya que el cafe sale igual de aguado. No recomiendo la compra de esta cafetera ni ninguna de la marca por el pesimo servicio técnico.",nandoalemany,Revisado en España el 18 de septiembre de 2023
Posible estafa,"1,0 de 5 estrellas",Me han enviado un producto claramente defectuoso y Amazon me pone pegas para la devolución. CUIDADO,María Isabel Sánchez Molina,Revisado en España el 9 de agosto de 2024
No funciona,"1,0 de 5 estrellas","Compre la máquina hace 31 días, esperé a instalarla cuando se me acabara el café nespresso, una vez se me acaba la instalo e hice 2 cafes. Al dia siguiente ya no funciona, contacto con amazon y entre bostezos (literal, el servicio de atención al cliente ha sido el más desagradable que he sufrido en mi vida) me comunican que al haber pasado más de 30 días (31 para ser exactos) ya no se hacen responsables, que me ponga en contacto con la marca y que me busque la vida. La marca me deriva al servicio tecnico que esta a 75km de mi casa, que lleve la máquina presencial mente y que ya me llamarán para comunicarme cual es el problema.

Creo que es la peor experiencia de compra de mi vida.",sara,Revisado en España el 26 de mayo de 2023
Una vergüenza,"1,0 de 5 estrellas","A las 2 semanas de estar funcionando, el sensor del café en grano se le rompió por lo que no detectaba que había café y no se ponía en funcionamiento. La envié a reparar a Amazon y después de un mes me la envían en un estado deplorable. La máquita totalmente desvalijada, sucia, con un fuerte olor a café húmedo; dudo incluso de que fuera máquina ya que la mía estaba totalmente nueva y reluciente cuando la envíe.
Una pena gastarte 300€ para 5 cafés que hice, tener que abrir una caja y encontrarme esa asquerosidad de máquina y ahora estar detrás de ver qué solución me van a dar.",Cliente Amazon,Revisado en España el 16 de octubre de 2023
Una estafa!,"1,0 de 5 estrellas","La cafetera no funciona ( se atasca el molino continuamente y nunca he puesto cafe de mala calidad o torrefacto, además el agua embotellada siempre,...), la he llevado 3 veces a reparar al servicio oficial y acabo de llegar con ella a casa y sigue sin funcionar. No han cambiado ni una pieza, se limitan a limpiarla y ajustarla. He solicitado a Amazon el abono de la misma y me dicen que si Delonghi no dice que no tiene reparación no me abonan el dinero. En definitiva, en 4 días cumplen los 2 años de garantía y sólo he sido capaz de hacer un buen cafe el primer mes... Lo que viene siendo una estafa.
Le pongo una estrella para que me deje dejar el comentario, pero realnete no merece ninguna.
Muy decepcionado, ya no sólo con la cafetera si no con el servicio... Al final una máquina puede fallar, pero el servicio a un cliente no.",Cliente Amazon,Revisado en España el 25 de noviembre de 2022
DECEPCIONANTE,"1,0 de 5 estrellas","Una lástima porque tenía muchas expectativas en esta máquina leyendo todas las buenas reseñas que tenía. Quería cambiar a una cafetera que ya no fuera de malditas cápsulas que contaminan y crean sólo basura y dependencia. Compré un buen café en grano para poder así disfrutar de un café recien molido y recien hecho, como en las cafeterías. Delonghi es muy buena marca y me confié plenamente en que sería una máquina excepcional. Entendí que se tenían que hacer varios cafés y pruebas antes de encontrar el que se ajuste a cada paladar. Pero cuando ya llevas gastado mucho café con las pruebas y sigues con el café casi aguado y sin crema, doy por hecho que esta no es nuestra cafetera. Puede que sea un plus que cuando enciendes la máquina se autolimpia, pero me parece muy pesado que cada vez que quiera un café haya de poner primero una taza para que el agua que cae no me salpique o tenga que ir limpiando todo. En fin, mucha expectativa y poco resultado para una máquina que, para el precio que tiene, tendría que sacar un buen café con crema casi a la tercera vez. La devuelvo y ya he comprado otra cafetera.",Sylvia,Revisado en España el 10 de febrero de 2022
"El proceso de descalcificación ha dado erro, y los del SAT no son capaces de solucionarlo","1,0 de 5 estrellas","Todo iba bien hasta que a los 4 meses saltó el chivato de la descalcificación. Hice el proceso como indica el manual, y no pude finalizarlo, se quedaba el piloto de aviso encendido. Me puse en contacto con el servicio de atención y me remitieron a un video de youtube para que siguiese los pasos. Cosa que hice, pero que no solucionó los problemas. Por las búsquedas que he hecho por internet, se que no soy el único al que le sucede, y que los de De'longhi no saben ni como solucionarlo, así que si no quieres jugar a la ruleta rusa, elige otro modelo, u otra marca. Avisado quedas.",Pablo,Revisado en España el 21 de agosto de 2023
Se ha roto el molinillo y no hay ninguna guía para repararlo en el manual.,"1,0 de 5 estrellas","Update: De repente se ha roto el molinillo (que es relativamente algo que se puede esperar). El problema es que en el manual no pone nada de cómo poder intentar cambiarlo, repararlo, etc. Así que por el molinillo de repente 300€ de cafetera tirados. No la recomiendo.

La tengo desde hace más de 2 años así que puedo valorar el uso a largo plazo.

El café que sale se puede ajustar según si te gusta más cremoso o más aguado girando la rueda que indicar el grosor de la muela muy fácilmente.
El depósito del café es bastante grande así que no hay que rellenarlo frecuentemente.
La calidad del café, después de ajustarlo variará bastante según el café que se use, así que eso tampoco se puede valorar mucho.

Mi cafetera hace unos 8 cafés al día prácticamente cada día desde hace más de 2 años y funciona perfectamente. Para mí los únicos peros son:

- El gasto de agua. Cada vez que se enciende se hace un ciclo de limpieza y cada vez que se apaga (se apaga automáticamente al cabo de unos minutos sin usar) también. Es un poco excesivo.
- El proceso de descalcificación es muy tedioso. No me importaría que tardara mucho si fuera simplemente darle a un botón y despreocuparte. El problema es que durante el proceso hay que estar medio pendiente, cambiando el recipiente de agua, etc.

Si mejoraran la descalcificación para que fuera darle a un botón tendría 5 estrellas para mí (teniendo en cuenta el precio)",Jeff,Revisado en España el 3 de noviembre de 2020
Bomba de relojeria,"1,0 de 5 estrellas","No hay que fiarse para nada de esta cafetera, especialmente de su espumador.
Es una bomba de relojería y un peligro potencial para cualquiera que la use.
El sistema de vapor no funciona correctamente y este no es expulsado por la espumadera ( o capucinnador, como el ridículo manual de instrucciones lo denomina).
Solo emite una cantidad diminuta de vapor y el resto se acumula dentro de la maquina hasta que esta a punto de reventar.
Lo cual bien puede suceder si se te ocurre seguir las instrucciones del dichoso manual, que ni siquiera fue creado específicamente para esta maquina sino que es uno genérico de la serie magnifico que te menciona partes y procesos inexistentes en este ejemplar.
Ojo con terminar el proceso de espumar la leche, cerrar la llave del vapor causa que todo este vapor retenido salga silbando por todas las rendijas de la cafetera quemando a cualquiera que este cerca.
Si quereis una excusa para hacer una explosion en vuestra casa o explicar como os quemasteis la cara esta es vuestra cafetera.",Gabriel,Revisado en España el 6 de enero de 2022
Pérdida de agua,"1,0 de 5 estrellas","La cafetera la tuve que devolver, ya que perdía agua",ANGEL CESAR GARCIA TASCON,Revisado en España el 8 de julio de 2024
"Costosa, cara, 2 averias, de 100 euros","1,0 de 5 estrellas","Adquirí esta cafetera en diciembre de 2.018, justamente a los dos años, empezo la primera averia, la maquina no coge agua, como todo es compacto, no hay por donde mirar. Lo llevo al servicio tecnico, cobran 5 € solo por mirarla y si el presupuesto es de menos de 50 € reparan sin avisar. LO NUNCA VISTO. les digo que no, que me avisen con el presupuesto y yo decido. Es la bomba, esta mal hay que sustituir, 120 euros. Hablo con atención al cliente, le comento mi problema y ahora es cuando me hecho las manos a la cabeza. Me dicen que NO ME HACEN NINGUN GESTO COMERCIAL PORQUE LA HE ADQUIRIDO EN AMAZON. Les dije que entonces no la vendiesen por amazon y su respuesta, ellos deciden donde venden y no. Esta semana de nuevo la misma averia, otra vez la bomba, a ver el precio que me dicen ahora. En redes sociales hay MUCHAS CRITICAS CON ESTE PRODUCTO Y SU ATENCIÓN AL CLIENTE. No pongo ninguna estrella porque no me deja. LAMENTABLE LA ATENCIÓN DE ESTA MARCA. DELONGHI.",Begoña P.,Revisado en España el 5 de octubre de 2021
La calidad,"1,0 de 5 estrellas",No funciona bien no molía el café,Ligia,Revisado en España el 5 de julio de 2024
Me ha inundado la cocina. Maquina totalmente defectuosa,"1,0 de 5 estrellas",Estamos muy pero que muy disgustados porque el producto lo compramos para disfrutar en navidades de un buen cafe y la realidad es que la maquina llegó totalmente defectuosa. La maquina pierde el agua del deposito y nos ha inundado TODO el suelo. Porfavor necesitamos una solución de inmediato. La maquina está TOTALMENTE defectuosa.,Victor Abadias Fort,Revisado en España el 8 de diciembre de 2023
Producto defectuoso de origen,"1,0 de 5 estrellas","El producto estaba defectuoso de origen, Solicito una solución y me dicen que tienen un departamento especializado de reparación. Después de 24 días laborables sigo esperando o una solución o la cafetera de vuelta.",Cliente Amazon,Revisado en España el 15 de febrero de 2024
la lzu indicadora ya no deja,"1,0 de 5 estrellas","He comprado esta máquina en el consejo de mi hijo, que necesitaba alrededor de 1 1/2 kg de café hasta que tuve un café potable. Aunque yo bebo un máximo de 2-3 tazas de café al día (un solo hogar). Desde enero estuve de vacaciones al menos 4 semanas. Poco después, la máquina indicó que debía descalcificarse,
La descalcifiqué siguiendo exactamente las instrucciones. Después de eso, la luz indicadora ya no deja de parpadear. Esto es realmente molesto. Mientras estaba fuera, limpié la máquina y la dejé desmontada. Grupo de infusión, depósito de agua, etc. Cubierto con un paño de cocina quitado.
Me encantaría devolver la máquina.",esabeth,Revisado en España el 3 de mayo de 2023
Nada,"1,0 de 5 estrellas",No me ha gustado nada para el uso de esta máquina es necesario poner una toma de agua un desagüe y muchos muchos litros de agua ah y también unos cascos de obreros para el insoportable ruido pero la verdad que esta máquina es nefasta no la recomiendo.,Desiderio,Revisado en España el 2 de diciembre de 2023
El molinillo falla a los pocos meses,"1,0 de 5 estrellas","El café muy bueno, pero el molinillo se estropea enseguida y el servicio técnico no me ha gustado nada la atención recibida. Llevé la cafetera a reparar ,una vergüenza, indescriptible, no lo cubre la garantía, 2 meses para que me la devuelvan y al final después de mucho batallar ( querían que pagara un presupuesto de reparación que nunca autoricé )me la devuelven peor. Nunca más voy a comprar una cafetera de esta marca. La he tenido que tirar a la basura.",María,Revisado en España el 11 de agosto de 2023
"He probado dos, y cada una un fallo distinto","1,0 de 5 estrellas","He probado dos , la 1 me pedia descalcificar cada 8 o 10 dias, la devolví, me enviaron otra, la 2 ya no tenía el problema de la descalcificación , pero hacá el café aguado y no se podía mejorar con el botón de mas cantidad y con el del molinillo venía ajustado al mínimo, pero ni poniendolo al máximo salía aún mas aguado, aparte de que en cada ciclo hacia un clack de sonido de plástico que no hacia la 1º,daba la impresión de que cualquier día algo se rompería.
Una pena porque la primesra si que hacía un buen café, mala suerte? o mal departamento de calidad?
Es mi experiencia, quizás es que me tocó una mala ""hornada""",Frank del Amazonas,Revisado en España el 28 de enero de 2023
Usada y comprada por nueva,"1,0 de 5 estrellas","Hoy recibí la cafetera NUEVA!! Con mi sorpresa ( que tampoco lo es dado que es la tercera vez que pasa en unos meses. Una vez con la plancha, una con el corta verduras) tenía seños de utilizó y con resto de café en el interior de la máquina! No entiendo compro algo nuevo y me llega usado!! No tendrían que pasar estas cosas. Lo veo muy poco profesional. Ahora me toca devolverls y volver a comprar otra siempre esperando que no me llegue otra usada!!!",Yolanda Mota Rodríguez,Revisado en España el 23 de mayo de 2023
Muy descontenta con amazon warhousen,"1,0 de 5 estrellas","Compre la cafetera reacondicionada y venía perfectamente pero perdía agua por el muelle del depósito del agua, solicite una reparación el 24 de marzo, me e puesto 10 veces mínimo en contacto con amazon xq me mandaron un correo que me iban a reembolsar el dinero aunq no sabían dónde está la cafetera, en todo momento me e negado al reembolso del dinero, yo quiero la cafetera reparada ya que fue un regalo para alguien, hoy me encuentro con que me reembolsan el dinero sin yo solicitarlo y sin mi autorización, en ningún momento se me da explicación si la cafetera tiene arreglo(que la tiene porque solo fugaba por un muelle del depósito) o q paso con la cafetera, tampoco me dan más opciones, solamente me quedo sin la cafetera porque a amazon le da la gana, tendré que ponerles una queja, estoy muy descontenta",vanessa,Revisado en España el 29 de junio de 2022
demasiado complicada,"1,0 de 5 estrellas","demasiado complicada ,se necesita un kilo de cafe y litros de agua para darte cuenta que estas igual que al principio ,cafetera buena para un cafe cortado .para lo demas muy muy complicado y mas por 300€ ...me quedo con la bialetti moka brika ,un cafe bueno y ya esta sin mas complicaciones ....esta deloungui es un quebradero de cabeza de 300€",Cliente Amazon,Revisado en España el 7 de agosto de 2023
Mala calidad,"1,0 de 5 estrellas","No hace un año que compre esta cafetera y ya se ha estropeado el molinillo; apenas ha durado 10 meses con una media de día cafés diarios y realizando el mantenimiento puntualmente (limpieza cada mes y descalcificación siempre que lo ha pedido la máquina).
No recomiendo su compra",Jurigo,Revisado en España el 17 de septiembre de 2023
El depósito de agua no encaja correctamente,"1,0 de 5 estrellas","Tras un mes de uso, el depósito de agua tiene algo de holgura por lo que en cuanto vibra para hacer el café sale el testigo de que falta el depósito de agua, he tenido otras cafeteras y nunca he tenido este problema. De que vale que sea súper automática si tengo que estar apretando el deposito con la mano mientras se hace el café",Eduardo Contreras Garcia,Revisado en España el 8 de septiembre de 2023
Cafetera bonita pero sucia,"1,0 de 5 estrellas","La cafetera en si es bonita , no la pude probar porque la trajeron usada, dos veces que la pedí, dos veces que venía bien embalada y con estos de café...vergonzoso..",Eva,Revisado en España el 18 de enero de 2024
Mala decision,"1,0 de 5 estrellas","No se si es mala suerte o las cafeteras son malas porque compre 2 y las rube que devolver, la primera se le salía agua por debajo y la he devuelto después de medio año más o menos y la segunda despues de 1 año no hacía el leche solo lo calentaba y hacía mucho ruido, la mande para repararla y después de 3 semanas me la han devuelto no se si igual o peor y entonces la devolvi",Nely,Revisado en España el 19 de junio de 2023
Mala,"1,0 de 5 estrellas",Después de 1 mes y 10 días está reparado y me envió sin la tapa de arriba!😥,Lidia Eugenia Otvos,Revisado en España el 28 de febrero de 2024
"Si un producto funciona, no toques el diseño ni las características que dice el manual.","1,0 de 5 estrellas","Es la tercera que compro, segunda en una semana.
La primera está en casa de un familiar y funciona perfectamente, pero recientemente se rompió la que yo tenía y decidí que podía comprar una igual.
Lo primero es que han modificado el modelo retirando una cosa muy importante, que era el pulsador de on/off para desconectarla.
Aun así, no puedo decir nada más del nuevo modelo ya que las dos compradas no han funcionado. Ni la primera, ni la de reemplazo por lo que acabé solicitando la devolución.
Una pena porque el modelo es perfecto y accesible.
Si hay que ponerle una pega, el apoyatazas no calienta las tazas y es decorativo.
Una pena que hayan malogrado una buena cafetera descuidando lo más importante que es la fiabilidad habitual de Delonghi.
Un 10 para los transportistas, Seur y Celeritas que gestionaron los paquetes y para el departamento de devoluciones de Amazon. La devolución la realizábamos el viernes, la recogieron el lunes y ya tengo el importe en mi cuenta.",Oscar G.,Revisado en España el 3 de junio de 2021
Producto comprado nuevo y llega usado,"1,0 de 5 estrellas","Después de llegar con retraso, la caja venía con mucho celo y la interior abierta. No viene el líquido para quitar la cal y sin protectores ni en la bandeja de abajo ni en el calienta tazas.",Jonathan,Revisado en España el 25 de noviembre de 2023
Usado 😒,"1,0 de 5 estrellas","Pagar 319 euros ( oferta prime) por un producto usado no me parece. Además de estar lleno de restos de café, uno de los plásticos superiores no estaba encajado, como si hubiese recibido un golpe. Devuelto y pedido otro, espero poder valorar con 5 estrellas un aparato en perfecto estado.",Esther,Revisado en España el 15 de julio de 2023
La devolvi,"1,0 de 5 estrellas","Supongo por los comentarios que leo que es muy buena, en mi caso la devolví al tercer día, el café salia aguado, y por micho que intentara calibrar la molienda no se ajustaba , aun teniéndola a la molienda mas fina,la ajustaba como decía el manual mientras funcionaba el molinillo y de uno en uno, seguía siendo gruesa, mirando los posos el grano era muy grueso, por lo que supongo que el fallo estaba en el molinillo del café, la podría haber cambiado por otra nueva, pero sinceramente una cafetera de mas de 300 euros que sea tan difícil de programar para que salga bien, que si tocas el molinillo mal ya se des calibre y tengas que mandarla a servicio técnico... No me inspira mucha tranquilidad, así que la devolví y adquirí otra también de aquí pero de la típica de brazo de cafetería, y nada que ver, el café buenisimo y muchisimo as semcilla .",Carlos,Revisado en España el 26 de agosto de 2021
"Utilizada, sucia y rayada","1,0 de 5 estrellas","Se supone que el producto era nuevo y se ve claramente que a sido usada, vino sucia (parecía grasa) y con un pelo en el compartimento interior, había café molido por todas partes y algo blanco que no sabría decir que es",gaby,Revisado en España el 4 de septiembre de 2023
No funciona,"1,0 de 5 estrellas",Cuando me llegó no funcionaba. La envié de vuelta hace casi un mes y aun estoy esperando el reembolso de Amazon,Cliente Amazon,Revisado en España el 27 de diciembre de 2023
Molinillo defectuoso y no cubre la garantia,"1,0 de 5 estrellas","Después de leer mucho en foros sobre esta cafetera, el problema es siempre el mismo, el molinillo se estropea y deja de funcionar. Delonghi siempre dice que es por usar café torrefacto. La única condición debe ser utilizar café en grano, porque en el resto de cafeteras no se da ese problema. Igual es su molinillo que deberían plantearse cambiarlo y mejorarlo. La compré en noviembre, y no muele el cafe. Esperando la contestación del servicio técnico pero después de leer en los foros, ya me imagino la contestación. No la recomiendo para nada. Porque si la garantía no cubre el molinillo ya me dirán que es lo que cubre.",Paqui,Revisado en España el 3 de julio de 2022
Nada de magnífica,"1,0 de 5 estrellas","Al principio, fantástico. Me hacía el café potente a partir de grano, pero al cabo de pocos meses ya el café sale aguado, pues la molienda es muy basta. Hace poco la desmonté para ver si podía ajustar el molinillo y hacer que la molienda fuera fina, como al principio. Imposible de ajustar. Ahora tiro de café molido, pues con grano ni sale bueno y me gasta un montón para conseguir algo de sabor.
Aparte, cada vez que enciendo o apago la cafetera, ésta limpia con el agua equivalente a un espresso. Cada vez que me hago un café, gasto por 3. El depósito de agua dura poco tiempo lleno y constantemente estoy rellenando.",Joan Cortés,Revisado en España el 8 de julio de 2022
Patetico producto segunda mano,"1,0 de 5 estrellas","Producto comprado como segunda mano en estado bueno, cuando recibo la cafetera esta totalmente llena de cafe molido por todos lados, al intentar limpiarla por la que ha liado en la cocina, todo el interior lleno sucio, sin limpiar, hasta los ejes interiores llenos de cafe.
Hay que cuidar mucho mas el servicio inclusive cuando sea un producto de segunda mano no se puede entregar en un estado tal lamentable, se va de vuelta",Gacojo,Revisado en España el 24 de febrero de 2023
Da un fallo constantemente,"1,0 de 5 estrellas",Desde la primera limpieza (solicitada por la propia máquina) una luz roja no para de parpadear y avisamos a Amazon para que nos la sustituyera pero no nos hicieron ni caso. Parece mentira que una empresa así de grande no haga caso a sus clientes (encima prime).,laura,Revisado en España el 11 de agosto de 2023
Poca durabilidad para lo que cuesta,"1,0 de 5 estrellas","Es muy cómoda y sencilla pero la calidad es muy baja. En menos de 2 años perdía agua por el depósito. Se llevó a reparar ya que estaba en garantía. Ahora que tiene 2 años y poco fallan los controles , le das a hacer café y termina echando agua hasta vaciar el depósito...",Pablo,Revisado en España el 10 de junio de 2023
Después de 5 meses se estropea y Amazon no da una solución,"1,0 de 5 estrellas",Se ha estropeado la cafetera tras únicamente 5 meses de uso. La enviamos a reparar y en ningún momento te informan en el servicio post-venta. Me dijeron inicialmente que tardaban 20 días y después me dijeron que me darían una solución en 10 días. Tras casi un mes no obtengo respuesta y al hablar por el chat me van dando largas. Un servicio postventa lamentable. La cafetera está bien pero como se estropee... Servicio de reparaciones deficiente,Vanesa,Revisado en España el 19 de enero de 2023
Tened cuidado!!! la cafetera genera moho en lugares a los que no llegas para poder limpiarlo.,"1,0 de 5 estrellas","Tened cuidado!!! la cafetera genera moho en lugares a los que no llegas para poder limpiarlo.
Adjunto foto, por la parte de atrás también tiene y no hay forma de limpiarlo porque no se puede acceder.",Jose,Revisado en España el 26 de julio de 2023
Una estafa,"1,0 de 5 estrellas","Me llego la cafetera USADA !!!!! Con restos de cafe aun en el deposito y el capuchinador con manchas de leche, asqueroso sinceramente",adrian,Revisado en España el 13 de octubre de 2023
Defraudado,"1,0 de 5 estrellas","Tras recibirla y gastar más de 5 litros de café en pruebas con diferentes configuraciones , temperatura, molienda y carga, no he conseguido más que litros de café aguado que nada tiene que envidiar al agua de una tubería oxidada , no entiendo a esa gente que dice que solo hay que pillarle el puntillo, tampoco es que tenga tantas opciones de configuración, y tampoco es que utilice café de marca blanca sino un Lavazza Oro , que creo que es aceptable. Supongo que irá de vuelta, por si era poco al segundo día el espumador deja de funcionar",alejandro,Revisado en España el 17 de junio de 2022
Muy decepcionado!!!,"1,0 de 5 estrellas","No es lo que me esperaba, con un buen café de primera calidad y tomando siempre el expreso debería de ser un café fuerte, sabroso, intenso….esta cafetera no lo hace…bonita es, barata ni de lejos y de BUENA ni hablar! Fatal",Ionut,Revisado en España el 10 de junio de 2023
No compre este producto,"1,0 de 5 estrellas","Actualización después del uso: este producto está plagado de un problema tras otro. Es un pozo de dinero. NO LO COMPRES

No me malinterpreten, es un gran producto; sin embargo, es casi imposible que la luz de descalcificación se apague incluso después de realizar el proceso más de una vez. Para un producto de esta calidad, no debería tener que llamar al servicio de atención al cliente...

El servicio de atención al cliente para este producto no existe. Si alguien tiene una solución para que la luz permanezca encendida, hágamelo saber. Muy decepcionado y he cambiado mi calificación a uno...",SSM,Revisado en España el 13 de enero de 2022
Decepcionante,"1,0 de 5 estrellas","Decepcionante y... por lo que leo de otros clientes, es más común de lo que me imaginaba. No hay manera de concentrar adecuadamente el café... Desde el primer día ha salido aguado (por mucho que se intente calibrar).
Da errores frecuentes para recoger el café molido, aún siguiendo las instrucciones de uso (a veces lo coge bien y a veces lo expulsa al reservorio directamente). La tenemos desde hace un año escaso y ya ha dejado de funcionar. Hace unos 5-6 meses dejó de funcionar el sistema de capuccino y ahora la máquina de café como tal… He realizado las labores de mantenimiento tal y como las indica el fabricante y un café más o menos decente (aún así aguado) dura 2 preparados de café... ya el tercer preparado es prácticamente agua (tanto utilizando el molido como el grano). En esta situación, esta máquina de café automática se me presenta como inservible.",Cliente Amazon,Revisado en España el 9 de noviembre de 2019
Sale frío el café,"1,0 de 5 estrellas",No hemos conseguido tomar nunca un café caliente. Producto demasiado caro para el resultado,Anna,Revisado en España el 3 de diciembre de 2023
"Delonghi España, pésimo servicio técnico.","1,0 de 5 estrellas","Hace un mes que tengo problemas para que la leche se monte correctamente para realizar un capuchino. La semana pasada me puse en contacto con el servicio técnico y sin hacer ninguna prueba me mandaron un mensajero para llevársela al servicio técnico el pasado jueves.

Hoy lunes, recibo un mail del servicio técnico indicando que la avería es la AUSENCIA de la segunda junta de vapor DE LA LANZA EXTERIOR DE VAPOR y que no he realizado la correcta descalcificación/mantenimento de la maquina. Aspecto que es totalmente FALSO, porque se ha realizado 2 veces, siempre que se ha encendido el indicador que avisa de ello.

Lo gordo viene cuando me indican que tienen que hacer la descalcificación previamente poner la arandela, ósea pasar por caja. Es gracioso, la arandela si lo cubre la garantía pero el mantenimiento y portes no. Mañana mismo pondré una reclamación a DeLonghi y posteriormente a consumo.

En resumen, una manera lamentable de timar a un cliente con una cafetera que supuestamente tiene 2 años de garantía. A ver en qué queda esto..",frid,Revisado en España el 27 de junio de 2016
No funciona,"1,0 de 5 estrellas",Nada mas encenderla siguiendo todas las instrucciones del libro aparecieron unas luces parpadeando y la cafetera no sacaba agua para rellenarse el circuito. He intentado varias veces pero sin exito.,Viorel,Revisado en España el 2 de septiembre de 2023
Decepción,"1,0 de 5 estrellas",Un gasto excesivo de agua para una cafetera que no me ha dado resultado en el gusto de los diferentes cafés probados. Relación precio-calidad nefasta,Miquel,Revisado en España el 15 de agosto de 2023
Sale agua no cafe,"1,0 de 5 estrellas",No se porque pero ponga como lo ponga en el grano mas fino intermedio o mas grande y la ruedita de delante cambiandola de posicion siempre sale aguado no da sacado un cafe normal,Karolina,Revisado en España el 8 de mayo de 2023
Basura,"1,0 de 5 estrellas","Las reparaciones de vergüenza, la mando porque no muele el grano a reparar y me viene en este estado",Cristian Perez Ramos,Revisado en España el 22 de septiembre de 2023
La tuve que cambiar dos veces y ya la devolví,"1,0 de 5 estrellas","Lo cierto es que la compré muy ilusionada como regalo y tuvimos que cambiarla y la que nos trajeron funcionaba igual de mal... El café salía muy aguado a pesar de la rueda estar en la gradación de café más fino y CADA vez que se enciende gasta un montón de agua y para cerrarse también... Fue una gran decepción, al final compraremos otro modelo o nos quedaremos con la nespresso. Lo que no tiene sentido es que esa que en teoría saca café de mejor calidad y dobla el precio a otras nespressos salga el café más aguado y con la mitad de crema que con una cápsula marca blanca en una cafetera cutre",Júlia Peris Giménez,Revisado en España el 15 de octubre de 2020
Cafetera defectuosa y mal servicio técnico,"1,0 de 5 estrellas","Comparmos la cafetera hace unos meses y nos ha dado bastantes problemas, tenia un agujero en la base por donde goteaba agua, se enciende la luz de poso lleno sin motivo, el café sale aguado, etc.. Lo llevamos al servicio de reparación y después de un mes, nos han devuelto la cafetera sin acabar de reparar pues la luz de poso lleno sigue encendiéndose sin motivo.

Estamos muy decepcionados sobre todo con la atención al cliente de Delhongi puesto que esperábamos una sustitución de la cafetera y nos han mandado al servicio técnico que dudamos que se haya mirado la cafetera.

Un saludo,",Carla Pedrola Solans,Revisado en España el 21 de mayo de 2021
Una verguenza de servicio tecnico,"1,0 de 5 estrellas","Se nos ha estropeado a los dos meses de comprarla y el servicio tecnico no me la arregla, dicen que tienen la pieza pero no nos la arreglan aunque me han confirmado que la reparación entra dentro de la garantia. Es la segunda cafetera delhongui q he comprado y sera la ultima. El servicio posventa es nefasto.",Orellana,Revisado en España el 23 de septiembre de 2022
Aguadisimo,"1,0 de 5 estrellas","Café corto, café largo ,uno y dos cafés.
Para tomar café con leche desayuno y q sea más intenso 2 ó 3 cortos y ni por esas.Sale aguadísimo en máxima intensidad de molinillo y ruleta exterior, probando diferentes cafés....no hay manera .
No he conseguido hacer un buen café",NGM,Revisado en España el 5 de marzo de 2023
Decepcionado,"1,0 de 5 estrellas","La máquina es muy completa, pero me decepcionó la calidad del café, la anterior era la delonghi C685 y hacía un café estupendo, llegó la hora de jubilarla y pensé…. Voy a subir de nivel, nada más lejos de la realidad, un café mediocre y eso que utilice varios tipos de cafés (todos ellos natural, arabico 100% , 70 arabico 30 robusta, etc…) nada, la devolví y pedí la dedica y ya vuelvo a tomar buen café, con aroma, con cuerpo…eso sí molinillo no lleva",Juan Gil,Revisado en España el 3 de septiembre de 2021
No es lo que esperaba,"1,0 de 5 estrellas","Esperaba que el café estuviera más bueno.
Hemos intentado calibrarla pero ha sido imposible hacerlo para que el café saliera a nuestro gusto.
Al encenderse y apagarse tira mucha agua.
Es muy ruidosa cuando a enciende y al hacer los cafés.",Priscila,Revisado en España el 6 de febrero de 2023
Me la han devuelto rota,"1,0 de 5 estrellas",Me la acaban de devolver y me la han devuelto en mal estado,carmen,Revisado en España el 6 de octubre de 2023
Frustrante,"1,0 de 5 estrellas","Compré esta cafetera porque mi hermana tiene la misma y está contenta con ella.
El mismo día de empezar a usarla, el depósito de agua comenzó a perder agua por la unión a la máquina. La envié al servicio técnico y después de esperar más de 20 días sin noticia alguna, Amazon me reemplazo el producto por uno completamente nuevo.
Al segundo día de uso vuelve a tener el mismo problema por lo que muy a mi pesar voy a devolverlo y comprar otra marca.
La gestión por parte de Amazon fue correcta y rápida independientemente del servicio técnico delonghi.",C.H.M,Revisado en España el 15 de abril de 2021
Mucho trabajo para tan solo un café,"1,0 de 5 estrellas","Tengo una cafetera expreso manual delonghi dedica, y convencí a mis padres para que se pillaran una súper automática ya que estas últimas poseen la ventaja adicional de que te muelen automáticamente los granos. La verdad que más arrepentidos no podemos estar con la compra, nos os imagináis lo aparatoso que resulta hacer un café en esta cafetera, la cantidad de agua que gasta, con tan solo un mes de uso ya pedía descalificarla, con lo aparatoso que resulta hacerlo, ahora se vuelve a atascar, y ahora le da por no echar café. Desde su compra hacer un café en nuestra casa se ha convertido en un auténtico calvario.",Loli,Revisado en España el 29 de julio de 2020
Desencantado,"1,0 de 5 estrellas","Parecía que por su precio anterior, comprabas un chollo, pero en realidad no vale lo que cuesta. Nada más recibirla y probarla, me puse en contacto con el Servcio Tecnico (que debo decir que la atención fue muy buena) para comentarles que el molinillo de café no permite ponerlo al máximo, y también para comentarles que el café no salía suficientemente caliente. Al día siguiente pasaron a retirar la cafetera y a inspeccionarla, y a los pocos días ya la tenía de nuevo en casa. La respuesta en el informe decía que ""la temperatura está dentro de los márgenes"" 😳.
Respecto al grado de molienda del café no dijeron nada, pero se ve que no pudieron hacer nada para subsanar ese fallo.
Tras lo cual, la devolví y por el mismo precio he adquirido una Krups, que es mejor y con más opciones",midunky,Revisado en España el 2 de junio de 2017
No es lo que esperaba,"1,0 de 5 estrellas","Para lo que vale , no compensa, llame a la marca porque el cafe me salia aguado y me dijeron que igual era dececto de fabrica pero no me dejaban devolverla porque habia pasado el mes , la compre en una oferta para un regalo y no quede contento",Raul Recaman,Revisado en España el 6 de enero de 2023
No la compreís. Si luego no funciona Amazon se lava las manos.,"1,0 de 5 estrellas","La cafetera no funciona. La compramos para regalo de Reyes y fue una decepción. Desde el primer día ha dado problemas. El café salía aguado (despues de ir probando todas las opciones de molido y de cantidad de agua). Y al tercer día empezó a tirar café sin usar al depósito de café usado. O después de molerlo lo tiraba al hueco para el café molido.
Solicitamos la devolución el 12 de Enero y no se pasaban a recogerla. Ayer escribí para consultar y directamente han anulado la solicitud de devolución.
Me dicen que no se puede devolver. Cuando las condiciones de la compran si permiten que se devuelva.",Cliente Amazon,Revisado en España el 22 de enero de 2021
La peor gestión de una reparación jamas vista,"1,0 de 5 estrellas","Muy decepcionado con la gestión que hace Amazon sobre su servicio postventa, la cafetera se avería 3 meses después de su compra habiendo gastado sólo dos kilos de café, me dan plazo de reparación de 20 días y tras casi tres meses esperando y engañándome me hacen reembolso de la cafetera que cuando yo la compre valía casi 70€ menos, una decepcion",Cliente Amazon,Revisado en España el 24 de mayo de 2022
Decepcionado,"1,0 de 5 estrellas","Compré está cafetera por haber usado el mismo modelo en versión anterior con un resultado excelente. La decepción fue máxima después de haberla usado varios meses. Un café muy aguado y con poco cuerpo. He informado al servicio técnico y alegan el problema a una mala manipulación de la máquina por mi parte. Por ello, no recomiendo intentar ajustar el molinillo. Decepcionante el servicio técnico también al que he tenido que abonar casi 50€ para poder recuperar la cafetera.
Compra nefasta y decepción en la marca delonghi.",seru,Revisado en España el 26 de noviembre de 2021
Ideal para no usar mas cápsulas - Calidad deficiente.,"1,0 de 5 estrellas","Buscaba una maquina sencilla para la casa que preparara un buen espresso sin tener que usar cápsulas. Despues de probar varias esta es lo más parecido a una maquina profesional a un precio asequible. Puedes ajustar el tamaño de molido, la cantidad de café y y espuma bien.
Una ADVERTENCIA: NO USAR CAFE TORREFACTO. La melaza daña el molino y obstruye los componentes de la máquina.
Sin embargo, después de un año de utilizarla la maquina a pesar de hacer mantenimiento es defectuosa. Es una pena su poca durabilidad por lo que hemos cambiado a una maquina mas robusta. Lamentable la calidad de la marca.",Enrico Scuratti,Revisado en España el 21 de enero de 2021
Decepcionado totalmente,"1,0 de 5 estrellas","La opinión no es en sí por la cafetera sino por cómo ha llegado desde manos de Amazon, compre el artículo como segunda mano estado muy bueno, en la descripción ponía que podía tener algún daño estético, pero es que ha llegado usada, sin limpiar y le falta la tapa del depósito, había ingluso restos de café en la máquina y dentro de la caja, me parece que no controlan nada bien los artículos reacondicionados...",Rafael Fernández,Revisado en España el 18 de marzo de 2022
Difícil regulación.. y estropeada en menos de dos meses,"1,0 de 5 estrellas","Super descontenta con la cafetera y con el servicio técnico de d'longui. No conseguí regularla para que el café saliese a mi gusto y al mes y medio de tenerla comenzó a fallar. Me descargaba el café molido directamente a los posos y el café me salía aguachado. La mandé al servicio técnico y me dijeron que no me cubría el arreglo la garantía por mala limpieza, cuando a la cafetera le hice las limpiezas y el mantenimiento como indicaba el manual.",Maria José,Revisado en España el 21 de diciembre de 2021
Garantia no cubre fallo molinillo,"1,0 de 5 estrellas","Funcionó perfectamente 23 meses. Se averió el molinillo en el mes 23, se la llevaron a reparar y un mes mas tarde la devolvieron. Sigue fallando el molinillo pero como ya han pasado los 24 meses no atienden nada.",Cliente Amazon,Revisado en España el 17 de abril de 2023
el café es un aguachirri,"1,0 de 5 estrellas","Después de medio año de uso, no logro ajustar el café como hay gente que dice por ahí que hay que hacer, y el café que sale es como el americano, sin ningún cuerpo. Sale a chorro y sin espuma, habiendo probado todo tipo de marcas de café y usando en la actualidad, café Lavazza que se supone que es bueno.
No la volvería a comprar. Me cogería de nuevo una Nespresso que aunque la cápsula sale cara, es buena.",marta,Revisado en España el 27 de enero de 2022
Una pena,"1,0 de 5 estrellas","Es una auténtica pena, ya que la cafetera durante el tiempo que nos ha funcionado ha sido una maravilla. Pero no es normal que realizándole un perfecto mantenimiento (descalcificación, limpieza, etc) a menos de 6 meses de la compra ya empiece a fallar.
No realiza la limpieza automática al encenderse y apagarse (expulsando agua como antes hacia) y el espumador también falla.",Cliente Amazon,Revisado en España el 17 de julio de 2022
Nu funcionaba. El tubo de agua estaba suelto,"1,0 de 5 estrellas","Cuando hice el primer encendido se salía en agua por la parte de abajo, tuve que desmontar la maquina arriesgando a perder la garantía, al final encontré el problema, el tubo de entrada de agua estaba suelto. Ahora funciona bien. Pero me quedan muchas dudas de tal y como escribe en las instrucciones hagan el testado de maquinas, durante el proceso de testado hubieran visto el fallo.
Lo comento por si os pasa lo mismo.",mihaela sandor,Revisado en España el 29 de agosto de 2021
UNOS MESES DESPUÉS NO LA RECOMIENDO,"1,0 de 5 estrellas","está muy bien, salvo como dicen en los comentarios, gasta mucha agua en las limpiezas cada vez que la enciendes. Un poco tedioso el tema de descalcificarlo además , pero la recomiendo.

EDITO COMENTARIO 4 MESES DESPUÉS: procedo a su devolución, no funciona el cajetín del café molido, es muy esporádico que lo coja, lo he probado de todas las formas , metes el café y cae directo a la bandeja, no te puedes hacer el café, una decepción. El calentador de leche finalmente no lo he utilizado, no vale la pena, no hace espuma.",LAURA,Revisado en España el 29 de abril de 2020
"Acaban perdiendo agua, CUIDADO","1,0 de 5 estrellas","Es la segunda DeLonghi que tengo, y las dos acabaron perdiendo agua por el mismo sitio, al parecer es un mal endémico de este modelo, en los foros alemanes está lleno de casos con el mismo problema. La primera me la cambiaron sin problema, de la segunda que es la que tengo ahora, no se hacen cargo de la reparación. Así que menudo problema, yo no la compraría.",Raquel,Revisado en España el 21 de mayo de 2021
Parece muy facil pero sale un cafe Aguachirri,"1,0 de 5 estrellas","Despues de casi 2 semanas de uso... una desilucion... gaste muchisimo cafe muy bueno esperando como minimo algo proximo a mi cafeteria de barrio y un chasco. Tienes que girar una rosca para la intensidad del cafe y otra para cuan fino es el grano... puse todas las opciones a maximo y resultado UN CAFE AGUADO MUY MALO.
Una lastima pero no la recomiendo... me quedo con la nescafe con capsulas lamentablemente.
Por ultimo y no menos importante, la cantidad de agua que gasta es muy alta... una pena.",katia,Revisado en España el 9 de julio de 2020
1 mes y esta roto,"2,0 de 5 estrellas","De principio me gustaba - era complicada para configurarla y cuando empezaba a usarlo se destropeada.

NO HACES LA GARANTIA SOBRA AMAZON:
he solicitado la garantia de esta machina sobre Amazon es un producto de un mes en uso.
Estoy esperando ya del dia 18 de noviembre y aun no lo tengo mi cafetera.
Me parece surrealista esperando mas de un mes a una reparacion, encime nadie me puede decir donde esta, ni cuando tiempo tardara a recibirlo reparado.
solo me dicen que tengo que esperar hasta se acaban las 20 dias laborables.
Y despues que?
un horror de servicio de reparaciones
Gracias",Peter Linder,Revisado en España el 4 de diciembre de 2023
Casi pero no,"2,0 de 5 estrellas","Creo que he tenido mala suerte, la primera cafetera me llegó con restos de café, hablo con vendedor y si es nueva, pero la que recibí no lo parecía, la uso y hace un café muy flojo. La cambio sin problemas ni coste adicional por una nueva, la recibo la abro y esta no tiene restos raros. Al usarla el café sale PERFECTO, pero solo si hacia un solo café y el ""corto"", dos cafés cortos, uno largo o dos largos otra vez el café aguachado. Otras personas que la tienen me han dicho que a sido mala suerte que ellos todo ok. Yo NO",oscar,Revisado en España el 18 de agosto de 2023
Molinillo de la cafetera no muele el café,"2,0 de 5 estrellas","El molinillo de la cafetera dejo de moler el café a los cuatro meses de uso. Desmonté la rejilla protectora, limpie el molinillo y volví a rellenar el depósito, pero continua sin moler el café. Ahora entiendo que estuviese en oferta y costara la mitad. Me parece un abuso que ocurra esto y que Amazón lo permita. Como es posible que si se estropea tengo yo que llevarlo a una tienda de reparación o gestionar el envío a través de una empresa de mensajería. Para todo ello no se necesita a Amazón. Ya veremos si son capaces de publicarlo y no lo censuran.",Juan Antonio,Revisado en España el 23 de septiembre de 2023
No la recomiendo,"2,0 de 5 estrellas","Reedito opinion:

Es la segunda que va al servicio tecnico. Amazon no me quiso devolver el dinero, la ultima que compro de esta marca. Nunca hizo un cafe bueno y con cuerpo, mas bien siempre aguado, y el capuchino, mas de lo mismo: mucha espuma pero poca crema. Gasto excesivo de agua y limpieza casi semanal!!

2ª edicion:
Tercera que pasa por el servicio tecnico pasados 15 meses de uso y 1ª vez (y espero ultima) que tengo una mala experiencia con Amazon.
La mando al SERV. TEC. y tras un mes de espera se niegan a hacerme un reembolso o sustitucion, a pesar de que legalmente pasados VEINTE dias tengo derecho al reembolso o sustutucion. El serv. tec. se limita a mandarme un mail en el que me dicen que el aparato ha sido reparado, sin embargo en el enlace que aparece en Amazon se refleja SIEMPRE que el aparato ""esta siendo reparado"" ?¿?¿?¿?
En fin, un desastre: 0 para deLonghi y suspenso para Amazon. Delonghi nunca mas, ni aunque ne la regale Brad Pitt... :-{",Trepanator,Revisado en España el 11 de agosto de 2021
Mi opinión,"2,0 de 5 estrellas",La compré porque es igual de limpia que una de cápsulas el primer mes salía un café fuerte y con crema pero luego empezó a salir muy flojo y aguado se llevaron la cafetera a revisar pero igual al final Amazon me hizo un reembolso y me he comprado un molinillo y una cafetera express que con esas no fallo,Sergio Navarro,Revisado en España el 14 de julio de 2023
No ha sido una buena compra,"2,0 de 5 estrellas","No he conseguido hacer un café mínimamente bueno, sale totalmente aguado, he probado con todo tipo de cafés caros y baratos, he movido la rueda de moler para todas partes y continua saliendo un café aguado. hace mucho ruido y gasta un montón de agua. Utilizo siempre café descafeinado. El baypass para poner café molido, lo utilizo para café con cafeína, es un desastre.",Cliente Amazon,Revisado en España el 14 de junio de 2023
Un poco desilusionada,"2,0 de 5 estrellas","La cafetera venía con un problema y el café no salía como debía, aún que me a costado un poco he conseguido que me la sustituyan por una nueva, ya que el problema lo tuve desde el minuto 0, estoy esperando la nueva y cuando me llegue modificaré la opinión",Desiree,Revisado en España el 18 de mayo de 2023
No confianza en amazon,"2,0 de 5 estrellas","Me gusta que hace el cafe pero es la segunda que me envían, la primera no traia esa palanca y la segunda viene con ella pero partida.
El café buenísimo pero es la última vez que compro productos de este precio a Amazon. Los siguientes los compraré en tienda física.",Elena Manrique Sánchez,Revisado en España el 17 de mayo de 2023
"No hace dos cafés a la vez, sino un café más aguado (aun, si cabe)","2,0 de 5 estrellas","Me extrañó que no hiciera 2 molidos como la anterior Philips que teníamos, y al comprobar vimos que efectivamente la opción de 2 tazas no hace 2 cafés realmente, sino uno con más agua.

He pesado los pozos de café y si por ejemplo gasta +-18gramos en una taza, en la opción de dos tazas gasta solamente unos 24 gramos (no 36, como era de esperar). Podéis ver en la foto como salen mucho más aguados.

Es una decepción porque un producto tan caro debe hacer bien una función tan básica como hacer 2 cafés a la vez, sino que no lo ofrezca.

Otro problema importante, en el manual no recomienda usar el ajuste del ""sabor"" siempre al máximo, pero solo conseguimos un café decente en esa posición. Probando distintos grados de molienda, cualquier ajuste menor que el máximo sale bastante flojo. Eso también es una pega. El ajuste medio debería dar un buen sabor, y no es así ni mucho menos, la tienes que tener siempre al máximo o casi al máximo.

Seguramente la devolveremos para probar otro modelo.",Bruno,Revisado en España el 5 de junio de 2020
Al principio muy bien a los 6 meses ya no funciona,"2,0 de 5 estrellas","Al principio muy bien, buen molido y fàcil de usar però al Cabo de 6 meses debò de funcionar, la enviamos a reparar y nos la devolvieron pero seguía sin funcionar.",Sni90,Revisado en España el 15 de junio de 2023
Mala calidad,"2,0 de 5 estrellas","Tenía muchas expectativas ante de recibir esta cafetera... pero a la hora de realizar el segundo café se encendieron todos los Leds dejando el cacharro inservible teniéndolo que devolver. En conclusión, es un producto de mala calidad que tiene un consumo de agua excesivo.",Constantin,Revisado en España el 2 de abril de 2023
Problemas con el café molido,"2,0 de 5 estrellas","La descalcificación hay que hacerla cada poco. Es bastante pesada con el piloto intermitente que te avisa de la descalcificación.
Lo peor de la máquina es hacer un café añadiendo el grado ya molido: En varias ocasiones, cuando añado el café ya molido para hacerme un descafeinado, el café cae al contenedor donde se recogen los posos y la máquina sólo echa agua. Y tengo cuidado de indicar la opción correcta en la máquina antes de echar el café por el embudo.
Se limpia mal: el contenedor donde cae el agua tiene muchos recovecos, así que tengo que utilizar un pincel para limpiarlo bien. El embudo por el que cae el café molido es estrecho: se queda atascado el café y hay que empujarlo con una cuchara. Además, como ese embudo es muy estrecho, se limpia mal.",Alfredo,Revisado en España el 19 de enero de 2021
Esperaba más,"2,0 de 5 estrellas","Decepcionado, esperaba mejor café",José,Revisado en España el 17 de octubre de 2023
Un poco decepcionante,"2,0 de 5 estrellas","Cuando adquieres un electrodoméstico de este tipo te haces la idea de que va a ser superior, que el café que vas a obtener es como el de tu cafetería preferida. En absoluto.
El café sale bien, sí, moderadamente bien. Primero he tenido que aumentar la temperatura, en varias ocasiones y tras cada una de ellas al poco tiempo tengo la sensación de que se baja, pero, ya está al máximo y sigue siendo insuficiente; ¿probable inconsistencia del sistema de control?. Te asalta la idea de que también el molido del café está deteriorándose y poco a poco (o a mucho) no muele tan fino y el chorro de café aumenta el caudal, y con ello, baja la presión, la concentración, el aroma y espumado.
De las veces que hay que recargar agua, ni te cuento, porque cada vez que sale del estado de reposo y vuelve a él ( en nada de tiempo) gasta 100 ml de agua. En la bandeja recolectora no cabe el de una secuencia completa ¡Venga a vaciar bandeja! ¡Es un tostón!
Nada, que con una corrientita de poner al fuego sale parecido. Supongo que habrá algún modelo, o marca, que lo haga como pretendía, pero no es esta.",José,Revisado en España el 16 de marzo de 2017
no es lo que esperabs,"2,0 de 5 estrellas","sinceramente esperando a que vengan a recogerla , el café frío si que es cierto q sale con crema pero realmente para lo que vale no merece la pena, lo bueno es que hace limpieza sola pero la cantidad de agua que gasta es considerable",Cliente Amazon,Revisado en España el 15 de diciembre de 2022
Una decepción,"2,0 de 5 estrellas",Compramos la cafetera porque queríamos disfrutar de un buen café sin tener que recurrir a las cápsulas. Sin embargo la hemos tenido que devolver porque pese a haber probado todas las combinaciones posibles el cafe sabe aguado y con muy poco cuerpo. Una lástima.,Antonio,Revisado en España el 4 de febrero de 2023
No hace espresso,"2,0 de 5 estrellas","Compré esta cafetera porque la que tenia, de otra marca, se le estropeó la bomba después de 5 años de uso. El café no tiene ni punto de comparación. Esta cafetera hace infusión de café, que no tiene nada que ver con el café espresso que es el que a mí me gusta. Aunque le pongas el molinillo a tope de fino y el máximo de fuerte, el café sabe a ""aguado"", similar al café de máquina de vending.
Diga lo que diga el fabricante, no hace espresso.",Lluís Nogueras,Revisado en España el 9 de diciembre de 2021
"Tiene que desincrustarse con mucha frecuencia, por lo que no puede usarse de manera significativa.","2,0 de 5 estrellas","Este texto ha sido traducido electrónicamente del alemán al español.

La máquina llegó a tiempo y se ve bien. La instalación se realizó rápidamente y sin problemas.
El café sabe muy bien y es fácil de preparar.
Espumar la leche funciona pero es bastante engorroso. Después de cada preparación, la carcasa debe retirarse del grifo para poder limpiar el grifo interior. También puedes quemarte fácilmente. Después de hacer espuma, debe dejar que salga agua caliente por la boquilla.
Ahora para el gran problema.
El dispositivo ahora tiene 3 meses y los días hasta la próxima descalcificación se sienten cada vez más cortos.
Hacemos 8 tazas de café al día. Espumamos la leche por 4 tazas.
Ahora la máquina muestra cada 10 días que necesita ser descalcificada. Es casi más fácil preparar el café siempre a mano.
Según mi experiencia, no recomiendo comprar. Si lo hubiera sabido de antemano, no habría comprado la máquina.",MickaS,Revisado en España el 18 de abril de 2020
Sin filtro,"2,0 de 5 estrellas",El producto a simple vista se ve bien pero no traia filtro y paricia que ya avia sido desempaquetada y empaquetada de nuevo. Decepcionado de tener que cambiarla para lo que cuesta,antonio,Revisado en España el 1 de febrero de 2023
No es una cafetera para usarla un par de veces al día y hacer pocos cafés.,"2,0 de 5 estrellas","Soy cafetero y di el paso a una cafetera con mayores prestaciones, es una cafetera q gasta mas agua y energia para encender y apagar, que para hacer un café, no es una cafetera para poco uso, si no mas para usarla continuamente, también esperaba un café mas cremoso, en mi caso personal, nos es una cafetera para casa.",Marco Antonio collado alcolea,Revisado en España el 19 de mayo de 2022
Decepción,"2,0 de 5 estrellas","Muy decepcionado, el cafe sale aguado... la compre ""usada"" esta claro que por algo había sido devuelta... seguí el manual al pie de la letra para intentar solucionar el problema pero no hay manera, al finl solo he desperdiciado cafe.",Lucas Romera Carrillo,Revisado en España el 16 de octubre de 2022
Café Café?,"2,0 de 5 estrellas","Esperaba con ansia mi superautomatica, la trajeron los Reyes,todavía no he conseguido un café negro y con cuerpo he cambiado a distintos tipos de café y nada,sigo sin saborear un buen café, usábamos nesspreso y con todo lo que son cápsulas el sabor era bastante mejor. Seguiré aposrando por ella,pero la desilusión cada día aumenta, igual me he equivocado
Esperaremos...",Cliente Amazon,Revisado en España el 30 de enero de 2022
Decepcionante.,"2,0 de 5 estrellas","Decepcionante. Lejos del café que puedes tomar en una cafetería.
Venimos de Saeco poemia y esa si hacía café como el del bar. Incluso mejor que en ciertos bares. En esta, y a pesar de haber probado varias configuraciones, no conseguimos un resultado que sobrepase el aceptable. Ni siquiera con café torrefacto (que puede usarse sin problemas en el depósito de café premolido) se logra un resultado mejor. Hemos probado el café hecho por otra máquina igual y el reultado no cambia (como es lógico). Es decir, que la cafetera no funciona mal: Es que lo que conseguimos, es lo máximo que puede hacer.
También hemos probado diferentes cafés en grano, lo hemos comprado recién tostado en una tostadora que tenemos cerca de casa, y tampoco. Cuando se rompa no me dará ninguna pena volver a las expreso.",Cliente Amazon,Revisado en España el 17 de junio de 2018
Comprado producto,"2,0 de 5 estrellas","La cafetera comprada era una cafetera que ya había usada y ponía que estaba en buen estado. Cuando llego a mi domicilio llego con la caja rota, es comprensible, pero en el interior venía con restos de periódicos forrándo el paquete y la cafetera con restos de café sin limpiar, así que la devolvemos por que no cumplía lo de estar en buen estado.

De todas formas, compre la cafetera nueva y es totalmente recomendable, poco ruido, mucha facilidad de uso y fácilmente limpiable. El sabor no es como el café de un bar pero es muy parecido, así que contento con la compra",Ricardo G.,Revisado en España el 8 de septiembre de 2020
No comprar productos de segunda mano con ofertas,"2,0 de 5 estrellas","He comprado una cafetera Magnifica de segunda mano con calificación muy bueno estado y resulta decepcionante, pedí agua por todos lados solo al llenar el deposito de agua, le he devuelto al momento de desembalarla. el precio de una nueva es de 310€ y de segunda mano 248€ no era un chullo, solo pensaba que embalaje no es original o algún rasguño, pero no es chatarra .
No recomendó de comprar estos productos son una estafa.",kader,Revisado en España el 29 de julio de 2021
COMPRADA EL 28 DE NOVIEMBRE DE 2018,"2,0 de 5 estrellas","Todavía no hace dos meses que tengo esta cafetera y probablemente la voy a devolver. Estoy esperando que me contesten de D'Longhi para tomar la decisión. En estos dos meses he tenido que descalcificarla 2 veces, es decir 1 vez al mes y vivo en Madrid donde l agua no creo que tenga demasiada cal. No me parece un funcionamiento normal el tener que sufrir ese proceso tan a menudo, creo que hay algo que falla. Por otra parte, cuando el café se hace con el deposito de café molido genera bastantes problemas, a veces no baja por el conducto, no va muy bien. Eso sí, tengo que reconocer que con el café en grano , el café sale buenísimo y sin general problemas.",Blanca S.,Revisado en España el 24 de enero de 2019
cafetera muy sucia,"2,0 de 5 estrellas","Acabo de recibir la cafetera y al sacarla del embalaje me he llevado una gran desilusión, la cafetera estaba sucia, bueno sucia no lo siguiente, estaba toda llena de cafe molido, no lo entiendo, se supone que la cafetera es nueva y tendría que estar impoluta, me ha llevado un buen rato limpiar todo y me he planteado devolverla pero tendría que estar otra semana sin tomar café. Después al ponerla en funcionamiento y tras estar un buen rato esperando para poder probar si funciona he pulsado el boton y no salia nada, he compobado que con el filtro no sale agua del depósito, osea que no estoy nada contento con la cafetera y no dejo de pensar en que he pagado por una nueva y puede que esta sea usada.",José,Revisado en España el 21 de agosto de 2017
Molido demasiado grueso igual a cafe aguado,"2,0 de 5 estrellas","Después de más de un mes de pruebas puedo confirmar que el molido del café es demasiado grueso para un espresso poniendo el molinillo al 1 que es lo más fino y con distintos cafes de calidad el molido no llega a ser el de las capsulas por eso el café sale aguado y demasiado rápido. Temperatura de café 64°C, creo que es poco, dosificación no exacta ajustado en 40 ml, variando hasta los 45.",Oscar,Revisado en España el 28 de mayo de 2021
Depósito pequeño inutil,"2,0 de 5 estrellas","Para moler el café perfecto pero el deposito pequeño para descafeinado es inútil, le pongas mucho café o poco siempre salen 3 gotas, como si el motor no pudiese, lo he limpiado he intentado de todo y nada, 3 meses me a durado.",Cesar,Revisado en España el 27 de abril de 2022
2 máquinas en menos de dos años,"2,0 de 5 estrellas",Me decidí a cambiar la cafetera de cápsulas por esta ya que teníamos una en el centro de trabajo y a los 6 meses se averió el molinillo que muele el café. Me la cambiaron por otra unidad y realizando su mantenimiento descalcificandola 2 veces al año otra avería. Esta vez se enciende un testigo de avería y no funciona. Tampoco es que haga muchos cafés diarios 4 o 5 como mucho pero que en menos de dos años dos averías pienso que no es de buena calidad para lo que cuesta. Ni la recomiendo ni la vuelvo a comprar.,Juan Carlos,Revisado en España el 6 de octubre de 2020
No compensa el precio con la calidad,"2,0 de 5 estrellas","Hasta ahora tenía una Krups de presión con brazo extraíble. Quería hacer un paso más en calidad. Esta cafetera vale casi el triple y no veo que valga la pena. Me gusta el café fuerte y no consigo encontrar el ajuste. Además, se limpia automáticamente después del café y también cuando la conectas. Si se limpia después del café ya queda la máquina limpia y no sería necesario que se limpiara de nuevo al conectar-la, no?. Gasto de agua inútil, a mi manera de ver. Me queda la duda de probar diferentes cafés.",Xavier Vilà,Revisado en España el 11 de noviembre de 2019
SE AVERIÓ AL AÑO.,"2,0 de 5 estrellas","Compré esta cafetera hace un año.
De un día para otro, el molinillo dejó de funcionar y no molia el café en grano.
Al tener dos años de garantía, solicité una nueva cafetera y devolví la averiada.
Amazon me ofreció utilizar el servicio técnico pero lo deseché por las malas opiniones que leí respecto a él (tardanza).
Espero que la nueva cafetera tenga una vida más larga, es cara y que se estropee al cabo de un año, haciendo cinco cafés al día, como mucho, no es de recibo.",jose cutillas cerezo,Revisado en España el 21 de febrero de 2020
Para uso doméstico y pocos cafés,"2,0 de 5 estrellas","Si la cafetera va a hacer una media de 30 cafés al día o más, no es la adecuada. Se estropeó al año y si es para particular tiene 2 años de garantía, si está comprado por empresa solo tiene 1 año.
Nos la repararon y a los dos meses se estropeó de nuevo...
Para uso doméstico sirve, para otro uso no lo recomiendo.",VITALIA EXPO RRHH,Revisado en España el 7 de mayo de 2021
Cafetera pesima,"2,0 de 5 estrellas","La cafetera tiene un buen acabado y muy facil de usar pero hago mejor café en ni cafetera de fogon que en esta máquina.
Por cierto he probado varios cafés en la máquina pero muy decepcionado",Ivanohe,Revisado en España el 10 de abril de 2022
El fabricante no responde a los correos,"2,0 de 5 estrellas",A los 28 días de tenerla la tube que descalcificar. Procedí a la descalcificación y la luz del piloto sigue encendida. Me he puesto en contacto con el fabricante y no me ha respondido.,Rosa Serrat Quer,Revisado en España el 16 de marzo de 2022
"Café aguado, cuesta cogerle el punto.","2,0 de 5 estrellas","Aparentemente no está mal, pero no logré que el café saliese correctamente. Salía muy muy aguado, cambié el ajuste el molinillo varias veces, la potencia, cambié el café, utilicé casi 2kg, probé con café ya molido, etc. Seguí un montón de instrucciones pero seguía saliendo el café muy aguado. Quizá fuese culpa mía que no supe encontrarle el punto, pero al final la tuve que devolver... seguiré con la cafetera italiana de momento.",Carol M,Revisado en España el 22 de noviembre de 2019
La parte cromada se le ha caído,"2,0 de 5 estrellas","La parte plateada por donde sale el café, se le va cayendo , y precisamente barata no es para que eso pase . Ni le echo ningún producto abrasivo o estropajo para limpiarla. Muy decepcionada, parece que tenga años",Lupelu,Revisado en España el 27 de agosto de 2021
Los cafés no salen como uno esperaría,"2,0 de 5 estrellas","La máquina es práctica y de calidad, pero los cafés salen muy aguados. Llevamos más de un mes haciendo pruebas y ajustes en la configuración, pero no damos con un café que nos guste… una pena",Ana Cristina Conde,Revisado en España el 21 de septiembre de 2021
Cuidado: Enchufe británico,"2,0 de 5 estrellas","El enchufe es británico y viene sucia y con café por todos los sitios. Completamente cutre y antihigiénico. Está claro que alguien la estuvo usando un tiempo y cuando se cansó, o se rompió, la metió en una caja sin lavar tan siquiera y me la han mandado a mí a ver si cuela. Realizo la devolución.",Alvaro,Revisado en España el 14 de septiembre de 2020
"La rapidez nula, no volveré a comprar ni aconsejara un amigo.","2,0 de 5 estrellas","Mejor, opinión exacta de lo que pienso del servicio De LONGUI.. Y de la desatención por parte de Amazon, con el cliente que soy yo.",Luis G.C.,Revisado en España el 21 de marzo de 2022
cafe muy aguado,"2,0 de 5 estrellas","La cafetera me a decepcionado, llevo dos dias toquiteando para ver si puedo hacer que vaya bien, pero he tenido que mandar un correo a atención al cliente pues sale el cafe muy aguado... al principio bien pero con forme va saliendo el cafe acaba saliendo solo agua.
el servicio de envio muy decepcionado. no me dejan escribir nada sobre el servicio. pero fue un desastre",Cliente Amazon,Revisado en España el 23 de mayo de 2019
Cafetera Delongui,"2,0 de 5 estrellas","Buen diseño. Muy compacta. Gasta muchísima agua porque hace un lavado del circuito al terminar y otro al conectarla. El sabor del café normal si estás acostumbrado al de cápsulas. El servicio de Delongui muy nefasto me excluyeron de la promoción que tienen publicada en su web de tres años de garantía porque me dijeron que las compras online no entran, solo si has comprado la cafetera en tienda física, no lo entiendo la verdad.",Ara,Revisado en España el 16 de diciembre de 2017
Cafe normal,"2,0 de 5 estrellas","Cafetera devuelta , cafe normal pero con el sistema de autolimpiado gasta mucha agua.
Teniendo en cuenta que utilizo agua embotellada por cada cafe me gasta mucha agua y no me salen los numeros .",Cliente Amazon,Revisado en España el 19 de enero de 2021
Es un horror descalcificar,"2,0 de 5 estrellas",Café muy rico. La descalcificación es una tortura y encima es un proceso frecuente. Solo por la descalcificación no la recomiendo,Kuartango,Revisado en España el 26 de mayo de 2021
Es imposible usar en los Estados Unidos.,"2,0 de 5 estrellas","La diferencia en la electricidad del Espana y los EU es inestimable. Consequentemente, es inútil en California.

Trate' volverlo, y no fue posible. La aduana me lo devolvió con una pieza rota y ahora debo ponerlo en la basura.

Que lastima--es originalmente una machina magnifica, realmente!",Terence E. Patterson,Revisado en España el 11 de julio de 2019
Segunda vez que la llevo al servicio técnico,"2,0 de 5 estrellas","Hago unos 7-8 cafés al día, nunca seguidos. Uso el mejor café de Delta, el Delta Platinum, nada de torrefacto, y ya me ha fallado dos veces el molinillo teniendola que llevar al servicio técnico que la recogen sin problema siempre y cuando tengas la factura de amazon, pero es un engorro tenerla que llevar pues es voluminosa, y dando gracias que lo tengo cerca, pero te quedas unos días sin ella.

Ademas al arreglarla el técnico esta desajustando otros parametros de la cafetera....

Esto me tiene muy disgustado.",Carlos A G,Revisado en España el 22 de mayo de 2017
demasiado mantenikento,"2,0 de 5 estrellas","el mantenimiento te complica la vida,le pones agua sin cal ( del grifo descalsificador ) sin rastro de ninguna mancha de cal ni nada,te obliga hacer autolimpieza de cal y no se que mas,se quedo en averia y no hacia cafe ni nada,demasiado complejo,la devolvi a los dos
meses",ruben,Revisado en España el 11 de febrero de 2020
Ha durado 3 meses,"2,0 de 5 estrellas","Café muy bueno y demás, pero con un uso normal ha durado de vida 3 meses. Cafetera de 300 euros con 3 meses de vida? Hoy ha empezado a no calentar y ale.",Sergio García Gras,Revisado en España el 16 de junio de 2020
Servicio tecnico pesimo,"2,0 de 5 estrellas","Se ha roto en 6 meses, y el servicio tecnico deja mucho que desear. La ve mandado a amazon y aun no se nada de mi cafetera",Cliente Amazon,Revisado en España el 18 de octubre de 2020
no es lo que me esperaba,"2,0 de 5 estrellas","Cuando la tuve en casa me encantó su aspecto, tarde unos diez cafes en que hiciera uno medio en condiciones....molido en grano....de dos marcas....estoy probando mas marcas y si no la devolveré y probare con otro modelo.",angela l.,Revisado en España el 13 de enero de 2019
Una nave espacial,"2,0 de 5 estrellas",Me la acaban de traer y como no tenía café en grano he hecho con molida. Es súper difícil de entender y usar. No consigo sacar un café en condiciones. Por la tarde probaré con grano .,mimamamemima.,Revisado en España el 30 de octubre de 2018
Demasiado cara para lo que es.,"2,0 de 5 estrellas",No es tan buena como parece. Cada vez que se apaga y se pone en marcha suelta agua. Y hace ruido y tarda. La compre para mi oficina y no estoy nada contenta.,Susana,Revisado en España el 5 de enero de 2020
No es lo que parece,"2,0 de 5 estrellas","consume mucha agua, demasiada en mi opinion. Molinillo de café dificil de ajustar, yo no encontré el punto y como consequencia, café debil i poco satisfctorio.",Margaridamerce.,Revisado en España el 10 de noviembre de 2018
cafe sostenible,"2,0 de 5 estrellas",precio,raul gartzia,Revisado en España el 20 de diciembre de 2019
UN POCO ROLLO,"2,0 de 5 estrellas","Se la regalé a mi madre y va bien pero es que cada vez que la enciendes tira agua, por lo que siempre tienes que tener un vaso debajo, es bastante rollo eso de que tire agua para hacer la limpieza, y bastante, por lo demás va bien, pero eso le sobra.",María García,Revisado en España el 21 de diciembre de 2016
No hace buen expreso,"2,0 de 5 estrellas","Después de probar todas las variables no termina de hacer un buen café expreso. Una pena, porque es muy cómoda. Pero el café de una manual es mucho mejor. Era reacondicionada, no nueva.",Cliente Amazon,Revisado en España el 3 de octubre de 2016
bien pero...,"2,0 de 5 estrellas","hace un café decente, pero acostumbrada a la nespresso no es lo mismo.
es difícil encontrar café sin moler, y la mayoría son bastante malos, en fin, yo no la volvería a comprar.",Elo,Revisado en España el 24 de julio de 2017
Problemas de molicion,"2,0 de 5 estrellas","Escribo esta reseña después de 3 años de uso. La cafetera ha empezado a tener problemas al segundo año, haciendo un café muy débil. Lo hemos reenviado en reparación. Volvió algo mejor pero al final del 3er año ha reempezado a no dar un café bueno. Por el coste la durada ha sido muy por debajo del esperado.",Cliente Amazon,Revisado en España el 14 de enero de 2024
Producto de baja calidad,"2,0 de 5 estrellas","Compré esta cafetera y durante un año largo la he sufrido saturada de averías de todo tipo con idas y venidas a los servicios de reparación -estando en garantía- en los que a veces, retornaba con más defectos de aquellos que motivaron la reparación original. Con todo, el café resulta pésimo e imposible de regular para obtener algo digno, lo cual, comparándola con una ""italiana"" clásica, queda de una minusvalía plena, en todos los sentidos, razón por la cual resulta carísima, tiene un mal servicio de atención al cliente y quizás, por eso, aparece en estas ofertas post-promocionales, que necesitan desprenderse de esta máquina obsoleta desde el principio de su comercialización hace ya unos añitos. Pero mientras haya paganos...",Amext,Revisado en España el 26 de agosto de 2023
demasiado consumo de agua,"2,0 de 5 estrellas","realmente se merece 5 estrellas por la calidad de este modelo. pero su continua auto-limpieza automática, hace que el consumo de agua, sea exorbitante y por ende, aunque utilices agua mineral, la cafetera te obliga a una descalcificación muy a menudo, dado q salta la alarma de descalcificación y la maquina se bloquea hasta q no consigas borrarla. el manual de funcionamiento, no lo encontré nada practico. Teniendo q recurrir a videos de San Google para conseguir la descalcificación y eso usando el descalcificador de la marca y es muy engorroso y caro el mantenimiento, si usas café de calidad, hace un café excelente.",Txer,Revisado en España el 27 de agosto de 2023
DECEPCIONANTE,"2,0 de 5 estrellas","Soy un amante del café y lo tomo expresso. Esta maquina es la peor inversión hecha, para decir que prefiero una capsula de Nespresso. He tenido la cafetera durante tres meses y he terminado por venderla, porque el café es pésimo, da igual que café uses, no realiza un café bueno como se le presupone a una maquina de este tipo.
Le doy dos estrellas por dar algo, pero para mi ha sido DECEPCIONANTE.",Zarworito Málaga,Revisado en España el 27 de marzo de 2023
Demasiado ruido,"2,0 de 5 estrellas","La hemos pedido pensando que por el precio de la cafetera, tendríamos un café con espuma y delicioso. Compramos un buen café en grano y después de acertar en la configuración del molido, que tiene tela, nos hemos dado cuenta de que hay cafeteras de 20 bares mucho más baratas que está de 15 que te hacen un café mucho más apetitoso. Por la mañana cuando te acabas de levantar y pones la cafetera en marcha, te pone de mala ostia el ruido que hace, además hace un ciclo de purgado nada más encenderla, y otro cuando la apagas. Para mi, no vale lo que cuesta",Lorena sanz mariño,Revisado en España el 19 de octubre de 2021
Piezas no entran en garantía,"2,0 de 5 estrellas",Al mes del uso de la cafetera se desprende en el cajón del poso de cafe un muelle y una pieza...resulta ser piezas del molinillo y cual es mi sorpresa al llevar la cafetera arreglar?pues qje el arreglo no entra en garantia.Es una vergüenza ya que la cafetera tenia 1 mes y como mucho se hacían 2 cafes al día.,Míriam Pérez Padilla,Revisado en España el 17 de marzo de 2021
"El ruido, el gasto de agua, el molido del cafe, y la descalcificacion cada 3 meses aprocimadamente","2,0 de 5 estrellas","Comentar q hace mucho ruido, gasta mucha agua(cada vez q se enciende i apaga), el cafe no sale cremoso (y he provado varias marcas y graduado el molido), ademas cada tres meses debes descalcificar, algo no no se dice en la informacion de la maquina",Antoni Lapeña,Revisado en España el 15 de abril de 2021
Problemas con cafe molido,"2,0 de 5 estrellas",Desde el.principio a veces funciona con cafe molido a veces no. He probado diferentes moliendas y diferentes cargas siempre con su cuchara dosificadora. No recomiendo la cafetera,Nancy,Revisado en España el 18 de junio de 2021
Servicio posventa y garantía penosos,"2,0 de 5 estrellas","La tenemos hace 1 año y medio y ha empezado a fallar el molinillo, se ha trabado y al querer girar se ha escurrido el eje del piñon dentado que muele el café. Ahora la llevamos a reparar y nos piden casi 200 por arreglar una cafetera en garantia, y alegan que hemos usado café mezcla que lleva torrefacto y eso invalidada la garantía de la cafetera ¿pone eso en alguna parte?",ROXR,Revisado en España el 19 de abril de 2017
Desconfianza porque no es igual que el modelo auténtico,"3,0 de 5 estrellas","El modelo no corresponde al 22.110B puesto que el reposatazas superior no es cromado ni tampoco lo es el vaporizador. Me ha sorprendido mucho que no venga la tira para poder medir la dureza del agua, ni en las instrucciones viene como ajustarla en la máquina puesto que de fabrica viene la máxima dureza configurada para que te pida descalcificación antes, he podido hacer el ajuste con unas instrucciones que me ha dado Amazon. Me he llevado una desilusion por estos aspectos porque me crean desconfianza del modelo, de todas maneras voy a probarla unos días para darle una oportunidad.",Sonia,Revisado en España el 18 de diciembre de 2023
Demasiado ruidosa,"3,0 de 5 estrellas","La tenemos desde hace dos meses y pensábamos que iba a mejorar, pero el ruido sigue siendo demasiado fuerte.
El café está bien, pero tampoco sale tan cremoso como esperábamos y el espresso es demasiado largo.
Me esperaba mucho mejor y honestamente no la recomiendo.",elena,Revisado en España el 21 de febrero de 2024
NO ERA LO QUE ESPERABA....,"3,0 de 5 estrellas","Muy automático y sensible todo, yo me gusta tener el control de la máquina y no es así. Hay que medir la sensor de la máquina.",Pepe Marroig,Revisado en España el 29 de febrero de 2024
Café demasiado suave,"3,0 de 5 estrellas","Aparatosa, café demasiado suave incluso regulandolo al máximo de fuerte.
En otra D'Longui más convencional sale mucho mas fuerte y lo prefiero.",Tomas Gutierrez Landinez,Revisado en España el 2 de marzo de 2024
Al final la devolvimos,"3,0 de 5 estrellas","Después de intentar darle una oportunidad, sobre todo motivados por las buenas opiniones, la devolvimos por varias razones. 1. Gasta mucha agua. Habrá gente que no lo vea como un problema, pero consumir casi 3l de agua entre pruebas, cafés, limpiezas y demás en 2 días nos parecía excesivo y más teniendo en cuenta que la única persona de nuestra casa que consume café es mi marido. 2. Es muy grande. Nuestra cocina no es ni grande ni pequeña, una cocina normal con un espacio en el que podía encajar la cafetera, pero al verla ya colocada te das cuenta de lo grande que es. 3. Estará muy bien eso de tomar café recién molido, pero a pesar de tener la puerta de la cocina siempre cerrada, la casa huele a café tanto que parece que estás viviendo en una cafetería 24/7. Resumen: no nos compensa lo bueno que salga el café para los inconvenientes que le hemos visto",Rosario FM,Revisado en España el 16 de enero de 2023
El café no termina de salirme bien,"3,0 de 5 estrellas","He probado varias marcas de café, he probado variar el molinillo y otras opciones pero no me sale buen café. Alguien me puede aconsejar? Gracias",Ivan Rovira Escura,Revisado en España el 7 de enero de 2024
Experiencia Regular,"3,0 de 5 estrellas","Una cafetera con gran fama. La compré porque en casa de mis padre la tienen, y el café que hace me sabe espectacular.

Por algún extraño motivo, en mi casa el café no me sabe ni parecido... no se su puede ser por la altura, o el tipo de agua (ellos viven en otra ciudad) pero habiendo configurado la cafetera correctamente, el café me sale flojo y agualichado.

Una pena.. seguiré probando",Ruben Ferri Cuenca,Revisado en España el 26 de septiembre de 2023
No es para tanto,"3,0 de 5 estrellas","Al cabo de un mes me dio fallo por descalificación, es algo que lo pide muy frecuentemente, entiendo q para garantizar que la máquina funcione correctamente, independiente de q seas de una región con agua dura o blanda.

El proceso de descalificación es eterno.

Gasta mucho agua, cada vez que enciendes y apgafas tira agua.

La compré como super rebajada y luego resulta q en tiendas estaba 50€ más barata.

No lo devolví por pereza.",CARMEN,Revisado en España el 22 de mayo de 2023
Comodidad para el día a día,"3,0 de 5 estrellas","Sin duda es muy cómodo hacerte un café, y saben ricos si la materia prima es buena. Solo es farragoso hacer la descalificación que me pide cada 3 meses aprox. La crema y cuerpo que se obtiene no se acerca a una cafetera expreso desgraciadamente.",Daniel,Revisado en España el 21 de septiembre de 2023
Café bastante bueno aunque las instrucciones no son nada claras,"3,0 de 5 estrellas","Cuando nos llegó a casa hace 8 meses hacía un cafe bastante bueno, le pillamos el punto y todavía podía quedar mejor. El problema es que aunque leimos las insrtucciones, se nos pasó lo importante que es limpiar el infusor una vez al mes, por lo que no lo hemos hecho hasta que hemos estado a punto de devolverla y es que el café sabía a agua sucia y cenizas.

Estas cosas deberían venir mejor indicadas, insisto que leimos las instrucciones y de echo la descalcificamos todos los meses porque lo leímos en estas, pero algo tan importante debería venir mucho mas claro en el manual, incluso en una pegatina o algo que tuvieses que retirar al utilizarla por primera vez.

A pesar de todo la recomiendo y el café sale muy bien, un poco aguado si le das al icono de la taza grande, pero nosotros hacemos dos pequeñas ya que lo carga más y queda fenomenal.",Hugo C,Revisado en España el 10 de julio de 2022
si te sobra el dinero,"3,0 de 5 estrellas","Para los que no saben hacer un buen cafe, esta bien y mantiene limpio alrededor aunque gasta mucha agua y la programacion es un poco limitada. Pero para gente mas avanzada, mejor compra te una de brazo que vale mucho menos y para mi gusto el cafe sale mejor.",Ben,Revisado en España el 7 de septiembre de 2023
Por ahora decepcionante,"3,0 de 5 estrellas",Aún no la hemos devuelto porque leyendo opiniones dicen que cuesta encontrarle el punto. Pero por ahora el café sigue saliendo sin cuerpo y aguado. ENCIMA una semana después la rebejaron 27€ i sigue así desde hace 2 semanas. De seguir así la devolveré.,Virginia P.,Revisado en España el 9 de septiembre de 2023
Ni fu ni fa,"3,0 de 5 estrellas","No es lo que parece , gasta mucha agua . El café que sale está bien pero llevo un mes haciendo pruebas y no le saco lo que me gustaría..He probado 4 cafés distintos y no hay manera ..",fernando,Revisado en España el 11 de septiembre de 2023
Se desperdicia mucha agua,"3,0 de 5 estrellas",Gasta mucha agua. Antes de funcionar ponemos una taza para recoger el agua que tira y cuando la apagas vuelve a tirar agua. Lo que no sabemos es de donde viene el agua que nos aparece en el fondo si siempre ponemos una taza.,Maria,Revisado en España el 23 de agosto de 2023
Bien... pero con pegas,"3,0 de 5 estrellas","La cafetera no está mal, y hace un buen café, pero personalmente le encuentro dos pegas importantes.
Para empezar, aun regulando la temperatura al máximo (hay varias posiciones) encuentro que el café corto sale demasiado frío, de manera que apenas le puedes añadir una nube de leche, porque, si te pasas, se te queda helado. Eso no ocurre ni con el café largo ni con el doble, puesto que al salir más cantidad también permite añadir más leche sin que se enfríe. Es cierto que puedes regular el café corto para que te salga más cantidad, pero entonces el problema es que, cuando haces un café doble, te sale pues eso, el doble de lo que habías programado, que en ese caso resulta excesivo. En mi opinión la máquina debería haberse regulado de fábrica para hacer que el café corto salga más caliente que los demás para compensar, sin tener que modificar la cantidad.
La segunda pega es que a algún listo en DeLonghi se le ocurrió la brillante idea de poner una rejilla en el depósito donde van los granos, según me dijeron en el servicio de atención al cliente, para evitar que la gente meta los dedos en el molinillo (que digo yo que hay que ser bastante idiota para hacer eso), con lo cual rellenar el depósito de café se convierte en una auténtica tortura. Afortunadamente, he descubierto que la rejilla va atornillada y se puede quitar, cosa que por supuesto he hecho en cuanto lo he visto.",pacorramos,Revisado en España el 13 de enero de 2020
Buen cafe,"3,0 de 5 estrellas","Hace 3 dias me llego, y unos cafes buenisimos. Lo malo es que al tercer dia note que sali un poco de humo del desposito del cafe molido, no le di importancia porque pense que seria normal (vapor de la presion), a la tarde me fui a preparar otro cafe y salia mas humo, y al usar el capuchinador salio muchisimo humo de la bandeja donde se apoya la taza, parecia que iba a arder… hoy por la mañana me hice un cafe solo y salia mucho mas humo del deposito que el dia anterior. Asi que la he devuelto y mañana me traen otra nueva. He buscado por internet y no leo ningun comentario de que eso suceda, veo videos de como preparan los cafes y no se aprecia eso. Volvere a editar el comentario en que pruebe la otra. Es una pena porque me gustaba mucho",Laura,Revisado en España el 20 de enero de 2022
Buena maquina con algunos puntos a mejorar,"3,0 de 5 estrellas","La maquina funciona bien y el cafe esta bueno.
Lo unico que veo es que los botones para sacar dos cafes cortos o dos cafes largos no sirven ya que en vez de coger dos vezes cafe lo que hace es moler un poco mas de cafe para sacar doble cantidad. El resultado es un cafe amargo y aguado. Tengo otra maquina de Philips que cuando usas el boton para sacar dos cafes la maquina realmente hace un cafe despues del otro y no pasa todo el agua por el mismo cafe ... Otro punto negativo es que al encender y apagar usa un monton de agua para limpiar. Esto molesta un poco pero por otro lado solo hay que limpiar una vez al mes el grupo extraible de la maquina",JAVI,Revisado en España el 15 de marzo de 2022
Fallo al tercer año,"3,0 de 5 estrellas","Ha ido muy bien, y a pesar de gastar mucha agua al encender y apagar, nos acostumbramos a ello. Cinco cafes al dia sin problemas, y un gran ahorro en dinero y muchos menos residuos.

Pero cuando acabo la garantia empezo a salir agua por un lado, y al estar fuera de garantia tendremos que llevarla aun tecnico.",Jordi B.,Revisado en España el 29 de abril de 2023
Buena maquina pero gasta mucha agua,"3,0 de 5 estrellas","La máquina hace muy buen café si consigues ajustarla pero gasta mucha agua, cada vez que se enciende, cada vez que se apaga. Lo entiendo que se limpia sola pero creo que solamente con limpieza de apagado sería suficiente. Otra cosa que no me gustó que al mes me pidió la limpieza desincrustante. Tenemos el sistema osmosis en casa y agua muy purificada. Espero que no me va pedir está limpieza cada mes...

Editado: Cada mes pide la limpieza desincrustaste y es un agobio. Hace buen café pero es una barbaridad el gasto de agua.",Vanya Kitanova,Revisado en España el 26 de agosto de 2022
Esperaba algo mejor,"3,0 de 5 estrellas","Constantemente necesita añadir agua , consumo muy elevado de esta . Vaso de posos indica lleno cada pocas elaboraciones y te obliga a sacar este y limpiar de nuevo demasiado a menudo .
Para los muy cafeteros se queda algo corta en densidad y aroma incluso en el formato más expresso . Componentes calidad mejorable .
No la volvería a comprar .",Jose Manuel Sanchez,Revisado en España el 30 de enero de 2023
No ha cumplido las expectativas que había leído,"3,0 de 5 estrellas","A pesar de todos los comentarios positivos que había leído, a nosotros no nos ha convencido, aparte de que a los 3 meses dejó de funcionar el espumador y no se ha arreglado.
También he de decir a favor de Amazon, la respuesta tan positiva, tanto para la reparación y posterior reembolso del dinero.
Gasta mucha agua por todas las limpiezas y es muy ruidosa.",Carlos,Revisado en España el 13 de enero de 2023
No he encontrado la forma de hacerme un café a mi gusto.,"3,0 de 5 estrellas","Cuando me tomo un café con leche, me gusta un café fuerte, como no se puede echar café torrefacto, con el natural, me sale muy flojo.
Si pudiera la cambiaría, pero al estar fuera de Barcelona, sé me pasará por unos días el plazo de devolución.",antonio mateo navarro,Revisado en España el 2 de abril de 2023
Cafetera,"3,0 de 5 estrellas","Me esperaba otra cosa, mi amiga tiene una però de otra marca y me gusta mas los cafès no son Aguados, no la compre porque hablan muy mal del servicio tècnico y me dio miedo, puede ser que todavia no haya encontrado el molido, Ademas gasta muchisima agua en autolavados.",Lourdes C.,Revisado en España el 28 de enero de 2023
Muy comodo,"3,0 de 5 estrellas","Todo lo que promete lo tiene facil de usar, de limpiar y de manejar. La unica pega que le saco es el precio aunque yo la compre por 325 y la llegue a ver en 300, evidentemente y pagandola en 4 veces facilidades te dan pero ese precio... a los 500 que pone es una locura jejej",Ricardo,Revisado en España el 13 de enero de 2023
Me faltan artículos para el café molido,"3,0 de 5 estrellas","Al ir a utilizar la cafetera con café molido me di cuenta que falta la cuchara dosificadora y algo que tiene que ser como un embudo para que no se cuele el café molido, no sé si se puede conseguir de alguna manera o como puedo hacer. Gracias",Lara,Revisado en España el 8 de enero de 2023
Aceptable,"3,0 de 5 estrellas","La cafetera hace un cafe estupendo, sin dudarlo.
Ahora los peros: la cantidad de agua que tira. En casa por los distintos horarios tomamos los cafes de uno en uno, por lo tanto cada vez que terminamos de tomar el café apagamos la cafetera. En cada encendido y apagado la cafetera se autolimpia y consume unos 100cc de agua. Constantemente hemos de estar limpiando la bandeja para que no rebose y como el deposito de los posos va conjunto con la bandeja, pues las dos cosas. En las especificaciones pone que el deposito de posos puede contener hasta 14 tazas. Absolutamente imposible si haces los cafes de uno en uno o de dos en dos. En el primer caso, de uno en uno, al quinto café ya está la bandeja llena de la cantidad de agua vertida para la autolimpieza.
He probado a dejarla encendida pero se auto apaga al pasar determinado tiempo incluso sin la función ""eco"" activada. y para colmo un día le toco apagarse justo cuando estaba preparando un cafe, resultado hubo que limpiar la parte interior porque se atasco.
LA facilidad de limpieza me parece buena, y la personalización del café que te gusta también, el único pero es la cantidad de agua en auto limpieza aunque debo aclarar que es la primera automática que tengo, desconozco si las otras también consumen tanta agua",Ajetreo,Revisado en España el 17 de diciembre de 2016
Bien pero a la espectativa.,"3,0 de 5 estrellas","Es el que esperava...en comparación con otras no lo se por que es la primera..
Pero se de mejorar en general..en estos tipos de cafetera.
Consumo de agua..cuando enciendes para calentar el circuito gasta agua, no se si sumamente necesario y al apagarla exsctamentr igual gasta agua para limpiar el circuito.
Limpieza
Descalsificacion demasiado lento...
Boquilla vapor tener que quitar i poner cada vez que se usa para limpiar anuncia una vida corta de est pieza de plastico.
En comparativa con cafetera capsula.
Ahorro Consumo poca diferencia amortitzación a largo plazo la cafetera (si usas café bueno).
Consumo agua muy alto.
Si que ecológica en desecho plástico aluminio...
Duración no lo se a ver cuanto dura.",Roger,Revisado en España el 8 de marzo de 2021
No se si merece la pena,"3,0 de 5 estrellas","Se ve una buena maquina pero para sacar el café deseado lo veo bastante complicado, no dimos con la tecla por eso la hemos devuelto.
Creo que se ahorra café ... Pero para mi gusto seguiré molinero mi café como toda la vida y cafetera italiana .
La máquina viene muy completa no tarda nada en preparar café . Fácil de limpiar, no es tan grande pero si es necesario una cocina ampliar para tenerla en su sitio .",enrique,Revisado en España el 20 de enero de 2022
Donde esta el filtro antical?,"3,0 de 5 estrellas","Yo no me compraria un coche que viniera sin filtro de aceite, pues esta gente, para ahorrase escasos 5€ te sirven la cafetera sin filtro!!! Eso si, te recomiendan que lo compres! Vaya jeta!
Por lo demás va bien.",Mª Jesus Rodriguez Rosal,Revisado en España el 20 de diciembre de 2022
Mantenimiento muy pronto no estoy satisfecho,"3,0 de 5 estrellas",Pensábamos que era la cafetera que necesitábamos pero a los 11 días de estar usándola Aparte de parecer que le falta potencia a la hora de calentar la leche también requiere un mantenimiento a los 11 días hacer unas descalcificación esto supone un coste adicional de unos 20 a 30 € mensualmente de ahí que entre insatisfacción por el funcionamiento falta de potencia más el reembolso Adicional de su mantenimiento nos hace que le devolvamos,Juan serrano Molina,Revisado en España el 19 de abril de 2022
No la volveria a comprar,"3,0 de 5 estrellas",Despues de dos meses de uso...La cafetera en si esta muy bien. La calidad de los plásticos y los acabados están bien. Se enciende en pocos segundos. Se limpia automática cada vez que se enciende y se apaga es por eso que puede causar sensación de que gasta mucha agua y tienes que estar rellenando cada 2-3 días. Nuestra anterior cafetera era la antigua Saeco (nos duro 14 años haciendo unos 5 cafes al dia) y salia muy buen cafe!. Con esta Cafetera no hemos sabido encontrarle el punto...sale el café muy aguado (incluso regulando el nivel de moler el cafe del 1-7 hay dos reguladores...pues incluso poniéndolos los dos al máximo para que salga un café fuerte) nada que ver. Un café Marroncito. Un buen expreso color negro...esta cafetera no lo hace. Hemos probado toda clase de cafés en grano. Es mas la opción de café largo...la cafetera no carga más café si no más agua. es decir...si quiero un café largo prefiero pulsar dos veces la opción del café corto para así notar el sabor a café... Antes con la antigua cafetera con una sola carga me daba para dos cafés...esta cafetera cada carga es un café...así que la maquina consume bastante café para que encima salga aguachado. Si os gusta el café...os faltara sabor con esta maquina...,Cristian,Revisado en España el 23 de octubre de 2017
Cafetera italiana,"3,0 de 5 estrellas","Es buena cafetera pero un poco complicada para su uso, hay que leer muy bien el libro para saber hacer el mantenimiento. No es intuitiva",Jose Carlos Gil,Revisado en España el 24 de febrero de 2023
Yolanda,"3,0 de 5 estrellas","La maquina es muy bonita, fina y pràctica, yo no he conseguido dar con el cafè a mi gusto, aunque creo que con mas tiempo, lo hubiera averiguado.
Es limpia I apenas hace ruido, la capacidad del agua, es justa, tienes que rellenar el deposito a menudo por las limpiezas que hace.
Lo que no me ha gustado nada, son las continuas limpiezas de circuito innecesarias, valoro mucho el agua, haciendo cuatro cafes en diferentes horas, hace que consuma aproximadamente medio litro de agua, para mi, es intolerable.
Para retirar el deposito del agua, tienes que retirar, bandeja de agua y la cubeta donde se deposita el poso de cafe, no es comoda pq las continuas veces que has de rellenar el agua, hay que medio desmontarla.

La limpieza la hace, al encender, cuando acaba de hacer cafe y al apagar, hacer un cafe y apagarla para volver a hacer cafe en unas tres horas supone unos cuatro lavados de circuito, veo un gasto vertiginoso de agua.
En mi caso la he devuelto porque no quiero un producto que consuma el agua de esta manera para tirarla.

Estoy mirando otra, pero tengo claro que si hace lo mismo con las limpiezas de circuito y tira tanta agua, escogere una manual.",Yolanda,Revisado en España el 9 de febrero de 2018
"Tuve la mala suerte que el producto llegó defectuoso, y lo tuve que devolver, la lanza no funcionaba","3,0 de 5 estrellas","El sabor del café genial, cremoso y rico, lo único aunque es importantísimo el producto llegó defectuoso ya que la lanza de espumar no funcionaba , aunque no tuve problemas lo devolví y pienso volverla a comprar porque quedé contenta con la molienda y el proceso de elaboración del café en si",Concepción Castro Acevedo,Revisado en España el 14 de julio de 2022
dejo de funcionar y sin mas,"3,0 de 5 estrellas","hace mucho ruido y gasta agua y luz con la limpieza ,pero bueno funciona bien ,el cafe como en el bar no sale ,aunque en el bar no en todos te sirven buen cafe
pasado 20 meses dejo de funcionar",jose ramon,Revisado en España el 19 de octubre de 2022
Esperaba mejor,"3,0 de 5 estrellas","Después de un mes de uso puedo decir que es una buena máquina, pero que esperaba mejores resultados.
La verdad es que me ha costado bastante encontrarle el punto, para mi gusto al café le falta cremosidad, como se ve un muchos videos el café sale demasiado rápido. Tengo puesto el molido casi al máximo y la fortaleza del café en fuerte. Si pongo el molido al 1 entonces el café coge un regusto que no me agrada.
Al final el café expreso lo he conseguido graduar bastante bien. No así con el café con leche que me sale aguado, lo encuentro bastante malo. De hecho se ve que como en los últimos segundos del proceso sólo tira agua.
Sólo me queda probar con otros granos de café, he probado con 3 marcas diferentes (todas natural y arábicas)
El accesorio para capuchinos va genial.
Seguiremos probando.

PD. Si alguien sabe cómo mejorarlo encantado de recibir consejos.",Miquel,Revisado en España el 10 de octubre de 2019
Decepcionante,"3,0 de 5 estrellas","La verdad, decepcionado...
Por una parte y lo primordial para mi es que el café no sale con ""fuerza"" ni ""cuerpo"". Soy de los que le gusta el RISTRETTO y uso café en grano de buena calidad (48€/Kg.) y, ni poniendo el molinillo de la maquina a tope para que salga con mas cuerpo se acerca ni por asomo a la Maquina Express de brazo que tengo de la marca Saeco.
Me queda por comprobar si el mismo café, molido para máquina profesional (bar), sale con más cuerpo.
Otro aspecto negativo es el consumo excesivo de agua cada vez que hace el autolimpiado.
Puntos postivos; Maquina robusta y cómoda para hacer varios cafés seguidos o de uso frecuente, si eres de los que hace pocos cafés mejor gastarse el dinero en una Express y un buen molinillo.",Eduardo,Revisado en España el 6 de noviembre de 2019
Molinillo posiblemente mal ajustado,"3,0 de 5 estrellas","Compré esta cafetera para la oficina hace años, da buen café y sigue funcionando estupendamente (más de 40 cafés diarios). Por ello la volví a comprar hace unos días para mi casa, pero el resultado no ha sido el mismo. Sé que es una buena cafetera, pero en esta ocasión el café sale un poco aguado. Sospecho de un mal ajuste del molinillo, pero no soy un técnico de cafeteras. En fin, la he devuelto y no descarto volver a comprarla.",Iván Amador,Revisado en España el 2 de agosto de 2021
Mejorable,"3,0 de 5 estrellas","Gastando mucho café y variado de marcas no he conseguido aún un café satisfactorio.
El diseño del espumador de la leche me parece malo. Mucho plástico y además con la forma que tiene no permite llevarlo bien al fondo de la lechera.",Fer,Revisado en España el 7 de agosto de 2022
Decepcionada con la demanda de descalcificacion,"3,0 de 5 estrellas","En general bien, pero decepcionada con la demanda de descalcificar, apenas dura 2 semanas y ya te pide que la hagas. Por otro lado me esperaba que saliera más espuma en el café pero aún así, es aceptable.",angeles,Revisado en España el 27 de mayo de 2022
Me gusta pero...,"3,0 de 5 estrellas",No consigo hacer un café que salga prensadito y rico... ¿Alguna sugerencia?,Daphne,Revisado en España el 7 de diciembre de 2022
Café aguado.,"3,0 de 5 estrellas","Buenas,

No sé si sólo me ocurre a mi o qué, pero al preparar un café largo , al principio (dos segundos) el chorro sale oscuro y acto seguido empieza a palidecer mucho, hasta el punto que el café sale muy aguado.

Hay alguna solución para esto ? Estoy por devolver la máquina, sinceramente.

Saludos.",Pablo Ruiz Bondesio,Revisado en España el 5 de noviembre de 2021
Menuda bajada de calidad....,"3,0 de 5 estrellas","Pues es la 3ª Delonghi que tengo, y este modelo (2020), hay una bajada de calidad brutal... Por un lado, el calientatazas antes era de acero, ahora es de plastico, el boton tasero para apagarla totalmente ha desaparecido, la tapa del recipiente del cafe antes encajaba con una goma para que el café no perdiera su sabor, ahora, la goma ha desaparecido y es todo de plastico, ademas, antes era transparente donde podias ver el nivel de cafe y ahora es totalmente opaca, con lo que no ves un torrao.

Por otro lado, no trae la tira de dureza del agua ni el filtro ablandador (en las 2 ultimas, si que lo traia).

Por ultimo, en la zona de pones el cafe, han metido ahi un plastico con tornillos, que aun estoy intentando buscarle el sentido.

En general, la maquina (espero), hace muy buen cafe, pero la bajada de calidad sin verse reflejado en el precio, es de traca !!

Muy mal por Delonghi.",Marc,Revisado en España el 30 de octubre de 2017
"Gasta mucha agua en los lavados ,los hace demasiado frecuentes","3,0 de 5 estrellas","El café corto es muy corto y el largo demasiado largo, no tiene una medida para el café con leche , en mi opinión le faltaría esa medida",María,Revisado en España el 26 de agosto de 2022
Café con sabor raro,"3,0 de 5 estrellas","La cafetera no puedo decidir si es mala o buena,sin embargo tiene un gasto de agua excesivo en el uso diario por la limpieza al encender y apagar la máquina.Ademas de que no he conseguido un sabor del café aceptable probando varias marcas de café.",Eliseo,Revisado en España el 15 de diciembre de 2021
Falta productos,"3,0 de 5 estrellas",No lleva el filtro ablandador y en ningún momento pone que no se lleve. Mala cosa eso es FRAUDE!!!!!!!,Ignacio R.,Revisado en España el 27 de octubre de 2022
Ruidos raros después de 8 días de uso,"3,0 de 5 estrellas","Los cafés muy buenos, pero después de 8 días ya me hace ruidos raros de fricción... Nunca he puesto la moledora a menos del 3 (ya que dicen que se atasca) y la he usado correctamente. Así que no se cual es el problema... Probablemente la devolveré o la reemplazaré, todos sabemos que amazon hace las cosas bien al menos",jordi1,Revisado en España el 22 de noviembre de 2021
Demasiado mantenimiento,"3,0 de 5 estrellas","Acostumbrados a la calidad de la Saeco Roma, nos pasámos a la Magnífica convencidos que comprábamos una cafetera de calidad similar. Después de unos meses, puedo afirmar que el café continua siendo buenísimo, pero no así el rendimiento del aparato, mucho más delicado que el anterior. Cada vez que se enciende o se apaga, suelta una dosis considerable de agua hirviendo. Esto, que teóricamente sirve para limpiar los filtros, te obliga a estar rellenando constantemente el depósito de agua, que no es muy grande. Igual que el depósito para el marro, que se llena bastante rápido. Por si esto fuera poco, cada mes o mes y medio te pide un proceso de descalcificación. En resumen, el café muy bueno pero la cafetera poco práctica. Por cierto, y para que os podáis hacer una idea de los consumos, en casa somos dos adultos y tomamos cuatro cafés al día.",soul72,Revisado en España el 19 de octubre de 2016
Buena cafetera PERO delicada,"3,0 de 5 estrellas","El mayor problema de la cafetera es el molinillo, éste se nos ha roto 2 VECES, teniendo la posibilidad de cambiarla por una nueva, gracias a la garantía de amazon, pero, a la segunda, se nos ha caducado la garantía de 2 años respecto a la primera compra y no nos dan solución.
El café lo hace muy bien, pero para limpiarla es bastante complicado.
No la recomiendo para uso de oficina donde se hacen múltiples cafés al día, si es para uso doméstico, te puede durar mucho más tiempo.",Cliente Amazon,Revisado en España el 16 de septiembre de 2020
Me gusta aunque el café sale un poco flojo,"3,0 de 5 estrellas","Estoy contenta con la cafetera. Tiene muchas opciones que te permiten seleccionar el tipo de café que quieres. Lo único que no consigo es un café un poco más fuerte, aunque no estoy segura de que sea la cafetera, quizá se deba a la marca de café elegida, es un café en grano de tueste natural. Tampoco acabo de dar con el punto adecuado de molienda. En las instrucciones dice que viene ajustado de fábrica y que no es necesario modificarlo, pero al salir el café con poco cuerpo decidí mover la rueda y tuve que volver a moverla a su sitio, pues el café no salía con fluidez, goteaba muy lentamente. Calentar la leche es rápido y sencillo y da mucha espuma.
Todavía tengo que familiarizarme con ella para sacarle partido.",natalia,Revisado en España el 14 de enero de 2016
Superruidosa,"3,0 de 5 estrellas","La cafetera hace unos cafés buenos, pero hace muchísimo ruido.. entiendo haga ruido cuando muele el café , pero cuando se enciende y apaga casi que suena más.. por el precio que tiene me parece increíble el ruido que hace...",javi,Revisado en España el 21 de noviembre de 2021
No consigo buen café,"3,0 de 5 estrellas","Vengo de otra D,longui ESAM 3000B, con ésta utilizando el mismo café, Colombia Supremo natural, con el molinillo al 1 y la rueda central y la temperatura al máximo no consigo la crema y cuerpo que con la antigua. Estoy pensando en devolverla y comprar el modelo anterior.",I am,Revisado en España el 16 de agosto de 2021
Estupenda cafetera y hace un café muy bueno. Pero...,"3,0 de 5 estrellas","Todo perfecto hasta que la máquina me indicó que tenía que proceder a descalcificar. Se encendió el piloto que indica el proceso a seguir y en las instrucciones ( mal explicadas y con muchos apartados que te llevan de un punto a otro). Me puse en contacto con la web de Delonghi para explicar que el piloto rojo continua encendido y que me aconsejaran que debía hacer, de esto hace mas de 2 semanas y no han respondido a mi pregunta. También lo comente con Amazon y no he recibido ninguna solución a mi pregunta. De manera que con el piloto en indicándome que debo proceder a descalcificar la cafetera no sabré cuando realmente lo necesita. Espero que se pongan en contacto conmigo y me den una solución.",Mª Dolores Madrid,Revisado en España el 21 de septiembre de 2017
Bien pero tira mucha agua,"3,0 de 5 estrellas",Cada vez que se enciende o se apaga hace una limpieza automatica con agua y desperdicia más agua que el propio café que haces.,DB,Revisado en España el 25 de febrero de 2022
Bastante bien peeeeero....,"3,0 de 5 estrellas","Llevamos ya unos meses usándola en la oficina (8 personas). Buen café, fácil uso y tamaño razonable. El problema que le vemos es que a pesar de estar en una zona donde el agua NO tiene cal, la cafetera te OBLIGA a hacer descalcificación cada x tiempo. Digo que obliga porque si no le haces caso acaba por bloquearse y no se desbloquea hasta que hagas el proceso de descalcificación. Para ello no incurrimos en gasto adicional porque obviamente no usamos descalcificador en el proceso (insisto, en nuestra zona el agua es blanda) pero aún así es una tarea que requiere bastante tiempo y es laboriosa.",Juanjo y Rita,Revisado en España el 13 de noviembre de 2018
Bien pero mejorable,"3,0 de 5 estrellas",Estoy satisfecho pero noto falta de potencia. Con el café molido es torpe y en grano falta potencia si lo mueles fino.,David,Revisado en España el 29 de abril de 2022
No satisfecho del todo,"3,0 de 5 estrellas",Después de unos meses ya no hace espuma en condiciones. Pide con demasiada frecuencia la descalificación aunque no uses agua con cal. Por lo tanto tendrás el aviso rojo constantemente encendido. Utiliza demasiada agua.,Nayra,Revisado en España el 28 de septiembre de 2021
Café normalito. Muy normalito,"3,0 de 5 estrellas","A priori esta cafetera lo tiene todo: es rápida, limpia y no muy ruidosa. Admite tanto café en grano como molido, algo que pocas de este precio tienen y que me parece importante. Se autolimpia al encenderla y apagarla, sin que sea un engorro ni consuma tanta agua como dicen otros usuarios. Y finalmente está bien de precio. Pero lamentablemente el café no es tan bueno como debería. La apariencia es excelente, con mucha crema densa, pero le falta aroma y sobre todo cuerpo. He probado varios cafés en grano y molidos con resultados similares. Te deja siempre esperando mas. Y para colmo algunas veces sale aguado y (una vez) quemado. Máquina devuelta.",Cliente Amazon,Revisado en España el 25 de noviembre de 2016
Decepción,"3,0 de 5 estrellas","Nosotros no nos hicimos con ella. El café salía muy aguado y cuando nos llegó le faltaba algún componente que se supone que venía como el filtro. Desconozco si había algún problema con la cafetera, pero definitivamente no hacía un café acordé con el tipo de cafetera ni con su precio. Por mas que seguimos las instrucciones y probamos distintas configuraciones, nunca conseguimos un café con cuerpo. Intentamos hasta con distintas marcas de café.",Raúl Díez Martín,Revisado en España el 26 de junio de 2020
Me ha decepcionado,"3,0 de 5 estrellas","Me esperaba mucho mas. Creo el cafe en capsulas sale mejor, aunque también es verdad q la compre para evitar generar tanto residuo de plastico con las capsulas. Escoges el tipo de muele (muy fino o mas grueso), la cantidad de grano q muele, y la cantidad de agua. Si a esas tres variables le añades q tienes q escoger el tipo de grano... al final son tantas variables q te esperas q saque el cafe perfecto, y para mi no lo es. A lo mejor es q no se encontrarle el punto",Cliente Amazon,Revisado en España el 29 de junio de 2019
Imposible obtener un café fuerte,"3,0 de 5 estrellas","Es una buena maquina. Pero simplemente el cafe sale ligero. Poniendo diferentes marcas , momido mas fino y intensidad máxima no es posible obtener un cafe de sabor fuerte",Cliente Amazon,Revisado en España el 22 de septiembre de 2021
"Un café riquísimo, pero....","3,0 de 5 estrellas","Sale un café muy rico, si lo gradúas a tu gusto. Yo he tenido otras cafeteras similares y el café de esta me ha gustado mucho. Pero... a los 2 meses de comprarla se me ha averiado, la he mandado a reparar con la garantía, pero ya llevo 20 días sin cafetera y no sé nada.",Juan Fco,Revisado en España el 29 de octubre de 2020
Esperaba más,"3,0 de 5 estrellas","Cuesta mucho encontrar el punto del café hasta que sale bien y no aguado, y gasta mucha agua. Una vez le encuentras el punto de molinillo el café sale bueno, pero esperaba mucho más de esta máquina para el precio que tiene.",M*,Revisado en España el 13 de marzo de 2021
Fabulosa,"3,0 de 5 estrellas","Es la segunda cafetera que compro igual, nos encanta su café y lo comida que es. La anterior me ha durado 13 años",Maria G.,Revisado en España el 2 de septiembre de 2021
Piezas sueltas,"3,0 de 5 estrellas",En el depósito de agua me vienen estas piezas sueltas y no hay forma de que se queden en su sitio al llenarlo¿Es normal? influye para que se encienda el indicador de depósito vacío? Como hago para que me manden uno nuevo? Al mes de tenerla se encendió la luz de descalcificar pero aunque no quede agua no se enciende la señal de depósito vacío.,Trini,Revisado en España el 4 de mayo de 2020
Proceso de descalcificación no claro,"3,0 de 5 estrellas","Es una muy buena cafetera. Cafés buenos y rápidos. Despues de 6 meses el piloto de descalcificador se encendió. Creo que el manual no lo deja claro y me ha llevado un buen rato averiguarlo;
En el proceso de aclarado hay que llenar dos veces el deposito, una vez aclara el difusor de café y la otra la de salida de vapor y al terminar las dos el pilot de descalcificación se apaga",Jose Manuel Adsuar,Revisado en España el 1 de agosto de 2018
"No sale aire por el tubo de calentar la leche, sale agua.","3,0 de 5 estrellas",Llevo una semana con ella y desde hoy empieza a salir aire por la zona donde recoge el agua. Intento calentar la leche y en vez de aire sale agua. Alguien le ha pasado algo igual. Gracias.,Cliente Amazon,Revisado en España el 3 de noviembre de 2020
La recomiendo si haces varios cafés seguidos.,"3,0 de 5 estrellas","Una vez cogido el ajuste correcto el café el bueno y recomendable. El mayor problema es el consumo de agua por la limpieza que hace antes y después de cada uso. Otro problema que le veo es lo poco que dura la limpieza con el descalcificador y la cierta complejidad que tiene su descalcificación que obliga, al menos a mí, a seguir los pasos con el manual delante, paso a paso para no equivocarme y que se realice correctamente.",Jorge Fernández García,Revisado en España el 5 de octubre de 2017
Psé,"3,0 de 5 estrellas","Tiene un gasto desmesurado de agua con respecto a otras cafeteras que he tenido y está demaseado automatizada, cada dos por tres se te encienden luces pidiendo algo",Antonio L´pez García,Revisado en España el 27 de febrero de 2021
Comoda,"3,0 de 5 estrellas",Hace mucho ruido .dificl de limpiar,F parra,Revisado en España el 16 de octubre de 2021
Imposible ajustar la cantidad de café,"3,0 de 5 estrellas","El problema que hemos tenido ha sido el ajuste del café, salía aguado y no logramos ajustarlo , por todo lo demás bien",Miriam G.,Revisado en España el 4 de abril de 2021
Un poco decepcionados,"3,0 de 5 estrellas","Para lo que vale, no estamos particularmente contentos. El café de tueste natural no ha sido nunca nuestra primera opción, y es el único que se puede usar. Además gasta una cantidad de agua que da miedo. Dudo que repitamos una máquina de este estilo. La máquina en sí, sin problema, siempre que no estés acostumbrado a cafes fuertes.",Marc,Revisado en España el 18 de agosto de 2019
Café de baja calidad,"3,0 de 5 estrellas","Se la regalé a mi marido estas navidades. Después de una semana de uso y de probar todas las combinaciones de molienda, intensidades de café e incluso diferentes marcas de café, el café salía aguado y no nos gustaba a ninguno de los dos. Con esta cafetera buscábamos la comodidad de hacer un café rico solo presionando un botón pero no cumplió nuestras expectativas así que lo hemos devuelto.",Maria,Revisado en España el 22 de enero de 2018
Es cómoda y fácil de usar,"3,0 de 5 estrellas",Aun no he encontrado el punto del cafe estupendo. Me falta pribar con otra marca de cafe.,M. Segarra Rausell,Revisado en España el 4 de abril de 2021
Con problemas,"3,0 de 5 estrellas","Recibí una cafetera con problemas de funcionamiento.

El servicio técnico me dejó totalmente plantado, tras llamar reiteradamente a un 902, en el que me gasté una pasta.
Comenté con amazon el problema; inmediatamente me recogieron la cafetera y me repusieron por otra. Increible. Me he quedado encantado del servicio de amazon.
La nueva cafetera es perfecta. La puntuación está ligada al horrible comportamiento del servicio técnino.",Juan Carlos Olazábal Ulacia,Revisado en España el 29 de enero de 2017
Muy cómoda si no esperas un gran café.,"3,0 de 5 estrellas","Es una cafetera todo terreno, muy fácil de usar y muy estética. Pero a mí el café que extrae no me ha convencido, habiendo probado diferentes buenas marcas. Al final la tuve que devolver porque el capuchinador dejó de funcionar bien.",Rosa Maria Bufi,Revisado en España el 1 de diciembre de 2019
No es lo que esperaba,"3,0 de 5 estrellas","La máquina está bien pero no hace un café como el de un bar, si es verdad que el cafe sale espumoso pero a mí no me convenció, de hecho me he comprado un espumador de leche porque el que trae no hace suficiente espuma para mi gusto.",Lucia,Revisado en España el 16 de noviembre de 2018
Hace buen cafe,"3,0 de 5 estrellas","Hace buen café, pero el molinillo se me ha estropeado. Y la máquina tiene solo 4 meses, y es la segunda maquina, la primera se estropeó también y la tuve que cambiar",Pilar Martín loeches,Revisado en España el 19 de junio de 2019
Es lenta y ruidosa,"3,0 de 5 estrellas","Lo peor de todo es lo lenta que es, tarda en arrancar hasta que puedes darle a la tecla para servir el café. Por otro lado, no puedes encender el vaporizador mientras está terminando de echar el café, para ganar tiempo, de este modo, tienes que esperar unos 10-15 segundos para utilizar el vaporizador. Consume bastante agua y siempre hay que estar haciendo algo: o rellenar depósito, o rellenar café, o vaciar depósito de agua usada o lo de la cal. No es muy intuitiva, los iconos, las advertencias que salen, no sé. En la era de los smartphones, todo esto tendría que ser comprendido sin tener que leer un manual. La calidad de los materiales es regulera, todo plástico barato. Además como he dicho en el título, es ruidosa, es desagradable el sonido del motor por la mañana, lo de moler el grano lo entiendo que haga ruido, pero todo lo demás, me parece exagerado. El café está bueno.",Pablo,Revisado en España el 8 de febrero de 2024
El resto todouy bien,"3,0 de 5 estrellas","Poco depósito de agua para el consumo por café, entre agua para calentar la taza, el agua propia del café y el de limpieza.",Guillermo,Revisado en España el 23 de septiembre de 2019
Incómodo y largo,"3,0 de 5 estrellas","Es un latazo la limpieza de los filtros de la máquina, por lo demás me parece bien.",Yolanda,Revisado en España el 6 de mayo de 2020
Cumple.,"3,0 de 5 estrellas","Cumple con todo lo que dice, pero en mi caso me ha dejado un pelín insatisfecho, es como que le falta algo. Para mí, el tema está en que usa poco café en la preparación. Aconsejo, si te gusta un buen café, usar uno fuerte.",Cliente Amazon,Revisado en España el 23 de agosto de 2017
Es util pero gasta mucha agua,"3,0 de 5 estrellas","Gasta mucha agua en procesos de limpieza
El cafe no me termina de gustar aunque es algo personal",julianillo,Revisado en España el 19 de febrero de 2020
Gasta mucha agua y hace bastante ruido,"3,0 de 5 estrellas",Es muy sencilla de usar pero gasta mucha agua y hace bastante ruido,Javier,Revisado en España el 20 de octubre de 2019
No es la panacea. Necesita mucho ajuste,"3,0 de 5 estrellas",Pues tras tanto comentario positivo he de decir que me está costando sacar un buen café. Seguiremos intentandolo.,JEOLGOMA,Revisado en España el 9 de enero de 2020
Buena máquina pero gasta mucha agua,"3,0 de 5 estrellas","Buena máquina, pero suele utilizar mucha agua para el lavado previo y posterior. En mi caso la probé y devolví a la semana porque no me convenció, aunque reconozco que no es una máquina mala.",Samuel,Revisado en España el 29 de noviembre de 2017
Delongui no te hace socio si compras en Amazon.,"3,0 de 5 estrellas","Esta cafetera es una maravilla. Vengo de cafeteras de cápsulas y me iban a arruinar. Si bebes mucho café, la amortizas rápido y si usas café en grano todavía puedes ahorrar más.",Edu Vallejo,Revisado en España el 4 de noviembre de 2017
Buen café,"3,0 de 5 estrellas",Es una buena cafetera automática pero consume demasiado agua al calentar y enfriar el circuito (cada vez que se pone en marcha).,jopalante,Revisado en España el 11 de octubre de 2019
Muy contento,"4,0 de 5 estrellas","Soy muy cafetero e usuario durante muchos años de saeco aroma y ya era la hora de dar el salto hacia una súper automática. Tras estudiar varias opciones me decanté por esta cafetera por su calidad relación precio. Llevo dos días con ella y de momento muy bien al principio algo engorroso encontrar el punto personal del café también es cierto que es algo ruidosa y gasta bastante agua pero hay que tener en cuenta que es un sistema de limpieza que ayudará a proteger la cafetera y evitar averías durante muchos años. Seguiré probándola y editaré la reseña si es necesario.
La única desventaja que la veo es el precio... es un poco cara para lo que realmente es.",Alberto,Revisado en España el 26 de julio de 2023
Cafetera Bonita,"4,0 de 5 estrellas","La cafetera dejo de funcionar a las tres semanas de comprarla, la devolví y aún estoy esperando que me devuelvan el dinero",Cliente Amazon,Revisado en España el 25 de diciembre de 2023
calidad del café,"4,0 de 5 estrellas",La cafetera es una compra muy acertada. No me voy a repetir mucho en mi opinion sobre las caracteristicas y relacion de puntos fuertes y debiles ya que hay bastantes reseñas que ejemplifican a la perfección esos detalles. Pero si voy a contribuir en aportar algo mas para ayudar a los mas indecisos o evitar que puedan quedarse insatisfechos por desconocer lo siguiente: La cafetera cuando el molinillo trabajo a menos de nivel 3 sufre mucho.. y por tanto eso se ve reflejado en el aroma e intensidad del café saliendo este muy aguado y dando una sensación nefasta ya que todos buscamos al principio testar la maxima intensidad del café. No sucumbais ante esta primera impresión. La cafetera funciona en maximas prestaciones en nivel 3 de molinillo y la ruleta del aroma a 3/4 partes de intensidad. Si te pasas de esos parametros el café se desvirtua y parecererá que la cafetera rinde por debajo de sus prestaciones. Ahora que la he podido configurar segun esos parametros el café es una maravilla. Espero haber ayudado,NOELIA MARTÍNEZ VIVANCO,Revisado en España el 1 de diciembre de 2022
Delonghi ha respondido como marca tras ser Insultado en el Servicio Tecnico de Delonghi en Victor de la Serna 5 en Madrid,"4,0 de 5 estrellas","Comentario inicial abajo tras la linea

Añado este dado que el departamento de customer care me ha contactado tras leer mi comentario inicial.

Han dado seguimiento al tema y calificado como inaceptable el comportamiento de ese servicio tecnico en particular.

Mi cafetera fue arreglada en el ST de la calle Jaen 8 (vavula del vaporizador sustituida) de manera rapida, como debe ser.

Creo que el hacer de una marca se manifiesta en como se tratan los problemas, y en este caso, ha sido satisfactorio saber que se preocupan por los clientes.

----------------------------------------------------------------------------------------------------------------------------------------------------------------------------------------
Tras fallar la cafetera a 6meses de la compra (en garantía) con 2 problemas 1) luz de descalcificacion y 2) perdida de presion en calentador de leche, tuve la mala suerte de llevarla a reparar a Victor de la Serna 5.

Tras unos dias me llaman y me dicen que es por la descalcificacion. Me cobran 24,2 euros y me dicen que el problema es que ""no se descalcificar"".

Asumo mi incompetencia en el arte de descalcificar y les digo que si el problema de presion en el calentador de leche esta solucionado y me dicen que si, que lo probemos, que solo era que yo no se descalcificar.

Al probarlo les digo que tiene la mitad de presion y asi no puedo hacer espuma y busco una solucion, que ese no es el producto que compre.

Me perjuran que ellos saben muchisimo de cafeteras y yo no se descalcificar....

Sale una persona mas de mala gana y me espeta ""Que pasa aquí? que no sabe descalcificar, le molesta pagar y busca problemas? Esto funciona perfectamente y haremos un video para demostrarlo""

Hoja de reclamaciones, cafetera sin arreglar e imagen de la marca bien dañada.

Comprar una cafetera y que se estropee...vaya, cosas que pasan. Ir a un servicio tecnico a que te insulten y no te solucionen el problema...no es aceptable.

Probare otro servicio tecnico a ver si no me insultan...",Alfonso,Revisado en España el 25 de octubre de 2017
Buena compra. Lástima que no te avise a tiempo si hay que vaciar el cajón de posos.,"4,0 de 5 estrellas","La máquina de café me ha gustado mucho, puedes utilizar café en grano o café ya molido.
Lo único que no me gusta, es que cuando utilizas café ya molido y hay que vaciar el cajón de los posos, no te avisa previamente, si no que te tira el café que has puesto al cajón y te sale el aviso para que lo vacíes. Y entonces tienes que volver a poner más café para hacer la funcionar. Con el café en grano directamente te avisa, y no te hace tirar café.
A parte de esto me gusta mucho esta maquina.",Eduardo Morvis,Revisado en España el 20 de mayo de 2023
Va bien y da comodidad,"4,0 de 5 estrellas","Mucha espuma no hace el café y tiene su mantenimiento constante, pero or un lado le pongo el café normal para moler y en la otra parte uso el descafeinado molido, tiene para calentar la leche",MAGR,Revisado en España el 1 de diciembre de 2023
El sabor y olor del café es una delicia,"4,0 de 5 estrellas","Se nota mucho el café recién molido. No lo usamos con torrefacto por problemas con las cuchillas de molido.
Hay que acostumbrarse a los pasos de auto limpieza y recarga.
Sabor intenso y lo más parecido a máquina de alta presión.
Recomendable!!",Mark47,Revisado en España el 24 de octubre de 2023
chasco !,"4,0 de 5 estrellas","Bueno esta es la segunda cafetera que tengo. La primera me duró dos años. Me empezó a perder agua, La devolví y no parecía tener arreglo.. En teorìa me han devuelto el dinero de la misma. Bueno, estoy entre el banco con reclamaciones y AMAZON a ver donde está el dinero que hace un par de meses que me han enviado. Ahora estoy con el BANCO DE ESPAÑA a ver que me contesta para poner denuncia contra quien corresponda.

Vamos a por la segunda que me ha llegado hoy.. Para empezar no trae filtro anti cal ni la prueba de dureza del agua. Según parece tenía que haber comprado la cafetera + filtro o + descalcificador.

Os imagináis que comprais una televisión y no tiene cable. Logicamente no la puedes usar. Según me dice viene especificado en cafetera + filtro o mas + descalcificador o + café. Incompresible ya que tiene que venir lo indicado para que la puedas poner en funcionamiento. Otra cosa, como pensé yo era que, podías comprar un repuesto del filtro independiente del que debía de traer.

La otra cafetera lo traía todo.

La cafetera, la primera, me estuvo funcionando muy bien, pero a los dos años, empezó a perder agua. El café me gustaba, había dado con la tecla. Algunas veces se atascaba el descafeinado en laparte superior o bien lo desechaba. Pero al fin y al cabo estaba contento. Pero dos años.... me sorprendió.",CUASYMODO,Revisado en España el 29 de enero de 2020
Una eleccion sopesada,"4,0 de 5 estrellas","Dude mucho en comprar esta cafetera y despues de leer todas las opiniones positivas y sobretodo las negativas decidi comprar esta porque era la unica que permitia usar cafe en grano y molido, de vez en cuando nos gusta tomar un descafeinado y seria una pena gastar un dineral en una cafetera y luego no poder servir un buen descafeinado.
En fin, llevo unas semanas con ella y estoy encantada, todos los comentarios negativos que leei estan explicados en el manual asi que si te lo lees tienes todas las indicacipnes necesarias para sacar el mejor partido a tu cafetera.
Lo que aprendi leyendo mientras me decidia a comprarla es que sea cual sea tu eleccion, es fundamental usar agua filtrada o mineral, no usar cafe torrefactado, limpiar la cafetera de manera continua ( lo bueno de esta cafetera es que lo hace ella solita jeje), y en eso se incluye descalcificar la cafetera cuando se requiera.",Marta Alvarez Garcia,Revisado en España el 1 de mayo de 2017
Consume muuuuucha agua,"4,0 de 5 estrellas","De momento está en periodo de prueba. La máquina es muy fácil de usar, pero no es fácil conseguir un buen café; va mejorando, pero aún no he conseguido el café que busco; cuando lo consiga, la puntuación subirá y, si no lo consigo en un tiempo prudencial, la puntuación bajará. De momento estoy un poco mosqueado; no puede ser tan difícil conseguir un buen café, sobre todo si usas café de calidad. Pero esperaremos ...",Angel,Revisado en España el 14 de abril de 2023
Cafetera básica para dejar las cápsulas,"4,0 de 5 estrellas","Hay que ir buscando un café que le vaya bien, además de que nos guste.
No es fácil pillarle el punto de molido.
La carga máxima de café permitida (que podemos regular) es algo escasa para mi gusto.
No permite hacer un café realmente intenso y cargado.
Por supuesto, al no poder usar torrefacto, las cremas son mucho menores que las de la cafetería.
Los cafés largos son prácticamente americanos.

Interesa para hacer no menos de 5-6 cafés al dia.",JUAN CARLOS VELASCO,Revisado en España el 6 de julio de 2023
cafetera.,"4,0 de 5 estrellas","Hace un café muy bueno, pero tiene un deposito de agua algo pequeño",Cliente Amazon,Revisado en España el 4 de diciembre de 2023
Buen café,"4,0 de 5 estrellas",Le doy un cuatro por venir incompleto lo demás es una pasada buena máquina muy contento,Antonio jorge Almeida Silva,Revisado en España el 14 de diciembre de 2023
Increíble cafetera!,"4,0 de 5 estrellas","La verdad, de las mejores compras que he hecho últimamente. Estaba bastante agobiada con el tema de las cápsulas, el medio ambiente, etc y con esto la verdad es que he hecho un cambio muy importante en mi casa tanto a nivel de gestión de residuos como a nivel de calidad del café.
Es una máquina fácil de usar, de limpiar y que cuando le pillas el truco hace unos cafés, capuchinos y hasta calentar un vaso de leche, en un momento.
Si no le doy 5 estrellas es porque realmente gasta un poco de agua innecesariamente, ya que se limpia cuando la enciendes (para calentarse, aunque sea para calentar leche con el espumador) y cuando la apagas (para limpiarse). Al final, aunque tiene una buena capacidad en el depósito, esto hace que reduzcas la cantidad de cafés que puedes preparar, además de tener que ir vaciando el lugar donde se cae el agua a cada poco.",Raquel,Revisado en España el 1 de febrero de 2022
Muy buen café mantenimiento laborioso,"4,0 de 5 estrellas","Después de casi 2 de meses de uso diario las conclusiones que hemos sacado se pueden resumir en lo siguiente:
-La calidad y el sabor del café es muy superior a cualquier otro tipo de máquinas que habíamos probado.
- El mantenimiento y limpieza es algo complejo y laborioso y en ocasiones da error al encender la máquina y hay qu reiniciar para que ya esté operativa.
- El café en grano no suele dar problemas de ""atasco"" pero el café molido, que le utilizamos cuando queremos hacer un café descafeinado, en ocasiones se atasca el circuito y hay que vaciarlo o añadir mas café molido para que funcione correctamente.
- A los dos meses aproximadamente de su compra tuvimos que realizar la descalificación del aparato, lo cual conlleva un proceso de aproximadamente 1 hora de duración que aunque no es complicado, te hace estar pendiente de la máquina durante todo ese período de tiempo.
En resumen, buena máquina pero sabiendo que su mantenimiento implica una seria de inconvenientes respecto a una cafetera de cápsulas, que se compensa con su excelente sabor.",Virginia,Revisado en España el 15 de febrero de 2021
Estamos entendiéndonos,"4,0 de 5 estrellas","Aún no he conseguido manejar todas sus funciones. La compramos porque había bajado considerablemente el precio desde navidad y es cierto que nunca en mi vida he tomado tanto café, le da un gusto muy rico y con la espuma que hace, te da un mekor acabado respecto a los de las cafeterías. Como regalo o gran capricho si eres amante del café, la recomiendo.",IFT,Revisado en España el 26 de mayo de 2023
Servicio técnico penoso,"4,0 de 5 estrellas","Tras tres años utilizando esta cafetera, y estando satisfechos, hemos necesitado el servicio técnico porque se bloqueó haciendo la limpieza. Tanto la atención al cliente de Delonghi como el del servicio técnico de mi ciudad han sido penosos. Llevamos más de un mes esperando presupuesto y con la cafetera que llevamos al servicio técnico, que sigue allí. Fue muy complicado contactarles, no contestan nunca al teléfono y les cuesta 1 semana contestar al correo. La ayuda prestada por la marca fue totalmente improductiva y también 1 semana para cada contestación. Esto te hace pensar si volver a comprar algún producto de esta marca.",Esther,Revisado en España el 30 de noviembre de 2022
Calidad precio Buena,"4,0 de 5 estrellas","Cafetera muy comoda sobre todo su llenado de agua y limpieza todo por la parte delantera importante dependiendo de donde se vaya a colocar.No le doy un 5 porque no me gusta que gaste tanta agua pues hace limpieza cuando se conecta y cuando se desconecta, pero bueno supongo que seran todas iguales y tambien el molinillo hace bastante ruido, lo cual es un poco molesto cuando preparas un cafe a las 6 de la mañana.",Roberto,Revisado en España el 18 de enero de 2023
Fácil de usar,"4,0 de 5 estrellas","Hace un año que la tengo. En general la experiencia es bastante buena. Muy sencilla de usar. El mantenimiento básico es ir vaciando y lavar el cajón del café usado. Con mi uso (tres cafés al día) hago descalcificaciones cada tres meses, aproximadamente (te avisa la máquina).
El punto de molido para obtener crema ya viene definido, con lo que no habría que modificarlo. Si se quiere hacer he leído que se ha de hacer sólo cuando la máquina está moliendo, un poco raro.
Para obtener una buena crema es necesario usar un buen café (tostado 100% natural) y tener el contenedor de granos de café lleno.",David Bernabeu,Revisado en España el 6 de noviembre de 2022
Cafetera de 10,"4,0 de 5 estrellas","Muy contenta, hace unos cafés de 10, volvería a comprarla, en la familia somos 3 los que la tenemos.",Noelia,Revisado en España el 22 de octubre de 2023
Perfecto,"4,0 de 5 estrellas","Si te gusta el café es perfecta y muy fácil de usar,por fin le digo adiós a las cápsulas y empiezo a disfrutar de buen cafe",Ousama el fassi taib,Revisado en España el 27 de agosto de 2023
Funciona bien,"4,0 de 5 estrellas","Edito: La primera la he devuelto porque marca avería por las mañanas. Como a otro usuario que he leído, se arreglaba desenchufandola. En espera del reemplazo...
La máquina en si está bien y funciona muy correctamente, una vez leídas las instrucciones resulta fácil su uso. Yo venía de un espumador de vaso y una cafetera italiana. Molía café en grano para la semana yo mismo. Me cansé después de un año de toda esa parafernalia y compré esta máquina. El resultado no es muy diferente por no decir idéntico, si acaso el café resulta un punto más suave, menos ácido pero es una diferencia sutil. Estoy contento? Pues sí pero por casi 300 euros quizá esperaba más. Ojo la máquina funciona sin pega, si acaso que es algo ruidosa comparada con una no automática. Pero cómoda si que es, ya no me da pereza hacerme un café. Le doy solo 4 estrellas porque quizá esperaba un milagro al gastar ese dinero en una cafetera y lo del ruido pues depende a que hora puede ser una molestia que con cerrar la puerta de la cocina se soluciona. El tema de las limpiezas con agua al encender y apagar la máquina que la gente comenta para mi no resulta molesto. Es más la de inicio la uso para calentar el vaso, prefiero eso un millón de veces a tener que fregar cacharros. Si en un tiempo no da problemas y sigue pareciéndome igual de cómoda (viniendo del cacharreo que venía me parece muy cómoda pero si vienes de una de cápsulas puedes opinar diferente) quizá edite y dé 5 estrellas.",felipe eduardo fernandez,Revisado en España el 17 de agosto de 2017
Hace mucho ruido y el deposito de agua es perqueño,"4,0 de 5 estrellas","Hace mucho ruido y el deposito de agua es perqueño
Es muy incomoda para el uso de cafe molido",MRicardo,Revisado en España el 19 de agosto de 2023
Café,"4,0 de 5 estrellas","Cafetera ideal , te tuesta el grano, no tienes desperdicio, ya que consume el café que necesita. Para mi lo mejor es el ahorro en café.
Pero hacer leche con espuma no me parece sencillo.",Susana,Revisado en España el 15 de mayo de 2023
Buen café,"4,0 de 5 estrellas","En general estoy contento con la compra, hace un café estupendo, eso sí, hay que leerse bien las instrucciones y probar como mínimo 6 o 7 cafés antes. Jamás usar mezclas de café que no sean naturales ni torrefactos sino os cargais la cafetera.",mmesquida,Revisado en España el 24 de junio de 2023
Muy buena,"4,0 de 5 estrellas","La maquina es muy buena y hace excelente café. Lo único malo es que hace limpieza al encender y al apagar y se apaga sola a los 30 min de inactividad, por lo que no se puede evitar el gasto de agua.",Pilar Varela,Revisado en España el 17 de abril de 2023
Enorme cafetera,"4,0 de 5 estrellas","He usado todas las cafeteras y necesitaba ver como era una automática, me paraba el excesivo precio y esta me llamaba la atención por su relativo costo bajo solo en Amazon, aunque es un modelo ya antiguo pues hay otros mas modernos esta cafetera tiene todo lo que yo pedía, que moliera, que aceptara café ya molido, que no se limpie manualmente cada vez que se necesite un café, esta maquina se limpia sola, queda el poso en un recipiente que cuando se llena te avisa para su vacío, por ponerle un pero se lava al encender y al apagar con el consiguiente gasto de agua, que no es tal si recordamos las semiautomáticas que hay que limpiar el cazo cada vez que se usan.
Deciros que tiene un temporizador que si detecta que pasan 3 m sin usar se desconecta y hay que darle a un botón para que caliente de nuevo el agua, aunque si te soy sincero creo que hay un método para que dure mas sin usar calentando el agua,
Es relativamente silenciosa, el ruido de la molienda es el que es y eso suena.
Los capuchinos de lujo, por fin una cafetera que funciona el vapor en condiciones.<por lo demás no es muy grande le cabe casi medio kilo de cafe en grano en su recipiente, es muy tonta a la hora de usar el molido ya que si no esta caliente desperdicia este café si lo has echado antes.
Es muy fácil de usar una vez que te acostumbras a ella y el café sale a tu gusto después de probar unas cuantas veces en mi caso pocas, se desmonta muy fácil para su limpieza.",zenitramaral,Revisado en España el 18 de diciembre de 2016
De momento contento,"4,0 de 5 estrellas","Cafetera en principio bien, servicio tecnico de la marca muy pésimo. Me vino mal desde un principio, la cambie a traves de la marca (1 mes tardó) y cuando vino le faltaban piezas, y luego no habia forma de que me atendieran a la reclamación. Al final termine devolviendo el producto y amazon me la reembolsó y volví a comprar otra.",Jesus,Revisado en España el 15 de enero de 2023
Cumple sin ser excepcional,"4,0 de 5 estrellas","Vengo ya de dos cafeteras anteriores marca Saeco con lo que puedo compararla con ellas. Calidad de los materiales correcta. Muchas posibilidades de personalización del café: temperatura, grado de molido, cantidad de café, standby...Consumo de agua cuando enciendes y apagas importante: el depósito a mi me da para 6 cafés si no los tomas seguidos y debes encender y apagar cada vez. Equipo de erogación fácil de limpiar pero con materiales que no me dan mucha confianza...ya veremos. El café sale con cuerpo y con crema si aciertas en el molido y en la cantidad, pero eso cuenta algunos cafés. Eso si, por mucho que te esfuerces, nunca saldrán como los de la cafetería ni como los de cápsulas de buena calidad, tipo nexpresso...esta máquina de café es para café natural 100% (sin azúcar quemada y sin química). El depósito de posos es enorme: tiene espacio para más de 15 descargas (mi anterior máquina menos de 6) y el del agua residual también tiene una gran capacidad. El mantenimiento del grupo de erogación (limpieza con agua de los restos de café) se debe realizar una vez al més (en mi anterior máquina una vez a la semana). Interesante la opción de poder utilizar otro tipo de café (en mi caso descafeinado): se introduce por un orificio en la parte superior y debe estar molido...un detalle a tener en cuenta. En definitiva, una buena máquina que hace su servicio correctamente...por ahora.",Xavi,Revisado en España el 19 de marzo de 2018
Funciona bien,"4,0 de 5 estrellas",Es muy facil de utilizar,silvia,Revisado en España el 7 de octubre de 2023
Buena compra,"4,0 de 5 estrellas","Ha sido una buena compra. Yo usaba las de cápsulas. Esta supone un buen ahorro en café con el tiempo y por supuesto la diferencia entre un café con esta cafetera y la de cápsulas es abismal. Resulta un poco complicada en un principio, ajustarla para un sabor óptimo del café, pero en cuanto lo logras, es una maravilla.",Javier S.,Revisado en España el 2 de febrero de 2023
Sabiéndola manejar y comprando buen café,"4,0 de 5 estrellas","Hace un café magnífico, también depende del agua que uses",Victor Alexis,Revisado en España el 12 de septiembre de 2023
A la larga mucho más económica que una cafetera de cápsulas.,"4,0 de 5 estrellas","Cafetera con una buena relación calidad precio. Se puede regular la intensidad del cafe, la cremosidad e incluso la temperatura. Eso sí, utilizar siempre café natural y agua de baja mineralización. En cada servicio realiza un pequeño enjuague lo cual hace aumentar el consumo de agua pero aún así, resulta mucho más económica que una cafetera de cápsulas ( 1kg de café cuesta de media 8 €) y la calidad depende del café que se utiliza. La descalcificación resulta un poco engorrosa, ya que el proceso dura aproximadamente 40 minutos, aunque es una operación que se realiza dos veces al año, dependiendo de la dureza del agua. El resto del mantenimiento es sencillo, solamente mantener limpio el depósito de los posos de café y una vez al mes extraer el infusor para retirar los restos de café sumergiendolo en agua. También puede hacer café a partir de café molido.",francesc Orriols Martinez,Revisado en España el 19 de julio de 2020
Buena cafetera,"4,0 de 5 estrellas",He tardado unos días en ajustarla para dar buen café pero finalmente va muy bien. Estoy contento con la compra.,Marc Bonamusa,Revisado en España el 22 de julio de 2023
Muy bien calidad-precio,"4,0 de 5 estrellas","Hace una semana que la tengo y en general estoy bastante satisfecho. Es muy cómoda, el café sale muy rico, un café en grano normalito, buena temperatura, fácil de usar mirando las instrucciones...muy personalizable...
Una pega, tomo el café descafeinado excepto al levantarme, por eso me incliné por esta cafetera, por tener un depósito independiente para café molido. Este, a diferencia del que muele, sale muy aguado y flojo y no hay opción de regularlo. Me incliné por esta máquina por la opción de los dos cafés. Dude si devolverla pero la compré reacondicionada (simplemente sin la caja original, nueva, por 240€) y he comprobado que aún sin la opción del café molido no hay superautomaticas en mejores condiciones.
Hace menos ruido que la de cápsulas; gasta un poco de agua en la autolimpieza pero menos de la que empleariamos en lavar una italiana, y nos aseguramos de que cada café sale con agua totalmente limpia.
Aún no he tenido que descalificar. De momento estoy bastante satisfecho.",Rodrigo,Revisado en España el 30 de octubre de 2019
Esta bien,"4,0 de 5 estrellas","Es general está bien, tiene algunas cosas que mejorar, pero está bien",Fer Ant,Revisado en España el 30 de julio de 2023
Buena cafetera!!!,"4,0 de 5 estrellas","El producto lo he usado para mi casa, me ha gustado lo fácil que es su utilización y el gran café que hace, como punto negativo le puedo poner que gasta mucha agua para su limpieza.",pilar,Revisado en España el 11 de febrero de 2023
¿Por qué no la compré antes?,"4,0 de 5 estrellas","Aficionado al buen café, me dejé arrastrar como tantos por el café en cápsulas, durante años. Limpio, rápido y solvente. Demasiado cómodo como para moler, mezclar, limpiar,.. Pero la vida, si uno es cafetero de verdad, está para ser auténtico. Y con esta cafetera he vuelto a descubrir el sentido de apreciar un buen café. Sin duda, es más lento y menos limpio que antes. Pero merece la pena. He tardado dos meses en encontrar el café en grano de mi gusto, aprender a manejar la presión, grado de molido,... Pero una vez que lo consigues, te dices: Por qué no lo hice antes",FABIAN,Revisado en España el 12 de mayo de 2021
Muy cómoda,"4,0 de 5 estrellas","Es una muy buena cafetera, muele para cada utilización. Se necesita un tiempo para conseguir el punto que a uno le gusta. Se puede utilizar también Café molido, pero no tiene depósito... hay que servir para cada utilización.
El proceso de descalcificacion es más sencillo de hacer de lo que parece.",Alberto Larrea,Revisado en España el 13 de noviembre de 2022
Casi perfecta,"4,0 de 5 estrellas","La única pega, a mi juicio, que se le puede poner, es que el primer café no alcanza una buena temperatura. Si se hacen varios seguidos a partir del segundo la temperatura es aceptable. Si solo vas a hacer uno, calienta el pocillo o lo tomarás bastante frío. Es una pena que éstas máquinas no tengan una resistencia para calentar los pocillos y mantenerlos en cuanto se enciende. ¿Qué tengo que hacer? Poner agua en un pocillo y calentarla en el microondas 30 segundos. También podría usar el vapor, pero para que la máquina alcance la temperatura de vapor hace falta más tiempo que en el microondas. Otro problema que tengo, pero con ésta y cualquier otra, es que yo uso agua embotellada porque el agua del grifo no tiene buen sabor, entonces gasto más agua en el proceso de limpieza que en la preparación del café. Si no fuera por éstas pequeñas cosas, la cafetera es perfecta.",Pablo Blanco,Revisado en España el 21 de diciembre de 2019
Versatil,"4,0 de 5 estrellas","Todo muy manual. Se agradece.
Solo me esta fallando que el goteo inicial de limpieza cae fuera del hueco habilitado para ello y no se si se puede ajustar.
Creo que acabara manchando la bandeja recoge gotas.",Santitex,Revisado en España el 26 de febrero de 2023
Girad el molinillo del café al nº3,"4,0 de 5 estrellas","La cafetera es genial, no le pongo 5 estrellas por dos motivos principales: la primera, una absoluta falta de un manual de instrucciones en condiciones que te explique que EL MOLINILLO DEL CAFE SOLO SE DEBE MOVER CUANDO ESTÁ EN FUNCIONAMIENTO; la segunda, el gastar un poquito de agua en cada encendido y apagado es molesto. Por lo demás, si ponéis el molinillo del molido del café al nº3 y la ruleta de delante al máximo, saldrá un café excelente.",Jorge Lozano Alarcón,Revisado en España el 9 de enero de 2022
Cafetera de bar en casa,"4,0 de 5 estrellas",Una cafetera más que fiable y probada. Muy recomendable para los amantes del café recien molido a un muy buen precio. Ha venido sin la rejilla de acero inoxidable para poner las tazas en la parte superior. No entiendo como puede pasar estas cosas en un producto empaquetado nuevo,Xavi,Revisado en España el 3 de enero de 2023
Con paciencia se consigue un magnífico café sin contaminar el medio ambiente.,"4,0 de 5 estrellas","He decir que hace una semanita que me ha llegado. El primer dia, con la prisa y la ilusión, nos volvimos un poco locos para ajustar mínimamente la máquina. Después de tirar unos cuantos cafés e ir ajustando a más fino el molinillo y aumentando la cantidad de café hemos logrado un café bastante a nuestro gusto. Lo único negativo que le veo es el alto consumo de agua para la limpieza que hace cada vez que se enciende y se apaga. He calculado que si enciendo y apago la máquina para hacer un solo café con leche gasto unos 200 cl. La parte posítiva es que el circuito de la máquina está mucho más limpio. Y personalmente lo más positivo de todo es que he dejado de hacer residuos contaminantes con las capsulas de aluminio. Los restos de café los aprovecho para mis plantas.",Maria Bardina,Revisado en España el 15 de febrero de 2020
Buen café,"4,0 de 5 estrellas","Buena cafetera aunque al principio es un poco dificil para ajustar el punto de café que se quiere.
Fácil de limpiar y esteticamente es bonita.
En mi opinión, es una cafetera cara aunque entiendo que será porque son más duraderas.",Marta,Revisado en España el 6 de febrero de 2023
Las más económica dentro de la marca,"4,0 de 5 estrellas","En mi caso a sustituido a una Saeco Minuto que he utilizado durante 7 años hasta que se estropeó. Tenía claro que quería una de las mismas características pero de la marca De’longui. Ésta es la más económica de la marca y no pretendía gastar más dinero, con ésta me es suficiente para tomar un buen café ya que en casa somos muy cafeteros. En líneas generales estoy contento con la compra, es lo que esperaba. Un punto negativo es que utiliza demasiada agua en las limpiezas. Aunque estoy contento con la compra realizada. Ver el vídeo que adjunto de su funcionamiento. Espero les haya servido mi opinión. Saludos!",Luis Francisco Rosique Martinez,Revisado en España el 30 de agosto de 2021
Buena máquina,"4,0 de 5 estrellas","Llevamos tres meses con ella y de momento, ningún pero. Hace un excelente café, a gusto de todos los consumidores, es decir, con todas las variantes de preparación. En este sentido, valoro tanto que se pueda cortar la erogación del café, como su prolongación, ya que siempre puedes corregir la cantidad de agua que precisas. Quizá si que tira mucha agua al encender y apagar, pero si eso es necesario para prolongar el buen funcionamiento de la máquina, entonces nada que objetar. En resumen, muy buena máquina, recomendable a los amantes del café, que no quieran estar tirando cápsulas a cada momento y a los que buscan multiples posibilidades de preparación.",Jaume,Revisado en España el 26 de agosto de 2020
Muy cómoda,"4,0 de 5 estrellas","Solo llevo 2 semanas con ella. Me parece muy cómoda. Viene muy bien explicada en el libro de instrucciones. Se puede configurar la cantidad de café que se usa en cada molienda también la cantidad de agua para cada café. Sencillo para quitar el depósito de posos y limpiarlo. El depósito del agua también se quita y se pone con mucha facilidad. El agua del deposito dura poco porque gasta agua cada vez que se enciende para precalentar y cada vez que se apaga papara limpiar, lo que está muy bien. El café largo que tomo por la mañanas me gusta mucho, sin embargo el expreso corto todavía no le he cogido el tacto, sigo aumentando poco la cantidad de café que se muele para ver si sale con más cuerpo, estoy en ello, si no lo consigo cambiaré a otro café. No la he probado con café molido, tampoco he probado el calienta leches. Es cara pero creo que merece la pena.",Antonio,Revisado en España el 1 de junio de 2016
Rapidez y simplicidad,"4,0 de 5 estrellas","Facilidad de uso,",Antsalcer,Revisado en España el 22 de mayo de 2023
cafetera,"4,0 de 5 estrellas","la cafetera es muy facil de usar, el cafe nos salio como nos gustaba desde el principio, usamos cafe de calidad sin ser torrefacto como indicaban otros usuarios para no tupir el filtro y se limpia facil, un mes de uso y encantados con la compra, es un poco ruidosa por si te haces los cafes muy pronto por la mañana, pero es rapida haciendolos.",Enrique,Revisado en España el 15 de enero de 2022
El café en casa,"4,0 de 5 estrellas","El café está bueno, pero por mucho que regule, no consigo que salga crema",Cliente Amazon,Revisado en España el 11 de marzo de 2023
Con paciencia consigues el cafe cremoso,"4,0 de 5 estrellas","La cafetera está muy bien, aunque tendrás que hacer varios cafés para que te salga un café cremoso. Hay que ser un avezado lector de instrucciones para conseguir entender todo. Aun no me ha pasado lo del aviso de limpieza que he leído en otros comentarios. Es importante el café que uses. Lo del descafeinado aun no lo he conseguido, pero seguiré intentándolo.",Carolina,Revisado en España el 16 de enero de 2022
Fácil de usar,"4,0 de 5 estrellas","Limpia, no ensucia tanto, como otras, y fácil de usar",Juan lu,Revisado en España el 10 de mayo de 2023
Bien pero le sobra la una autolimpieza.,"4,0 de 5 estrellas","La cafetera esta genial, para mi gusto le sobra una autoimpieza, se limpia cuando se apaga y cuando se enciende, gastando asi agua y consumo de luz.

Ceeo que con una sola limpieza, ya sea al apagado o al encendido, le bastaría,",David V,Revisado en España el 24 de septiembre de 2022
Es fácil de usar y hace muy buen café,"4,0 de 5 estrellas","Hace muy buen café y lo que no me gusta tanto es que gasta demasiada agua en el encendido y el apagado, por eso no le pongo 5 estrellas.",Susana,Revisado en España el 6 de noviembre de 2022
Mola mucho esta cafetera,"4,0 de 5 estrellas","Si buscas una cafetera con molinillo integrado y que al darle a un botón te haga un café, esta es la tuya. Sin dejarte una pasta tienes una cafetera correcta, extrae bien el café y hace cafés decentes. Al principio te volverás un poco loco ajustando la molienda, temperatura e intensidad. Pero una vez conseguído esto, solo es buscar un café decentey la magia surgirá.",David Galan,Revisado en España el 13 de marzo de 2022
"Muy bien. Muele cafe de 10, calienta leche+espuma. Fácil usar","4,0 de 5 estrellas","La cafetera funciona genial. Café como de cafetera de bar. Muele perfectamente el café y con la parte de calentar leche se calienta perfectamente y si se desea hace espuma. Fácil de usar, buena presión 15 bares.
Antes de hacer café hay que pulsar botón para que se limpie el circuito ( bastante limpio)",Sara,Revisado en España el 9 de enero de 2022
Funciona muy bien,"4,0 de 5 estrellas","Buen funcionamiento, café sale bien, y una vez configurada fácil de usar y limpiar. Leí alguna queja de usuarios que tenían que descalificar al poco tiempo de comprarla. A mí me pasó a los dos meses, pero se debe a que de fábrica viene configurada asumiendo que es zona de agua ""dura"". Si no es el caso, le puedes cambiar la configuración en función de la dureza de tu zona (muy blanda en Madrid) y se soluciona.",JESUS MARTINEZ DE LA ROSA,Revisado en España el 17 de agosto de 2021
Falta tira dureza agua publicitada en la imagen de accesorios),"4,0 de 5 estrellas",A falta de comprobar su funcionamiento todo correcto . Bien embalada y con todos sus precintos en su sitio ...lo que no me gusta nada en absoluto es que aquí en Amazon se publicite con unos accesorios en concreto y luego resulta que la tira para comprobar la dureza del agua no viene incluida .. o sea que entienda que la imagen de la descripción está obsoleta... Deberían controlar más esto pq luego pasa lo que pasa,Cliente Amazon,Revisado en España el 6 de julio de 2021
Fácil de usar,"4,0 de 5 estrellas",Es muy bonita y hace un café estupendo,Ricardo,Revisado en España el 14 de febrero de 2023
Tenía buenas espectativas.,"4,0 de 5 estrellas",Es difícil cogerle el punto de gusto al café y al espumar la leche con el vaporizador echa un poco de agua y estropea el sabor.,Luis Alfonso Jimenez Mora,Revisado en España el 28 de noviembre de 2022
Discreta y barata,"4,0 de 5 estrellas",Muy buena cafetera. Muy facil de ajustar la intensidad y el sabor y a un precio muy bueno. Si te gusta el cafe recien molido y hecho biena compra. Tambien para te jajaja,Raul B.P,Revisado en España el 27 de septiembre de 2022
Buena cafetera,"4,0 de 5 estrellas","Muy fácil de usar. Quizás lo peor es que sale bastante más aguado el café que en una italiana, pero a nosotros nos vale. Como dicen, consume bastante agua, ya que limpia al encender y al apagar. Pero esto también consigue que el café salga caliente desde el primero.",Jorge Varela,Revisado en España el 17 de abril de 2022
Nada,"4,0 de 5 estrellas",Muy bien,Muy bien,Revisado en España el 1 de mayo de 2023
A priori buena compra,"4,0 de 5 estrellas","Llevamos 1 mes con ella y todo muy bien. Hemos hecho café con café en grano y molido y los dos han salido muy bien. Hemos ajustado el molinillo colo casi todos y el cafe sale a nuestro gusto. Ahora a ver con el paso del tiempo y el uso si sigue así, pero en principio muy contentos con ella.",Rubén Cerdeira,Revisado en España el 22 de octubre de 2021
Estética bonita. Hace buenos cafés.,"4,0 de 5 estrellas","La compré a pesar de haber tenido que devolver otra 2 De Longhi de otro modelo, ya que me duraron 1 mes. Amazon como siempre impecable en su respuesta. De hecho solo volví a elegir la marca por estar Amazon de por medio. Por ahora...2 meses, sin problemas.",fabian k.,Revisado en España el 3 de enero de 2022
Gran sabor y limpieza automática,"5,0 de 5 estrellas","Durante muchos años he sido usuario de cafeteras de cápsulas, y aprovechando que la última que tenía se me rompió, decidí meterme de lleno en el estudio de cafeteras superautomáticas. Es decir, no soy ningún experto en la materia, solo un usuario al que le gusta mucho el café.
Después de un estudio bastante pormenorizado del mercado, me decidí por este modelo, del cual podréis encontrar mucha información (y de gente que sabe de lo que habla) por internet.
A modo de resumen, os diré que después de dos meses de uso tanto mi mujer como yo estamos encantados con la cafetera. Todo lo que ya se ha escrito sobre ella es cierto, a saber:
- Cuando muele hace bastante ruido (nosotros la tenemos en un armario y se nota menos).
- El proceso de auto-limpieza consume mucha agua, pero lo compensa con creces.
- En mi región, que es de agua muy dura, en dos meses ya nos ha pedido que la descalcifiquemos dos veces. Utilizamos un descalcificador universal, y de momento perfecto.
- Si seleccionamos un molido muy fino (menor que 3), es verdad que le cuesta mucho salir el café; yo la tengo al 3 1/2 y va de maravilla.
- El sabor del café es espectacular (también depende del café que utilicéis, claro).
- Te indica cuándo tienes que añadir agua, y cuando vaciar los posos de café.
- Tiene un compartimento para hacer una taza con café molido.
- El capuchinador es de muy fácil uso, y hace una espuma de leche espectacular.
etc...
Yo no soy quién para recomendar un producto u otro, pero sí que os puedo decir que estoy muy contento con la cafetera y que no me arrepiento para nada de su compra, pese a la inversión económica que supone.",Cliente Amazon,Revisado en España el 30 de marzo de 2020
Calidad precio excelente,"5,0 de 5 estrellas",La compre de oferta por 309€ ya que en la oficina tenemos una Jura E9 pero no quería gastarme tanto. Es de las más baratas en cuanto a cafeteras superautomaticas pero con los modos y regulaciones que tiene es más que suficiente y el café sale buenísimo.,Enric Alonso Fernandez,Revisado en España el 29 de febrero de 2024
Muy buena Cafetera con algunos puntos a considerar,"5,0 de 5 estrellas","Estaba acostumbrado a tomar café solo en cafeterías y debido al confinamiento decidí comprar una cafetera automática. En general puedo decir que ha sido una muy buena compra. Ahora hago en casa unos cafes muy ricos y como hobbie estoy probando distintos tipos de cafes :).
Puntos positivos: posibilidad de probar diferentes tipos de café en grano, mejor aroma y sabor al estar el café recién molido, seleccionar el tamaño del molido y temperatura en función del gusto de cada uno. Además, uno de las cosas que más utilizamos en casa es el “espumador”, ya que funciona muy rápido (20 o 30 segundos) y al quedar cremoso cambia considerablemente el sabor de un café leche.
Comentarios generales:
• Esta cafetera necesita descalcificarse periódicamente (sale una alerta/warning en la cafetera), en nuestro caso hacemos unos 5 cafés al día y de momento la descalcificamos cada 15 días. Para evitar o reducir la calcificación en casa utilizamos agua de mineralización muy débil (e.g. Bezoya).
• Cada vez que encendemos la cafetera o la apagamos, la cafetera realiza como un ciclo de limpieza automáticamente, en la que se utiliza cierta cantidad de agua para limpiar el circuito, la cual cae finalmente en la base (recipiente). En este sentido, la cafetera no tiene ningún warning digital que indique que el recipiente está lleno. Solo tiene en la base una boya roja, que sube y sobresale cuando el recipiente está lleno. Por ello, hay que estar atentos!. Alternativamente se puede tener un vaso a mano para tirar directamente en el fregadero el agua del ciclo de limpieza.",leonardo carpio,Revisado en España el 2 de junio de 2020
Estupendo café,"5,0 de 5 estrellas","Recomendable, hace muy buenos cafés, y el sistema de leche funciona muy bien.
Hacer un buen café por las mañanas no cuesta nada, con un botón tienes un café en cuestión de segundos.",Jonathan Torres,Revisado en España el 7 de marzo de 2024
6 años y como el primer día,"5,0 de 5 estrellas","Esta es probablemente de las mejores inversiones que he hecho en mi vida.
Es algo más cara que cualquier cafetera de cápsulas o espresso, ahora bien, si la cuidas (y no es más que descalcificar cada varios meses y limpiar un poco el infusor aprovechando) dura muchos muchos años haciendo bastantes cafés a diario. Lo mismo yo he tenido suerte y he comprado “la magnífica” de la producción, pero si revienta mañana, la vuelvo a comprar sin dudarlo.
Es importante configurarla bien en función de cómo te guste el café (intenso, cremoso y corto en mi caso) y el tamaño de grano que uses (siempre tueste natural). A mi no me vale cualquier café y en esta máquina sale realmente bueno.
Nada que ver con los artificios de las cápsulas, aquí consigues crema de café de manera natural y dejas de generar tanto residuo. Además, el café sale significativamente más barato al ser en grano.
Una pedazo de máquina.",Francesc Pascual,Revisado en España el 4 de marzo de 2023
"Muy buena cafetera, pero hay que aprender a sacar todo el partido","5,0 de 5 estrellas","He esperado a que pasasen 4 meses desde su adquisición.

Principalmente, la satisfacción o no depende de dos factores fundamentales:

1.- Cofigurarla a nuestro gusto: temperatura de funcionamiento, grosor del molido (hay que seguir bien las instrucciones) y cantidad de café (la rueda central)
2.- Utilizar un café de calidad (nunca torrefacto ni mezcla), y con esto no me refiero a un café especialmente caro, pero los que suelen vender en supermercados dejan bastante que desear y muchos los que se ofertan como ""gourmet"" suelen tener de ""exclusivo"" el precio. Una opción personal es comprarlo en Cafés la Mexicana (la tienda online funciona muy bien), por calidad y porque tuestan el café ellos mismos (no hay más que ver que recomiendan su consumo antes de un mes para que no pierda aroma).

No se puede protestar de que el café tiene poca intensidad si usamos un grano demasiado suave o no hemos configurado bien la cafetera.

Por otro lado, es cierto que consume bastante agua, pero los enjuagues que hace aseguran la higiene y buen funcionamiento de la máquina. Un truco, para que no se llene enseguida la bandeja de recogida de agua es poner un recipiente al encender o apagar, y así solo tendremos que retirarla cuando nos indique que se ha llenado el recipiente de restos de café (restos que sirven de abono a las plantas).

Quizá un punto negativo es que la opción de dos cafés los prepara menos intensos que el individual (yo creo que usa la misma cantidad para uno que para dos).

La espuma de leche queda perfecta.

Lo dicho, muy buena opción para los amantes del café, siempre que se tenga sitio, pues es bastante voluminosa.

En mi casa venimos de nespresso desde hace muchos años y, cuando uno se hace con la máquina, esta supera el producto final y se amortiza rápidamente (en casa podemos llegar a tomar seis o siete cafés al día).",Santyago,Revisado en España el 10 de agosto de 2017
Sorprendido,"5,0 de 5 estrellas","Después de ver un montón de foros, opiniones y vídeos nos decidimos por este modelo que entraba en nuestro presupuesto. Vino totalmente precintada y nueva.
Despues de leer comentarios y ver las regulaciones decidimos dejar la molienda al número 3(había gente que lo recomendaba antes de ir probando hacia más fina con el paso del tiempo) y la carga de café con la rueda al 80%, usando café arábica 100% (Salvador Oro Negro ecológico).
Después de iniciar la máquina por primera vez como mandan las instrucciones (dejando salir agua por el vaporizador antes de encender la máquina, tira unos 100ml) tiré 3 cafes sin probarlos para que la máquina se fuese poniendo a tono, y el cuarto me supo a cafetería total.
Por ahora no podemos estar más contentos con la compra, la cafetera al iniciarse y al apagarse gasta un poco de agua y se nota que el depósito baja rápido pero es tan fácil llenarlo que mientras que se limpie sola que beba todo el agua que quiera que yo la lleno sin problema jaja.
La foto es haciendo la primera prueba de espumar leche y tal.",AlAndalus,Revisado en España el 14 de enero de 2023
Magnífica como su nombre indica.,"5,0 de 5 estrellas","Tan solo llevo dos días con esta cafetera, pero por el momento no puedo estar más satisfecho. Hace un café espectacular, su manejo muy sencillo e intuitivo. Leyendo las instrucciones y siguiéndolas al pié de la letra, nos permite personalizarla para que ofrezca el mejor rendimiento en base a los gustos y circunstancias, tales como dureza del agua, temperatura del café, etc. Estoy usando el café en grano Lavazza Oro, y los resultados son espectaculares. Más adelante probaré otras marcas, para poder diferenciar.
Aunque el precio es algo elevado, bien merece la pena a tenor de los magníficos resultados.
Aunque la molienda es algo ruidosa, bajo mi punto de vista, no es insoportable y además tan solo dura un corto espacio de tiempo.
Muy contento con la compra de esta cafetera.",Antonio,Revisado en España el 2 de julio de 2023
Café buenísimo,"5,0 de 5 estrellas","Después de ajustarla a mi gusto hace un café buenisimo. Importante comprar un buen café. Y lo mejor de todo, dejar atrás las malditas cápsulas. Encantada con el cambio.",cristina navarro,Revisado en España el 6 de marzo de 2024
Cafe riquisimo recien molido o en polvo,"5,0 de 5 estrellas","Nada más importante para mi que un buen café! si no está rico, mejor tomo otra cosa y con esta cafetera está siempre buenísimo. por supuesto el recien molido espectacular pero tambien sale genial si usas cafe ya molido normal o descafeinado. muy contenta con la compra!",Cliente Amazon,Revisado en España el 31 de enero de 2024
Merece la pena cada euro que cuesta,"5,0 de 5 estrellas","A priori he de decir que me costó mucho decantarme por esta cafetera por las reseñas que leía, que si gasta mucha agua, que si sale el café aguado, etc. A todo esto he de decir, que las personas que han puesto esas reseñas es porque no se han puesto a trastear con el regulador del molinillo lo suficiente, y que el primer café no saldrá bueno, ni el segundo, hay que hacer como unos 10-15 cafés para ajustar a tu gusto el molinillo y la instensidad del café. Y a lo del agua, es verdad que gasta agua, pero es porque se limpia antes y después de encenderse y lo hace para alargar la vida útil del aparato, lo cuál me parece de maravilla.
Para mi es un muy buen producto y que si encuentras un buen café te saldrán unos cafés de 10, además el capuccinador hay que lavarlo, no solo por fuera sino por dentro, porque una vez que sacas la parte de fuera, dentro hay una pieza interior que también se retira, y se limpia.
En resumen muy contentos con la cafetera y la recomiendo.",Usuario,Revisado en España el 29 de junio de 2022
Más que suficiente para el café diario,"5,0 de 5 estrellas",La verdad no hay nada que no me haya gustado es perfecta y cómoda. Pero como sugerencia A próximos modelos poder ponerle una toma q pueda conectar a la ósmosis para no tener que sacar el tarro de agua cada vez que la quiero rellenar,Nicolas valcarce,Revisado en España el 31 de enero de 2024
La mejor que he tenido,"5,0 de 5 estrellas","Me costó coger el punto del café, pero con paciencia se consigue, sabor y crema perfecta, estoy muy satisfecha con ella, la leche la calienta y la espuma muy bien. No concibo estar sin ella",marivifc,Revisado en España el 27 de febrero de 2024
Calidad/precio excelente,"5,0 de 5 estrellas","Es mi primera cafetera automática... Vengo de una semiautomática de brazo y la verdad es que de momento estoy muy contento (hace más de un mes que la usamos).
Calidad/precio me parece un gran acierto. He puesto la intensidad al máximo y el nivel de molienda al 4 y sale buen café (también depende del tipo de café que pongas, nosotros ponemos uno ecológico 100% arábiga).
La máquina hace unos 4 cafés al día, es cierto que hay que rellenar el depósito cada 2-3 días y vaciar el de posos cada 3-4 días, pero lleva poco tiempo hacerlo. Sí que gasta agua al encender la máquina (para calentar los conductos) y al apagarla (para limpiar el circuito) pero no me parece algo desorbitado.
La máquina en teoría se tiene que descalificar cada cierto tiempo, leí que era cada 2 meses pero a mi ya me lo ha pedido al mes. Es un proceso un poco largo (30' aprox) en el que tienes que estar pendiente de la máquina pero no es complicado de hacer.
Usamos la espumadera cada mañana y con paciencia conseguimos espuma suficiente (tomamos bebida vegetal de avena).
En resumen, de momento contentos sobretodo por la relación calidad/precio.
Y una recomendación/agradecimiento: me parece importante leer los comentarios de la gente, gracias a estas personas que comparten su experiencia se solventan muchas dudas y/o problemas.",Josep,Revisado en España el 22 de abril de 2021
Eficiencia y elegancia en precio contenido (editada 26/10/20),"5,0 de 5 estrellas","La versatilidad en cuanto a preparación de cafés. Corto,largo, dos cortos, dos largos. Espumar/calentar leche a nivel deseado. Almacenamiento del grano del café con tapa ajustada. Ajuste de la cantidad de café a moler en cada toma (de 6 a 14 gramos según intensidad deseada) grado de molienda según se desee. Y lo mejor de todo, elegir el café que quieras y experimentar sabores y aromas de lo que sabes que es realmente café recién molido. Solamente estuve sometido al imperio de las cápsulas 2 meses, suficiente para decantarme por una cafetera de este tipo. Elegante, el ruido....pues como una de cápsulas diría yo, es rápida y lo único (que o es malo) su consumo de agua, pero nada fuera de lo normal. 50ml al arrancar y 30 ml al apagarse ( si se ha hecho café anteriormente, si no, no gasta agua.
*** Todo este tiempo, año y medio aproximadamente, ha ido genial. Un día percibí que caía un poco de agua en el depósito de los posos, y posiblemente se desajustó el molinillo, pero estando en garantía, decidí su reemplazo. La que me llegó, en el molinillo no tenía el protector ese del estilo a una chimenea (como un capirucho), por lo que me da la impresión de que coje más café, se soluciona bajando la intensidad con la rueda centra. Y AHORA LO QUE ME ESCAMA Y ESTOY EN OBSERVACIÓN: NO TIENE BOTÓN A8, el de apagado general. La osbservaré, e incluso hablaré con el servicio técnico a ver qué dicen. En función de ello, veré si solicito un reemplazo nuevo.
Aún con ello, es una gran máquina que no pienso en cambiar de modelo. Una vez la controlas y tienes el café a tu gusto, es maravillosa.",Óscar,Revisado en España el 22 de marzo de 2019
comparativa ECAM 22.110 vs ESAM3000,"5,0 de 5 estrellas","Bueno, voy a intentar escribir mi opinión para el que dude entre estas dos máquinas.
Ambas son de un precio similar y puede ser confuso elegir. Yo he tenido la oportunidad de tener ambas así que creo que puede servirle a alguno que dude
Primero tuve la ESAM3000, la clásica, la de siempre, la más antigua. Me incliné por esa pensando ""si hace tanto tiempo que la comercializan, por algo será"". Y me equivoqué...

La máquina no es que haga mal café, es que tiene algún que otro fallo que, teniendo la ESAM 22.110 a un precio parecido, la hace mejor opción.

Ventajas de la ECAM sobre la ESAM:
·Más pequeña y compacta
·Menos ruido (no es que no haga, pero no hace tanto)
·Más fácil de limpiar
·Más cómodo el extraer los posos
·Se puede instalar filtro para el agua, que da un mejor sabor.
·Más fácil de ajustar el café
·El dispensador de café es más regulable en altura, cabe un vaso más grande.

Ventajas de la ESAM:
·Puedes elegir lo largo que quieres el café con una ruedecita, con la ECAM sólo hay dos medidas predefinidas, aunque cuando no quieres que salga más pulsas otra vez y se para. Luego se puede ajustar al gusto, quedan memorizados como largo o corto (en la ecam, la esam se ajusta con una ruedecita)
·Viene con la cuchara de café premolido integrado en la máquina, con la ECAM la tienes que guardar en otro sitio.
·Los materiales externos aún siendo de plástico, no son negro piano por lo que será más difícil rayarla.

Por otra parte, comentar que la ESAM3000 la tuve que devolver dos veces, ambas con el mismo fallo. El café se atasca fácilmente en la salida del café premolido. Era desesperante, no encontraba ninguna solución. Menos mal que Amazon se portó y me acepto la devolución.

Por lo tanto, recomiendo muy por encima la ECAM22.110 sobre la ESAM3000",Zinnet,Revisado en España el 31 de agosto de 2018
Lo que estaba buscando,"5,0 de 5 estrellas","Bueno ya ha pasado el suficiente tiempo para poder opinar de esta cafetera automática.

La cafetera es fantástica, hace un café excelente y es la cafetera que (por el consumo que hacemos en mi hogar) necesitábamos.

La posibilidad de usar café en grano y en casos excepcionales café molido (por ejemplo tener descafeinado para alguna visita) es una opción que nos decantó por esta cafetera. Dentro de la zona de café en grano hay una rueda para definir la finura del molido, yo no la he tocado.

Es programable, es decir, las cantidades de las tazas pequeña y grande se pueden programar a tu gusto.

También es programable el nivel de dureza del agua (viene una tira reactiva, mides la dureza y luego programas la dureza de tu zona). Hablando de la dureza si vives en una zona con mucha dureza viene un filtro descalcificador que se pone en el interior del depósito de agua (y que luego venden en Amazon por un precio interesante, porque hay que cambiarlo cada 3 meses). Yo resido en Madrid y con el Canal de Isabel II y la calidad del agua no he puesto el filtro descalcificador. También vienen sobres para descalcificar la cafetera cuando te lo solicite.

Tiene avisos para que te enteres de todo lo que le pasa a la cafetera, en seguida te lo aprendes todo.

Sólo le he encontrado un problemilla menor, gasta mucha agua. Y esto es porque tanto al encender la cafetera como al apagar hace una limpieza de los conductos. Yo tengo puesto un vasito para este quehacer, para tirar el agua con mayor facilidad que tener que sacar cada dos por tres la bandeja recogeagua. Otro problema que tiene con el agua es que no es capaz de medir que no tiene bastante agua para hacer un café y te saca un café corto muy corto y luego te da el aviso de que no tiene bastante agua.

Tan importante es la cafetera como el café que uses, después de varias pruebas me voy a decantar por el café RIOBA ITALIANO EXPRESSO.

Espero ser de ayuda, un saludo a todos",juan,Revisado en España el 29 de junio de 2017
café a otro nivel,"5,0 de 5 estrellas","Muy buena máquina, un poco grande comparado con una nespresso, pero no genera tantos residuos ni tienes que andar almacenando cápsulas.
Puedes seleccionar grado de molienda, cantidad de agua y temperatura. El mejor preparado lo he conseguido con la temperatura máxima y la molienda en el segundo más fino (café solo).
Puedes preparar café con grano o molido, cuando lo preparas con molido se nota que pierde mucha intensidad, aun usando buenos cafés (illy).
Los procesos de arranque y apagado hace que al limpiar el circuito, deseche unos 100ml de agua (en total)
Le echo en falta poder seleccionar de forma más directa la cantidad de agua por preparación, hay que entrar en un modo configuración para establecerlo. Cuando estás realizando una preparación se puede parar o echar más agua, pero no me parece muy práctico (apenas tienes un par de segundos para echar más, enseguida hace la limpieza de café)
Con promoción de reacondicionados con descuento adicional, me salió por el precio de una cafetera expreso normal, vino completamente nueva sin usar.",noxtan,Revisado en España el 2 de junio de 2022
Muy buena compra,"5,0 de 5 estrellas","Es una cafetera que ha superado nuestras espectativas y a muy buen precio.
Viene con manual en castellano explicado con bastante claridad, lo que facilita mucho la programación inicial de la cafetera en cuanto a temas como:
.- Programar la dureza del agua de casa (ya que viene con una tira de medición de dureza),
.- Programar las cantidades de café predeterminadas en los modos de café corto y café largo.
.- Regulación predeterminada del grado de molido del café
.- Temperatura de salida del café.
En el funcionamiento diario, al encenderla realiza un automantenimiento y limpieza interna que dura en torno al minuto, tras lo cual la cafetera queda lista para preparar el café. La preparación del mismo admite una o dos tazas de cafés largos o cortos y se realiza con solo pulsar un botón, no puede ser mas sencillo.
Admite la preparación del café tanto con café en grano como molido. El deposito de café en grano permite la preparación de bastantes cafés, pero el de café molido solo admite la preparación de cafés individuales.
Tiene además calentador de leche para levantar espuma (solo lo hemos usado dos veces) que funciona correctamente y es fácil de limpiar. y también agua caliente para infusiones (esto último ni lo hemos probado).
Finalmente el mantenimiento (rellenado de agua, cambio de filtros, llenado de café y vaciado del depósito de posos) es sumamente sencillo (tiene un panel de indicadores que dice lo que necesita) y rápido. Todos esos elementos de mantenimiento están muy muy a mano.
En cuanto a ruido, el hecho de tener molinillo interno la hace un pelín ruidosa además de el automantenimiento, la preparación del café y el autoapagado, que también hacen algo de ruido perfectísimamente soportables todos ellos.
Y por supuesto el café crema que prepara está que te cagas. De todas las cafeteras exprés que vamos teniendo es la que mas rico lo hace con muchísima diferencia.

En resumen estamos muy contentos con la máquina y la recomendamos en todos los sentidos. Buena compra 100%",Paco riojano,Revisado en España el 17 de noviembre de 2016
Café buenísimo,"5,0 de 5 estrellas","Hace un café buenísimo recién molido. La gente dice que es muy ruidosa, y es cierto que hace ruido, pero si tienes en cuenta que tiene que moler el grano, cualquier molinillo mecánico hace ruido, así que es lógico el ruido que hace. Consume agua para limpiar los conductos al encender y apagar. Es bastante intuitiva de usar, tiene distintos tamaños de cafés, vapor para infusiones y hacer espuma de leche y varias medidas de molienda para regular la intensidad del café. Puedes elegir entre café recién molido o puedes echarlo ya molido en otro depósito. Recomendable 100%.",Víctor,Revisado en España el 27 de agosto de 2023
"Sin duda alguna, el mejor café que puedes hacer en casa","5,0 de 5 estrellas","Lo que más me gusta, es el café que preparara. Muchos/as dicen que cuesta cogerle el truco pero bueno, al final, si ves las opiniones, lo tienes hecho. Me costó cogerla por el precio, muy similar al de otras marcas. Luego lo pensé y me dije ""te cuesta lo mismo que un móvil"". Me encanta al café y, tomarte un café con esta cafetera, es como darte un beso por las mañanas. No he probado otras pero, bajo mi punto de vista, es el futuro de las cafeteras. Probé todas...cápsulas, francesa, italiana, americana. Me quedo con esta sin duda",David,Revisado en España el 18 de julio de 2023
Estupenda superautomática,"5,0 de 5 estrellas","Si te gusta el café, necesitas esta cafetera. Bastante configurable y sencilla de mantener, sólo cuando pide agua o que vacíes los posos del café, lo demás lo hace todo ella. Algo escandalosa cuando muele el café, pero supongo que es inevitable.",Gerardo Fdez.,Revisado en España el 18 de enero de 2024
Buen café espresso en casa.,"5,0 de 5 estrellas","Por el momento muy contento con la cafetera el café que hace está muy bueno, uso café Lavazza oro. Es sencilla se configurar y de limpiar comprándola con mi anterior cafetera superautomatica que tenía, una Saeco Vienna. Consume agua ya que realiza un aclarado cada vez que la enciendes y apagas, pero eso garantiza que los conductos y el mecanismo este limpio.",Juan,Revisado en España el 22 de diciembre de 2023
Muy buena cafetera.,"5,0 de 5 estrellas","Bueno, nos llegó esta cafetera en enero del 17. La compramos con alguna reticencia ya que en un principio mi mujer y yo pensábamos que una cafetera totalmente automática no era nuestra mejor opción. Ya el primer día, al empezar a hacer las pruebas de los primeros cafés con los ajustes de molido e intensidad del café, quedamos totalmente encantados. Hay revisiones que dicen que hace bastante ruido, yo lo consideraría un ruido normal, tiene que moler el café, y eso, silencioso no es. La bomba al sacar el café hace ruido, claro, pero es normal, no molesta demasiado. Saca un café muy bueno, cremoso. Si tu gusto del café varía de la regulación que trae de fábrica, no es muy complicado variarlo, eso sí, tendrás que hacer unos cuantos ajustes hasta conseguir acertar con tu gusto. Si hubiera que sacar una pega, sería, como en casi todas las cafeteras, el espumador. Lo siento, no considero que tenga la presión suficiente el vapor, para sacar algo bueno, aparte de que siempre escupe algo de agua. Prefiero mi espumador de toda la vida.
Leyendo los comentarios anteriores al mío, en el sentido de que gasta mucha agua, pues les tengo que dar la razón, pero también es que tiene un proceso de limpiado interior al encender la cafetera (lo hace con agua que calienta previamente) como al apagarlo, y yo lo veo como una ventaja.
Sobre los materiales, el exterior es de plástico, si, pero bueno. El depósito del agua encaja perfectamente y el tacto no es de plástico malo.Visualmente, grande, pero bonita. Quizás le sobrarían unos centímetros de profundidad, es algo grande.
La tapa del depósito del café en grano cumple perfectamente su papel, no sale olor del café fuera, con lo que está bien aislado y conserva el aroma, facil de quitar y reponer los granos de café. El depósito para el café molido, pues... no lo he probado.
En resumidas cuentas, en mi experiencia, totalmente recomendable",Ricardo Ortiz,Revisado en España el 26 de enero de 2017
Insuperable,"5,0 de 5 estrellas","Me encanta , por fin café como en el bar. El impresionante la crema que su vapor saca a la leche. Me encanta, volvería a comprarla sin dudarlo.",Carolina,Revisado en España el 16 de febrero de 2024
Buen café,"5,0 de 5 estrellas","Hace apenas 15 días que la tenemos. Aún estamos adecuando los parámetros a nuestro gusto. Queríamos está cafetera desde hace 2 años por las excelentes reseñas que tiene, no solo de Amazon. Nos gusta todo, se puede cambiar el apagado, la temperatura del agua, la cantidad de agua para cada café, la cantidad de café que quieres que muela. Es una pasada. Y dentro de que son caras, está es la más económica, la compramos por 309€. Debo decir que si te gastas ese dinero en una cafetera superautomatica debes poner un buen café en grano jajajaa. Por poner una pega hasta bastante agua, cuando la enciendes y cuando la apagas pero hay que reconocer que eso seguramente alargará la vida de la cafetera, puesto que siempre están los conductos limpios. El vaporizador de leche para mí es suficiente y el agua para infusiones tiene una temperatura óptima. Ruido hace, lógicamente, muele café, pero no es un ruido para ponerte tapones y además tarda segundos, no lo veo un problema. Estamos encantados y seguimos probando parámetros y cafés en grano. Jajaja. Lo recomiendo",Cliente Amazon,Revisado en España el 9 de marzo de 2022
