title,rating,body,author,date
Duró menos de dos años…,"1,0 de 5 estrellas","Pues a ver, estaba relativamente contento con esta cafetera hasta que empezó a perder agua, como al año y medio de la compra. Al principio no era mucha cosa, pero sí mojaba un poco la mesa sobre la que estaba colocada. Pensaba que era que el depósito de agua y desechos perdía hasta que llegó un momento, unos meses después, en el que la empapaba al cabo de dos o tres días. Tras ponerla en revisión vi que caía agua de varias partes de la zona inferior, un goteo ligero pero constante.

Tras algo menos de dos años de compra la envié al SAT de reparaciones que constaba en el proceso de Amazon, tras unas dos semanas me la devolvieron supuestamente arreglada. Para mi sorpresa, ahora pierde agua más rápido.

Como siempre el servicio de Amazon es de 10 y en cuanto llamé para comentarlo me dijeron que al ser un problema que sigue tras reparar me devuelven el dinero, así que aprovecharé para invertir un poco más y comprar un modelo superior... Eso sí, de otra marca.

Por eso no me queda más remedio que ponerle una estrella.

Aparte de eso, que estropea toda la experiencia, no estaba descontento, si bien es cierto que quizás es un poco más ruidosa de lo que estaba acostumbrado y que el procedimiento de limpieza interno es un poco engorroso.",Naroh,Revisado en España el 2 de abril de 2024
Servicio de Amazon,"1,0 de 5 estrellas","****** Actualización de la recomendación después de casi un año con el producto ******

La máquina, de repente, empezó a hacer cada vez menos café. Intenté cambiar el filtro y hacer descalcificación, pero el problema siguió ocurriendo, hasta que la cafetera paró de hacer café. Dentro de la máquina, se veía que las juntas (o-ring) estaban bastante desgastadas, lo que puede ser la razón del problema.

Yo, a día de hoy, no recomendaría esa cafetera a nadie que esté buscando simplificar o reducir los costes del proceso de hacer café (como era mi caso). Esa cafetera requiere muchísimo mantenimiento y todos los consumibles asociados a su proceso de mantenimiento son bastante caros, lo que haz con que la ventaja de costes entre una superautomática y una máquina monodosis no sea tan grande.

Yo no compraría una superautomática de nuevo.

Para Amazon, mi valoración es muy positiva, pues aceptaron la devolución del producto en función de ser ese el segundo problema que tuve con la cafetera.

***************************************************************************************************

Tras cerca de 32 días de recibir el producto (después del período de devolución), la máquina dejo de funcionar (problema en el motor de molido). Aún así, la califico con 5 estrellas y explico el porqué.

Cuando la máquina dejó de funcionar, busqué todas las recomendaciones del manual y nada solucionaba el problema. Accedí al sitio de Philips, pero no encontré ninguna opción de contacto son soporte técnico. Entonces, ingresé al sitio de Amazon y encontré la opción de solicitar reparación. En 5 minutos ya había sido atendido y en 10 minutos ya tenía, en mi correo, una autorización de envío para reparación sin coste a través de Correos.

Envié la máquina para reparación con una estimación de reparo en 20 días laborales. La máquina llegó al centro de reparaciones en unos 4 días y, en el mismo día en que llegó, recibí un correo del centro de reparaciones indicando que el reparo había sido hecho y la máquina ya estaba de regreso a mí. Me pareció raro que el reparo hubiera ocurrido en tan poco tiempo, pero cuando me llegó la máquina reparada había una nota de que se había reemplazado el motor de molido de granos y ella está funcionando perfectamente desde entonces.

Escribo esa recomendación en función de la calidad del servicio de Amazon. Aunque el producto presente algún problema, existe la seguridad de que será reparado.

Cuanto al sabor, eso depende totalmente del tipo de café que se usa, pero es muy bueno tener un control de intensidad a través del grosor del molido.",Lucas Corrêa Pacheco,Revisado en España el 5 de octubre de 2020
Ni 4 meses y muerta,"1,0 de 5 estrellas","La cafetera en sí es de uso senzillo y te permite poner café en grano y en polvo sin problemas.
+El café sale muy bueno y se hace rápido
+Tiene un buen depósito para grano y agua
+Fácil limpieza (no la interior)
+Se autolimpia al encenderse y apagarse (recomiendo poner un vasito, después de hacer el café, para recoger el agua de limpieza que saca y que no se llene tan rápido el la bandeja de agua).
+Todo y ser un armatoste, ocupa menos de lo que me pensaba.

*Senzación agridulce con el agua. Se usa para preparar el café y autolimpiarse, por lo que cada 2x3 estás recargando el agua i vaciando el recipiente de las 'sobras'. Es un fastidio por haberlo de ir rellenando tanto pero bueno, sirve para que la máquina esté en mejores condiciones, así que no hay queja jeje.

-Al poner café para 2 tazas, primero hace una taza y luego hace la segunda, en vez de coger más café y tirar más agua todo de una vez.
-La limpieza interior, que se debería realizar cada X tiempo, es un poco... complicada y más con la grasa que tiene y que le tienes que volver a engrasar para que funcione correctamente
-Que se haya roto en menos de 4 meses de uso... (y tengo conocimiento de más gente que le pasa lo mismo)

--------------------------------

-Motivo de la puntuación baja-
A los 3 meses de uso (apenas 2 cafés al día) dejó de funcionar, molía el café, y el producto no salía, sólo agua por su 'desagüe de sobras' y el café molido (seco), se probó vídeos para 'limpieza profunda', etc y nada.. sólo tirando café para nada.

Debo decir que tengo conocidos que la tienen y también les ha pasado lo mismo y han tenido que devolverla por el mismo motivo que yo.

Suerte que aún está en garantía! (Y viendo los comentarios, cruzando los dedos para que me envíen una nueva y sea de las que funcionan...)

Esperaba mmucho más de Phillips, la verdad... y por éste precio.. muy defraudado",Jordi,Revisado en España el 8 de agosto de 2021
2a máquina devuelta al fallar el espumador a las pocas semanas.,"1,0 de 5 estrellas","Esta es la segunda Philips EP2220/10 que pido en Amazon, la primera devuelta porque a los 2-3 semanas dejó de hacer espuma en condiciones y esta a las 4 semanas, por lo que también se va de vuelta. Lastima de máquina porque hasta que se fastidio el espumador, contentísimo.

Me he llevado una decepción tremenda con esta máquina, tenía unas expectativas muy altas con ella y se han ido al garete. He de decir que la instalación de la máquina y todo lo demás, sencillo, nada complicado y una vez instalado el Aqua clean y con un buen grano, el café sale con un sabor estupendo. El espumador, hasta que ha dado problemas, genial también, ponías la leche que querías y te dejaba una espuma cremosa y consistente en cuestión de segundos.

Hemos seguido el manual de instrucciones de la máquina al dedillo, limpiezas semanales, el grupo infusor bajo el grifo cada dos por tres, siempre limpiando el espumador después de cada uso (tanto por fuera como por dentro desmontando la pieza metálica de la de goma, etc) y la máquina no ha dado muestras de resentimiento ni nada extraño, el café y la espuma bien. Hasta que un día decide que no hace más espuma en condiciones, como ya he dicho, la primera máquina lo hizo a las 2-3 semanas y esta a las 4 (por los pelos la puedo devolver) Cuando esta mañana hemos ido a preparar café como casi cada día, hemos visto que ya no hacía espuma y emitía un sonido mucho más alto de lo normal, consiguiendo solo hacer entrar en ebullición la leche pero dejándola sin la espuma que buscas, solo leche hervida y dolor de oídos (mirad el video que se escucha clarísimo).

Hemos desmontado y limpiado todo lo limpiable, usado pastillas quita grasa de la marca Philips (7-8€) por si eso lo solucionaba, le he hecho una descalcificación con el descalcificador también Philips (10€) para descartar que se hubiera obstruido algún conducto, quitado el filtro Aqua clean y vuelto a poner, resultado: Sigue sin hacer espuma.

No he visto ningún comentario de gente a la que le pase algo similar, debo ser el tío con más mala suerte comprando cafeteras.

Por cierto, cuando hemos hecho la descalificación no había salido el piloto pidiendola, es más, vivimos en una zona de aguas blandas, por lo que la cal no es un problema especialmente grave.

En definitiva, no sé que cafetera Súper automática compraré ahora, pero tengo claro que una 3a vez no caigo con la EP2220/10, devolución de dinero y ya veré cual compro.",Sergio,Revisado en España el 8 de junio de 2020
Una gran desilusión,"1,0 de 5 estrellas","Me llevé una gran desilusión. Te gastas un dinero en una cafetera, apostando por una marca de confianza y calidad como Philips con defectos. Mal ensamblada.

La respuesta de Amazon fue “si funciona no pasa nada”.

Prefiero devolverla porque has pagado por un producto nuevo, y si falla en el futuro por una filtración en ese lugar…",Alberto,Revisado en España el 28 de julio de 2024
Dinero tirado,"1,0 de 5 estrellas","Compre esta cafetera y a los 3 años con bastante poco uso da error , se encienden todas las luces y el servicio técnico me dice que tiene el molinillo roto que la avería son 120€. Vamos que si estás pensando en comprar una de la misma marca piénsatelo dos veces porque no es un producto fiable",Diego Echazarreta,Revisado en España el 11 de julio de 2024
Estropeada por segunda vez en menos de dos años,"1,0 de 5 estrellas","Tras leer reseñas y ver varias comparativas de cafeteras opté por ésta.
Buena cafetera, buen café, fácil de usar... Hasta que en menos de un año me dio un error (3 luces parpadeando simultáneamente), la llevé a una casa oficial (y estuve 2 meses sin ella). Me la dieron funcionando, y pasados 5 meses más vuelve a producirse el mismo error.
La tendré que volver a llevar a reparar y esperar a que no me vuelva a suceder una vez me quede sin garantía.
No la recomiendo dada mi mala experiencia.",Juan,Revisado en España el 15 de mayo de 2024
Mala experiencia,"1,0 de 5 estrellas","Con el uso vas viendo lo mediocre de esta maquina, que ya se envió en varias ocasiones al servicio tecnico. Y a dia de hoy los problemas no cesan. Desde apagarse sola, tirar las cargas de cafe sin hacer el café, constantemente una charca de agua debajo de ella, el conducto por donde desciende el café molido se tapona continuamente.
Sin duda en su momento fue una mala compra. La idea es buena, el producto que se vende no tanto. Demasiado cara para todos los problemas que da.
Hablo siempre de mi experiencia, que igual solo salio esta defectuosa de fábrica. Desde luego de Phillips no comprare la siguiente. Porque entre las veces que fue a SAT y las veces que les escribi describiendo los problemas, otra marca seguramente me hubiese cambiado la maquina.",Mauricio,Revisado en España el 8 de noviembre de 2023
Falta de calidad incomprensible,"1,0 de 5 estrellas","Por dónde empezar... La descripción que mejor representa la calidad de esta cafetera es decepción sin precedentes. Un ejemplo de irresponsabilidad comercial sin paliativos.

Además del resultado inaceptable del café, el cual era simplemente agua manchada con un sabor peor que el logrado con cualquier cafetera de 15€, se deben añadir diversas deficiencias técnicas presentes en la cafetera, las cuales derivaban, entre otras situaciones, en encendidos espontáneos, bloqueos o ralentizaciones en la preparación del café, consumo excesivo de agua y un largo etcétera.

Después de haber usado una cafetera espresso DeLonghi durante años, la sensación fue la de haber retrocedido a la edad de piedra.

Finalmente, una vez iniciada la devolución, Celeritas, en una nueva muestra de su seriedad y fiabilidad, nunca se presentó para la recogida del producto ni ofreció ninguna explicación al respecto.

Puede ser una casualidad, pero después de más de una década comprando en Amazon, en los dos últimos años he tenido que devolver el 90% de los pedidos. Algo me hace sospechar que hay un aprovisionamiento de productos con exceso de stock o remesas de artículos con deficiencias comunes a todos ellos.",Jamieinc,Revisado en España el 28 de diciembre de 2022
Mala mala malísima,"1,0 de 5 estrellas","Llevo más de 2 años con ella y ya estoy buscando otra de una marca distinta.
- Siempre se forma un charco debajo de ella.
- A veces tira el café sin hacer café.
- A veces no sale ni una gota de café.
- El conducto por donde cae el café molido se atranca constantemente.
- Desperdicia muchísima agua. La bandeja de agua sobrante siempre llena.

Es una verdadera porquería a un precio excesivo.
La lleve al servicio técnico y me la devolvieron igual, no hicieron nada y ahora estoy buscando otra para sustituirla, por supuesto que no sea Philips. Más de 300€ de chatarra",María.,Revisado en España el 14 de diciembre de 2023
Rota el último día de devolución.,"1,0 de 5 estrellas","Lo que está claro es que como dicen algunos aquí, el molinilllo deja de trabajar. Creo que debe ser un defecto de fábrica. Lo mejor será comprar por separado, máquina y molinillo.",Zelu Bis,Revisado en España el 13 de junio de 2024
Segundo fiasco.,"1,0 de 5 estrellas","--- Actualización después de 3 semanas
Efectivamente he solicitado el cambio. El problema con el led de falta de agua ha ido a mas.
He adquirido otra de la misma marca, el modelo EP3221/40, que es más moderno. Pero no solo se ha reproducido el problema desde el primer encendido sino que el tercer día la cafetera ha muerto, se ha encendido el piloto de error general y no puede ser usada.
FIASCO TREMENDO con las cafeteras PHILIPS. NO RECOMIENDO SU COMPRA.
Una perdida de tiempo tremenda y que gracias al servicio de Amazon es más llevadero.

--- Actualización después de 2 semanas
La cafetera se bloquea constantemente por falta de agua cuando si tiene.
Voy a solicitar el cambio.
---
Con esta cafetera por fin tomamos café ""de cafetería"" en casa. El cambio de saber ha sido enorme.
Por supuesto ha venido con algunas contraprestaciones:

👉Voluminosa. Y eso que este modelo es bastante contenido para las superautomáticas. A tener en cuenta que una vez a la semana necesitas acceder al lateral derecho para sacar una pieza y lavarla, así que no vale con encajarla entre 2 muebles.

👉Gasta mucha agua 💦 Cada vez que se enciende y apaga echa un buen chorro de agua. Necesario? Seguro que si, pero yo he empezado a poner una jarrita debajo para aprovecharla en el riego de las plantas.
Si eres de los que ha pasado de las Nespresso porque te preocupan los residuos que genera, esto también lo tienes que tener en cuenta.

👉Tengo que tomar menos café. Comparado con mi cafetera italiana estos cafés me salen con 10 veces más cafeína. Estoy usando café marca Lavazza e igual es por esto.",Javi,Revisado en España el 3 de marzo de 2020
Un Desastre,"1,0 de 5 estrellas","Tras haberla podido probar durante unos 3 años os dejo mi opinión.
A los pocos meses de haberla comprado nos da el primer problema, la salida de vapor escupe agua y vapor haciendo un ruido bastante extraño. Me pongo en co tacto con Amazon y enseguida proceden a llevarse la cafetera, me comentan que no se puede arreglar y me la cambian por otra.
Ahora desde hace unos meses ( ya fuera de garantía), vemos que se encienden los 3 pilotos de la cafetera, sin poder utilizarla, encendemos y apagamos varias veces, a veces acompañando de quitar y poner el receptáculo del agua, o el del café usado, volvemos a apagar y encender y así trampeando un poco logramos usarla durante estos últimos meses.
Hoy a la cafetera ya no le ha dado la gana de encender, se encienden los 3 pilotos dando un error que no se arregla y adiós cafetera.
NO la recomiendo en absoluto.
Tras estos últimos 3 años de continuos problemas creo que es un producto de calidad justa, y que para el precio que cuesta no ofrece lo esperado.",Jorge,Revisado en España el 29 de octubre de 2022
No funciona la opcion de café molido,"1,0 de 5 estrellas","No hay manera de que coja el café molido, lo que echamos cae directamente al poso de residuos del café en grano y el servicio de reparación dice q no ve nada anormal.",D.N.R.,Revisado en España el 15 de mayo de 2024
Me ha decepcionado,"1,0 de 5 estrellas","Comparado con una delonghi deja mucho que desear, lo compre reacondicionado, está muy bueno.
Lo primero me llega con la alarma de que necesita ser descalificado.
Y lo segundo es que funciona cuado le apetece, siempre muele el café pero a veces saca el café y otras no, con el consiguiente gasto de agua y café en grano que se acaba tirando, y el llenado del cajón de posos de café.
A la hora de intentar guardar la cafetera he visto que había dejado un charco de agua con resto de café, no se por donde perdía.
Lo dicho, y por lo poco que he podido probar : en comparación con delonghi auténtica plus por ruido por sabor de café, por tamaño gana delongi por goleada, un día y medio de prueba ha sido más que suficiente para sentenciarla de vuelta.",ilyas,Revisado en España el 28 de junio de 2023
"Café muy fojito, no adecuada para cafés fuerte.","1,0 de 5 estrellas","El café es muy flojo incluso con doble expréso. Imposible que salga un café fuerte. No adecuada para quien le guste el café fuerte y de ""barista"" nada de nada.",Pep Co,Revisado en España el 15 de mayo de 2024
Mal molinillo,"1,0 de 5 estrellas",Todavía no hace un año que compré la cafetera y es la segunda vez que se bloquea el molinillo y tengo que llevarla a reparar.,Josep P.,Revisado en España el 16 de mayo de 2024
"Compra reacondicionada como ""muy bueno""","1,0 de 5 estrellas","Compre esta cafetera reacondicionada en warehouse en estado "" muy bueno"" decir que en teoria tenia pequeños defectos de arañazos menores de 0.5 mm , y que no llevaba el embalaje originial, buenos lo primero es que llego en una caja con los corchos en mil pedazos, lo segundo que no llevaba arañazos llevaba la bandeja del cafe rota, y lo tercero es que al probarla en el primer cafe hace corto y me salta el diferencial de la casa. tengo en cuenta que es reacondicionada , pero aclarar que no ha sido en estado como "" muy bueno"" es lamentable venderla en teoria en ese estado y que me llege esto.",Richard,Revisado en España el 3 de julio de 2023
Una porquería,"1,0 de 5 estrellas","2 veces al servicio técnico, la última me la devolvieron rota y ya Amazon me devolvió el dinero sin problemas. El café sale por todos lados menos por donde tiene que salir. Se le acumula en el depósito para café molido y en la parte de dentro. A causa de eso bebes agua en vez de café. Un desastre.",Manuel Valle,Revisado en España el 23 de febrero de 2024
Falla prácticamente desde el 1r día,"1,0 de 5 estrellas","La cafetera esta muy bien pero falla prácticamente desde el primer día, teníamos problemas a la hora de hacer espuma para la leche o se llenaba el depósito de café molido (cuando no lo utilizábamos). Se molía el café de grano, no salía a la 1ª (es decir perdemos una carga de café tal y como están los precios hoy en día) y este café se iba al depósito de café molido (a todo esto el agua salía sucia y obviamente teníamos que cambiar también la leche, ahora tenemos que echar primero el café y una vez vemos si sale, echamos la leche.
Y el espumador de leche, no funciona desde hace meses, sale el vapor pero no hace espuma, da igual si pones la leche fría, caliente o como quieras que no la hace.

Me puse en contacto con Amazon y no me dan opción a devolverla, la máquina no llega a 1 año, un desastre, seguro que no repetiré y mucho menos lo recomendaré.",Cliente Amazon,Revisado en España el 10 de julio de 2022
No es lo que esperaba,"1,0 de 5 estrellas","Tuve una Saeco que me duró muchos años, como esta marca fue comprada por Philips esperaba una cafetera robusta y de calidad. No fue así, recibí una con acabados de gama baja y que perdía agua. La devolví rápido y sin problemas, un diez para Amazon.",Karim,Revisado en España el 17 de febrero de 2024
Cafetera muerta a los 2 meses y medio,"1,0 de 5 estrellas","Cafetera comprada nueva en Amazon el 18 de Noviembre. Esta mañana ha empezado a fallar y adiós, ya ha petado. He seguido las indicaciones que pone en la web de limpieza, obstrucción, etc pero veo que a muchos les ha pasado lo mismo a los 2-3 meses así que debe de ser generalizado.",Enric Raigal,Revisado en España el 1 de febrero de 2024
"Buen café, pero la bomba de presión para espumar la leche me ha durado dos semanas.","1,0 de 5 estrellas","Compré esta cafetera muy ilusionado por los comentarios. La realidad es que el café lo tira bastante y bien y es fácil de usar, pero no puede ser que en dos semanas de vida que tiene la cafetera, se haya roto el espumador de leche y no espume la leche, solo la quema. La devuelvo, una pena.",Cliente Amazon,Revisado en España el 7 de diciembre de 2023
PRIMERO USADA DESPUÉS ROTA,"1,0 de 5 estrellas","Os contamos nuestra historia.

CAPITULO PRIMERO
Después mirar muchas cafeteras, nos decidimos por esta. Cuando la recibimos, nos llamó un poco la atención el estado de la caja pero por la ilusión de abrirla tampoco pensamos nada raro. Leímos todas las instrucciones para ponerla en marcha y en principio todo funcionaba bien. Preparamos un par de cafés y la verdad, es que los hace genial. El problema comenzó cuando quisimos preparar café descafeinado, es decir, cuando quisimos utilizar el sistema de café en polvo o molido. Resultaba que solo salía agua, pero sí desechaba el café. Un par de días después vimos que el sistema estaba lleno de café y decidimos probar a limpiarla, quizás ese seria el problema. Confirmamos que no, cuando seguía saliendo agua en vez de café y además también perdía agua por debajo. Finalmente concluimos que esa cafetera había sido usada antes, y que definitivamente estaba rota. Por ello, decidimos devolverla y pedir una igual, no sin antes especificar en la devolución nuestro motivo.

CAPITULO SEGUNDO
Recibimos la nueva cafetera y lo primero que hacemos es fijarnos en la caja. Esta está todavía peor que la primera que recibimos y prevemos lo peor. Efectivamente, es abrirla, y PUM! un trozo de plástico roto. Pues nada, segundo intento fallido, y vuelta a la caja. Esta segunda vez creemos que ha sido culpa del transportista y no de la empresa, pero vamos que...
¿¿Cómo saldrá el tercer intento??

Adjuntamos video y fotos",miren,Revisado en España el 17 de noviembre de 2020
Fatal la cafetera,"1,0 de 5 estrellas",La he utilizado 5 veces y me ha salido el símbolo de avería y no funciona esta superlimpia,"Esta cafetera me ha salido fatal, la he utilizado solo 5 veces y no me funciona",Revisado en España el 26 de abril de 2024
Servicio técnico de Andalucía A NOVO descuidados en el montaje,"1,0 de 5 estrellas","Tras 18 meses de funcionamiento normal. Dejo de hacer café de unos días hasta que un día ya no hizo más.
Lo enviamos a reparar y todo muy rápido (6 días) vuelve la cafetera arreglada. Cuando abrimos la caja está todo lleno de café , la cafetera sin cerrar bien un lateral y la tapa de de lo granos de café rajada. (Adjunto fotos). Además, al quitar los restos de café, cae un trocito de plástico no sabemos de dónde.
En fin, según el informe de reparación, está arreglada y sustitución de varias piezas. Tras limpiarla menos mal que es fácil de limpiar, y colocar bien las tapas, parece que por ahora funciona. Mi queja es con el estado en que nos ha llegado. Podrían tener más cuidado.",Miguechaves,Revisado en España el 8 de septiembre de 2022
Mala calidad,"1,0 de 5 estrellas","Dos años y medio de la compra con dos cafés al día y la máquina ha dejado de hacer café
Perfectamente mantenida, limpia y engrasada.
Siempre con filtro de agua.
Muy decepcionada",Natividad Roca,Revisado en España el 11 de enero de 2024
No cumple con lo prometido,"1,0 de 5 estrellas","Play Video
Viene rota y encima te la intentan colar como si no hubiese pasado nada.Recomendable comprarla en otro lado",José María San Millan Liaño,Revisado en España el 19 de marzo de 2024
Intolerable,"1,0 de 5 estrellas","Decidí gastar más en una de las que ponían: Estado BUENO, por evitar que las que ponían ACEPTABLE fuesen algo peor, pero no me puedo ni imaginar cómo puede ser una de las aceptables si esta es de las buenas. Entiendo que esto debe ser una lotería, y da igual la descripción. Pero lo dicho, es absolutamente inaceptable que Amazon envíe algo en este estado. No compraré nunca más algo reacondicionado en Amazon.",Cliente Amazon,Revisado en España el 26 de junio de 2023
Extremadamente dificil de limpiar/mantener.,"1,0 de 5 estrellas","El producto no está mal pero la espumadera ya ha dejado de funcionar y ya no hace espuma de ninguna manera.

La cafetera hace un café decente, pero el mantenimiento de la misma (limpieza periódica de la cafetera) es extremadamente complejo, con instrucciones poco claras y videos desperdigados por toda la web de philips que, además, una vez los encuentras, valen para unos cuantos tipos de máquina de café y en el video siempre sale otra distinta a esta.

Decepcionado, la verdad. He tenido otras y no he tenido tantos problemas.
Cuando tengo una máquina no quiero tener tantas complejidades ni tantos problemas. No volvería a comprar esta máquina, desde luego.",ferpega,Revisado en España el 16 de septiembre de 2022
"ha llegado tarde y roto. Nefasto reparto, ha tardado mucho y llega roto. Se ha devuelto","1,0 de 5 estrellas","Un desastre. Se ha perdido por el camino y lo he recibo 23 días después de la compra con el embalaje destrozado, el producto roto, usado y sin instrucciones. Lo he devuelto y deseo la devolución con carácter urgente.",administración de fincas almeria,Revisado en España el 19 de diciembre de 2023
Muy mala,"1,0 de 5 estrellas",Cafetera con dos años Imedio y tirada ala basura quemada la blanca base de la cafetera si la compran hacer una estension de garantia de por lo menos 4 años que no le pase lo mismo que ami.,Manolo,Revisado en España el 17 de octubre de 2023
"Buen café, mucho desperdicio de agua","1,0 de 5 estrellas","Si te vas a tomar un café solamente, desperdicia casi dos veces la misma cantidad de agua (cuando la enciendes y cuando se apaga automática o manualmente), para la limpieza de la máquina.
Esa limpieza la hace siempre que la enciendes o la apagas, haciendo la necesidad de rellenar agua más frecuentemente, o de vaciar la cubeta de recogida de agua.
Por lo demás, el funcionamiento de la máquina es correcto y el sabor del café muy bueno (yo lo tengo puesto al molido más fino y menor cantidad de agua, para darle un sabor más fuerte) y no se diferencia de un café de Nespresso.
La calidad de los materiales deja un poco que desear para los 300€ que cuesta, es todo plástico. Y el display no es tal, son botones digitales, pero no es un LCD (por lo menos para el modelo que yo tengo).

Edito: después de apenas dos años de uso, 4 cafés al día, muchos problemas con el motor y ahora ha dejado de salir agua... No la volvería a comprar. No vale lo que cuesta.",Vanessa,Revisado en España el 29 de enero de 2020
Ha dejado de hacer espuma tras dos semanas y suelta mucha agua,"1,0 de 5 estrellas","En principio me gustó aunque es verdad que es muy ruidosa y tarda en hacer el proceso. Pero después de dos semanas deja de hacer espuma, sólo hierve la leche y suelta mucha agua.",Cristina,Revisado en España el 14 de diciembre de 2023
No funcionaba,"1,0 de 5 estrellas","La compre de Amazon warehouse sabiendo que era algo reutilizado y en aspecto estético estaba muy bien, pero tenía fuga interna y no funcionaba, el café salia por todos sitios menos por la boquilla por donde tenía que salir.
Un poco decepcionado ya que pienso que deberían comprobar el funcionamiento antes de venderlo.",David,Revisado en España el 4 de julio de 2023
Cafetera usada,"1,0 de 5 estrellas",Vende como cafetera nueva y viene usada. Con café en el interior y huellas en el panel frontal vergüenza . Si la compro de 2a mano viene mejor seguro!!!,Rafa L.,Revisado en España el 4 de diciembre de 2023
Muy insatisfecha,"1,0 de 5 estrellas","Estoy muy insatisfecha con la calidad de éste producto de Philips, en uso doméstico tan sólo durante dos meses, lo q supone alrededor de 60 cafés, 2 tazas cafés al día.

Así mismo estoy muy insatisfecha con el servicio técnico que ha realizado la reparación. Me cuesta entender cómo profesionales que trabajan para Philips pueden acabar su tarea con tan tan burda precisión. (fotos)

A su vez también estoy muy insatisfecha con la empresa de transporte. Para evitar q en el momento de la entrega no hubiese nadie para la recepción del paquete, opté por ir a buscarlo a un ParcelShop. La dirección q indicaba en el @ estaba equivocada. Al telefonar a dicho punto de recogida, la operadora me tuvo al teléfono tanto tiempo q, conseguí saber la dirección a través de internet, desplazarme y colgar el teléfono delante de ella, diciéndole q era la persona q tenía retenida en la línea telefónica.",Cliente Amazon,Revisado en España el 18 de diciembre de 2020
Nada fiable se ha roto antes de los 4 meses,"1,0 de 5 estrellas","Raramente escribo una reseña, pero me hubiera gustado no haberme gastado este dinero en vano. Opté por esta cafetera frente a otros modelos precisamente por ser un modelo más reciente aunque más caro ... gran error!. Mientras te funcione, bien, buen café en muy poco tiempo y con un diseño en tu cocina bastante estético. El gran problema: es un modelo con una durabilidad pobre, muy pobre, he tenido problemas de todos tipos en solo 6 meses (no salía el café por una junta rota antes de los 4 meses, el molinillo tiraba el café hacia dentro de la unidad porque la pieza que la une a la salida del café se rompió a los 5 (buscando en internet vi que era un problema común), y ahora por último ni siquiera echa a andar el molinillo). En resumen, no pierdas tu dinero en esta cafetera como me ha pasado a mí.",Cliente Amazon,Revisado en España el 25 de mayo de 2021
Producto comprado de 2a mano MUY BUENO y ni se enciende,"1,0 de 5 estrellas","Comprado el producto como estado muy bueno y llega sin manual de instrucciones, sin filtro, con el cazo y la tapa del café molido rotos y lo peor de todo que ni se enciende!!!!!!!!! Vendido por amazon estado MUY BUENO???? Lamentable, me siento estafado por amazon.",Luis L.,Revisado en España el 26 de junio de 2023
Molinillo deja de moler,"1,0 de 5 estrellas","Compre hace un año este modelo y a los 3 meses lo devolví porque el molinillo no molía el café y no habia manera de solucionarlo siguiendo todos los pasos indicados por el servicio tecnico.
Pensé que era defectuosa y compre otra igual. La usé 7 meses y al volver de vacaciones sin usar la cafetera durante 20 días el molinillo ha dejado de moler de nuevo., la limpio y hace un par de cafés y luego deja de moler de nuevo. Es desesperante, porque el café sale realmente bueno pero no funciona. El café en mi casa es básico y no me gusta esta incertidumbre..
Amazon ya no me permite devolver la máquina y la tengo que llevar a reparar. He visto otros comentarios similares de reparaciones fallidas y me temo que estoy atrapado en una espiral de destrucción. A ver en qué acaba esto.",Cliente Amazon,Revisado en España el 25 de agosto de 2020
"Reacondicionado pésimo,sin revisar y lo envían roto","1,0 de 5 estrellas","La cafetera es estupenda, sobre todo cuando te la envían rota y no funciona, y la mejor solución que te dan es que te pasees por tu ciudad con este pequeño aparato para devolverlo.
Servicio pésimo de Amazon reacondicionado.",Abel Muñoz duarte,Revisado en España el 18 de julio de 2023
"Buena cafetera, pero se rompe.","1,0 de 5 estrellas",Cafetera que cuando funciona está muy bien pero en dos años se ha roto el molinillo dos veces. Buen producto pero muy poco fiable.,Felip,Revisado en España el 22 de noviembre de 2023
"Mal, fatal, pésima calidad","1,0 de 5 estrellas","Tras estar un mes utilizándola, y pensando que era el café, me doy cuenta que es la cafetera que hace unos cafés aguados, comprobé si era problema del café en grano y el molido sale peor, la he enviado a reparar a ver si me dan una solución u otra cafetera mejor o sin estos problemas. No la recomiendo",Kevin,Revisado en España el 19 de abril de 2023
Lamentable baja calidad del aparato,"1,0 de 5 estrellas","La compre en mayo de 2020, y 10 meses despues ha tenido los siguientes problemas: Bloqueo de la unidad de preparacion del cafe, logre desbloquearla gracias a un video de Yotube cuando estaba embalandola para enviar al servicio tecnico, rotura de un muelle de la unidad de preparacion de cafe, 15 dias en el servicio tecnico (en Malaga), el molinillo del cafe no muele, tras mover el ajuste de molido varias veces vuelve a funcionar, y ahora otra vez el molinillo no ceba ni muele, a envalar y a enviar al servicio tecnico.
Demasiadas averias en 10 meses, para una maquina en la que se han seguido al pie de la letra las instrucciones de mantenimiento, limpieza diaria, limpieza semanal, engrasado mensual de la unidad de preparacion, sustitucion (2 veces en 10 meses) del filtro de agua.
Calidad lamentable 300€ para seguir tomando cafe de la cafetera italiana de toda la vida.",Apechusque,Revisado en España el 14 de mayo de 2020
no te lo imaginas,"1,0 de 5 estrellas","la maquina me gusto mucho y me gusta el primer café no salió bien el segundo una pasada de bueno pero el día q la trajeron por la tarde ya no funcionaba salía un chivato de peligro en rojo la estuve mirando y resulta q el mecanismo q lleva dentro q se supone q lo desmontas y lo limpias no se podía desmontar para limpiar y engrasar algo había q estaba mal , ni funcionaba ni nada de nada entonces tal y como vino el mismo dia toco empaquetarla y mandarla a reparar hará a esperar cuanto tiempo estoy sin cafetera y sin poder disfrutarla , imaginaros mi impotencia sin café y sin los 319 euros que costo y encima sin ninguna compensación por ninguna parte
me toca esperar a ver que pasa si tardan mucho me tocara exigir la devolucion",cristian,Revisado en España el 29 de julio de 2020
Ha sido abierta.,"1,0 de 5 estrellas",La caja se ve que ha sido abierta. Lo peor es que viene sin instrucciones ni nada. Muy mal,Pedro Pérez-Clotet Bellas,Revisado en España el 1 de diciembre de 2023
"No la compreis, se me ha roto la he mandado a reparar, me la han perdido y ahora no se hacen cargo.","1,0 de 5 estrellas",Me han perdido la cafetera en reparaciones de Amazon y ahora no se hacen responsables de enviarme una como la que han perdido. NO COMPREIS EN AMAZON,Ana Martín Sánchez,Revisado en España el 9 de septiembre de 2023
Decepción,"1,0 de 5 estrellas","Cafetera que ha funcionado correctamente hasta que ha cumplido dos años y un mes, cuando ha dejado de encender. Como la compré en agosto de 2020 tiene dos años de garantía, por lo que en septiembre de 2022 me dice Philips que ya no tiene garantía y que la lleve al servicio técnico que está en Sevilla (que es el más cercano a Huelva, donde vivo).
Obsolescencia programada.
Cabreo máximo.",Finca Isabela,Revisado en España el 28 de septiembre de 2022
Más ruido que en una obra,"1,0 de 5 estrellas","8 de mis 9 vecinos desaprueban la compra de la cafetera. La señora sorda del 3º es la única que da su ok.
Tres servicios nos ha durado la cafetera.
En el primero vimos que hacía mucho ruido, en el segundo nos decidimos a devolverla. El tercero lo hicimos porque era domingo por la mañana y ya aprovechamos para tomar buen café antes de empaquetarla.
Porque buen café hace, hay que reconocerlo, pero el ruido es infernal. Mi café matutino a las 5:45 iba a despertar a mi familia y a los vecinos.
No comprendo las reseñas que dicen que apenas hace ruido. O no la han probado temprano o la ponen en una zona insonorizada y se marchan.
No lo sé, pero a nosotros nos han llevado a error esas reseñas.",Xavi Arena,Revisado en España el 20 de diciembre de 2020
Reacondicionado NEFASTO,"1,0 de 5 estrellas","Compré una Reacondicionada en estado MUY BUENO, y me llegó con granos de café por todos lados. No fueron ni para limpiar mínimamente la cafetera. Devuelta. Así no, Amazon...",Pablo,Revisado en España el 26 de junio de 2023
Se han quedado con artículos que venían,"1,0 de 5 estrellas",Faltan cosas que yo envié y ahora no me las han devuelto cazo dosificador depósito y la tapa de los granos que estaba estallada pero me llegó así la podía haber reparado pero ahora no la tengo.,Jose Alberto,Revisado en España el 7 de julio de 2023
Segunda vez estropeada,"1,0 de 5 estrellas","La cafetera al principio iba bien, correcto todo, muy ruidosa comparada con otras marcas pero bien. A los 4 meses se encendieron todos los pilotos de error y tuve que llevarla a arreglar. Tras 6 meses de nuevo el mismo fallo. O me ha tocado una unidad defectuosa o en el primer arreglo no solucionaron el problema….",Lur,Revisado en España el 24 de octubre de 2022
Malísimo producto,"1,0 de 5 estrellas","Pedí una y se estropeo al año me la cambiaron.hasta ahi todo bien
Al año y medio se vuelve a estropear y ahora Amazon no quiere saber nada",jordi,Revisado en España el 30 de julio de 2023
Parecía de segunda mano,"1,0 de 5 estrellas","Comprado como nueva, al recibirla observó la caja chafada, abierto y vuelto a cerrar, accesorios abiertos y plásticos protectores quitados... Devuelto en el acto.",cobrety,Revisado en España el 27 de julio de 2023
"Limpieza semanal de 1 hora, rota","1,0 de 5 estrellas","Pedí un cambio con la primera, me parecía increible la cantidad de café que había dentro cada vez que la limpiaba semanalmente, me tomaba 1 hora para limpiarla bien y que no quedara restos de café ya que pueden formar moho. La segunda unidad igual, mismos problemas, pero 2 meses después simplemente dejó de hacer café. Amazon lo mejor, ya que ningún problema con el primer cambio ni con la devolución definitiva, no queremos volver a tener este modelo.
El café es rico, salvo el que hagas con polvo por la comporta que tiene, ese sale bastante regular (fue uno de los motivos que nos hizo comprar, para poder hacer descafeinado de vez en cuando, al final no lo usábamos).",Bruno,Revisado en España el 17 de mayo de 2020
No la recomiendo para nada,"1,0 de 5 estrellas","Compramos esta cafetera pensando en tener buen café y estamos muy descontentos.
Gasta mucha agua al inicio y al final del servicio (supongo que para limpieza)
El café podría estar más caliente, no lo calienta demasiado.
El molinillo no muele bien. Tiene 10 posiciones pero ninguna funciona bien, al final si quieres buen café tienes que usar café ya molido.
Se atasca mucho cuando usas café molido lo que hace que la tengas que destripar cada semana.

No la recomiendo",Bolo Alvarez,Revisado en España el 23 de mayo de 2022
Cafe aguado,"1,0 de 5 estrellas","No hace cafe bueno, demasiado aguado, muy ruidosa, despierta a mis vecinos, tengo una cafetera Delongui que le da 100 vueltas a esta.
NO RECOMENDABLE",antonio martinez leon,Revisado en España el 15 de junio de 2023
Cafetera NO RECOMENDADA por muchas razones.,"1,0 de 5 estrellas","Cafetera comprada en Octubre de 2020.
En 2021 necesitó una reparación porque la cafetera ni se encendía.
Nos la trajeron rota de un lateral y funcionaba incluso peor que antes.
Ahora la cafetera no hace ni cafés.
Un desastre, no compraremos nada más de Philips.",Alex,Revisado en España el 9 de marzo de 2023
Mal sabor,"1,0 de 5 estrellas","De los peores cafés que e probado. E probado todas las convinaciones posibles siendo las instrucciones y todos los cafés salen aguados. Después de 2 dias probando, del desperdicio de 1/2 Kg de café en grano y 1/2 Kg de café molido e decido devolverla.",enrique,Revisado en España el 13 de octubre de 2022
Un desastre de aparato.,"1,0 de 5 estrellas","No me ha gustado desde el primer día. Ruidosa, lenta, poco ágil, dificilísima de limpiar, poco intuitiva a la hora de manejar… y si todo esto fuese poco, ahora ha dejado de funcionar meses después de la compra. Un desastre que una marca como Philips no se puede permitir.",IFC,Revisado en España el 4 de diciembre de 2022
cafetera Expreses Philips,"1,0 de 5 estrellas","complicada de utilizar pierde muchísima agua la bandeja siempre está llena tantos botones tantos botones, tantos botones tantos botones tantos botones, tantos botones sin ninguna utilidad. será que ""soy Vieja"" (79años )complicada de utilizar pierde muchísima agua la bandeja siempre está llena tantos botones tantos botones, tantos botones para ninguna utilidad. será que ""soy Vieja"" (79 años ) en fin un desastre, si no hubiese sido por ""El Covi"" la hubiese devuelto, pero por miramiento a los transportista me aguanto y me quedaré con ella. y que conste que aunque tengo 79 años no estoy ""ga gaa"", sé lo que me hago GAD URGENTE NECESITO ¡¡¡¡¡¡¡¡¡AYUDA!!!!!!!",Paquita Ayllon Andres,Revisado en España el 16 de abril de 2020
Duró un día.,"1,0 de 5 estrellas","Tras usar 7 años la Saeco Minute, esta es la más similar. Al segundo día, hacía ruidos extraños y no precalentaba el agua. Posteriormente tampoco salía el café y no daba aviso de avería.
Creo que han abaratado costes los de Philips y tendré que irme a un modelo superior.
Muy decepcionante",JTGranada,Revisado en España el 14 de mayo de 2022
Venía con granos de café y muy rota,"1,0 de 5 estrellas",La compré en estado aceptable pero venía en estado lamentable,Jaime Caraver Castillo,Revisado en España el 9 de julio de 2023
No ha durado ni un año,"1,0 de 5 estrellas","Hace menos de un año que la compre y de repente dejó de hacer café, solo salia agua. Pedi una reparacion a Amazon, la envié y 15 dias despues me llega de vuelta la maquina sin ningun tipo de informacion, ahora tampoco funciona porque no detecta que el deposito de agua esta lleno. No tengo forma de volver a devolverla y nadie me informa de nada.",Cliente Amazon,Revisado en España el 28 de diciembre de 2021
Muy mala calidad!,"1,0 de 5 estrellas","Me gusta el color
No me gusta: la calidad de la cafetera, parece de juguete, todo plástico por todas partes, pero si por lo menos el café lo hiciera de una forma normalita, no compacta el café molido, las dosis de café insuficiente incluso al máximo permitido, la calidad deja mucho que desear",Enrique,Revisado en España el 11 de diciembre de 2020
Decepción y soporte de philips fatal,"1,0 de 5 estrellas","La he tenido que devolver por segunda vez. La primera me tiraba un chorrito de agua justo antes del café. En la limpieza inicial también pero justo cuando tienes la taza puesta chorrito de agua. Me la cambiaron por otra y le pasa exactamente lo mismo, el soporte de philips me dice que es un defecto de máquina. Así que la segunda la devuelvo y me quedo de nuevo gastando cápsulas.
Por cierto la vieja nespresso me hace mucha más crema de café.",Cliente Amazon,Revisado en España el 17 de diciembre de 2020
LLega sin funcionar,"1,0 de 5 estrellas","Al ponerlo en funcionamiento no sale cafe.
llego defectuoso el producto reacondicionado",Antonio Brenes,Revisado en España el 27 de mayo de 2023
Un desastre de envío,"1,0 de 5 estrellas","La cafetera llegó con cables sueltos, el display tirado en la caja, el recipiente de goteo golpeado y roto, el filtro roto. El servicio de ayuda muy malo... un desastre.",Antonio Ortega Rodenas,Revisado en España el 9 de diciembre de 2022
Un café en condiciones,"1,0 de 5 estrellas",Esta muy bien y te estás tomando un café recién echo y con todo su sabor,Yoneida,Revisado en España el 14 de febrero de 2023
complicada de funcionamiento,"1,0 de 5 estrellas","si la comparamos con otras marcas se podría simplificar la cantidad de botones, decepcionado",jmcoll,Revisado en España el 19 de diciembre de 2022
ES CARA Y NO OBTIENES RESULTADOS SATISFACTOTIOS,"1,0 de 5 estrellas",Es complicado el funcionamiento. El café que se obtiene es aguado no satisface. Es una aventura saber si una vez llenado el depósito de café saldrá el café o saldrá agua. NO LA RECOMIENDO EN ABSOLUTO,esther faus,Revisado en España el 4 de mayo de 2022
Viene usada,"1,0 de 5 estrellas",La compras como nueva y viene usada! Se veían restos de café…LAMENTABLE…,Cliente de AMZ,Revisado en España el 5 de abril de 2023
"Caotica, un desastre","1,0 de 5 estrellas","Desastroso, funciona fatal. A veces va, a veces no va, hemos mirado el manual 1000 veces y es desesperante",VLN ST,Revisado en España el 30 de octubre de 2021
decepcionada,"1,0 de 5 estrellas","Es la primera reseña que escribo que esta lo merece.
Decepcionante porque para tomar un café necesitas hacerte dos porque el primero sale aguado.
Me pondré en contacto con el fabricante y desde luego si es lo que hay la devolveré.",Beatriz Soto,Revisado en España el 18 de octubre de 2021
"La cafetera no es de Acero inoxidable, es toda de plático","1,0 de 5 estrellas","Las especificaciones de la cafetera son erróneas, porque se indica que el material es de Acero inoxidable y es toda de plastico y bastante malo.
Esto es publicidad engañosa. No la compren.",Cliente Amazon,Revisado en España el 4 de julio de 2022
Dos meses y ya no me espuma la leche,"1,0 de 5 estrellas",Dos meses y ya no me espuma la leche,ines,Revisado en España el 11 de noviembre de 2022
llevo con ella menos de 3 meses y ya no funciona no la recomiendo en absoluto.,"1,0 de 5 estrellas",muy dificil de limpiar y hay q hacerlo casi a diario para q no se atasque el cafe molido... voy a pedir la devolucion por garantia .,Sara,Revisado en España el 26 de abril de 2022
Producto manipulado,"1,0 de 5 estrellas","Aún no he abierto la caja, porque es para los reyes,pero me da muy mala sensación que venga tanto la parte superior de la caja como la inferior manipulada y sin los precintos oficiales. Para el un producto reacondicionado después de valer 300€.",Javier Garrido,Revisado en España el 25 de diciembre de 2020
Dejó de funcionar después menos que un año.,"1,0 de 5 estrellas",Seguimos los recomendaciones del uso estrictamente siempre y igual el motor del molino se rotó. No hay buena ayuda de los vendedores.,Jonas G.,Revisado en España el 31 de octubre de 2021
Averiada en un mes,"1,0 de 5 estrellas","Un mes usándola y ya se ha roto, se encienden los 3 pilotos y no hace café. ahora a reparar y esperar mes y medio. lo que valen no es para que sean de tan mala calidad.",Antoñi,Revisado en España el 12 de enero de 2021
Se ha estropeado a los 6 meses no la han arreglado,"1,0 de 5 estrellas","La compre y al principio me parecio ideal, facil de usar, de limpiar...
PERO, se estropeo, la recogieron y despues de tres semanas sin cafetera, no funciona (el mismo fallo). No hay alguien del servicio Técnico que revise si esta arreglada??",Ester monico,Revisado en España el 20 de julio de 2020
Averiada en 6 meses,"1,0 de 5 estrellas","La anterior duró más de 10 años, esta en 6 meses ya la hemos tenido que enviar a preparar y te dan 20 días laborales para solucionar la avería. Muy mal....",Carlos,Revisado en España el 26 de enero de 2021
"si aún es nuevo, es una muy buena máquina","1,0 de 5 estrellas","pero después de 6 meses ya casi nada funciona. El café viene tibio, el proceso de preparación de repente toma 3 veces más tiempo.
Estoy decepcionado con la durabilidad de esta máquina.",Wi KK,Revisado en España el 17 de agosto de 2020
No ha cumplido mis expectativas,"1,0 de 5 estrellas","Se atasca constantemente, los posos quedan en el interior de la maquina y es muy dificil de limpiar, no es nada higiénica",kat RS,Revisado en España el 24 de diciembre de 2020
Sale agua,"1,0 de 5 estrellas","Tenemos que devolver la cafetera, pierde agua. Cuando arranca, salen cantidades importantes de agua de debajo de la máquina.",KrisMar,Revisado en España el 13 de junio de 2024
fallos,"1,0 de 5 estrellas",hola ahora la segunda vez no va bien hace muchas fallos,axel scholz,Revisado en España el 6 de enero de 2021
Insuficiente,"1,0 de 5 estrellas","Las instrucciones pone q hace 2 cafes a la vez y no es así
Hace un cafe detrás d otro",Josefina V.,Revisado en España el 4 de junio de 2020
Cafe molino casi imposible,"1,0 de 5 estrellas","Me cuesta muchisimo o casi imposible poner el piloto en el cafe molido, eso es normal?",Cliente Amazon,Revisado en España el 4 de junio de 2020
Penosa y no estoy contenta,"1,0 de 5 estrellas","No sirve para nada, al principio bien, luego ha dejado de funcionar sin más, es la cuarta cafetera de diferentes marcas y no sirve ninguna",Pilar Martín loeches,Revisado en España el 3 de agosto de 2019
Decepcionado,"1,0 de 5 estrellas","3años y pocos meses ha durado haciendo todo bien el mantenimiento , se a roto casi todo me dicen y me pedían 150€ más para repararla , sigo funcionando mejor con la vieja Saeco Intelia como el primer día olé 🥳",Damián Rengel,Revisado en España el 2 de abril de 2024
Es muy mala,"1,0 de 5 estrellas","El café horroroso, es complicada, tarda mucho en ponerse a punto. No
en 2 meses 2 veces a reparar, prácticamente sin uso.
Sale mejor echando granos de café incluso sin moler en agua hirviendo.
No la compre",antonio,Revisado en España el 29 de marzo de 2024
TODO PROBLEMAS,"1,0 de 5 estrellas","Malisima desde el primer dia! Nada mas ponerla en marcha pide descalcificador. Luego, a cualquier cosita que le pasa saltan los testers y para rematar a partir de los 3 meses me saltaban los fusibles de la casa, y no sabia de que era. Ahora sé que es de la cafetera. Debe de tener alguna fuga de agua por dentro y al hacer contacto saltan los fusibles. La tiraré a la basura...",ricardo asiain,Revisado en España el 2 de agosto de 2023
Decepcionante,"1,0 de 5 estrellas","Cafetera comprada en 2020 y al cabo de un año se estropeó el molinillo, la repararon y un año mas tarde se ha vuelto a estropear. Se gasta mucha agua. En la oficina tenemos una Cecotec desde hace 5 años y no nos ha dado ningún problema usando el mismo café, también hace el café mucho más bueno.
No recomiendo para nada la cafetera Philips",Esther,Revisado en España el 28 de enero de 2023
Materiales de MALA CALIDAD,"2,0 de 5 estrellas","Hace un café riquísimo, tiene un diseño bonito y es muy sencilla e intuitiva de usar, por eso la compré. La pega importante, es que para el precio que tiene, los materiales dejan mucho que desear. Todas las partes son de un plástico muy malo. Mi máquina de café solo tiene 2 meses pero no la he usado prácticamente porque no estoy en casa y ya tengo todas las piezas rayadas de haberlas fregado unas cuantas veces. El depósito de la leche está totalmente rallado y opaco y las piezas de la bandeja también. Parece que tenga 10 años de uso. Recién comprada parece un poco mejor pero ahora está fea de aspecto. Me parece que una marca como Philips, debería prestar más atención a estos detalles.",EE.,Revisado en España el 2 de agosto de 2024
No merece la pena comprarla,"2,0 de 5 estrellas","Hace cuatro meses que la compré y me he arrepentido. Si bien es cierto que hace unos cafés muy buenos también también hay que decir que la máquina falla muchísimo.
Se queda pillada y hay que desenchufarla y volverla a enchufar para que se reinicie.
Muchas veces, una vez que ha molido el café ( yo solo uso cafe en grano), sale como aguachirri porque no sé por qué motivo se queda el café una vez molido, atascado en el hueco donde se echa el café molido y hay que desatascarlo, de esta manera ya has tirado un café y así todos los días, hay veces que para tomarte un café te sale bien a la tercera.
Si fuese una máquina barata, pues bueno si tiene algún fallo pues podría llegar a entenderlo pero es una máquina muy cara y de una marca de prestigio, no entiendo que falle tanto.
No, la volvería a comprar ni esta ni una similar no la recomiendo por el alto precio que tiene y los fallos que da continuamente.
Tengo la máquina en perfecto estado, limpio el mecanismo y engrasado y ha estado dando ese tipo de fallos desde el primer día.",Jonatan Cano,Revisado en España el 21 de abril de 2024
ruidoso y desperdicia mucha agua,"2,0 de 5 estrellas","Cambié de una cafetera con cápsulas a esta enorme cafetera con molinillo de grano integrado para ahorrar en el coste del café... aunque efectivamente se ahorra dinero comprando café en grano en lugar de cápsulas, la máquina es grande, ruidosa, lenta en la preparación, desperdicia mucha agua al encenderse y antes de cada infusión. ofrece pocos ajustes para la cantidad de café o leche y no es posible eliminar todo el desperdicio de Aqua... si volviera atrás no la compraría de nuevo.",SPACCAPALLE,Revisado en España el 14 de mayo de 2024
Falla,"2,0 de 5 estrellas","Después de un año ha empezado a perder agua y se bloquea encendiéndose los 3 pilotos rojos. Hemos solicitado asistencia técnica, la repararán si es posible o nos la cambian o reembolsan el importe. Pero por lo que he leído espero que me hagan el reembolso porque este fallo veo que es recurrente. Una pena, estábamos contentos con ella.",Jos,Revisado en España el 20 de junio de 2024
Muy difícil de limpiar,"2,0 de 5 estrellas","Tenía que limpiarla cada día, si no, se llenaba de moho blanco, por más calidad que tuviesen los granos de café.
La limpieza no es para nada fácil, además, la cafetera llena de pozos de café todo el interior, lo que hace aún más difícil su limpieza.
En lo que respecta a ruido, es ruidosa, tampoco algo insoportable. El café sale bueno y es fácil de usar, si no fuese por lo difícil que resulta limpiarla, la recomendaría.",Antoni,Revisado en España el 4 de mayo de 2024
Decepcionante,"2,0 de 5 estrellas",Vengo de tener dos saecos y me decanté por esta para el negocio. Una decepción porque no muele suficientemente fino el café por mas que lo ajusto por lo que sale muy rápido y con poca crema. Soy un enamorado del barismo y no me esperaba grandes resultados pero tampoco tan malos. A devolverla.,Javi,Revisado en España el 12 de abril de 2024
Café muy aguado.,"2,0 de 5 estrellas","La verdad es que estoy adaptándome a ella pero al empiezo a odar un poco
Nos gusta el café muy intenso y cremoso y lejos de la realidad. Sale aguado súper aguado. He probado distintos puntos de molienda y no hay manera...hemos hecho bastantes cafés para ver si era por eso, con el consecuente gasto de café y nada de nada.
Tambien me gusta el café enorme y no tengo la posibilidad.
Estoy planteando devolverla ya que no me parece muy normal y volver a las automáticas pero me da rabia.
En fin, no tengo buena experiencia.",CRISTINA MDV,Revisado en España el 23 de noviembre de 2023
No volveria a comprala,"2,0 de 5 estrellas","Tenia una expreso y quise cambiarla por automatica,
Llevo gastado un dineral en cafès de marcas buenas y el cafe sale aguachirri,lo he probado de hacer de todas maneras,expreso amaricano cortado y nada,no hace ni tan suquiera espuma,he tenido un desengaño mayusculo,en tres meses he probado 5 clases de café y nada,agua con color.si alguien se ha encontrado igual que yo,me gustaría me dijera como hacer para obtener un café com es debido",Amalia Muñoz,Revisado en España el 7 de febrero de 2024
Despues de 1 año de uso,"2,0 de 5 estrellas","Despues de un año de uso esta cafetera me deja con sentimientos encontrados, por un lado hace un café bastante bueno( dependiendo del cafe que utilices obviamente) pero el tema del infusor es para echarle de comer aparte, tiene menos tecnologia que un botijo, hay que sacar el infusor cada poco tiempo y matarse literalmete a limpiarlo porque sino pilla moho en cada una de sus partes, cosa que con otras marcas (Delonghi por ejemplo) no ocurre ya que su infusor esta mas hermetizado y es tecnologicamente superior.
Ahora mismo si tuviera que comprarla seria una opción que descartaría totalmente, de echo estoy deseando que se estropee para comprar otra cafetera",Cliente Amazon,Revisado en España el 3 de julio de 2023
no la he probado,"2,0 de 5 estrellas","No se si opinar, la cafetera venía desprecintada, el embalaje deteriorado y doblado por los picos, la documentación abierta, no era como cuando abres algo que no ha tocado nadie, parece provenir de una devolución, también aparece como recogida el día 28/11 y la he recogido el 29/11. Aun no se si devolverla, la probaré a ver si funciona, no estoy satisfecho como ha llegado el paquete. La valoración está hecha en base al estado del paquete. Aun no probada.",Germán Vaca Humanes,Revisado en España el 29 de noviembre de 2023
NO RECOMENDABLE,"2,0 de 5 estrellas","Aunque el aspecto y materiales son buenos, la máquina deja mucho que desear en cuanto a su funcionamiento. Para ponerla en marcha la primera vez y hasta que logras sacar un café ""decente"", tardas un buen rato y desperdicias bastante café. Luego está el tema del derroche de agua cada vez que la enciendes o apagas, que es realmente apabullante. Cuando logras ajustarla, el café no sale ni de lejos con la espuma o cremosidad que debería y para mas INRI, el espumador de leche en mi unidad no funcionaba, pues sacaba el vapor a chorros intermitentes y no hacía espuma ninguna, únicamente ruido.
Por el precio que tiene (309€) debería estar a la altura y funcionar perfectamente, pero no es el caso. Decepción con Philips y devuelta a Amazon. He adquirido una DeLonghi y aunque el precio ha sido superior, estoy encantado con ella y merece la pena la inversión.
Nada recomendable.",JLANCAR,Revisado en España el 13 de abril de 2023
Decepción,"2,0 de 5 estrellas",Complicada de usar y no entiendo que una cafetera que vale un dineral y que lleva un depósito para la leche no haga café con leche. Estamos para devolverla,Francisco Ruiz Rodríguez,Revisado en España el 15 de febrero de 2024
No hace los lavados,"2,0 de 5 estrellas","La tengo 2 años y medio. Antes de los dos dejó de funcionar correctamente. El primer ciclo de lavado lo hace más largo y el lavado del apagado no lo hace, tira el agua en la bandeja. Las gomas de las juntas se deterioraron al año con lo que las he tenido que cambiar y ya no consigo que funcione igual. Detenta que tiene el depósito de residuos de café lleno estando vacío, con lo que no hace el café y toca sacar la bandeja y toquitear el interior.",Jorge Navalón,Revisado en España el 2 de septiembre de 2023
"Café aguado, sin sabor","2,0 de 5 estrellas","Si te gusta el café, no te recomiendo en absoluto que compres esta cafetera. El café sale aguado, coge muy pocos granos de café y no tiene sabor. Además, tampoco te avisa cuando se queda sin café, ni cuando el depósito al que va el café que se ha utilizado, está lleno de agua.",Mar,Revisado en España el 12 de diciembre de 2023
"Cada vez que va a hacer un café, echa un chorrito de agua antes.","2,0 de 5 estrellas","Cada vez que va a hacer un café, echa un chorrito de agua antes (agua clara), lo que provoca que el café pueda estar algo aguado.

Tengo otra superautomática Philips, a la que esto no le ocurre.
En la otra, hace una preinfusión en la que ni siquiera gotea, y después sale directamente el café, no sale ni una gota de agua clara.
En cambio en esta cafetera no es así.
He visto vídeos y le ocurre a más personas.",Enrique,Revisado en España el 5 de septiembre de 2023
No cumplió las expectativas,"2,0 de 5 estrellas","En nuestro caso la máquina hacía un café muy aguado, la probamos con varios tipos de café pero no salía nada cremoso, que era uno de los motivos por los que compramos una superautomática.",José,Revisado en España el 21 de enero de 2024
"Mucho ruido,","2,0 de 5 estrellas","Este año pasado compre la cafetera Philips serie 2200,y quisiera saber si akguien le pasa lo mismo, me hace mucho ruido y me vibra bastante, es normal o solo me lo hace la mia. El cafe sale fantástico y muy bueno pero el ruido hace que no la tenga agusto, gracias.",Fernando Gimenez Regolf,Revisado en España el 13 de diciembre de 2023
No merece la pena,"2,0 de 5 estrellas","No volvería a comprar, el café lo hace muy flojo aguachirri prácticamente y eso que compré café lavazza, el espumador de leche ha dejado de funcionar bien no hace espuma solo lo llena de agua, de momento decepcionado",Manuel,Revisado en España el 26 de diciembre de 2023
No vale lo que cuesta,"2,0 de 5 estrellas","Como gran aficionado al café, decidí comprar una nueva cafetera y probar una de estas superautomáticas.
Elegí esta por estar en oferta.
Un mes después, la devuelvo porque no me convence, sobre todo, por los siguientes aspectos:

- Chorro de agua antes de cada café.
Esto es intolerable en una cafetera de 300€. Que te lo haga una barata de cápsulas, tiene un pase. Pero en una de estas no. Al final esto ha motivado la devolución al 90%.
- Cafés excesivamente claro.
Esto se debe a que ahorra mucho café. Muele una cantidad a todas luces insuficiente para los que nos gusta el café fuerte. O te los haces de 10 ml, o no convencen.
- Tira litros de agua.
Entre las limpiezas y los chorros antes de cada servicio, tira 2/3 del agua del depósito.

El café, si usas café bueno, sabe bueno, aunque muy diluido. Por lo demás, no vale lo que cuesta.
Me quedo con mi Gaggia express, que aunque tenga que moler yo el café, me merece 100 .veces la pena.",Pastor83,Revisado en España el 12 de abril de 2022
FIASCO DE CAFETERA.,"2,0 de 5 estrellas","Diseño bonito,hace buen café , el problema es la calidad de la cafetera .En menos de un ano dos veces a reparar y en las dos reparaciones cambios de piezas. En ninguna de las reparaciones fue por problemas de mantenimiento dado que tengo todos los productos de limpieza que recomienda la casa.
No entiendo como un producto de este rango de precio ha podido dar tantos problemas.
La reparación ha sido gratuita dado que estaba en garantía . El problema vendrá cuando se termine y se quede ahí cogiendo polvo por que será mas caro la reparación que comprar otra.

-------ACTUALIZACIÓN----1/6/23---------
Y como pronostiqué en mi última frase.la cafetera ha vuelto a fallar .Mandada al servicio de reparación ANOVO,empresa la cual tiene una puntuación en TRUSTPILOT de de 2.6 única opción de servicio técnico por parte de Philips.
El presupuesto de reparación asciende a mas de 200 euros, solo los portes de la cafetera 38 euros .
No gracias.",Ruben,Revisado en España el 28 de octubre de 2021
Calidad de café deja mucho que desear…,"2,0 de 5 estrellas","La descripción que mejor representa la calidad de esta cafetera es que no responde a lo que me esperaba, mucho plástico, necesita mucha agua, muy ruidoso y lento. Resultado del café no es lo que dicen, no tiene crema y el sabor no es bueno, me esperaba más de una máquina de 360 €.",Cliente Amazon,Revisado en España el 20 de marzo de 2023
Yo la devolví y compré la CECOTEC,"2,0 de 5 estrellas","Es bonita pero en casa somos MUY CAFETEROS y nos parecía muy flojo el café, la devolvimos SIN PROBLEMA y compramos por Amazon la Cecotec 8000 más cara pero hace 1 café de lujo",Antonio Miguel Rodríguez Valero,Revisado en España el 24 de mayo de 2023
Malísima Experiencia con esta marca,"2,0 de 5 estrellas","Se puede salvar por el café que hace, para todo lo demás pésimo . Pedida finales de marzo, continuos fallos a partir del mes de utilizar el equipo y en septiembre ha muerto del todo , ha dejado de encender. Mandada a reparar por no haber otra opción , directamente la hubiese devuelto. Esperemos resultado reparación",Antoñi C.,Revisado en España el 9 de septiembre de 2022
Saca mucha agua antes café,"2,0 de 5 estrellas","No entiendo porque sale tanta agua antes de hacer el primer café, supongo que de la limpieza que hace al encender la máquina queda resto y lo hecha justo antes del café, menos entiendo que me digan el Philips que es normal. Mirad el vídeo si sigue así la devuelvo, es casi una tercera parte de agua de más para un ristreto",Jaumere,Revisado en España el 4 de mayo de 2022
"Al cabo de un año dejo de funcionar, no hace vapor","2,0 de 5 estrellas","Todo bien hasta que dejó de funcionar, un año es muy poco, la calidad de los materiales deja mucho que desear, enviada a reparar y esperando ver que me cuentan....",José L.,Revisado en España el 24 de noviembre de 2022
Hace infusión de café,"2,0 de 5 estrellas","Hace un café aceptable pero parece muy aguado,además de soltar un chorro de agua antes del café ,(incomprensible!! ),cafe aguachirri incluso en ciclo corto y molinillo al mínimo,parece infusión de achicoria o jugo de calcetín sudado !!,al apagarla ...vuelve a soltar un gran chorro de agua,quien la diseñó no es amante del café,para cafe americano,perfecta,para amantes de café con cuerpo y sabor ,nefasta",J.Carlos,Revisado en España el 3 de abril de 2022
Se estropeo pronto,"2,0 de 5 estrellas","Mi experiencia con esta maquina no ha sido buena, Al 3er mes se rompio el molinillo y vino del servicio tecnico rayada la pantalla asi que aunque no estoy descontento con ella por sabor y funcionamiento, la experiencia no la puedo valorar bien ojala me habria durado mucho tiempo sin problemas",Cliente Amazon,Revisado en España el 28 de diciembre de 2020
Regular,"2,0 de 5 estrellas","El.sabor del cafe esta muy bien,
Tira agua en exceso, hay que vaciar la bandeja todos los días y el depósito del agua hay que completarlo con muy pocos cafés tirados",Cliente Amazon,Revisado en España el 20 de octubre de 2021
No es el cafe que esperaba,"2,0 de 5 estrellas",Si eres muy cafetero esa no es tu maquina.cafe sin cuerpo.facil de usar pero esta lejos de hacer un cafe como el del bar,esther,Revisado en España el 9 de enero de 2021
Mala experiencia,"2,0 de 5 estrellas","Mi experiencia no ha sido satisfactoria. Sa lasida del cafe no eta la adecuada. Se salua de la taza, no salía recto. Algo ha cambiado desde que Philips adquirio Saeco",Jose J. Fornes Revert,Revisado en España el 18 de enero de 2020
Hace mucho ruido,"2,0 de 5 estrellas","Tras tener dos cafeteras Jura, esta hace mucho mas ruido al moler y al bombear el agua",Ignacio G. Virgala Arruabarrena,Revisado en España el 15 de octubre de 2020
Café aguado,"2,0 de 5 estrellas","He probado a limpiar ,cambiar intensidad pero nada el café sale aguado no estoy nada contenta y la cafetera tiene 5 meses,,fatal",Ana,Revisado en España el 2 de octubre de 2020
Hay alternativas mejores,"2,0 de 5 estrellas","La cafetera no está mal, pero el sistema LatteGo es deficiente. El recipiente es muy frágil, se rompe fácilmente, y después pierde líquido. El repuesto es caro, por encima de los 50€. Si el espumador de leche automático no es algo a lo que le vayas a dar uso, hay cafeteras sin esta función mejores y más baratas. Si es una funcionalidad que sí necesitas, hay otras marcas con sistemas mejores. Esto aplica a todas las series de LatteGo,",David García,Revisado en España el 28 de junio de 2024
Duran 2 años,"2,0 de 5 estrellas","Voy por la segunda cafetera. La verdad es que pensé que la primera, que duró dos años, falló y tuvimos mala suerte. Pero compramos otra y ha durado exactamente lo mismo. Dos años es lo que duran entonces. No más. En ambos casos ha fallado lo mismo, el molinillo del café. Por lo que la cafetera ya no muele el café al igual que le sucedió a la anterior. Obsolescencia programada? Una lastima la verdad porqué por lo demás es una buena cafetera.
Probaré otra marca.",Trabaler,Revisado en España el 24 de febrero de 2024
Gasta mas agua que cafe,"2,0 de 5 estrellas","Cada 2x 3 se esta limpiando
Quando tienes que sacar 2 cafés primero sale uno luego el otro .
No sale lo suficientemente caliente .
Para limpiar es un rollo porque Cada x cafés tienes que lavar la máquina en su interior

Para calentar a leche sale un monton de agua ,
Al final tienes agua con espuma",Cliente Amazon,Revisado en España el 21 de noviembre de 2023
Mala,"2,0 de 5 estrellas","Como en todas las cafeteras Philips, de gama media/baja , el cafe salé mal : lo mas grave , sin espuna ! No es un cafe caliente. Muy ruidosa . Despues de 1 año el boton de encendido no responde, le cuesta mucho.",Valentin petre,Revisado en España el 26 de diciembre de 2022
"Rápida cafetera, la gestión no.","2,0 de 5 estrellas","La cafetera ha sido una odisea. En un principio me llegó la cafetera sin dos piezas( la rejilla y el espumador). Tras contactar con Amazon me dieron la primera solución rápida que todos conocemos que es devolverla pero era demasiado armatoste y preferí las piezas. Me dieron el contacto de Philips y de 5 días que me dijeron paso a un mes. La organización de esta empresa es pésima. Durante prácticamente el mes que estuve esperando las piezas y las más de 10 llamadas que hice seguramente, cada comercial o asistente me decía una cosa completamente diferente al anterior, desde periodo de entregar distintos lugares de procedencia distintos, negando el trabajo de los demás, diciendo que no tienen acceso a los datos del seguimientos en otros momentos si, pero nunca me lo podían facilitar.
La cafetera la ha descrito mi sobrina perfectamente cuando la vio: Tito, parece la mía de juguete. La calidad de los materiales es pésima pero es cierto que el café lo hace rápido pero un ruido infernal y cada vez el chorrito de agua que te echa al café nada más empezar es más continuado.
Podemos decir que la cafetera es resultona pero ya que nos ponemos aunque tengas que financiar me iría un modelo superior. Entre unas cosas y otras tuve que haberla devuelto, pero se me pasó todo plazo.",David Domínguez,Revisado en España el 2 de junio de 2022
"Una máquina sencilla, pero de baja calidad mecánica. Te","2,0 de 5 estrellas","Un gran defecto, tendras que limpiarla constantemente, tira muchísima agua.",Cliente Amazon,Revisado en España el 10 de julio de 2022
Regular,"3,0 de 5 estrellas",He probado tres marcas de café y con ninguno encuentro la manera de que salga espuma compacta de café. El molinillo lo he puesto en todas las posiciones y llevaré unos 50 cafés hechos y nada casi sin espuma y la poca que sale se va enseguida. Podía ser mejor.,Lola,Revisado en España el 19 de julio de 2024
"Bien, pero no lo que me esperaba","3,0 de 5 estrellas","Esperaba que hiciese más cremosidad al café (utilizo de muy buena calidad) y una pega que encuentro es que cuando la enciendes suelta bastante agua, y también cuando haces el café al principio solo sale agua, menos mal que ya la conozco y cuando termina de moler en un primer sonido sale unos chorritos de agua y al segundo sonido ya pongo la taza que me voy a beber, porque sino aguaría mucho el café para mi gusto.",Margarita Munar Perez,Revisado en España el 3 de julio de 2024
No es tan excepcional,"3,0 de 5 estrellas","En principio decir que gasta mucha agua,entre limpieza cada vez que enchufas y apagas…el cafe he probado uno de lor y sale exactamente igual a la de capsulas ..no hay diferencia de recien molido a la capsula…y si ,he probado a cambiar textura del molido…la compre guiandome por los comentarios,pero no me ha convencido…
Lo que me ha gustado…que se ha podido probar y devolver…",Elsesar,Revisado en España el 11 de abril de 2024
Mucha maquina para un pobre resultado,"3,0 de 5 estrellas","Pense que el resultado iba a ser mucho mejor. Si bien hay posibilidades de regular cantidad de agua y de cafe, el resultado no es lo esperado. Prefiero la cafeteras expreso manuales donde colocas la cantidad de cafe que quieras y la cantidad de agua que quieras. Ademas cada vez que la encendes derrocha una importante cantidad de agua, para luego comenzar a salir cafe.",ENTESANO J.,Revisado en España el 9 de abril de 2024
Esperaba más…,"3,0 de 5 estrellas","La he comprado guiándome por las reseñas, después de 6 cafés, un poco flojo, nos gusta largo de café y aún poniendo opción expresso y dos tazas muy flojo, sabe a leche.
Se desperdicia mucha agua también.
Por otro lado me dio la sensación que no era una cafetera a estrenar por mi, por el precinto de la caja y le faltaban etiquetas que veo en fotos de otras reseñas.

De momento la tendremos de prueba unos días y según veamos la devolveremos, tampoco es barata para el café que hace.",Juani,Revisado en España el 24 de enero de 2024
Es un poco complicada,"3,0 de 5 estrellas",No me gusta que no traiga instrucciones en español...y claras...yo aun no di echo un cafe normal y gaste un paquete...un poco decepcionada,Maca,Revisado en España el 4 de mayo de 2024
Muy lenta y delicada,"3,0 de 5 estrellas",Es lenta y demasiado delicada.,PAULA LEMOS SOTELO,Revisado en España el 3 de junio de 2024
No hace el café que espero.,"3,0 de 5 estrellas","Buen desempeño en general.
Panel táctil, buen diseño, pero definitivamente esta no es la máquina que te preparará un buen café.",Velislava Plamenova,Revisado en España el 5 de abril de 2024
Esperaba más.,"3,0 de 5 estrellas","En primer lugar, esperas que una ""superautomatica"" no te pida más que hacienda para poder trabajar, ya que si no le falta agua, le faltará café, y si no necesitará vaciar todo ese agua que derrocha. No soy conocedor de la experiencia con otras de este estilo, pero es un pesadilla todos los días tener que hacerle algo cuando lo que estabas esperando era comodidad y café listo y caliente con un botón. La verdad será que no es así. En cada 10 usos en 5 te va a faltar algo que aportar. Si si lugar está justo pegado al fregadero, probablemente no te suponga esfuerzo, pero en mi caso que mi cocina es grande y está a unos 4 metros, pues si es bastante molesto. No entiendo por qué no poner algo más grande para llenar tanto el café como el agua. Y poco decir de la minibandeja y el minicubo de los desechos... Si al menos tuvieras un café de 11 sobre 10 lo entendería, pero tampoco es así. Si es algo mejor que el molido (compro en tiendas especializadas, no en supermercados) y tampoco la diferencia es algo que cambie de mi cafetera de 60€ de filtro. No la recomiendo a no ser que sea un capricho o que te dé igual estar siempre pendiente de sus necesidades.",Enol López,Revisado en España el 15 de enero de 2023
TENGO MIS DUDAS AUN,"3,0 de 5 estrellas","Llevo 4 días probándola y no estoy muy convencida, para la cantidad de café que utiliza para hacer un expreso, no le encuentro la cremosidad ni la intensidad que esperaba.
Ojo! Con un buen café...
Es muy ruidosa, gasta muchísima agua para autolimpiarse.
Es fácil de usar, fácil de limpiar.
Es súper grande eso si.
Seguiré probando pero no me termina de gustar",Azahara,Revisado en España el 27 de noviembre de 2023
NO ES LO QUE ESPERABA,"3,0 de 5 estrellas","La compré pensando que iba a ser un café excelente de forma fácil y rápida, pues no. El café no es mejor que el que me hacía con mi máquina de 70 euros, incluso inferior podría decir. Hasta que comprendes el funcionamiento y lo pones todo en orden es bastante complejo. Siempre hay una pega, falta agua, depósito sucio o lleno, filtro, limpieza... Cada 6 o 7 cafés tienes que estar perdiendo mucho tiempo. Y para culminar todo, después de 2 meses de uso la máquina no muele bien el café y me sale fatal.
Encima no puedo descambiarla porque ha pasado un mes. No me la volvería a comprar.",Arantxa Núñez Cortés,Revisado en España el 25 de julio de 2023
La verdad esperaba mucho mas. Tiene varios fallor,"3,0 de 5 estrellas","Es mi primera cafetera superautomatica y la novedad del sabor de cafe de bar me hace verla con mejores ojos (de ahi mis tres estrellas en la puntuación). No obstante hay bastantes cosas que me disgustan:
- Sale agua cuando enciendes la cafetera, y tambien cuando la apagas. Desperdiciando muchos litros de agua. Claro, enseguida se llena el deposito de desagüe
- Sale agua (otra vez) justo antes de salir el café, con lo que lo diluye
- Hay 18 combinaciones, como tiene 2 modalidades (""expreso"" y ""cafe""), 3 posiciones de intensidad y 3 posiciones de cantidad, pues haz tus cálculos. Lo más triste es que al final (tampoco he probado todas) solo me han gustado 2 (expreso corto y medio con intensidad media), ya que prácticamente todas las demás saben a café aguado.
- Al hacer café para dos, no coje mas grano y lo hace del tirón, sino que hace el ciclo entero dos veces (muy rudimentario)
- Igualmente las combinaciones tampoco corresponden a la lógica. Por ejemplo dices intensidad media y expreso medio -> Te sale un café potente. Luego dices intensidad media y expreso largo -> Te sale un café con sabor aguado (pero si digo intensidad media?? porqué sale aguado?). Es que no.... no sirve de nada. Tantas combinaciones para luego no tener ningún sentido !!!!
Hombre ya! La voy a devolver y a tomar viento",Xavier,Revisado en España el 16 de octubre de 2021
No es oro todo lo que reluce,"3,0 de 5 estrellas",La máquina bien el problema es personal me gusta mucho la espuma y está por desgracia no tiraba como ami me gusta,oscar,Revisado en España el 19 de diciembre de 2023
Para ser de segunda mano está bien.,"3,0 de 5 estrellas",No vino adecuadamente enbalada y se deformó de la parte de atrás. Suerte que se pudo arreglar sin romper. tambien se deformó la bandeja delantera y esta ya no se puede enderezar.,Cliente Amazon,Revisado en España el 2 de noviembre de 2023
Parece de juguete,"3,0 de 5 estrellas","La verdad despues de probar con otra similar en calidad y precio esta me parece que fuese de juguete, el material es muy ligero y liviana en general, hace mucho ruido al encenderla parece que pasara un camion por la cocina sobretodo a primera hora, el gusto depende del café, y en cuanto a opciones no tiene mucha variedad, en general no me convence",Taton,Revisado en España el 27 de agosto de 2022
La caja venia toda rota y como golpeada.,"3,0 de 5 estrellas","La caja venia toda rota y como golpeada. Una sensación mala al ver un producto que cuesta bastante dinero, recibirlo asi…",Lucia,Revisado en España el 10 de marzo de 2023
Dos veces se me ha estropeado el molinillo,"3,0 de 5 estrellas","Dos veces he tenido que enviar la cafetera para su reparación por problemas con el molinillo. Desde el servicio técnico se escusan en que utilizo café torrefacto y eso es mentira, siempre he utilizado café natural (no quiero tomar azúcar con el café). Por lo demás, la cafetera hace muy buen café pero tiene este defecto con el molinillo y me ha pasado al cabo de 1 año de utilizarla, las dos veces.",tmart,Revisado en España el 7 de febrero de 2022
Cafetera,"3,0 de 5 estrellas","Creí sería más simple es complicada la selección de café que quieres, se complica el tema del agua cliente y no sale muy caliente, creo que hay mejores",Carlo B&B,Revisado en España el 4 de noviembre de 2022
A quién se le ocurre preguntar sabor!!! Depende del café que pongas. Es lenta,"3,0 de 5 estrellas","Es una máquina lenta, el espumador, lentísimo. Depósito de agua, pequeño. La medida de café XL es de 100 cm3",Paul P.,Revisado en España el 3 de diciembre de 2022
Me vino sin el filtro,"3,0 de 5 estrellas",Fácil de manejar y de limpiar.,Mavera,Revisado en España el 11 de marzo de 2023
Funciona bien pero la caja golpeada,"3,0 de 5 estrellas","La cafetera funciona muy bien. Tiene buen sabor. Lo único la caja, estaba como pongo en la foto. Por lo demas ninguna queja.

Gracias.",Victor,Revisado en España el 2 de enero de 2022
"La cafetera bien, pero engañoso","3,0 de 5 estrellas","La cafetera va a las mil maravillas. Pero me molestó que viniese el embalaje en ese estado, y sin sellar la caja, cosa que indica que el producto era reacondicionado, cuando en ningún sitio decía que no fuese nueva.",enrique,Revisado en España el 14 de septiembre de 2020
Buena compra,"3,0 de 5 estrellas","Fácil uso. Buen café, no excepcional, pero bueno",Cliente Amazon,Revisado en España el 30 de diciembre de 2020
Cafe,"3,0 de 5 estrellas","Hola quería preguntar porque esta cafetera no hace el cafe con crema espuma,tengo una normal i lo hace mucho mejor",nikolay,Revisado en España el 15 de marzo de 2020
Perfecta,"3,0 de 5 estrellas",Fácil de usar,Cliente Amazon,Revisado en España el 5 de diciembre de 2020
funcional,"3,0 de 5 estrellas","funciona normal. el deposito de cafe molido falla cada 2 por tres.
nada a destacar",Francisco Javier Sueiro,Revisado en España el 12 de febrero de 2020
Fotos de otro modelo,"3,0 de 5 estrellas",Las fotos de presentación sob del modelo 5400,Cosmin Alexandru Mavroian,Revisado en España el 18 de octubre de 2023
No hace el café muy guerte,"3,0 de 5 estrellas",Pierde mucha agua si te gusta el café con leche o capuchino no demasiado fuerte está bien pero en casa somos cafeteros y a pesar de probar varias marcas de café en esta cafetera nunca hace el café fuerte le falta aroma y sabor para lo que vale podría hacerlo más fuerte,Antonio Miguel Rodríguez Valero,Revisado en España el 17 de diciembre de 2022
Café bueno y limpia,"3,0 de 5 estrellas","Hasta el momento bastante bien, café muy bueno y fácil limpieza, pero gasta mucha agua, mucha. Entre la que limpia el surtidor cada vez y la que cae por el interior dentro de la cubeta. Ahora, después de 1 año y 3 meses también pierde agua por el exterior. Envío a reparar. Si la reparación la gestionan eficientemente, sólo lamentaré las molestias por la pérdida de tiempo. Ya veremos.
Actualización: justo antes de enviar a reparar por pérdida de agua exterior, se encienden los pilotos rojos de alarma, los 3 a la vez, y deja de funcionar. A la espera de respuesta del servicio de garantía de Amazon.
Actualización: En pocos días me devuelven la cafetera reparada. El servicio perfecto.
Confío que no vuelva a fallar!",Maite,Revisado en España el 23 de marzo de 2022
Buen café con un GRAN pero...,"3,0 de 5 estrellas","En general es una buena máquina para el precio que tiene y el café que hace es más que aceptable. Obviamente por el rango de precios en los que se mueve los materiales son de plástico y es ruidosa pero nada que afecte a la calidad del café. El gran problema que le encuentro es que justo después del proceso de molido, antes de empezar a echar el café echa UN CHORRO de agua a la taza. Es algo extremadamente molesto y que no siempre lo hace, hay veces que solo echa unas gotas y otras (como en el vídeo que he publicado) en las que se ve un chorro de agua. No estoy seguro de si es un problema específico de mi máquina o es algo generalizado pero la cafetera de mis padres no lo hace (De'longhi Magnifica S Ecam 22.110.B).
Otro detalle por el que no le doy mejor puntuación es porque el diseño de la rejilla donde reposa la taza no está bien pensando y acaba manchando las tazas por abajo y consecuentemente la mesa. Esto se debe a que tanto al encender como al apagar la máquina realiza un proceso de limpieza en el que echa agua y esta agua cae encima de la rejilla manchándola. Insisto en que los detalles no afectan a la calidad del café pero es algo realmente molesto, me estoy planteando devolverla.",Juan,Revisado en España el 15 de abril de 2020
"Buena cafetera, pero con inconvenientes","3,0 de 5 estrellas","Me gusta
Hace muy buen café i es muy facil de usar
En contra
Si ajustas el molinillo muy fino no para de atascarse i a cada momento estan las tres luces encendidas i no funciona.",xavinene,Revisado en España el 15 de diciembre de 2020
De plástico,"3,0 de 5 estrellas","No la he comprado y no puedo opinar al respecto sobre su funcionamiento, pero he de decir que la descripción está mal, y no es de acero inoxidable sino que es de plástico. También, a día de hoy (15/01/2020) esta de oferta en el corte inglés por 269€.",Cliente Amazon,Revisado en España el 15 de enero de 2020
Bien mientras duró,"3,0 de 5 estrellas","Funciona muy bien, todo correcto. Hasta que....... pasada la garantía, se estropea. Va a salir más a cuenta coger las cosas por renting 😒😒😒",Antonio,Revisado en España el 24 de julio de 2024
Muy buen café. También algo ruidosa,"4,0 de 5 estrellas","Me ha gustado mucho esta cafetera. En mi opinión (aunque también es verdad que no soy muy entendido), el café que hace es bastante bueno, consiguiendo la cremosidad que a mi me gusta
Es sencilla de usar y permite tanto café en grano como café molido

Pero también tiene pegas: La mayor de ellas, en mi opinión es que es muy ruidosa. Se trata más bien de la bomba de calor. Cuando actúa es un tanto incómodo
La otra pega que le podría sacar (aunque no tiene porqué serlo) es el consumo de agua. Me parece muy elevado, pero podría justificarse en que al encenderse y apagarse la cafetera, realiza una limpieza del circuito de café, con lo cual, como he comentado, puede estar justificado

En general, muy recomendable desde mi punto de vista",Oscar,Revisado en España el 24 de mayo de 2024
Versátil,"4,0 de 5 estrellas","Calidad-precio me ha gustado mucho. Hace un buen café aunque para mí ninguna va a ser como una cafetera expresso tradicional. Sin embargo es mucho más fácil, limpia, no es muy cara y es un modelo muy bonito. Un poco grande, como todas las de su clase.",Alberto M.,Revisado en España el 7 de agosto de 2024
Buena cafetera. Todavía probando más tipos de café,"4,0 de 5 estrellas","Es una gran cafetera. Me encanta el café y suelo tomar 2 o 3 tazas diarias. Estaba harto de las cápsulas y su sabor lamentable, asique me lancé a por ésta.
En primer lugar, una gran tolva para almacenar café, unos 250 gramos de granos de café. También cuenta con una entrada para café molido (bypass) por si se quiere tomar descafeinado o otro tipo de café.
Tiene botones táctiles, algo que no me gusta en un electrodoméstico, y a veces es complicado que te hagan caso. También cuenta con un recipiente para agua, con su filtro integrado intercambiable y una bandeja para residuo de cápsulas y agua residual.
El sabor del café me gusta. No es muy grande, ocupa unos 40 centímetros de fondo por unos 20 de ancho y 25 de alto, aproximadamente.
Lo negativo es que cuando muele es bastante ruidosa (obvio) y que gasta bastante agua. Al encenderse se limpia con agua, antes de un café se limpia con agua y al apagarse se vuelve a limpiar, espero que eso haga que la duración se alargue.
Lo peor de todo es que es complicada de limpiar. Hay que sacar la unidad de prensado y filtrado, limpiarla bien y volverla a introducir, y a veces da fallos, teniendo que sacar dicha unidad y recolocarle alguna pieza movil.
En definitiva, estoy bastante contento con esta máquina. Y creo que el café que hace a todos mis invitados les ha gustado.",Miguel Ángel P,Revisado en España el 10 de febrero de 2024
mucho ruido,"4,0 de 5 estrellas","la maquina está muy bien pero demasiado escandalosa, hace mucho ruido al encender, apagar, poner el café....",Cliente,Revisado en España el 24 de julio de 2024
Lo que esperabawe,"4,0 de 5 estrellas","Todavía le estamos pillando el punto pero para lo que la queríamos nos va perfecta. Al principio un poco de trabajo para cambiar las configuraciones y las cantidades de bebida que trae por defecto pero nada complicado; siguiendo las instrucciones se hace sin problema. Por cierto, podéis encontrarlas fácilmente en la web de Philips para leerlas antes de realizar la compra y ver si os encaja con lo que estáis buscando.

Aviso: En principio solo tiene una bebida con leche pero como puedes cambiar la configuración si lo ajustas puedes tener sin problema un cortado y un café con leche con el botón de cappuccino sin problema.

Al cambiar la configuración de las bebidas lo que haces es ajustar la cantidad máxima que va a salir y automáticamente ajusta el resto. Por ejemplo, cada bebida tiene tres cantidades definidas. Si ajustas que un café largo en su cantidad máxima sea de 200ml, la mediana será 100ml aprox y la mínima se queda en unos 60ml aprox. (evidentemente, eso no quiere decir que solo puedas ajustar a 200ml, es un ejemplo, pero ya me conozco a los que después se quejan porque leyeron en una opinión que era a 200ml y ellos no lo tienen así bla bla bla)

En resumen, siempre que uses buen café está perfecta si la quieres para un uso doméstico básico.",Marta EV,Revisado en España el 4 de febrero de 2024
Bien,"4,0 de 5 estrellas","La máquina hace lo que se supone que debe hacer. El recipiente para el agua podría haber sido un poco más grande y la limpieza es un poco complicada, y el recipiente para el café y el agua hay que vaciarlo todos los días. Pero por lo demás todo bien",Maren Vierle,Revisado en España el 12 de junio de 2024
Muy sencilla,"4,0 de 5 estrellas","Es rápida, sencilla de usar y el café sale estupendo. Como pega es verdad que hace el ruido de un camión con el molinillo. Se limpia sola cosa que se agradece y por lo demás muy intuitiva.",ANTO,Revisado en España el 5 de junio de 2024
Bien para el precio,"4,0 de 5 estrellas","Estoy contenta, vengo de una cecotec que no me ha dado más que problemas. Esta cafetera funciona muy bien, el café lo hace bueno.
El problema es que se autoapaga y tarda bastante en encenderse, calentarse y cada vez hace el lavado.
Pero bueno es lo que tiene este tipo de cefeteras.",Laura,Revisado en España el 21 de mayo de 2024
Llegó en perfectas condiciones,"4,0 de 5 estrellas","Aún comprando una, que especificaba de Segundamano, solo tenía el embalaje dañado, estaba sin estrenar solo que la abrieron quien fuera.
Por el resto aún probando cafés de varios tipos y como hacerlos de una manera u otra.
Creo que está bastante bien para el precio ofertado.",Cliente Amazon,Revisado en España el 17 de mayo de 2024
Importante ajustar el nivel de molienda,"4,0 de 5 estrellas","Es importante ajustar el nivel de molienda para un correcto resultado. Cuanto menor sea el grado, más fino será el cafe y mayor intensidad tendrá. El espumador no es una maravilla pero es más que suficiente para conseguir un cremado decente.",Juan,Revisado en España el 9 de mayo de 2024
"Buena calidad, buen cafe","4,0 de 5 estrellas","La tengo ya hace un par de meses. Es un aparato de calidad, que hace muy buen café, y con las regulaciones que necesito (más me sobrarían).
Dos pequeños puntos negativos:
1 - Cuando vacías el depósito de posos tras haberse encendido el aviso, a veces se queda el piloto encendido y no deja seguir. Hay que abrir y cerrar la bandeja varias veces hasta que se resetea
2 - el depósito de café en grano no tiene mucha inclinación, y hay que empujar el café hacia el lugar del molinillo cuando se va vaciando.
Por lo demás super contento, la volvería a comprar",JORGE SANZ TERRADA,Revisado en España el 20 de marzo de 2024
muy buena cafetera,"4,0 de 5 estrellas","Cafetera superautomática de primera gama que cumple con lo prometido. Hace buen café, puedes espumar la leche con el vapor, puedes preparar infusiones con el agua calienta que dispensa... Permite escoger intensidad y cantidad del café a preparar. Es rápida.

Pros
Rápida, fácil de manejar.
Contras
Realiza limpiezas al encender y apagar, por lo que expulsa bastante agua y hay que dejar un vaso al encender y apagar la máquina, si no, se te llena muy rápido de agua la bandeja.",alberto,Revisado en España el 2 de abril de 2024
Buena compra,"4,0 de 5 estrellas",Calidad y buen cafe,Dani 77,Revisado en España el 30 de mayo de 2024
capuchino correcto,"4,0 de 5 estrellas","Me gusta casi todo de esta cafetera, la molida, el extracto, el calentador de leche, el poder elegir café molido por si quiero tomar otro tipo de café o descafeinado. Agua caliente. Todo esto es un 10. Pero...
Fallos graves: La leche no sale sola, es obligatorio moler cafe para que caliente la leche.
No se puede desprogramar el apagado automático y entonces pierde mucho agua cada dia apagando y encendiendo la maquina a cada café.
No se puede regular la cantidad de leche. Es fija.
Con lo cual estas pagando una pasta y no puedes hacerte un cortado o un cafe
con leche, solamente capuchino.",Roberto,Revisado en España el 10 de febrero de 2024
Buen cafe,"4,0 de 5 estrellas","En cuanto al aspecto físico: es muy bonita, aunq ocupa bastante espacio. Se desmonta bastante fácil para ser limpiada.
Uso: al principio me costo un poco el tema de la configuración, no sabia como afectaba el grosos de la molienda en la intensidad, ni la temperatura del agua… pero poco a poco, investigando, encontré la configuración que nos gusta. Puedes personalizar, el ajuste de la molienda (tener en cuenta que a mas número mas grueso el grano, lo que quiere decir menos intensidad), la temperatura del agua ( cuanto mas caliente el agua mas intenso el sabor), la longitud del café y la intensidad. Además, me encanta que tenga la posibilidad de usar café premolido, con lo que si quiero descafeinado lo puedo tomar. Te avisa cuando tiene poca agua, poco café y demasiados posos. Casa vez que se enciende se limpia y al acabar cuando lo apagas también. Y el espumador funciona a genial.
Si bien es verdad, que el agua caliente para infusión sale poco caliente.
Muy contenta en general.",Criscoe,Revisado en España el 5 de noviembre de 2023
Todo ok,"4,0 de 5 estrellas","A diferencia de la anterior cafetera de la marca Cecotec tengo que reconocer que la diferencia es abismal. Hace bastante menos ruido, gasta menos agua en las limpiezas, lleva sistema aqua clean y filtros y es más sencilla de manejar. Tarda menos en encenderse y el café igual de bueno. Es más barata y ocupa menos espacio. Ahora habría que ver la duración pero eso con el tiempo.",Carlos,Revisado en España el 7 de marzo de 2024
CASI PERFECTA,"4,0 de 5 estrellas","Nos encanta casi todo en general. Nos gusta el café y todavia estamos buscando qual serà el mejor. Pero he de decir que el que aconseja en su compra (l'Or intensidad 9), a nosotros nos ha gustado mucho. Si te gusta un café fuerte, lo suyo es buscar uno con máxima intensidad y luego programar el molinado mas fino y seleccionar la opción mas intensa. En fin, tienes que ir probando hasta dar con lo deseado a tu gusto, pero vaya, que nosostros lo hemos clavado a la primera. Probaremos, eso si, un café un poquitin mas fuerte.
Tambien nos encanta que tenga para hacer café ya molinado, lo utilizo para el descafeinado....y queda estupendo.
Y ahora, por lo que es la màquina.... Tiene un diseño muy elegante, dentro de ser grandota, es de las mas finitas, ocupa lo suyo, pero queda muy bien en su rincón. El manejo es fácil y intuitivo, no hemos tardado en adaptarnos, en 15 dias le tenemos el tranquillo. Ahora bien, no le doy 5 estrellas porque gasta mucha agua. Limpia cuando la enciendes, antes de ponerse a punto para su primer café y buelve a limpiar con agua cuando la apagas. No gastaremos en capsulas, pero en agua.... Pero bueno, supongo que al final es para que esté siempre correcta. A parte de este detalle del agua, por lo demas estamos encantados. La tenemos desde Navidad y ya no la cambiamos por ninguna.",Ester,Revisado en España el 3 de enero de 2023
Buen café,"4,0 de 5 estrellas","Me gusta la calidad del café, aunque tiene poco estampación para el agua y para el café con lo que hay que rellenar muy a menudo, un inconveniente no hay manera de hacer el café (descafeinado en mi caso) del depósito pequeño",marta,Revisado en España el 23 de marzo de 2024
muy contento con la cafetera,"4,0 de 5 estrellas","de momento estoy probando pero creo que he hecho una buena compra, estoy encantado sin peros.",Carlos,Revisado en España el 14 de abril de 2024
Hace lo que dice,"4,0 de 5 estrellas","Pues por el título parece que no esté contento, pero la verdad es que la cafetera cumple bien haciendo cafés recién molidos. El problema principal para mi, es la gran cantidad de agua que se gasta, que a pesar de haber leído algún comentario, no imaginé que sería tanto. Gasta agua cuando la enciendes y cuando la apagas. Cada cierto tiempo, tienes que vaciar el depósito de café utilizado y cuando lo quitas, ves que hay bastante agua en la bandeja recolectora. Así que aprovechas para darle un lavado y dejarlo preparado, por lo que haces más uso de agua. Por otro lado, otra cosa que no me gustó, es el poco cuerpo del café, a penas tiene espuma. Cualquier café con leche que hacia sin utilizar el espumadera, era como si pidiese un café con leche en el hospital. La maquina como tal, se ve muy bien acabada y está bastante bien pensado todas las compuertas y piezas que se sacan. Con todo, le pongo 4 estrellas porque 3 me parece demasiado castigo.",JMR,Revisado en España el 5 de agosto de 2023
buen café sin mas complicaciones,"4,0 de 5 estrellas","Buscaba una cafetera que solo hiciera buen café , sin depender de capsulas ni atarte a una marca , ya he probado distintas marcas , y tipos de capsulas buscaba buen café sin mas fuera sencilla y poco mas leí muchas revisiones aquí antes de decidirme por este modelo buscaba algo completo pero sin complicaciones de pantallas táctiles y demás después de un mes de uso puedo contar mi experiencia .
La cafetera hace buen café si , decir que tiene buen sabor pues también depende del café que uses no solo de la cafetera , he probado varios y encontrado uno que me ha gustado bastante , buen sabor buena crema y que no se queda aguado .
La cafetera tiene muchos avisos , falta agua , el deposito lleno que te avisan cuando necesitas vaciar o llenar curioso que para el café no te avise de que no queda .
Leí antes de comprarla que tira agua para hacer la limpieza antes y después de cada uso , puede ser engorroso pero entiendo que es parte del mantenimiento de la maquina , es con su uso acabas sabiendo cuando sale el café .
El ruido del molinillo es alto , pero lo normal no lo veo excesivo , como otro molinillos o cafeteras con el integrado .
Por lo demás estoy bastante contento con ella , buen café recién molido y bastante automático no echo en falta de nada .
recomendable",jose antonio,Revisado en España el 25 de agosto de 2022
INTUITIVA-FÁCIL-PRÁCTICA,"4,0 de 5 estrellas","Llevo poco con ella. Es una valoración temprana, pero ahora mismo he de decir que es una superautomática a buen precio. Opciones de molido, de cafés, de intensidad, etc. Fácil de usar. En pantalla todas las posibilidades (americano, expreso, largo, corto). A un toque, tu café molido al momento. Eliges grosor de molido (me parece que hay 10 o 12 opciones). No es sofisticada, y por ejemplo no memoriza tus preferencias, pero a mi eso me da igual. La capacidad del depósito del agua y café, como la mayoría. De momento contento, cumple expectativas.",Carles,Revisado en España el 3 de diciembre de 2023
"Café espectacular, pero...","4,0 de 5 estrellas","Tengo la máquina desde Enero. Cosas a comentar.
- EL CAFÉ ES EXCELENTE.
- Al mes te has convertido en un técnico de Philips especialista en cafeteras y con ofertas de programas de bricomanía.
- Si le metes café torrefacto, te la cargas y no te aceptan la garantía. El torrefacto tiene azucar y se carga el molinillo.
- Si no limpias la unidad de café CADA SEMANA, puedes acabar bebiendo café con gusto ""especial"" (moho). No es difícil de limpiar.
- Tienes que engrasarla CADA MES.
- Tienes que ir con más cuidado que un Transformer en una cristalería. Es delicada la criatura.
La pregunta es: ¿Me la volvería a comprar?
Respuesta: si, pero acepta todo lo anterior.",Cliente Amazon,Revisado en España el 8 de octubre de 2023
Cafetera de calidad,"4,0 de 5 estrellas","La Philips Serie 2200 es una cafetera superautomática de alta calidad con una amplia variedad de opciones de preparación y personalización. Tiene una pantalla táctil intuitiva y es fácil de usar, y está construida de manera robusta y atractiva. Su depósito de agua de gran capacidad y recipiente de granos de café ajustable son muy convenientes para aquellos que deseen preparar grandes cantidades de café de una sola vez. Sin embargo, el proceso de limpieza del motor puede ser tedioso y el tamaño es algo mayor en comparación con otras opciones del mercado.

Además, tiene una amplia variedad de opciones de personalización y un sistema de molienda ajustable, pero también tiene un precio más elevado que algunas otras opciones del mercado.

En resumen, la Philips Serie 2200 es una excelente opción para aquellos que buscan una cafetera superautomática de alta calidad con muchas opciones de personalización, pero es importante tener en cuenta sus limitaciones en términos de limpieza del motor y tamaño, así como su precio más elevado",Víctor,Revisado en España el 2 de enero de 2023
Es digital y es muy fácil de utilizar,"4,0 de 5 estrellas","En general está fenomenal ... lo que menos que cada vez que vas a hacer un café hace como un reseteo de la maquina y sale un poco de agua que hay que eliminar porque a continuación sale el café .

Pero por lo demás esta genial",Maria,Revisado en España el 18 de diciembre de 2023
Muy bueno el café pero mucho derroche de agua,"4,0 de 5 estrellas","Play Video
Me ha gustado el diseño y la cafetera da buen café aunque solo la tengo 3 semanas, aún estamos ajustando la molienda pero es buen café, la única pega que veo es que gasta muchiiisima agua, llamaré al fabricante y que me den explicaciones, por lo demás estoy contenta",Angeles,Revisado en España el 1 de diciembre de 2023
Mucho mejor que las capsulas,"4,0 de 5 estrellas","Funciona bien, el calentador de leche regulin.",Pau,Revisado en España el 6 de enero de 2024
Buena cafetera,"4,0 de 5 estrellas","Muy buenos cafés, solo hay que aprender el truco de cómo hacerlos. Por poner un pero, que tira algo de agua antes de hacer cada café.",Jose Luis,Revisado en España el 6 de diciembre de 2023
Se puede mejorar.,"4,0 de 5 estrellas","Hace buen café, pero para haber adaptado el sistema se Saeco, podían haber hecho algunos cambios, por ejemplo, que la máquina al encenderla hiciera el lavado inicial por dentro y no por la salida del café, más de una vez coloco la taza con los azucarillos al encenderla y te encuentras la aventura, venía de una Krups que esto no lo hacía.
Con respecto al depósito del grano, diseño mejorable, tiene muchos recovecos y el grano se queda pado ahí.
Con respecto a la cantidad de agua, seré muy tiquismiquis, pero no me gusta que solo tengas 3 opciones de cantidad, donde esté un potenciómetro para regular la medida que se quiten lo pulsadores.
Bueno, no se puede tener todo, estéticamente está bien.",Norberto,Revisado en España el 22 de noviembre de 2022
Practica y rapida,"4,0 de 5 estrellas","Está muy bien en general.Es sencilla,rápida en preparar el café.Por poner lo que no me gusta sería la cantidad de agua que gasta y lo grande que es.",david,Revisado en España el 25 de noviembre de 2023
Funciona bien y es fácil de usar,"4,0 de 5 estrellas","Para mi este modelo es suficiente. El lattego me parece un apijadilla teniendo encuenta que tienes el espumador tradicional y hace lo mismo y siempre puedes comprar el depósito de leche más adelante. Es muy sencilla de usar y funciona muy bien. Viene con un filtro para la cal del agua lo que es muy útil para alargar la vida de la máquina, también viene con un tubito de grasa para lubricar el mecanismo de la cafetera. En resumen, una muy buena relación calidad -precio y un diseño bonito. Las hay más silenciosas y rápidas quizás, pero bastante más caras...",rafael,Revisado en España el 11 de febrero de 2023
Buena cafetera,"4,0 de 5 estrellas","Funciona muy bien, fácil de usar y hace un café muy bueno. La única pega y por eso no le di cinco estrellas es que el depósito del agua es pequeño y cada vez que la enciendes tira un poco de agua pero por lo demás bien",hugo,Revisado en España el 14 de septiembre de 2023
Buena calidad precio.,"4,0 de 5 estrellas","Hace buen café. En la 2200 tienes 2 modos de café tres intensidades de grano y tres volumenes de agua. Ademas de las 12 posiciones de molido. El modo 2x cafes es basicamente que ejecuta 2 veces el mismo cafe que le has pedido. Vamos que ahorras unos 2 segundos si y solo si quieres 2 cafés iguales... Por otro lado, suelta mucha agua al encenderse y apagarse (aunque creo que el ciclo de limpieza se puede configurar para que solo lo haga cuando quieras). El sensor del agua del deposito salta cuando aun queda un 10/15% de agua. Por lo demás, no hace demasiada crema en el café, pero es correcto. El nivel de ruido es bajo y el by-pass para cafe molido es muy util para hacer descafeinados.",Cliente Amazon,Revisado en España el 9 de octubre de 2022
Calidad precio aceptable,"4,0 de 5 estrellas","Casi todo bien, menos el depósito de café en grano, tiene poca inclinación y tienes que estar ayudando para juntar el café en la entrada al molinillo, cuando tiene la mitad o menos.
Pero el café muy bueno.",Alberto,Revisado en España el 13 de septiembre de 2023
Esperaba más,"4,0 de 5 estrellas","La verdad es que la compré porque la que tenía desde hacía 5 años, una Saecco, falló de repente y necesitaba urgentemente una cafetera de este tipo. Me llamó la atención que se describe como de acero. No es de acero. Es todo plástico. La opción de todo muy táctil me da algo de miedo. No sé si le dará por fallar pronto. Espero que no, porque tampoco es ningún regalo de precio. El café lo hace bien, aunque la anterior conseguía mayor espuma del café. Pero la tengo hace muy poco y es posible que ella sola se vaya ajustando. Por comparación, la limpieza es algo más compleja, porque las piezas a limpiar están interconectadas, así que cuando te pide limpiar la borra, hay que sacar también la bandeja. No es mucho problema y entiendo que me acostumbraré también a esto. Aunque me esperaba más, las cafeteras superautomáticas me parece un gran descubrimiento. Yo no necesito los latte ni cafes con espumas de leche, así que este modelo más asequible me viene bien. Cruzo los dedos para que dure algo más que la otra.",Dolores,Revisado en España el 2 de agosto de 2020
Cómoda y fácil de usar,"4,0 de 5 estrellas","La tenemos un mes ya y pienso que su mayor ventaja es la comodidad de darle al botón y tener el café calentito en menos de un minuto. El ruido del que algunos hablan, no es para tanto, el desgaste de agua tampoco. Lo que menos me gusta es que tengo que poner bastante cantidad de café para que el café con leche tenga sabor, en cambio el modo ""expreso"" es intenso, para nada aguado, eso sí, hay que ponerle la intensidad a tope. En el modo de ""café"" sale un poco aguado, es más para gente a la que no le gusta muy fuerte. La temperatura correcta, pero ya venía al máximo de fábrica, sin posibilidad de aumentar. Otro punto negativo es que si le das a hacer 2 cafés à la vez, primero prepara uno, luego vuelve a moler y prepara el otro, no es como en los bares que ponen las 2 tazas y se preparan los 2 a la vez, no sé si en modelos superiores lo habrán cambiado. Sobre el sabor del café, depende del grano que uses, aún no he encontrado uno que me encante, pero eso entiendo que no depende de la cafetera. Era un regalo para mi marido, y él está muy contento. Además fue un ofertón antes de Navidad.",Laura,Revisado en España el 26 de enero de 2020
Buena compra,"4,0 de 5 estrellas","Es la segunda que pruebo. La primera la tuve que devolver porque no me cogía el café del departamento de café molido y salía totalmente aguado. Haciendo alguna modificación hace buen café, intenso y con crema. En una rebaja de Amazon la cogí a 259,99€. Más barata que con el 10% del Corte Inglés Club. Se gasta bastante agua en limpieza de los conductos al encender y apagar la agua. También cuando te vas a hacer un café y presionas suelta unas gotitas de agua antes. Pero eso te esperas un poco y pones la taza después. Calidad-precio de lo mejor. El espumador de leche muy rápido y saca espuma.",Pelayo,Revisado en España el 17 de septiembre de 2022
Buena,"4,0 de 5 estrellas",Buena maquina.Aunque da falsas alarmas de compartimento lleno.Dificil de limpiar interiores.Mucho ruido.Cafe no muy caliente,Peralbo,Revisado en España el 1 de noviembre de 2023
Valoración,"4,0 de 5 estrellas","Después de varias semanas de uso diario, hago mi valoración sobre la cafetera.

Maquina en lineas generales muy buena.

Pros:
- Saca un buen sabor del café.
- Variedad a la hora de la molienda.
- Intensidad y longitud del café.
- Facilidad de uso.
- Buen tamaño en los depósitos de agua y café.

Contras:
- Para mi el contra mas importante y creo que es un defecto que philips debería solucionar de manera inmediata es que tras la limpieza de la maquina inicial, no acaba de echar todo el agua del circuito y cuando haces el primer café, si no estas atento, cae un primer chorro de agua. Esto solo ocurre en el primer café después de encender la maquina, en los siguientes no se vuelve a apreciar.",Carlos P.,Revisado en España el 8 de julio de 2021
Contento con mi café como de bar,"4,0 de 5 estrellas","Después de dos meses de uso puedo opinar que fue una buen compra.
Tarda algo en estar operativa, y desperdicia agua del deposito para calentar sistema, lo que es lógico si quieres un buen café. Por ello debe usarse agua de grifo y no mineral que sería mas caro. Lleva un filtro descalcificador que se debe cambiar cada 5000 tazas o tres meses , lo que es un gasto extra.
El evaporador de leche funciona muy bien y los cafés saben ricos.
Me gusta que el sistema suba o baje en función del tamaño de la taza.
Estoy contento con la compra",Marlomar,Revisado en España el 31 de octubre de 2021
Excelete máquina,"4,0 de 5 estrellas","Fácil de utilizar y café muy bueno junto al calentador de leche
Como pega diría que es ruidosa pero es lo normal ya que tiene que moler el café y coger presión",jose m Gil,Revisado en España el 22 de marzo de 2023
Práctica para usar,"4,0 de 5 estrellas","Es un poco ruidosa, por eso no le pongo 5 estrellas. Y desperdicia un poco de agua al encenderla y luego de usarla, quizás porque se produce un proceso de limpieza interno. Pero en su función principal cumple bien su función. Todavía no la usé tanto, apenas 1 semana. Espero que con el tiempo siga con el mismo sabor.",Adriandanielfer,Revisado en España el 19 de septiembre de 2022
Facilidad de uso,"4,0 de 5 estrellas","PROS: La cafetera es muy buena, buen acabado e materiales duraderos.
CONS: Mismo con el nivel de agua casi lleno, la cafetera acusa falta de agua. Completa unos pocos mililitros, apaga la cafetera, reconecta y vuelve al normal. Este problema ocurre desde del segundo día de uso.
Espero que Philips no tenga puesto y vendido maquinas ya con algún defecto de fabrica en la promoción.",Mindsteel,Revisado en España el 1 de agosto de 2022
Buen café,"4,0 de 5 estrellas","Es la segunda cafetera de este tipo que tenemos. La anterior la devolvimos a los pocos días porque no nos gustó el sabor y densidad del café.
Con esta y un buen café casi tienes el café de bar (con algo más de práctica y ajustes espero conseguirlo).
Es bastante ruidosa y gasta agua pero no lo veo un problema ya que si tuviese que lavarla más gastaría!
Detalles a favor importantes para mí son:

- Posibilidad de utilizar café molido
- Buena temperatura del café (no me gusta nada tibio ni frío)
- Los plásticos parece que van a durar
- El modelo es bastante nuevo por lo que supongo que no será difícil encontrar repuestos
- Molinillo cerámico.

En contra:
- Es ruidosa

(Editaré si con el uso encontramos algo más)",Elisa,Revisado en España el 4 de enero de 2020
Buena cafetera,"4,0 de 5 estrellas","Una cafetera muy buena, el ruido es algo alto pero no afecta al sabor. Lo unico que no me convence tanto es lo del vapor, que tiene poco movilidad para poder meter el vaso. Por lo de mas todo correcto. El filtro muy bien, porque mi hermano tiene otra cafetera y su filtro es de otra forma y es mucho mas trabajo.",Susana Liu,Revisado en España el 2 de junio de 2022
Cafetera,"4,0 de 5 estrellas",Rápido. No hace mucho ruido,Alberto cotrina,Revisado en España el 12 de julio de 2023
Depósito café,"4,0 de 5 estrellas","Es normal que suelte café en la bandeja???
Tiene un depósito para ello.
A parte de eso y que parece buena cafetera, creo que se desperdicia bastante agua",Oscar,Revisado en España el 30 de enero de 2023
Intuitiva y rápida,"4,0 de 5 estrellas","La acabo de recibir y aún no puedo opinar al 100%, pero mi primer contacto estupendo. La puse en marcha enseguida, todo muy intuitivo. Me hice un café, y aunque le tengo que hacer algún ajuste, para ser el primero, estupendo",MARIA,Revisado en España el 6 de diciembre de 2022
Muy buen café,"4,0 de 5 estrellas","Es muy fácil de usar y de limpiar. Viene con un filtro para ""tratar"" el agua y que esta, no dañe la máquina. Se limpia sola al encenderla y apagarla. Eso sí, el molinillo es muy ruidoso y consume mucha agua.
Pero muy recomendable",Francesc Casamitjana Ferran,Revisado en España el 8 de junio de 2022
Encantada,"4,0 de 5 estrellas",Excelente café y muy buena relación calidad precio. La aconsejo.,Encarnación c.,Revisado en España el 25 de marzo de 2023
Muy buen café en casa,"4,0 de 5 estrellas",Me encanta poder disfrutar de un café en casa como si estuvieras en una cafetería. Puedes espumar leche y disfrutar de un capuchino en un momento. La recomiendo 100%.,Fernando,Revisado en España el 3 de octubre de 2022
Buen café,"4,0 de 5 estrellas","Me compré esta cafetera para sustituir a una krups que tenía y que ya había tenido alguna reparación.
La verdad es que esta se adecua más a mis necesidades. Su uso es muy sencillo, el café sale muy bueno (si le pones buen café) con espumita y todo. Los indicadores de limpieza, de rellenar agua, etc. todo muy claro. Estoy contento con el producto",sergio,Revisado en España el 16 de julio de 2021
Fácil de usar. El café bueno.,"4,0 de 5 estrellas","Me ha gustado el fácil manejo. Lo que menos, se gasta rápido el depósito de agua, pero llenarlo cuesta poquísimo por lo que no diría que es un verdadero inconveniente.",casandra,Revisado en España el 27 de mayo de 2022
Excelente cafetera,"4,0 de 5 estrellas",No es muy grande y hace un café muy rico. Utiliza mucha agua para limpiar la maquina al encenderse y apagarse.,Cliente Amazon,Revisado en España el 7 de octubre de 2022
Fácil de usar.,"4,0 de 5 estrellas",De uso fácil. Las cantidades que usa la máquina no cuadran exactamente con mis gustos por lo que tengo que prepararme dos cafés de tamaño medio y sabor a tope para que conseguir el que me gusta.,Celso VP,Revisado en España el 3 de abril de 2022
Cumple,"4,0 de 5 estrellas","Cumple su función. Se echa en falta una guía para comprender como configurarla para adaptar el café. Por ejemplo, que expliquen que implica poner el café más molido o menos. Pero decir que esta muy bien la máquina. Es un tanto ruidosa, pero contento con la compra",JP,Revisado en España el 17 de octubre de 2021
"Funciona bien, pero consume exceso de agua","4,0 de 5 estrellas","La máquina funciona bien, creo. Pero el café hayq ue encontrar el que más se adapte a los gustos de cada uno. Yo de momento he probado dos y ahora voy a por el 3.
Lo que no se si es normal o correcto que para 8 cafes largos use 1’8 l de agua, siendo la mayoría para “limpieza”, ya que en los 8 cafés no llegará a consumir 800ml tirando por lo muy alto, dejando el litro restante para la limpieza. Lo veo exagerado. Llamaré al servicio técnico a ver lo que me dicen",BORJA,Revisado en España el 5 de abril de 2020
Comodidad y buen cafe,"4,0 de 5 estrellas","Es lo que me esperaba. Sobre todo destacó el fácil manejo (una vez leídas las instrucciones, si no imposible) y la fácil limpieza. El sabor del café una vez regulas la intensidad, cantidad y sobretodo la molienda a tu gusto, es muy bueno para ser una máquina tan automatizada. Vengo de máquina espresso de cazoleta y la verdad que obtener el café recién molido solo con darle a un botón es un lujo. La espumadora de leche también funciona muy bien.",Jorge,Revisado en España el 31 de julio de 2020
"Café rico, rápido y práctico","4,0 de 5 estrellas","Generalmente muy contentos con la cafetera. Como única pega, diríamos que consume mucho agua y sorprende pero entendemos que a su vez, es porque se autolimpia después de cada uso. El calentador de leche es muy efectivo y permite hacer leche espumosa. El café se muele fácil y sabe muy rico. Como de cafetería o mejor. Realmente aconsejable ya que si quieres puedes usar también café en polvo.",Carlos,Revisado en España el 11 de septiembre de 2020
Muy buena cafetera,"4,0 de 5 estrellas","Fácil de usar. Y muy buenos café.
A la hora de limpiar soy algo torpe",Albarracín,Revisado en España el 16 de junio de 2022
Buena calidad precio,"4,0 de 5 estrellas","Fácil de usar puedes usar tanto café molido como en grano, sale cremoso y rico el café enseguida se le coge el punto de gusto. El espumador calienta rápido y saca la espuma de la leche en abundancia también puedes preparar infusiones. Por poner una pega que el depósito de agua es escaso con el 1,8 litros ....mi anterior cafetera tenía 5 de depósito era Phillips y duró más de 20 años....espero que dure parecido. Un acierto en la compra de esta cafetera.",gurutxiki mendizale,Revisado en España el 26 de enero de 2020
Calidad precio excelente,"4,0 de 5 estrellas",La primera unidad que me enviaron en menos de 15 días se averió. Gracias a la política de Amazon me enviaron una al instante. Con la segunda unidad ningún problema... llevaré unos 500 cafés y cada día estoy más contento. El único inconveniente por poner alguno es que gasta bastante agua ya que realiza lavados automáticos.,vicente,Revisado en España el 18 de noviembre de 2020
"Intuitiva, fácil de usar y muy bonita, pero no nos convence del todo","4,0 de 5 estrellas","La cafetera es chula. Mu fácil de usar, pues no tiene muchas funciones. Pero el café que saca no nos convence del todo. Hemos cambiado el molido a ver si nos agrada mas, pero de momento digo que tiene un 8 de 10...",CarolianMota S.,Revisado en España el 26 de enero de 2021
Relación calidad/precio muy equilibrada,"4,0 de 5 estrellas","Es un buen producto. No me hubiera importado pagar algo más porque le hubieran cambiado algunas partes de plástico por aluminio o acero.
Hay un defecto que ya otro comprador apuntó: el diseño del compartimento de los granos de café no consigue que estos se deslicen bien hacia el hueco del molinillo. Hay que empujarlos manualmente de vez en cuando.",Pablo Sánchez Alcántara,Revisado en España el 15 de junio de 2020
El dispensador de vapor se ha roto después de una semana de uso,"4,0 de 5 estrellas","La cafetera está muy bien , salvo por el inconveniente del dispensador de vapor, que se ha roto una pieza tras una semana de uso",Alejandro CT,Revisado en España el 15 de agosto de 2021
Cumple pero no enamora,"4,0 de 5 estrellas","La cafetera funciona perfectamente. Cafetera súper cómoda, sólo hay que poner los granos y funciona. Los espressos salen muy buenos: la contra para mi es que los cafés salen aguados. Seguramente ahora me decantaria por una cafetera express",Miquel Cornudella Gaya,Revisado en España el 1 de febrero de 2021
Complace,"4,0 de 5 estrellas","Muy buena! Estamos todos encantados. Todavía nos falta entender algunos detalles de su uso, pero es bastante fácil de empezar a usar, tal vez la única crítica es que no tenga un manual más simple.
Funciona maravillosamente bien y el café sale riquísimo.",Maria,Revisado en España el 5 de noviembre de 2020
"Sencillo el manejo, y autolimpieza, se apaga sola si la dejas encendida, muy bien","4,0 de 5 estrellas",Buena cafetera,jorge alvarez,Revisado en España el 25 de mayo de 2022
Temperatura del café,"4,0 de 5 estrellas","Estamos muy contentos con todo, salvo por la temperatura del café. La hemos ajustado al máximo pero sigue estando un poco por debajo de la temperatura esperada. Por lo demás muy contentos.",Belus,Revisado en España el 7 de marzo de 2021
"Un poco complicado de limpiar el espumador, pero el café espectacular.","4,0 de 5 estrellas",Café expresó recién molido delicioso,Yballa,Revisado en España el 28 de abril de 2022
Dejar las cápsulas se puede,"4,0 de 5 estrellas",Es grande pero para los cafeteros que quieren dejar las cápsulas como yo me parece genial . Es la primera que tengo pero no me arrepiento por dar el paso de dejar las cápsulas .,Cokys0,Revisado en España el 21 de enero de 2021
Excelente cafetera express!,"4,0 de 5 estrellas","Muy buen diseño, el tamaño al principo sorprende. El cafe sale perfecto, hay varias opciones para hacerlo mas suave, mas firme, etc. Muy satisfecho. No me arrepiento de haber elegido una Philips, es una marca que jamas me defraudo.",JOSE M.,Revisado en España el 10 de noviembre de 2020
Fácil e pratica de usar.,"4,0 de 5 estrellas","Fácil de usar, cafés saborosos.
Facil de lavar e limpar.",Hugo Alexandre,Revisado en España el 3 de marzo de 2022
Terrible envio.,"4,0 de 5 estrellas",El envio era un regalo y vino sin cubrir en la propia caja que se ve lo que es. Me ha estropeado el regalo de navidad. Se acabo la sorpresa. Muy mal amazon,Elena,Revisado en España el 7 de diciembre de 2020
Perfecta,"4,0 de 5 estrellas","Fácil de usar, sale un café muy Rico, una pega es que no avisa cuando se acaba el café, le falta un testigo que te avise al igual que cuando falta agua o tiene lleno de posos el depósito. Pero es muy buena",angel,Revisado en España el 26 de junio de 2020
Café estupendo,"4,0 de 5 estrellas",La cafetera estupenda. La única pega es que gasta mucha agua en limpieza automática tanto al ponerse en marcha como cuando se apaga. Supongo que dicha limpieza es necesaria para su mantenimiento,gonza,Revisado en España el 25 de julio de 2020
Hola,"4,0 de 5 estrellas","Me esta dando problema a la hora de hacer el café,ya le hemos hecho el proceso de descalcificación 😕",Daniela,Revisado en España el 7 de enero de 2021
Fácil de usar y buen café,"4,0 de 5 estrellas",Llegó perfectamente en su caja. Por ahora funciona muy bien. Muy intuitiva. Buenos cafés en casa,Cliente Amazon,Revisado en España el 11 de enero de 2021
"Fácil de usar, rico café y ruidosa","4,0 de 5 estrellas","Está genial lo fácil que es de usar, se limpia fácilmente, la única pega que le pongo es que es súper ruidosa",Teresa,Revisado en España el 25 de septiembre de 2020
Cafetera normalita,"4,0 de 5 estrellas",Buen café. Pero muchas modalidades Aquachirris que no van para quien le guste el café.,manuel morales fernandez,Revisado en España el 7 de enero de 2021
Bastante contento,"4,0 de 5 estrellas",La cafetera funciona muy bien. Tardas un poco en encontrar tu café perfecto pero merece la pena. Se la ve muy robusta.,jors,Revisado en España el 27 de agosto de 2020
"Sin duda, buena compra","4,0 de 5 estrellas","Para el uso diario, estupenda. Si que es un poco ruidosa, aunque nada fuera de lo normal teniendo en cuenta su función.
Una buena compra, sin duda.",Jon,Revisado en España el 14 de enero de 2020
Resultona,"5,0 de 5 estrellas","Esta es la quinta marca diferente que compro -el resto (deLonghi, Breville, Cecotec, Krups... no me ha salido buena ninguna)-.
Esta de momento va muy bien, ojo, se deben hacer muchos cafes antes de que empiezen a salir realmente buenos y cremosos.
Voy a dar mi opinion personal, dejando de lado caracteristicas (para eso vais a google y listo!):
Lo que mas me gusto fue la temperatura del cafe, caliente para tomarlo, pero no tibio como otras tipo delonghi, buen cuerpo y sabor. En casa somos de cafe expresso cortito y fuerte. Hay que usar cafe de calidad si quereis sacarle partido, olvidaos del torrefacto o el de los chinos. Es un crimen.
El capuchino lo tomo en desayuno y merienda con nivel de sabor al 2 y sabe de fabula. Ojo, que el cafe realmente se debe tomar solo y si es posible, sin azucar para saborearlo bien.
Vayamos ahora al capuccino: Lo primero, antes de meter el pitorro en la taza y calentar la leche HAY QUE EXPULSAR EL AGUA que sale, de lo contrario ese agua acabara en nuestra taza y arruinara el cafe. La espuma sale ""a punto de nieve"" buena pero no equiparable a la que hace la Breville por ejemplo -tipo terciopelo, pero insisto: buena, te deja marcado el 'bigotillo' blanco como en el anuncio de phillips.
Puntos en contra: ruidosa, algo voluminosa, al preparar dos cafes hace dos moliendas en lugar de una larga, esto es, mas matraca...
Puntos a favor: temperatura, gran deposito de granos y de agua, limpieza facil, el filtro que viene de fabrica es todo un acierto, no es de las mas rapidas, pero en menos de 2 minutos tienes listo el cafe, apta para cafe molido. Servicio al cliente eficiente -MUY IMPORTANTE!!! Tengo varios aparatos Philips y de momento no tengo ninguna queja.
Espero haber sido util. Ciao
Añado: sin duda, la mejor
Edito:
La informacion del producto indica que el filtro Aquaclean que se incluye da para 5000 tazas. Ni de coña!! Yo la compre en finales de febrero y a final de mayo ya me pedia sustituir el filtro. Es cierto que en casa somos muy cafeteros, sobre todo mi menda, pero de ahi a llegar a 5 mil cafes en 3 meses ahora estariamos todos con la tension x las nubes y los nervios de punta....

La cuestion es que pese a que el cambio de filtro se hace en 3 minutos, yo utillizo agua de botella o filtrada por lo que no le veo sentido usar el filtro que, ademas de ocupar espacio en el deposito del agua, hay que cambiarlo cada 3 meses, con el consiguiente gasto extra.
Añado: proceso de descalcificación fácil y después de 10 meses!! No como la delongi, cada mes y complicado 😒. Lo dicho: opción asequible y buena compra. Yo estoy encantado👍🏼👏",Trepanator,Revisado en España el 5 de mayo de 2023
Gran Cafetera automatica de expresso,"5,0 de 5 estrellas","La Philips Serie 2200 es una cafetera superautomática diseñada para aquellos amantes del café que buscan comodidad y calidad en una sola máquina. A continuación, presentaré una reseña exhaustiva de este producto, comentando tanto sus puntos positivos como negativos.

Puntos positivos:

Calidad del café: La Serie 2200 de Philips ofrece una excelente calidad de café. Gracias a su sistema de molinillo integrado, muele los granos de café frescos en el momento, lo que garantiza una taza de café aromática y llena de sabor. Además, permite ajustar la intensidad y la cantidad de café según las preferencias individuales.

Fácil de usar: Esta cafetera superautomática es muy intuitiva y fácil de utilizar. Cuenta con un panel de control claro y sencillo, con botones táctiles y una pantalla LCD, lo que facilita la selección de las opciones deseadas. Además, el proceso de preparación del café es automático, solo es necesario presionar unos pocos botones y la máquina hará el resto.

Variedad de bebidas: La Serie 2200 ofrece una amplia variedad de bebidas, más allá del café tradicional. Puedes preparar espresso, café largo, cappuccino, latte macchiato y muchas otras opciones con solo presionar un botón. Esto la convierte en una opción versátil para satisfacer los gustos y preferencias de todos los amantes del café.

Fácil mantenimiento: La limpieza y el mantenimiento de la cafetera Serie 2200 son muy sencillos. Cuenta con un sistema de limpieza automática que enjuaga los componentes internos después de cada uso, evitando la acumulación de residuos y facilitando su limpieza general. Además, las piezas desmontables, como el portafiltros y el recipiente de residuos, son aptas para lavavajillas.

Puntos negativos:

Capacidad del recipiente de agua y granos: Un aspecto a mejorar de la Serie 2200 es la capacidad de sus depósitos. Tanto el recipiente de agua como el contenedor de granos tienen una capacidad más limitada en comparación con otras cafeteras del mismo segmento. Esto significa que es necesario rellenarlos con frecuencia si se consumen muchas tazas de café a lo largo del día.

Espacio para tazas altas: La altura entre el dispensador de café y la bandeja de goteo puede resultar insuficiente para tazas altas o vasos grandes. Esto puede ser un inconveniente si prefieres disfrutar tu café en recipientes más grandes, ya que tendrás que sostener la taza manualmente mientras se prepara la bebida.

Ruido durante la molienda: Durante el proceso de molienda de los granos de café, la Serie 2200 puede generar un ruido considerable. Si bien esto no afecta la calidad del café, puede resultar molesto en entornos silenciosos o por la mañana temprano cuando se intenta evitar hacer ruido en casa.

Falta de opción de personalización avanzada: Si bien esta cafetera superautomática ofrece muchas opciones de bebidas, algunos usuarios pueden encontrar que la capacidad de personalización es limitada. No permite ajustar parámetros más avanzados como la temperatura del agua o la velocidad de extracción, lo que puede ser una desventaja para aquellos que buscan una mayor personalización de su café.

En general, la Philips Serie 2200 Cafetera Superautomática ofrece una excelente calidad de café, facilidad de uso y una amplia variedad de bebidas. Aunque tiene algunas limitaciones en cuanto a la capacidad de sus depósitos y la personalización avanzada, es una opción recomendada para aquellos que valoran la comodidad y la calidad en su experiencia de café diaria. Si estás buscando una cafetera superautomática confiable y versátil, la Serie 2200 de Philips es definitivamente una opción a considerar.",Esteban,Revisado en España el 16 de julio de 2023
"Una cafetera de calidad. Cafés deliciosos, con espuma y muy limpia","5,0 de 5 estrellas","Hace tiempo que nos queríamos deshacer de la cafetera de cápsulas por varios motivos: contaminación, precio....
Hemos estado una temporada informándonos sobre las diferentes marcas de cafeteras, características y prestaciones de cada una de ellas. Estábamos entre 2 marcas, para nosotros las mejores, y nos hemos decantado por esta principalmente porque es un modelo que ha salido este año, por tener molinillo automatico y por ser éste cerámico (es resto de cafeteras que ronda este precio no lo tiene) lo que alarga la vida a la cafetera, por su diseño y porque Philips es una gran marca de cafeteras.
Económicamente sale más barato este tipo de cafeteras que las de cápsulas, nosotros nos tomamos al día unos 3 cafés cada uno y era una ruina. Si no eres muy cafetero desde luego está máquina no merece la pena.
La máquina es automática. Te avisa con un piloto cuando le hace falta agua, cuando falta café, cuando hay que vaciar el depósito de agua y café, cuando hay que descalcificarla....
Viene con una tira para ver la dureza del agua y programarla segun sea de dura para un rendimiento óptimo. Se recomienda agua del grifo y el filtro aquaclean. Viene con un filtro y en teoría sirve para unas 5000 tazas de café según fabricante.
En las instrucciones comenta que cada 2 meses hay que limpiar bajo el grifo el molinillo y engrasarlo para alargar la vida del aparato, limpiarlo bajo el grifo cada semana más o menos (muy sencillo de hacer), desengrasar los conductos los cada mes ( también muy sencillito). Además cuando lo necesita te avisa para descalcificarla.
Que tenga molinillo integrado es una pasada, no tiene precio tomarte en menos de un minuto un café recién molido dándole únicamente a un botón. El café sale con espuma y delicioso, no tiene nada que ver con las cápsulas, esto de verdad es café. Puedes elegir la intensidad del café, lo largo que lo quieres, si quieres expreso o americano y dentro de donde se ponen los granos puedes elegir 12 grados de molido del café a través de una rueda. Si alguien quiere un descafeinado, no hay problema ya que tienen un depósito para preparar café molido.
El sistema de calentar la leche es una pasada, en pocos segundos tienen la leche caliente y con una espuma increíble.
No podemos estar más contentos con haber elegido está cafetera. Si te gusta de verdad el café está sin duda es tu cafetera.",Sermar,Revisado en España el 21 de julio de 2019
"Café muy similar al de las cafeterías, gran calidad","5,0 de 5 estrellas","La calidad del café es verdaderamente alta, recién molido, claro, y mejor cuanto mejor sea la calidad del grano
Hace limpieza y calienta el circuito cada vez que se enciende por lo que el café sale bastante caliente, extrayendo lo mejor del café
El espumador funciona fenomenal, realizando unos cortados o cafés con leche con la cantidad de espuma que desees
Una verdadera sorpresa la calidad final del producto. Tenía reticencias a comprar una máquina tan cara sin tener referencias de personas cercanas o sin haberlo probado antes. Un acierto total. Espero que la calidad de la máquina sea tan buena y dure bastante sin averías
Por poner alguna pega, hay que vaciar a menudo el recipiente del agua, pero me parece un precio muy bajo a pagar en relación a la calidad de los cortados que me tomo","MATERIALS DEL LLOBREGAT, S.L.U.",Revisado en España el 15 de abril de 2024
Muy practica,"5,0 de 5 estrellas","De momento funciona perfectamente, es muy practica, limpia, y hace buen cafe.
Nada mas que pedir.
Ahora a esperar su fiabilidad, la cual deseo que sea muy larga",Juan F.,Revisado en España el 30 de julio de 2024
Va genial,"5,0 de 5 estrellas","Por ahora la tengo desde hace 4 meses y va genial. Encantado con mi compra. Me echaba para atrás los comentarios que decían que gasta mucha agua. Una vez en funcionamiento y compruebo que es verdad, gasta mucha agua, pero lo que no se decía es que gasta agua porque se limpia internamente cuando se enciende y cuando se apaga, y bien gastada está, hace que dure más. Yo uso agua osmotizada y por ahora ca como el primer día.",xose calros alvarez,Revisado en España el 27 de julio de 2024
Bonita,"5,0 de 5 estrellas","Me ha encantado, fácil de utilizar, es bonita, práctica, el mejor regalo. fue para mi hermana y esta encantada un gran acierto recomendado no lo siguiente el café sale genial y espumar la leche de 10",Alexis,Revisado en España el 25 de julio de 2024
La mejor máquina para café.,"5,0 de 5 estrellas","Me gusta mucho el buen café y he probado muchas máquinas de café en el pasado. ¡Pero esto es simplemente lo mejor! ¡Guau! ¡Desde un excelente espresso hasta americano y café con leche! excelente, sorprendente!",Alan,Revisado en España el 26 de julio de 2024
Muy contentos,"5,0 de 5 estrellas",Hace ya meses que la tenemos y ningun problema. Es facil de usar y de mantener limpia. NO USAR CAFE TORREFACTO!,Jenny Zafra,Revisado en España el 5 de agosto de 2024
SATFECHA.,"5,0 de 5 estrellas","Después de mucha duda con las reseñas:

- me vino completamente precintada, eso si en su caja original. Completamente nueva sin manipulación previa.
- Ruido: mucho menos que la Krups Roma que tenia.
- Tanque agua: para mí está perfecto. He leído reseñas que de seguida se llena y yo comparo con mi anterior cafetera y para nada. Mucha más capacidad.
- fácil de funcionar. Además tiene un APP que te explica todo con vídeos además de sugerencias de café.
- puedes poner café molino, pero no es un depósito como tal, se pone y se usa. Genial.
-referente a las reseñas sobre que sale agua antes del café, salen dos gotas y es completamente normal en este tipo de cafeteras.
- elige bien el grano de café.

Días de uso: 4.",Opodreamer,Revisado en España el 30 de abril de 2024
La mejor cafetera,"5,0 de 5 estrellas",La mejor inversión en cafetera que hemos hecho. Venimos de las cafeteras con cápsulas y se nos quedaban cortas. Ahora disfrutamos del buen café recién molido. Es muy fácil de usar.,AdriyMiri,Revisado en España el 9 de julio de 2024
Buen producto,"5,0 de 5 estrellas",Muy contento,Enrik,Revisado en España el 3 de agosto de 2024
Perfecto,"5,0 de 5 estrellas","Es la primera máquina que tengo de este estilo, pero no le veo fallo ninguno, para el precio que tiene viene con muchos ajustes y algo muy importante es el molinillo cerámico. De diez",soniave,Revisado en España el 23 de junio de 2024
Muy sencilla de usar,"5,0 de 5 estrellas","Muy sencilla de instalar y de usar. Los posos del café se vacían en pocos segundos y se limpia fácilmente. La jarra de agua se saca y rellena fácil y lleva filtro que se recomienda cambiar cada 3 meses. Se supone que avisará la cafetera, pero mejor cambiar por higiene con esa frecuencia aproximada, ya que es barato, y lo vende el propio Amazon. Hay muchos vídeos de Philips que explican el uso y mantenimiento, basta con buscar, ya que las instrucciones que trae son muy simples para arrancar rápido. El café de momento sólo he probado una marca, y sale perfecto tanto el expreso como el capuchino espumando leche primero. Resumiendo: muy recomendable.",Antonio Jesús Oliva González,Revisado en España el 16 de abril de 2024
Cafetera Philips automática.,"5,0 de 5 estrellas","He echado en falta el que no hubiera
instrucciones físicas de la cafetera porque al principio es algo compleja de manejar. Al final escaneas el código QR. Poco a poco vas cogiendo el truco y el café sale bueno.
La entrega ,de la misma, fue rápida y el servicio efectivo.",yolanda,Revisado en España el 26 de mayo de 2024
Buena calidad - precio,"5,0 de 5 estrellas","Estoy muy satisfecha con esta cafetera, llevo poco con ella pero la uso a diario y varias veces algunos días y la verdad es que hace el café muy bueno. El espresso sin duda para mí es mi favorito. Aún no he probado el café molido así que no sé cómo sale pero seguro que igual de bueno que con el de grano. Se enciende muy rápido, se autolimpia cuando la enciendes y cuando la apagas y te avisa cuando no hay agua o cuando el compartimento del café ya usado está lleno o el agua de haber limpiado también. La recomiendo para los que les guste un buen café y rápido de hacer.",Rebeca Bravo Bazan,Revisado en España el 7 de abril de 2024
De maravilla!!!,"5,0 de 5 estrellas","Ya he tenido varias cafeteras y esta nos ha encantado. Es cierto, hace ruido, y en el silencio de la mañana puede resultar molesto, pero esto es así. Que se pueda utilizar café en grano y molido es una pasada, abre la posibilidad de usar un sin fin de marcas. El café sale muy rico si utilizas un buen café, claro está, quiero decir que la máquina hace su trabajo muy bien, todo dependerá de la calidad del café que se use.",marinalcuadrado,Revisado en España el 29 de abril de 2024
Excelente compra!,"5,0 de 5 estrellas","Después de cansarme del sabor de las cafeteras de cápsulas, quería café en grano y opté por ésta Philips 2200 superautomática que ya llevaba más de un año detrás haciéndole el seguimiento y aproveché que estaba en oferta. Puedo decir que es una maravilla, sabor del café como en el bar además del espumador; Molinillo cerámico cómo las cafeteras de gama superior es también un puntazo que me hizo decantarme por la Philips y a tener en cuenta. Como punto negativo el gasto de agua en los lavados pero es algo normal. Sin duda si eres cafetero no debe faltar en tu casa!!",JASH,Revisado en España el 9 de abril de 2024
Una maravilla de cafe,"5,0 de 5 estrellas","Funciona a la perfección, vengo de una dolce gustó y no tiene nada que ver.De hecho el café está mejor que en las cafeterías.Puedes elegir la cantidad de café y de agua, y puedes usar café ya molido por un hueco destinado al efecto.Yo que por la noche tomo descafeinado lo hecho y le digo que no muela y ya está .La única pega por poner algo es que se limpia cada vez que se hace café con lo que sale agua y el depósito hay que vaciarlo muy a menudo.Es sencillo de vaciar.
Llevo Un mes con ella con 4 cafés al día y perfecto.",Francisco fernandez,Revisado en España el 26 de marzo de 2024
Para tu día a dia,"5,0 de 5 estrellas",Mis hermanos están encantados se la regalé,CATALINA OCAÑA,Revisado en España el 23 de junio de 2024
Muy fiable.,"5,0 de 5 estrellas","Hace tres años que compré esta cafetera y me funciona como el primer día, le hago un mínimo mantenimiento y no le tengo puesto el filtro aquaclean, utilizo agua del grifo en Málaga y no he tenido problemas, la descalcifico cada cierto tiempo y listo. Tuve que mandar a reparar por un fallo en el cuerpo de preparación al poco de comprarla pero desde entonces 0 fallos, y preparamos unos 10 o 12 cafés al día. Muy contento con la compra que hice.",Fran López,Revisado en España el 3 de abril de 2024
Buena cafetera,"5,0 de 5 estrellas",Lo mejor: el café que hace. Lo peor: el ruido que hace.,Jose Miguel,Revisado en España el 15 de junio de 2024
El summum de la comodidad,"5,0 de 5 estrellas","Esto es comodidad. Eso de no tener que recargar el cacito para cada café es lo más. El espumador es gloria bendita, te deja la leche que se puede cortar. Al moler el café es bastante ruidosa por lo que no la recomiendo para cafés con gente durmiendo en casa. Gasta bastante agua porque se auto limpia al iniciar y al encender y apagar. Se recomienda no usar torrefacto. La recomiendo sin duda ninguna",Pipes,Revisado en España el 8 de abril de 2024
Encantado con ella,"5,0 de 5 estrellas","No soy un sibarita ni tampoco tengo mucha idea, lo único que se es que con apretar un par de botones te saca una café con crema espectacular, una cosa que me ha encantado de ella es que la tapa donde va el grano de café sea hermética por lo que si se queda algún grano no va a perder su sabor. Muy fácil de utilizar y muy contento con la compra.",Javier,Revisado en España el 7 de abril de 2024
Cafetera superautomatica,"5,0 de 5 estrellas","De momento bien, llevo dos meses utilizándolo y muy bien",Sorin,Revisado en España el 16 de junio de 2024
El sabor es muy bueno,"5,0 de 5 estrellas",El sabor 😝 perfecta el capuchino me encanta.No me gusta la rejilla donde se pone la taza es plástico si era de metal inoxidable era 100% perfecta.Hay que limpiar 🫧 el mantenimiento es muy importante igual como un coche. Lo cuidas muy bien disfrutas mucho más tiempo. Buena compra el sabor de nota .,MIHAELA MANOLE,Revisado en España el 18 de abril de 2024
Café cremoso y fácil de usar,"5,0 de 5 estrellas","Es una máquina fácil de usar, viene con su filtro para el agua pero yo recomendaría no usar filtro y usar agua de botella para evitar daños y mantenimientos contra la cal y te ahorras disgustos, el café es bueno y espeso para ser una maquina en casa, recomendaría sin duda.",David-23,Revisado en España el 7 de abril de 2024
Muy buena cafetera y facil de usar,"5,0 de 5 estrellas","Hace un café riquísimo y es muy fácil de usar y limpiar. El café sale bien caliente. Si tuviera que decir algo negativo es un poquito lenta al encender, pero vale la pena",Carmela,Revisado en España el 5 de mayo de 2024
MARAVILLOSA,"5,0 de 5 estrellas","Si buscas buen café, leche espumadera y calidad, esta es tu cafetera. No podemos estar más contentos con ella. Fácil limpieza y súper intuitiva. Además trae filtro de agua que eso es un plus, limpia los conductos antes y después de preparar un café. Estamos enamorados de ella, además pillamos una oferta buenísima. Muy recomendable.",jose,Revisado en España el 29 de marzo de 2024
Genial,"5,0 de 5 estrellas",Es una cafetera estupenda,Yai,Revisado en España el 25 de mayo de 2024
Muy buena cafetera automática,"5,0 de 5 estrellas","Buen tamaño. Buena calidad de materiales. Cafés excelentes. Necesita pastillas desengrasantes cada mes, engrasar el mecanismo cada mes, también, descalcificante cada dos meses y filtro de carbono activo cada seis. Lo normal. Supongo que todas necesitan lo mismo.",ToÃ±o,Revisado en España el 19 de abril de 2024
Comodidad y calidad.,"5,0 de 5 estrellas",Me gusta sobre todo que el mecanismo se pueda sacar para limpiar . La cafetera ya la tenía yo y se lo bien que funciona por eso compre otra para regalar . De 10 👍,joseluisa,Revisado en España el 22 de abril de 2024
Genial,"5,0 de 5 estrellas","Todo perfecto, llegó antes de lo normal y funciona perfectamente. Importante calibrar el molinillo en los niveles 1, 2 o 3 para que el sabor del café sea mejor.",yeuwnxpvgw,Revisado en España el 25 de abril de 2024
Adios capsulas.,"5,0 de 5 estrellas","Calidad precio muy bien, se amortiza a corto plazo. El molinillo hace ruido como es normal, muy parecido al ruido del motor de las de cápsulas. El recipiente de agua sucia es un poco bajo y se tiene que vaciar con cuidadin. Todo lo demas genial, no vuelvo a las capsulas.",gonzalo soler,Revisado en España el 11 de marzo de 2024
Buen producto,"5,0 de 5 estrellas","Hasta el momento funciona de maravilla, mejor de lo que esperaba.

Lo que comentan de la bulla que hace moliendo el grano o preparando el café a mi parecer es algo normal para ser una máquina, la única pega que le pondría es que bota mucha agua, del 1.8litros de la bandeja con 4 tazas de 250ml ya tengo que rellenerla de nuevo, lo demás en la bandeja de reciclaje.",Amazon Customer,Revisado en España el 29 de enero de 2024
Nos gusta mucho,"5,0 de 5 estrellas",Muy contenta con la compra de la cafetera. Aproveche cuando estaba en oferta. Nosotros tomamos café descafeinado y he comprado de la marca Catunambu descafeinado y a sido todo un acierto.,Cliente de Kindle,Revisado en España el 3 de abril de 2024
Gran café y facilidad de uso,"5,0 de 5 estrellas","Supercontentos con esta cafetera, la verdad nos ha sorprendido muchísimo la facilidad de uso y sobre todo el magnífico café que elabora, sin exagerar mejor que en muchos bares.
Hemos podido comparar con otra máquina de iguales caracteristicas y precio pero de otra marca la cual devolvimos porque en el primer uso de atrancó el molinillo y francamente nos defraudó mucho, la devolvimos sin problema por Amazon y decidimos comprar esta Philips y la verdad que la vemos muy superior en los siguientes aspectos:
- acabado general de muy buena calidad, boquilla vaporizadora, boquilla salida de café... Todo se ve de gran calidad
- incluye el filtro antical, en la otra q probamos no venía incluido
- manejo muy sencillo e intuitivo
- Molinillo de café parece más eficiente y sobre todo menos ruidoso al ser cerámico
- la máquina se puede empotrar y/o encajar en espacios ajustados porque todo el mantenimiento incluido rellenar el depósito de agua se hace desde la parte frontal, esto nos parece un gran acierto.
- tiene una compuerta lateral para acceder fácilmente al circuito interno que hace el café para poder limpiarlo con facilidad o eliminar algún arranque que pudiese surgir, la otra que probamos era con tornillería y había q ser manitas para acceder a las ""tripas"" de la máquina.
En general la verdad que totalmente satisfechos y viendo al menos una de las máquinas que supone competencia directa está nos parece muy superior en calidad precio.",Ángela,Revisado en España el 20 de octubre de 2020
Facil y bueno,"5,0 de 5 estrellas","La compre en 2020, ni un problema, todos los cafés los hace correctos, nos pasamos en el tiempo de cambio del filtro, no la limpiamos tanto como se debería, el engrase del pistón se nos olvida y aún así la maquina cumple.

Le hemos comprado las pastillas desengrasantes y el liquido descalcificador ahora, en octubre de 2023 y no porque haya dado algún problema, simplemente como mantenimiento. No es un producto barato, pero tampoco es malo, el café lo hace bien y si además eres de los que disfruta moliendo el grano, es un producto totalmente recomendado.",Cliente Amazon,Revisado en España el 10 de octubre de 2023
estupenda maquina,"5,0 de 5 estrellas","Me ha encantado. Yo estaba acostumbrado a las cafeteras de brazo, esta es mucho mas sencilla, limpia y rápida.",Francisco Gomez,Revisado en España el 14 de abril de 2024
Funciona a la perfección,"5,0 de 5 estrellas",No hace demasiado ruido al moler. Saca el café rápido y muy bueno y el funcionamiento es plenamente intuitivo. Recomendada totalmente ‘,David,Revisado en España el 20 de marzo de 2024
Prestaciones,"5,0 de 5 estrellas","Hasta ahora todo muy bien, solo que cuando muele hace un poquito de ruido.
Es de facil manejo, solo habria que poner un poco mas de ganas en el manual a nivel de ajuste del cafe, molido, etc.
Una cuestion a considerar es sobre realizar un cafe con cafe molido, intente varias veces y generalmente solo tira agua, por mas que se realiza el procedimiento de seleccion. Vere si hay alguna cuestion mas, pero no hace cafe usando el receptaculo para cafe molido.Utilizando granos de cafe, sin problemas, todo muy bueno",Ruben Dario Pacente,Revisado en España el 30 de noviembre de 2023
Fenomenal,"5,0 de 5 estrellas","De momento va genial sencilla y práctica. De momento ajustando para que mejore el café, hay que hacer bastantes hasta que salga a tu gusto. Y en eso estoy va mejorando. Recomendado.",Tomas,Revisado en España el 29 de marzo de 2024
UNa Maravilla,"5,0 de 5 estrellas","Sencilla de utilizar, un cafe excelente y multiples ajustes disponibles",Daniel Bethencourt,Revisado en España el 27 de abril de 2024
Calidad,"5,0 de 5 estrellas",Me encanta esta máquina de café. Lo que más me gusta es que le pones el café en grano y sale el café delicioso y espumoso.,antonio,Revisado en España el 14 de marzo de 2024
Completamente recomendable,"5,0 de 5 estrellas","He esperado tiempo para escribir mi opinión pero tras algunos meses de uso puedo recomendar convencido este producto. Lo compré con dudas, no pensaba que hubiera tanta diferencia con las capsulas ni que tampoco supusiera una gran comodidad, me preocupa el mantenimiento. Lo cierto es que sí, que hay diferencia y se nota. Ya no quiero café de capsulas y en cuanto al producto es relativamente sencillo, al poco tiempo te haces con él, tanto con el uso como con la limpieza. El mecanismo del interior sale de una sola pieza por lo que su limpieza se hace fácil, bajo el chorro del agua. Lo cierto es que es hasta cómo, hace buen café y ahora mismo se ha convertido en un esencial en nuestro día a día. Muy recomendable.",Salvador,Revisado en España el 18 de julio de 2023
Impresionante,"5,0 de 5 estrellas","La mejor... Una calidad excepcional. El café exquisito. Fácil de usar y limpiar. Muy intuitiva. De 10. La volvería a comprar. Ha sido mi mejor regalo, sin duda",ALBERTO,Revisado en España el 26 de marzo de 2024
Muy buena cafetera,"5,0 de 5 estrellas","Fue un regalo para mis padres y mi madre está encantada. Un poco complicada de entender y trabajar con ella al principio, pero una vez cogidos los trucos, funciona de maravilla. Va genial con granos de café enteros ya que los tritura genial.",Aurora Fernández,Revisado en España el 21 de febrero de 2024
Cumple con creces pese a ser la entrada a la gama.,"5,0 de 5 estrellas","Llevo un par de meses con la cafetera y la verdad que cumple con lo prometido, no hace 32 variedades de café como otras pero tampoco me considero un sibarita del café! 🤣 Yo la uso para espresso y mi pareja para largos, de vez en cuando calentamos algo de leche con espuma o alguna que otra infusión. Lo dicho, para ser la básica de philips, si no eres muy friki del café y vas a lo simple, cumple de sobras!",Jose Manuel Blanco Pose,Revisado en España el 13 de diciembre de 2023
Café al momento,"5,0 de 5 estrellas","Fácil de usar y calidad en el resultado.
Se echa de menos un depósito de agua más grande para no tener que rellenar tan a menudo",Pilar,Revisado en España el 22 de febrero de 2024
Espectacular,"5,0 de 5 estrellas",La mejor cafetera que hemos probado😍,Luca,Revisado en España el 4 de abril de 2024
Café configurado a tu gusto,"5,0 de 5 estrellas","Os pongo un video del Expresso como me ha gustado a mi. El molido a medio/alto.

Y una foto para que veáis como sale el café (entiendo que americano por el tamaño).

El resultado es espectacular. Al nivel de una cafetería en casa.

Llevo un par de semanas con ella y encantado. Y el filtro me parece un acierto.",wildogs,Revisado en España el 2 de diciembre de 2023
Gran producto,"5,0 de 5 estrellas",Funciona de maravilla,Ejike George Ugwu,Revisado en España el 4 de abril de 2024
Buena Cafetera,"5,0 de 5 estrellas","Buen producto. De momento cumple ,",Mario,Revisado en España el 15 de abril de 2024
Divina,"5,0 de 5 estrellas","Nos encanta es super intuitiva, compacta, linea moderna y hace un cafe estupendo, tuvimos otra de otra marca y pense que no encontraria una mejor, pero si la hemos encontrado, me gusta todo de ella, veremos que resultado da con el tiempo, y el espumador de leche me ha impactado mucho porque funciona fenomenal, le damos un 10.",Cany,Revisado en España el 4 de diciembre de 2023
Delicioso.,"5,0 de 5 estrellas","Café expreso mucho mejor que el de los bares y restaurantes,supongo que influye la calidad del café que utilices.Los capuchinos muy buenos.",Manuela,Revisado en España el 18 de febrero de 2024
Cafetera de 10,"5,0 de 5 estrellas","Antes de esta compré otra marca, y aparte que perdía agua por debajo , hacia el café con poca temperatura y el gusto no era bueno, esta hace unos capuchino y cafés riquísimos, fáciles y super limpia, muy contenta de momento le doy un 10, viene muy bien empaquetada y es muy intuitiva",Cliente Raúl jimenez,Revisado en España el 24 de noviembre de 2023
Hace buen cafe,"5,0 de 5 estrellas",Aunque hace un buen café no me gusta porque tira mucha agua en la bandeja y antes de salir el café. Devolvi una pensando q estaba defectuosa y está es la segunda q devuelvo. Tenía una magnífica de lhongui y se me rompió y me ha durado un montón de años. Creo q comeré otra de la misma marca,monica guirao moreno,Revisado en España el 21 de noviembre de 2023
Un buen café con dos posibilidades,"5,0 de 5 estrellas","Hace un café muy bueno, tiene la posibilidad de usar dos variedades combinado el recipiente de molido, aquí uso el descafeinado y en grano, aquí uso el natural con todo su aroma. Harto de las cápsulas he pasado al café sin generar tanto residuo, estoy contento del cambio. El vaporizador para espumas y cremas se limpia fácil pero para poner una taza queda algo incómodo, lo demás muy bien.",Cliente Amazon,Revisado en España el 6 de septiembre de 2023
He conseguido sustituir el café de Nespresso,"5,0 de 5 estrellas","Como me había leído todas las reseñas anteriores, me armé de paciencia y comencé a hacer pruebas con el café Lavazza Oro, que tiene una fortaleza de 5. He tenido que hacer bastantes pruebas, con diferentes combinaciones de intensidad de aroma y de cantidad de agua. Al principio cambié también el molido, en una posición de más molienda, ya que el café me sabía aguado. Pero lo volví un término medio porque era cuestión de paciencia y tirar café hasta que se acierta con el que te gusta. Ahora ya lo tengo mecanizado, y me encanta. Cambié el café a uno de fortaleza 8, y pulsando espresso, aroma al 3 y cantidad al 2, consigo un café de igual o mejor sabor que el de mi anterior cafetera. Un éxito. Recomiendo su compra, si se tiene algo de paciencia, claro.",azucena,Revisado en España el 24 de agosto de 2021
Estupenda,"5,0 de 5 estrellas","Cafetera magnífica, después de 100 cafés sigue funcionando como el primer día. Hace un poco de ruido cuando muele el café pero muy parecido al de las cafeteras de brazo. El agua que gasta en la limpieza del circuito cuando la enciendes o la apagas es muchísimo menor que si lavases el recipiente del café debajo del grifo. Yo tengo una jarra metálica puesta para aprovechar ese agua y regar las plantas de vez en cuando.
Le caben 250g de grano de café.
La cafetera ya trae regulada la molienda del café, yo aconsejo probar varios cafés antes de mover el regulador ya que sino luego no podrás comparar.
De momento no me ha hecho falta cambiar el filtro del agua.",Luis,Revisado en España el 28 de abril de 2022
Cafetera increible,"5,0 de 5 estrellas",Vengo de cafetera de cápsulas y merece la pena hacer un pequeña inversión porque a la larga te ahorras dinero ya que las cápsulas son caras… y la calidad del café es increíble salen los cafés como si te lo tomas en una cafetería la mejor compra que he realizado,Juan carlos garrido del castillo,Revisado en España el 20 de noviembre de 2023
Hace un buen cafe,"5,0 de 5 estrellas","Es una máquina muy buena, hace bien el café y es fácil de manejar y seleccionar el café a tu gusto, como todo este tipo de cafeteras hace bastante ruido cuando prepara un café.",Javier,Revisado en España el 27 de diciembre de 2023
bueno,"5,0 de 5 estrellas",buen producto y a buen precio,Claudio Comaschi,Revisado en España el 3 de marzo de 2024
Muy cómoda,"5,0 de 5 estrellas",Va muy bien para prepararte un café en grano o molido. Lo que no me ha gustado es que gasta mucha agua. Se limpia cada vez que la pones en marcha o se apaga,Xavier,Revisado en España el 12 de diciembre de 2023
Muy buen café,"5,0 de 5 estrellas","Tras una semana de uso, estoy muy contento con el producto.
La limpieza es muy sencilla, el café lo puedes ajustar a tu gusto y el diseño de la cafetera es bonito e intuitivo.",Daniel Redero,Revisado en España el 2 de diciembre de 2023
Un café excelente,"5,0 de 5 estrellas","Porque no compre esta máquina hace cuatro años. Después de miles de cápsulas y desperdicio, decidí que no más y pase a esta máquina. Pffff que maravilla, el café recién molido todas las mañanas sin hacer nada.

Gasto menos dinero todos los meses, mucho menos desperdicio y eleve la calidad de mi bebida favorita.

Incluso compre una jarra metálica para la leche y es un 10. No hago café como los baristas especializados, pero el sabor es muy cercano.

Nota: compra un buen grano de café bueno o al menos decente si quieres sacar provecho real de esta máquina, que tampoco hace milagros",Gustavo,Revisado en España el 8 de diciembre de 2022
Buena cafetera,"5,0 de 5 estrellas",Muchas funciones y rápida.,Copo,Revisado en España el 18 de febrero de 2024
exquisito café,"5,0 de 5 estrellas",Llevo 2 dias con ella y el café es muy bueno. la maquina es casi toda plástico pero parece de calidad. de momento muy bien. veremos la duración de la máquina.,fran,Revisado en España el 5 de diciembre de 2023
Calidad precio,"5,0 de 5 estrellas","Compramos esta cafetera con una buena oferta. Llegó perfecta y la instalación fue muy sencilla. Llevamos unas semanas ya usándola. La cafetera tiene un nivel de personalización del café bastante bueno, y en cuanto le pillas el punto según tus gustos consigues un café excelente. El espumador de leche es muy normalito pero hace su función. Tiene la posibilidad de usar café molido que para hacer un descafeinado está bastante bien. Se limpia sola al encender y apagar y en general no parece ser complicado el mantenimiento.
Muy recomendable si se adquiere a buen precio",Alexandra,Revisado en España el 29 de noviembre de 2022
Cafes muy ricos,"5,0 de 5 estrellas","Vengo de muchísimos años con saeco minutte y la cambié por esta por que es igual, los botones son tipo tactil, tiene un deposito para el agua muy curioso.",F&S,Revisado en España el 20 de noviembre de 2023
"Entrega rápida, gran producto!","5,0 de 5 estrellas",La entrega fue de solo 5 días a Tenerife. La máquina es muy fácil de controlar. Me encanta el diseño y los botones táctiles obvios. Estoy probando café de varias marcas para mi gusto personal. Pero en total la máquina es maravillosa.,Wielinga,Revisado en España el 15 de septiembre de 2023
Contentisimos,"5,0 de 5 estrellas","Estamos muy contentos con todas las funciones que tiene. El cafe esta riquisimo!!!!
Se limpia sola y siempre lista!!",ROCIO S.,Revisado en España el 8 de enero de 2024
👍,"5,0 de 5 estrellas",Muy buen producto,Catalin,Revisado en España el 11 de febrero de 2024
Correcto,"5,0 de 5 estrellas","Todo correcto los primeros días. Me hacía una espuma perfecta, con apenas 80ml de leche me llenaba la taza. Pero tras unos días dejó de hacer espuma, tal y como había leído que le había pasado a otros usuarios.
SOLUCIÓN: tras leer detenidamente todas las instrucciones (que a veces no lo hacemos por las prisas) he descubierto que hay un orificio minúsculo en la parte metálica de la boquilla espumadora que debe estar perfectamente limpio para que haga una espuma perfecta. Tras limpiarlo con una hilo rígido de plastico o un alfiler, todo perfecto. En las fotos puede apreciarse el pequeño orificio que se encuentra en la parte superior del tubo metálico, en la parte contraria a la punta que se mete en la leche, es decir la parte que entra en la pieza de silicona.",Fj.,Revisado en España el 7 de marzo de 2021
"Rápida, intuitiva y buen café","5,0 de 5 estrellas","La phillips ep2220/10 funciona perfectamente, es muy facil de usar y de momento llevamos usandola 2 meses todos los dias unos 6 cafes y sigue funcionando perfectamente, ni siquiera le hemos cambiado la molienda y el cafe sale muy bueno desde el primer día. Perfecta la opcion de cafe molido para usarlo cuando quieres un descafeinado y encima el cafe esta mas rico que en las miticas cafeteraa de cafe molido, asique estoy encantada con la compra. Creo que en unos cuantos meses mas la tengo mas que amortizada, puesto que antes usabamos capsulas y gastabamos un monton de dinero en cafe, ahora un kilo de cafe en grano nos dura unos 20 dias, por lo tanto el ahorro es evidente. Estamos encantados con ella y la volveria a comprar sin duda.",Gala,Revisado en España el 13 de enero de 2021
Funciona muy bien,"5,0 de 5 estrellas","Gran cafetera, anteriormente tenía una Krups y ésta, le da mil patadas, en funcionamiento, tiene la ventaja, que también acepta café molido. Aunque en ruido, también hace, pensé que sería más silenciosa, pero en general me gusta como va funcionando, a ver como envejece",ALBERTO BLANCO BARRIOS,Revisado en España el 16 de julio de 2023
Cafetera automática,"5,0 de 5 estrellas","Nos ha gustado mucho, muy intuitiva y fácil de usar de momento de 10/10","Muy buena cafetera automática, nos ha gustado mucho.",Revisado en España el 20 de diciembre de 2023
Es una maravilla,"5,0 de 5 estrellas","Fácil de limpiar y de rellenar. Puedes usar café descafeinado ya molido, o molido. Dos sistemas de usarlo. Varias opciones de café. Ideal si disfrutas del café",Toni,Revisado en España el 21 de noviembre de 2023
Café rico,"5,0 de 5 estrellas","Con esta cafetera se prepara un café rápido, fácil de prepara y muy rico",Mª Asunción Castro de Abajo,Revisado en España el 23 de diciembre de 2023
Por ahora contentos. Todo funciona según las instrucciones.,"5,0 de 5 estrellas","Comprada a principios de Abril de 2022. Por ahora contentos con el funcionamiento. Todo va bien. El sabor del cafe hay que llegar a conseguirlo. No es dificil pero tampoco se llega a saber cual es la mejor opción al día siguiente. Hay que ir haciendo pequeños cambios en cuanto a la cantidad de cafe que se muele, el tipo de molido de cafe y la cantidad de agua que mejor se adapta al sabor que a cada uno le gusta.
Yo por ahora voy viendo que el café me va sabiendo cada vez mejor.",Juan Jose Gongora Yerro,Revisado en España el 13 de junio de 2022
Rapidez,"5,0 de 5 estrellas","Buen producto,sale el café con crema y para mi perfecta",Servicio rápido y todo en perfecto estado,Revisado en España el 14 de diciembre de 2023
Fácil uso,"5,0 de 5 estrellas","Es la segunda,ésta para regalar, un producto excelente.",Lolo,Revisado en España el 21 de diciembre de 2023
