title,rating,body,author,date
Deposito de agua algo pequeño,"3,0 de 5 estrellas","Esta bien, pero el deposito de agua es pequeño",Cliente Amazon,Revisado en España el 14 de julio de 2024
Rota,"1,0 de 5 estrellas","Llegó rota, se salía el agua del depósito",Yolanda,Revisado en España el 4 de enero de 2024
Poca capacidad depósito agua,"3,0 de 5 estrellas","Es fácil de usar, cómoda, se calienta rápidamente y tiene amplia gama de bebidas. El gran inconveniente es que su depósito de agua es pequeño, y hay que rellenarlo con mucha frecuencia, a diario",Inma,Revisado en España el 23 de noviembre de 2023
Usado,"2,0 de 5 estrellas","La parte donde se pone la cápsula estaba sucia y pegajosa, usada. La decepcion es total",Julieta,Revisado en España el 15 de octubre de 2023
MAL,"1,0 de 5 estrellas","Literalmente que no funcionaba el boton de arriba desde que la sacamos de la caja, una decepción",Laura rey,Revisado en España el 17 de septiembre de 2023
Las cápsulas no vienen incluidas,"3,0 de 5 estrellas","La cafetera está muy bien, pero hacen publicidad engañosa. Te ponen las fotos con las cajas de cápsulas pero luego no vienen.",ÁFRICA ESPINAR CHAMORRO,Revisado en España el 4 de septiembre de 2023
A MEDIAS,"3,0 de 5 estrellas","Está perfecta en su aspecto.
Pero el recipiente que recoge la cápsula se queda enganchado y cuesta mucho sacarlo.

Lo mismo ocurre con el recipiente del agua.
Pienso que tal vez esta sea la causa de la venta del producto de segunda mano…",Cliente Amazon,Revisado en España el 4 de julio de 2023
Buen producto,"5,0 de 5 estrellas","Llegó bien embalado, y sin percances. El aparato funciona correctamente. Lo que se espera de esta marca.",Sergio,Revisado en España el 24 de junio de 2023
Muy buen precio,"5,0 de 5 estrellas",Muy útil y los productos riquisimos,Cliente Amazon,Revisado en España el 22 de junio de 2023
Hace buen café,"3,0 de 5 estrellas","La cafetera tiene un diseño muy bonito y la función automático que hace que el flujo de café se pare dependiendo del nivel de agua que elijas , está muy bien
Lo que no está tan bien es el depósito de agua que cuesta bastante separarlo del aparato para rellenar hasta el punto de que parece que se va a romper",ÁNGELES,Revisado en España el 11 de junio de 2023
Calidad,"5,0 de 5 estrellas",Ya es la tercera dolce gusto y solo puedo decir que perfecta para mi,ROBERTO quintanilla esteban,Revisado en España el 2 de junio de 2023
Buena maquina,"5,0 de 5 estrellas",Bien empaquetado y muy bien funcionamiento,Fran,Revisado en España el 1 de junio de 2023
Es la segunda que compro,"5,0 de 5 estrellas",Calidad precio excelente,Elena Cardenal,Revisado en España el 8 de mayo de 2023
Buen precio,"5,0 de 5 estrellas","Buen precio, entrega rapida y buena cafetera",jose maria,Revisado en España el 8 de mayo de 2023
Bonita y funcional,"5,0 de 5 estrellas","Necesitaba una cafetera y como ya tuve con anterioridad alguna Dolce Gusto, me decidí por esta. Me encantó el color, me parece muy bonita. Un minipunto en contra es que también tiene el cable rojo y en mi casa llama un poco la atención.

Es semiautomática, lo cual me gusta mucho y la bandeja tiene 3 alturas. Hace un poco de ruido, claro, pero lo normal en una cafetera.

Es muy fácil de limpiar y muy fácil de usar. Además, hay mucha variedad de cápsulas de café para utilizar en esta cafetera.",Sabela,Revisado en España el 23 de abril de 2023
Cumple su funcion,"4,0 de 5 estrellas",Buen café,Maria Angeles,Revisado en España el 15 de abril de 2023
Decepcionada,"1,0 de 5 estrellas","Lo que ha durado perfecto, pero al igual que me sucedió con la primera DolceGusto que tuve, por mucho cuidado y limpieza que tenga acaba deteriorándose y expulsando agua por debajo.",Paula T.,Revisado en España el 22 de marzo de 2023
Muy buen producto! 100 % recomendable!!!,"5,0 de 5 estrellas",Muy buen producto! 100 % recomendable!!!,MAKU,Revisado en España el 20 de marzo de 2023
Aguachirri,"2,0 de 5 estrellas","La máquina es preciosa, súper fácil de usar y va perfectamente.
Pero el café es espantoso, es agua, no sabe a café y no es nada cremoso, es súper amargo.
Aparte, al empezar a hacer su proceso escupe hasta lograr sacar el chorro y eso ensucia mucho más.",Alejandro Garcia Valdaliso,Revisado en España el 10 de marzo de 2023
Que cumpla su función,"5,0 de 5 estrellas","Que es muy práctica en su manejo.

Pero quizás un depósito de agua más amplio sería lo ideal.",Papitu,Revisado en España el 13 de febrero de 2023
Comoda,"5,0 de 5 estrellas","Lo que no me ha gustado es que es medidor del café cada vez que metes una cápsula hay que ajustarlo pues se mueve con mucha facilidad.
Pero por lo demás 5 estrellas café perfecto el depósito de agua tiene mucha capacidad.",Raul,Revisado en España el 28 de enero de 2023
La cafetera vino con una grieta en el depósito de agua y por tanto no puedo usarla,"1,0 de 5 estrellas","En noviembre compré la cafetera preparándome para la apertura de mi nuevo lugar de trabajo. En diciembre cuando abrí mi oficina, abrí la caja y saqué la cafetera, al usarla por primera vez comenzó a fugar agua del depósito y me percato que tenia grieta el depósito de agua. Lamentablemente habia tirado la caja y ya no podia recogerla, ademas como abrí la cafetera 1 mes despues de comprarla, el vendedor me inidica que se habia pasado el tiempo para reclamos. Lamentablemente por planificar y comprar por adelantado me salió mal. El vendedor me indica un tlfno al cual puedo llamar para pedir presupuesto de reparacion o cambio de la parte defectuosa, y no atienden, y el contestador indica que está lleno de mensajes y no puede guardar el mio. Ha sido perdida de tiempo y dinero para mi. Mi próxima cafetera la compraré en tienda física, me da más seguridad",Fabiana,Revisado en España el 9 de enero de 2023
Devuelva,"2,0 de 5 estrellas","La cafetera, es bonita, ocupa poco espacio. Pero a los pocos días de uso, empezó a salir agua (por dónde no debia).
Es decir, por debajo de la cafetera.
He procedido a su sustitución.",is.gv,Revisado en España el 30 de diciembre de 2022
Excesivamente ruidosa,"1,0 de 5 estrellas","He tenido que devolver la cafetera, porque el ruido que hacía era atronador y la taza se movía de un lado a otro y se derramaba el café.",Manelsa,Revisado en España el 12 de diciembre de 2022
GENIAL,"5,0 de 5 estrellas","muy facil de usar, las capsulas originales muy bien, pero la de las marcas blancas sin problemas, encantado con el funcionamiento, muy buena temperatura del cafe, recomendable",christian,Revisado en España el 27 de noviembre de 2022
Correcto,"2,0 de 5 estrellas","Tiene una pestaña para fijar la cantidad de agua con la que hay que tener mucha atencion, se desplaza con demasiada facilidad",José B.,Revisado en España el 18 de octubre de 2022
Buena calidad y precio gracias,"5,0 de 5 estrellas",Buena calidad y precio gracias me gusta mucho,Svetoslav S Todorov,Revisado en España el 7 de octubre de 2022
duró muy poco y no se usaba todos los días,"3,0 de 5 estrellas",al año se nos rompió...,Empresa,Revisado en España el 17 de septiembre de 2022
Practica !!!!!,"5,0 de 5 estrellas",No tarda Nada en hacer el cafè ect fàcil de limpiar y es muy bonita 👍🏼 La recomiendo 👏🏼👏🏼👏🏼👏🏼👏🏼👏🏼👏🏼,Esther,Revisado en España el 20 de agosto de 2022
Cómoda y fácil,"4,0 de 5 estrellas",Rápida preparación,Esther,Revisado en España el 12 de agosto de 2022
Muy buen producto,"5,0 de 5 estrellas",Es la segunda que compro. Me gusta mucho. Mi valoración es muy positiva,Mabel,Revisado en España el 19 de julio de 2022
Perfecta para la oficina,"5,0 de 5 estrellas",Realmente funcional y bonita. No tiene gran mantenimiento y de momento todo bien.,David,Revisado en España el 7 de junio de 2022
"Perfecta, la compré por la noche y me llegó a las 10 de la mañana. Genial!!","5,0 de 5 estrellas",Me encanta.,Carmen Lobato Moreno,Revisado en España el 2 de junio de 2022
Bonita pero estropeada,"1,0 de 5 estrellas",La maquina es bonita y tiene todas las funciones que buscaba pero me ha venido muy estropeada y aun no he podido disfrutarla. Una pena porque me he llevado mala experiencia.,Sandra Anik,Revisado en España el 23 de abril de 2022
Muy contenta,"5,0 de 5 estrellas",Cafetera según descripción. Todo perfecto,Beatriz Martinez,Revisado en España el 25 de marzo de 2022
Encantada con mi cafetera,"5,0 de 5 estrellas","La mejor compra que hecho en cafetera, el café sale buenísimo y cremoso, su limpieza facilisima, me encanta.",Rocío P.,Revisado en España el 3 de marzo de 2022
Muy buena compra,"5,0 de 5 estrellas",El café se hace en muy poco tiempo y con el agua exacta al ser automática. No hace un ruido excesivo. Tiene un tamaño ideal. El pedido llegó antes de tiempo.,Cliente Amazon,Revisado en España el 27 de febrero de 2022
"Rico, rico y variado","5,0 de 5 estrellas",Tenía curiosidad por probar la cafetera pingüino y me ha sorprendido la variedad de cafés y la calidad de ellos. Gustosos los cafés.,Txusmi,Revisado en España el 23 de febrero de 2022
Primera vez que compro algo usado aquí y sorprendido,"4,0 de 5 estrellas","Tras años comprando por Amazon es la primera vez que compro algo ""usado"". Funciona a la perfección (como la cafetera que me duró 7 años) y sacaré una lupa para ver el ""desperfecto"". Muy buen producto. Vino sin embalar en caja de Amazon sólo la caja deteriorada del producto. Es un detalle cutre pagando lo de prime. Amazon, currárselo un poco más con el cliente final no vendría mal.",Jesús Manuel Rodríguez Gutiérrez,Revisado en España el 16 de febrero de 2022
Perfecto,"5,0 de 5 estrellas","Es inteligente, ocupa poco sitio y de poca altura compatible con múltiples cápsulas Dolche gusto compra muy recomendable",Colu,Revisado en España el 10 de febrero de 2022
Súper,"5,0 de 5 estrellas","Súper bonita y súper bien todo. Cafés riquísimos, fácil de usar y... Contentisima!",Cris,Revisado en España el 2 de febrero de 2022
Si está defectuoso ni el vendedor ni Amazon se hacen cargo de los gastos de enviar la cafetera,"1,0 de 5 estrellas","La cafetera llegó mal, costaba encajar el contenedor de cápsulas y el del agua y mucho más trabajo costaba retirarlos, el problema vino con la devolución, pues siendo yo de Amazon Prime desde hace años, ni Amazon ni el vendedor se han hecho cargo del envío (17,8€). Lo considero una estafa, no lo he devuelto por capricho, la cafetera no estaba bien.",Carmen Aldehuela Serra,Revisado en España el 23 de enero de 2022
Blanca y gris.,"4,0 de 5 estrellas","Buen tamaño, depósito pequeño para familia de más de 2. Después de un tiempo, Aunque sigue funcionando bien el selector de encendido no luce en verde ni amarillo, solo rojo intermitente y luego se queda apago; aunque dando a la palanca te hace el café. Ya me acostumbré 😂",Pruneres,Revisado en España el 19 de enero de 2022
Va dura.,"3,0 de 5 estrellas",He tenido 2 iguales y esta va bastante dura al sacar la cápsula y el depósito de agua. Por lo demás bien.,Javier Ibáñez Gil,Revisado en España el 14 de enero de 2022
buena cafetera,"4,0 de 5 estrellas",sale muy buenos cafés y es de fácil manejo,alvaro,Revisado en España el 5 de enero de 2022
Bonita y funcional,"4,0 de 5 estrellas",Bonita y funcional,Verónica,Revisado en España el 22 de diciembre de 2021
Compra verificada,"1,0 de 5 estrellas",No lleva un año y se estropeó,G,Revisado en España el 8 de diciembre de 2021
Utilidad,"4,0 de 5 estrellas","Pequeño tamaño, buen café pero algo ruidosa.",Pedro,Revisado en España el 20 de noviembre de 2021
Muy mal se ha roto pronto y la mando al servicio técnico y viene igual muy descontento.,"1,0 de 5 estrellas",Fatal se ha roto pronto y la mando al servicio técnico y viene igual,Pedro,Revisado en España el 17 de noviembre de 2021
Buen café,"5,0 de 5 estrellas",La estética y la calidad del café,José Antonio del alamo,Revisado en España el 11 de noviembre de 2021
"La cafetera está muy bien, he tenido otras de la marca y me encantan","5,0 de 5 estrellas",Me gusta su fácil manejo y su diseño,Monica,Revisado en España el 5 de noviembre de 2021
Fácil y rápida,"5,0 de 5 estrellas","Es un producto el cual repito tuve una igual y me fue genial
Rápida y cómoda",María del Carmen Rodríguez Torres,Revisado en España el 26 de octubre de 2021
SE ADAPTA A LO QUE QUERÍA,"5,0 de 5 estrellas","Se adapta perfectamente a lo que quería, ya que tiene dosificador automático que es muy practico.
Al ser pequeña de diseño el deposito de agua no es muy grande, en comparación con la anterior que tenía.
En contra de lo que se dice en algunas opiniones no es muy ruidosa, bastante menos que la otra que tenía de la misma marca.",Laura,Revisado en España el 24 de octubre de 2021
Mejoras respecto a modelos anteriores,"5,0 de 5 estrellas","Me gusta el sistema de selección de niveles, que no es totalmente digital, sino que es más manual y sobre todo el depósito, que por su diseño, facilita más la limpieza que en anteriores modelos.",Laura Garcia,Revisado en España el 24 de octubre de 2021
Entrega muy rapida,"5,0 de 5 estrellas",Fácil y rápido de usar,Ricardo,Revisado en España el 12 de octubre de 2021
Vibración y ruido insoportable,"1,0 de 5 estrellas","Play Video
El ruido que hace al hacer café es horroroso y, a parte, como se puede ver en el vídeo, la taza se mueve sola de la propia vibración, teniendo que sujetar toda la cafetera para que haga café.",TheArmega,Revisado en España el 27 de septiembre de 2021
Es súper guay!!,"5,0 de 5 estrellas",Es muy cómoda :),Sandra,Revisado en España el 22 de septiembre de 2021
Tamaño,"5,0 de 5 estrellas",La volví a comprar porque me gustan su tamaño y prestaciones,Mar,Revisado en España el 7 de septiembre de 2021
La recomiendo,"5,0 de 5 estrellas",Me encanta la calidad fácil de limpiar sobre todo que es automática.,Rubiela muñoz,Revisado en España el 24 de junio de 2021
Recomendable. Fácil y rápida de usar.,"4,0 de 5 estrellas",Recomendable. Fácil y rápida de usar. No falla.,Cliente Amazon,Revisado en España el 29 de mayo de 2021
Calidad precio buena,"5,0 de 5 estrellas","Ya la conocía, anteriormente ya tuve otra Dolce Gusto",Mari M.,Revisado en España el 23 de abril de 2021
Perfecta y a un precio genial,"5,0 de 5 estrellas",Era la que queria y al precio justo. Me encanta porque no es de paro manual. Le indicas la cantidad q quieres y para automáticamente. El color no es muy visto asi que quien la ha visto le ha encantado. Muy contenta con la compra.,Adriana,Revisado en España el 19 de abril de 2021
"Pequeña y automática, lo que buscaba.","5,0 de 5 estrellas","La compré tanto por el tamaño, no ocupa apenas espacio y porque es automática, eso está genial, el café sale en su punto, estoy encantada. Una compra muy acertada",Richie L.,Revisado en España el 11 de abril de 2021
Muy ruidosa.,"2,0 de 5 estrellas",El problema es que hace un ruido horrible y tiembla como una lavadora antigua.,Emilio,Revisado en España el 8 de abril de 2021
Nos ha salido defectuosa,"3,0 de 5 estrellas",La cafetera es buena porque ya la conozco. Pero ésta nos ha salido defectuosa. Se atasca donde van las capsulas y no se pueden sacar. Ya la han reparado dos veces y vamos a por una tercera. Así que salvo que me manden una nueva no estoy contenta.,Miriam,Revisado en España el 5 de abril de 2021
Muy buena maquina,"4,0 de 5 estrellas",Todo ok la entrega y el producto el café sale bueno y mucha variedad muy contentos,Raul Baena Guzman,Revisado en España el 18 de marzo de 2021
Cafetera,"3,0 de 5 estrellas",Estéticamente muy bonita tal como m esperaba. Las pegas que encuentro es q es muy ruidosa y el cable rojo no le encuentro mucho sentido.,Merittxell,Revisado en España el 1 de marzo de 2021
Fácil y muy útil,"5,0 de 5 estrellas",Es justamente lo que iba buscando la recomiendo totalmente!!,Cliente Amazon,Revisado en España el 11 de febrero de 2021
Buena compra,"5,0 de 5 estrellas",Muy fácil de usar y limpiar el café muy rico y puedes elegir si quieres más agua,Carmen,Revisado en España el 8 de febrero de 2021
Me gusta,"5,0 de 5 estrellas","Es práctica y rápida por las mañanas,es muy sencilla de limpiar,y están buenos los cafés.",Manuel Jimenez,Revisado en España el 30 de enero de 2021
estupenda cafetera de cápsulas,"5,0 de 5 estrellas",Genial. la compré para un regalo. ideal para una persona que vive sola y quiere tomar café recién hecho y de calidad. Muy contenta con la compra. La elegí porque tenía una de este tipo en el trabajo y sabía que funcionan muy bien y son fáciles de utilizar. Puedes encontrar las cápsulas en cualquier supermercado.,EG,Revisado en España el 27 de enero de 2021
Cafetera mediocre,"3,0 de 5 estrellas","No me acaba de gustar, se queda goteando al acabar. Depósito de agua muy pequeño. No avisa que falta agua y continuamente hay que rellenarlo.",Cliente Amazon,Revisado en España el 17 de enero de 2021
Gran calidad!,"5,0 de 5 estrellas",Buena cafetera y funcionando perfectamente!,Joaquin,Revisado en España el 29 de diciembre de 2020
Sensillez,"5,0 de 5 estrellas","Todo perfecto, comoda y sencilla",Carlos,Revisado en España el 28 de diciembre de 2020
Buena compra,"5,0 de 5 estrellas","Muy recomendable, precio justo y mucho mejor que la anterior que tenia. Muy contento!",Trachemysta,Revisado en España el 24 de diciembre de 2020
Ideal para tomar un buen café,"5,0 de 5 estrellas","El pedido me llego antes de lo estimado, estoy muy contento con la compra realizada.",Cliente Amazon,Revisado en España el 14 de diciembre de 2020
Todo bien,"5,0 de 5 estrellas",Genial todo,Msan,Revisado en España el 9 de diciembre de 2020
Fácil y cómodo,"4,0 de 5 estrellas",Fácil de usar,Artisf,Revisado en España el 5 de diciembre de 2020
Encantada,"5,0 de 5 estrellas","Encantada con la compra,ha superado con creces mis espectativas.",Gar,Revisado en España el 2 de diciembre de 2020
Perfecto,"5,0 de 5 estrellas",Perfecto,montse alonso sanchez,Revisado en España el 30 de noviembre de 2020
Cafetera,"5,0 de 5 estrellas",Muy contento con el producto 👌🏽,Mariano,Revisado en España el 17 de noviembre de 2020
Buena compra,"5,0 de 5 estrellas","Llegó antes del tiempo indicado. Es una cafetera bonita, la verdad que va bien. En algunos comentarios leí que temblaba al sacar el café, pero no. Hace algún ruido, pero lo normal. Tiene el cable rojo y así le da un toque de creatividad,muy chulo. Estoy contenta con la compra.",Cliente,Revisado en España el 17 de noviembre de 2020
Buena oferta para un buen producto,"5,0 de 5 estrellas","La cafetera ofrece un producto final de calidad a un buen precio. Ocupa poco espacio y el manejo es sencillo. El único pero que se le puede poner es la manía del fabricante de poner el cable rojo que no es precisamente discreto, independientemente del color de la cafetera. Un simple cable banco pegaría con cualquier color.",Santiago,Revisado en España el 16 de noviembre de 2020
ok,"5,0 de 5 estrellas",buen servicio y calidad,mlcalvo,Revisado en España el 18 de octubre de 2020
Cada dia un poquito mas decepcionado con la marca..,"4,0 de 5 estrellas",Segunda cafetera en poco tiempo que tengo que mandar a arreglar en garantia pq pierde agua/cafe por la parte de abajo. Como positivo (aparte de que desde amazon gestionas los arreglos) es el que esta cafetera tiene el regulador de agua automatico a diferencia de los modelos mas baratos y que al fin y al cabo dolce gusto para nosotros es el mejor cafe en capsulas.,MAL LUIS,Revisado en España el 14 de octubre de 2020
Muy satisfecha,"5,0 de 5 estrellas","Genial!! Muy contenta con la compra. Hay muchas opciones de café y la cafetera funciona genial!! Fácil de utilizar, rápida y café excelente",lorena26,Revisado en España el 18 de septiembre de 2020
Recomendable,"5,0 de 5 estrellas",Es genial no ocupa mucho espacio y se ve bonita el que sea automática te lo pone fácil para que el café salga siempre perfecto además tienes más opciones de bebidas si no eres solo de café,Monica,Revisado en España el 9 de septiembre de 2020
Contento aunque no era el color q quería.,"4,0 de 5 estrellas","Estoy contento con el resultado. Solo decir q no es de la marca krups sino delonghi y el color no es gris blanco sino gris negro , por lo demás bien.",frutas,Revisado en España el 30 de agosto de 2020
Perfecta,"5,0 de 5 estrellas","Perfecta. Ya la conocía por tener una igual en mi domicilio habitual, por lo que he decidido comprarla para mi otro domicilio vacacional.",Begoña Baquedano Arana,Revisado en España el 17 de agosto de 2020
Bonito diseño y ocupa muy poco espacio,"5,0 de 5 estrellas","Tal cual se ve en las imágenes. Bonito diseño, muy práctica, fácil de limpiar y ocupa muy poco espacio",Jimarapackaging,Revisado en España el 8 de agosto de 2020
Perfecta!! 10,"5,0 de 5 estrellas","Es perfecta!! Pequeñita no ocupa mucho espacio super fácil de limpiar y utilitar!! Me encanta! Super recomendable, puedes hacer tanto cafe caliente como frío!",Ane,Revisado en España el 1 de agosto de 2020
Buena maquina a un buen precio,"5,0 de 5 estrellas","Buena máquina a un buen precio.
Muy compacta. Ésta es modelo es semi automática, no hace falta parar el agua, solo hay q indicar la cantidad q recomienda cada capsula y se para sola. Calienta rápido. Salpica si no colocas el vaso o taza a la altura adecuada. Hace un poco de ruido según el vaso que se coloque pero nada molesto. Facil y rápido de limpiar, con trapo o papel las gotas q han caido al quitar la capsula, es bueno hacerlo en cada servicio. Tarda menos de un 30 segundos en servir el contenido de la capsula. He pedido y probado casi todas las capsulas y nos encantan, cada uno tiene su momento del día. A mi me llego con la cafetera una pequeña caja con 4 "" sabores "". Calculo que el tanque lleno da para unas 3 tazas (de 6 rayas cada taza/ 220 ml)",Carlos L.,Revisado en España el 28 de enero de 2017
Calidad-precio está bien!,"4,0 de 5 estrellas","He comprado está cafetera para regalar, yo tengo una de Nespresso y no me compraría para mí una dolce gusto porque no me gusta lo de las cápsulas de leche... las cápsulas salen más caras y total en mi casa se consume leche igual, lo mezclas y listo.
Pero bueno no es para mí y ellos así la prefieren.
La cafetera es bonita, no ocupa mucho, es fácil de usar-limpiar y calienta bien. A mí el ruido me parece normal (al ver el vídeo parece un pelín más ruidosa). Así que calidad-precio está bien.
Lo que no me gustó nada es que me llegó directamente la caja de la cafetera sin precinto ni nada, y obviamente algo faltaba!! pues las 6 cápsulas de muestra! lo que me hace suponer que es de una devolución y ni la revisaron o que al no venir precinto ni bien embalada en el camino se escaparon!!
No la devuelvo porque está bien, funciona, es para regalar en un par de días y por unas muestras no vale la pena, pero!! Por favor revisen las devoluciones o envuelvan bien los productos!!",Paula,Revisado en España el 20 de diciembre de 2018
EL MANEJO,"5,0 de 5 estrellas","Tuve una primera cafetera de éstas hace un tiempo. Me gustaba pero le encontraba un pequeño incordio: que a lo que te descuidabas, se salía el café. Aquella, con los años, ""murió"". Compré otra pero mejor: cuando terminaba de salir el café, se paraba automáticamente. Es la que tengo en la actualidad y que me va de perlas. Pues bien. Una vecina me habló que a su sobrina se le estropeó su cafetera y eso. Yo la compré para la sobrina de esa amiga. Le enseñé el funcionamiento -facilísimo- y sé que está contenta.",Pilar,Revisado en España el 21 de diciembre de 2019
Manuel,"5,0 de 5 estrellas","Tamaño pequeño pero muy funcional, tengo un modelo anterior y este hace menos ruido y vibra menos, el cable de la mia es rojo y la cafetera blanca, el tanque de agua es algo pequeño y hay que rellenar entre 2 o 3 cafes (depende del tipo de cafe) al tener selector de cantidad de agua es muy simple de usar y no te tienes que preocupar de echar mas o menos agua, solo seleccionas la cantidad predefinida en la capsula y listo.
En la caja trae una cajita con 6 capsulas.",Manuel,Revisado en España el 12 de julio de 2016
Elena,"5,0 de 5 estrellas","Envio rápido y bien embalado ,la cafetera fantastica,fue un regalo para mis padres que toman poco café y es un engorro ponerse con las cafeteras tradicionales,da pereza y con esta cuando viene visita siempre hay café para el que quiera,mis padres incluso de han aficionado al café jaja es super rapido como calienta el agua y es muy facil de manejar,estoy pensando en comprarmela yo xq aparte de que el café es bueno hay un montón de variedades!ademas no es muy grande asi se puede colocar en cualquier sitio.",elenusky,Revisado en España el 14 de enero de 2016
Un buen producto con un buen precio.,"4,0 de 5 estrellas","Buena relación calidad precio. Una cafetera pequeñita que puedes colocar en cualquier sitio y que hace lo mismo que otras mas grandes y costosas. El apagado automatico a los 5 minutos inactiva y el ajuste de la cantidad de salida de agua permite no tener que estar pendiente de la cafetera.
Hasta el momento y la tengo dos meses aproximadamente, me siento muy satisfecho con la compra.",Cliente Amazon,Revisado en España el 13 de marzo de 2017
"Si la compras en oferta, muy bien","5,0 de 5 estrellas","5 estrellas, aunque el cable viene en rojo. También es verdad que no se dice el color que trae, y a mí me da igual.
Edito nuevamente: tercera que compro (la primera fue para mí, y las otras dos, ambas para regalar, y las tres compradas en distintos momentos). Claramente las cajas de las tres habían sido abiertas previamente, y en ninguna de las tres venían cápsulas de regalo. Eso sí, todas las he comprado por la mitad del precio de lo que cuestan en tienda. Por eso no me quejo.",Cliente Amazon,Revisado en España el 7 de octubre de 2016
Genial,"4,0 de 5 estrellas","Me encanta la cafetera, hace un cafe estupendo. Aunque la única pega serían las cápsulas de chocolate o nesquick , al ser agua en lugar de ponerles leche directamente no saben igual. No está muy bien conseguido el sabor de esas cápsulas.
Pero como hay que opinar sobre la cafetera, pues para mi es perfecta.",Javier,Revisado en España el 11 de enero de 2019
Ha superado mis expectativas,"5,0 de 5 estrellas","He sido un poco reticente en comprar una cafetera de cápsulas pero me animé cuando encontré la oferta con esta en concreto, ya que es automática (se corta cuando ha llegado al nivel deseado de café) y te permite gestionar la cantidad de café que quieres. Por otro lado, el diseño es muy elegante (compré la blanca) y muy útil, puedes ponerla en cualquier esquina.

Como todas, hace un poco de ruido cuando esta haciendo el café. Recomiendo usar agua embotellada para evitar problemas con la calificación del agua.",Alicia,Revisado en España el 10 de abril de 2018
Krups KP1201 Nescafe Dolce Gusto Mini Me,"5,0 de 5 estrellas","Gran diseño y compacta.
El deposito es algo pequeño, así que si sois más de dos en casa mejor otro modelo.
Al ser blanca, con el tiempo se han quedado manchas permanentes de café en el asa donde pones las cápsulas.
Nada importante ya que solo lo vas a ver cuando metes o sacas la cápsula.
Si para ti eso es un problema, mejor elije la negra, he tenido otras cafeteras de la marca en negro y no presentaban ese problema.
Recomendable.",Ivan,Revisado en España el 15 de julio de 2015
La mejor cafetera automática barata,"5,0 de 5 estrellas","Comprada en oferta reacondicionada y la verdad es que me vino igual que nueva, la única diferencia es que ya no venían en la caja las cápsulas de muestra y la caja en sí estaba un poco dañada. Pero la cafetera perfecta.

Seleccionas la cantidad de agua que tiene que tirar la máquina, metes la cápsula y listo. Muy funcional y pequeña, cabe en cualquier rincón de la encimera. También, al contar con una bandeja regulable y extraible puedes usar hasta tazas grandes.",Rafa Sempere Bujaldon,Revisado en España el 2 de enero de 2018
Muy buen café y muy buena cafetera,"5,0 de 5 estrellas","La cafetera ya la había probado y me gustó, por lo que decidí comprar una. Es rápida, fácil de usar y no excesivamente ruidosa; personalmente, el café Dolce Gusto es el que más me gusta así que recomiendo la compra. La única pega que le veo, no a la cafetera en sí, son las cápsulas de Dolce Gusto que siempre quedan llenas de agua y si las tiras directamente a la basura luego esta gotea...",Mario,Revisado en España el 15 de agosto de 2018
Genial,"4,0 de 5 estrellas","No le pongo cinco estrellas ya que un par de semanas después he encontrado el mismo producto a un precio más bajo o, al mismo precio pero con cuatro cajas de 16 cápsulas de regalo. Esto fue fallo mío por no indagar más y mejor, aún y así, muy contento con la cafetera, muy bonita y funciona perfectamente.",Ivan F.,Revisado en España el 4 de enero de 2017
Muy satisfechos,"5,0 de 5 estrellas","Antes de comprarla ya la conocíamos, así que fuimos sobre seguro. El funcionamiento es bien sencillo y los cafés e infusiones salen siempre iguales, lo que es de agradecer. Te permite ""engañarla"" por si quieres tu bebida más aguada o más corta, lo cual está bien. Además es fácil de limpiar y mantener. Sólo se echa en falta algo más de capacidad de agua en el depósito cuando vienen visitas. Después de ocho meses de uso está como el primer día. Gracias!",José Carlos,Revisado en España el 25 de agosto de 2017
Gestión de Amazon inmejorable.,"4,0 de 5 estrellas",En general va bastante bien. Es la segunda que tengo. La primera empezó a fallar a los 9meses y la tuve que cambiar por otra nueva. No tuve ningún problema. Llamé a Amazon y en 48 horas recogieron la estropeada y me trajeron la nueva. Así da gusto.,carmen,Revisado en España el 5 de julio de 2018
"En general me gusta, diseño bonito","4,0 de 5 estrellas","Una pena que no tenga recipiente para dejar las capsulas vacías y el deposito del agua sea algo pequeño, por lo demás, la variedad de cafes, te, chocolate, cacao, que te puedes hacer es una ruina, porque te estarías haciendo continuamente al ser tan variado. Los cafés salen super caliente y muy buenos.
Lo recomiendo.
esther",Cliente Amazon,Revisado en España el 25 de febrero de 2017
Sin problemas,"4,0 de 5 estrellas","Ya teniamos una igual pero por el precio que nos afrecia amazon decidimos comprar otra para regalo.
La pega fue que tenia un defecto de fabricacion (en este caso el deposito de agua estaba roto y la cafetera goteaba) pero la llevamos al servicio tecnico y la arreglaron sin problema y sin coste alguno",Antonio R.,Revisado en España el 11 de diciembre de 2016
cafetera,"5,0 de 5 estrellas","la gente que compra aqui en amazon es una exagerada con las opiniones , la maquina vibra y hace ruido pero no es nada de comparacion con la que tenia antes
ahora bien para mi gusto ya que soy cafetero que me tomo el cafe recien salido de la maquina sin azucares ni nada es mas bueno el cafe de la krups que la de dolce gusto",Joel,Revisado en España el 6 de diciembre de 2018
Funciona OK,"4,0 de 5 estrellas","La primera cafetera que me llegó hacia un ruido horrible vibraba y se desplazaba de la encimera. El vaso queria volar! Me la cambiaron sin problemas rápidamente y sin tener que ocuparme yo (todo era por mensajero).

La nueva cafetera funciona OK y por ahora estamos contentos con ella!",XLF89,Revisado en España el 6 de septiembre de 2017
Cómoda,"4,0 de 5 estrellas","Tenia una manual y al romperse he cambiado a una automática. El cafe sale igual de bueno, pero mucho más caliente, hay que esperar un rato para tomarlo. Hay que ponerle una raya mas de agua de la que dice la cápsula",Yolanda d.,Revisado en España el 14 de septiembre de 2018
Muy buen producto,"5,0 de 5 estrellas","Perfecta!! Dudé mucho por la diversidad de modelos. Sin embargo, esta en lo que se refiere a calidad precio para mí, la mejor. De tamaño reducido comparado con sus hermanas, el depósito hay que estar atento porque no es grande, pero no cuesta nada quitarlo y llenarlo. Es automática, algo muy importante si no quieres el café aguado y demás. Las cápsulas son fáciles de encontrar, tanto las originales como las compatibles. 100%recomendable",Belen Garcia Garcia,Revisado en España el 20 de julio de 2017
Bien,"3,0 de 5 estrellas","La compré porque la cafetera que teníamos desde hace 4 años, murió.
Bueno, el cargador del agua tiene muchísima menos capacidad que la que teníamos, aparte que el medidor de cantidad de agua para la cápsula se realiza con un trozo de plástico, no como la nuestra, que marcaban los niveles con luz.
Está bien, es bonita, pero esperaba algo como la que teníamos.",MireiaBlackGely,Revisado en España el 12 de marzo de 2020
Cafetera de capsulas buena,"4,0 de 5 estrellas","Si quieres tener un café rápido, esta es una buena opción. Tiene muchas variedades de cafés, tés y chocolates.
Me gusta mas el capuccino de esta que de otras por la espuma que deja.
Lo malo: lo de todas estas cafeteras, que el café no es el mejor mundo, aun que no está mal.",Borja Fernandez,Revisado en España el 1 de enero de 2016
Recomendada,"5,0 de 5 estrellas","No se cual es el problema que tendría pero yo no se lo he visto .Tanto la caja como el producto venian en perfectas condiciones. Tal cual me la hubiese comprado en tienda con su embalaje perfecto. Funciona con toda normalidad , estoy muy contenta con la compra. Sobretodo cuando la he visto en el corte ingles a 99 eu .",marga,Revisado en España el 23 de abril de 2016
Contenta con la compra,"5,0 de 5 estrellas","El sistema automatico q el modelo anterior no lo tenia, nos encanta. Y el cafe, para noostros, muy bueno con esta maquina y sus capsulas originales. Recomiendo hacer limpieza d la máquina cada 6 meses con sobres para este tipo d cafetera, ya q la anterior se nos rompió y nos dijeron q podia ser por eso.",Cliente Amazon,Revisado en España el 2 de octubre de 2018
Dolce gusto segunda mano.,"4,0 de 5 estrellas","Lo pedí de segunda mano, llego muy sucia por dentro. Pero un limpiado y poco más.
Funciona perfectamente y no le falta nada.
Muy útil y rápida, las bebidas se sirven en menos de 30sec.",José María,Revisado en España el 4 de agosto de 2018
Cafetera correcta,"4,0 de 5 estrellas","Todo correcto, salvo que las capsulas de regalo estaban caducadas, problema solucionado perfectamente por el servicio de atencion al cliente de amazon",drj,Revisado en España el 30 de diciembre de 2019
Tiene muy buena pinta,"5,0 de 5 estrellas","Lo esperado en el tiempo prometido. Cafetera compacta, no ocupa mucho en la encimera, aunque con el depósito de agua pequeño, como es lógico. La pega es que hay que estar pendiente de que quede agua cuando vayas a usarla, o rellenarla cada vez que lo hagas. Recibida hace casi una semana, veremos en unos meses.",Cristina,Revisado en España el 22 de julio de 2018
A la expectativa,"4,0 de 5 estrellas","Ya conocía la marca, he tenido otros modelos de dolce gusto, siempre perdían agua en algún momento, está parece algo más compacta y de momento no tiene perdidas por ningún lado.",Roberto Fernández,Revisado en España el 23 de noviembre de 2018
Muy práctica y diseño bonito,"5,0 de 5 estrellas","Se trata de una máquina realmente barata en relación a la calidad. Preparar los cafés y otras bebidas de una forma muy sencilla. Tanto frías como calientes. Evidentemente está limitada a las capsulas Dolce Gusto, aunque cada vez más hay más marca blanca compatible.
Buen diseño y compacta, práctica y rápida: la recomiendo al 100%.",Sergi,Revisado en España el 30 de julio de 2018
Bueno...,"4,0 de 5 estrellas",No me gusta la palanca de posicionamiento del frío y calor. No me gusta la forma de seleccionar la medida y que no se ilumine como en otras que he tenido.Mejor otros modelos más antiguos pero mas conseguidos y también más caros,Cristina,Revisado en España el 15 de enero de 2017
Comprado de reacondicionado,"5,0 de 5 estrellas","Llego con la caja original, algo rota, pero era algo de esperar. Aparantemente por el momento funciona correctamente y sin ningún problema, aunque a veces parece que se pasa echando más agua de lo que debería, pero solo lo he usado 2 veces a la hora de estar escribiendo esto. Espero no tener ningún problema, por el momento contento con ella.",Miguel D.,Revisado en España el 13 de diciembre de 2016
El tamaño,"3,0 de 5 estrellas","Me ha gustado porque el tamaño es más pequeño que el modelo anterior que tenía, no le doy 5 estrellas pq pensaba que al ser más moderna haría menos ruido al hacerme el café de madrugada cuando tienes que ir a trabajar y los demás duermen",Cliente Amazon,Revisado en España el 5 de junio de 2020
Pilar,"4,0 de 5 estrellas",Mucho mejor la automatica q la manual. Café mas rico. Como pega decir q la cafetera es color blanca pero el cable y enchufe es d color rojo,Maria del Pilar,Revisado en España el 3 de agosto de 2017
La mejor para el café con leche,"5,0 de 5 estrellas","Para el que le gusta el café solo, no es la mejor ni de lejos. Pero si quieres te frío o caliente, capuccinos o cafés con leche y cortados es la mejor.",Jordi Basanta,Revisado en España el 10 de abril de 2020
"Calidad, precio","5,0 de 5 estrellas","Me ha gustado su diseño, estoy acostumbrada a otra marca y me gustaba más el café, pero me imagino que me acostumbraré, muy cómoda de limpiar, el depósito del agua lo veo un poco duro a la hora de quitarlo para rellenarlo",Marisol Campos Marcos,Revisado en España el 1 de septiembre de 2019
Maria,"4,0 de 5 estrellas","Muy bien como cafetera. Me ha gustado tambien que esta perfecta para hacer infusiones. Lo malo el precio de las capsulas, que aunque en la web tienen descuento salen mas caras sun asi.",Maria,Revisado en España el 11 de febrero de 2018
Buena compra,"4,0 de 5 estrellas",El único pero es que me gustaría poder utilizar cápsulas reutilizables.,Li,Revisado en España el 9 de enero de 2020
Excepcional,"5,0 de 5 estrellas","La mejor cafetera que hemos tenido. Compramos hace poco una nesspreso pensando que el cafe era de mas calidad y que era otra cosa.....y lo fue. Devolvimos la nesspreso y quitamos de la venta esta porque, ademas de la polivalencia que te da, tienes cajas de 30 unidades que salen de precio superbien y encima una calidad buenisima",Ambroto,Revisado en España el 31 de enero de 2017
Cafetera compacta y funcional,"5,0 de 5 estrellas","Cafetera compacta y funcional, una más de las que permiten el uso de cápsulas Dolce Guste. Su regulador automático de medida la hace muy útil y fácil de manejar para conseguir la dosis exacta en cada momento. Diseño moderno y gran acabado. Por un precio inferior a otros modelos existentes, los resultados son más que aceptables.",Alberto Lobo,Revisado en España el 1 de diciembre de 2015
Buen precio y buen producto,"5,0 de 5 estrellas","Cuando lo compré amazon lo ofrecía a un precio realmente competitivo. El producto funciona a la perfección, ocupa poco y no nos ha dado ningún problema en mas de un año. Atención si quieres preparar muchos cafés de una vez porque el depósito de agua es pequeño (de ahí su tamaño compacto).",Cliente Amazon,Revisado en España el 18 de enero de 2017
Sin dudarlo,"4,0 de 5 estrellas","La cafetera trabaja a la perfecion, tiene detencion automatica. Muy bonita, no tiene nada malo, eso sí, te tiene que gustar su café en capsulas, hay gente que le gusta el café tradicional y no este.",Alfonso,Revisado en España el 23 de septiembre de 2017
Me gusta,"4,0 de 5 estrellas","Me gusta, hace cafés muy ricos fácil de usar
Elegí la cafetera por su precio y porque me devolvían 50 euros que al día de hoy no me han sido abonados en mi cuenta
Le pongo cuatro estrellas a la cafetera, pero no le pongo ninguna estrella a Nescafe
Recomiendo el producto a todos/todas

Saludo",sebi,Revisado en España el 4 de marzo de 2014
"Máquina excelente, precio alto","5,0 de 5 estrellas","Me ha encantado, pero no es ninguna ganga la puedes encontrar en otras páginas en 55€!! Y no trae las cápsulas de demostración de regalo un error! Pero la máquina es preciosa y va muy bien",Ruben,Revisado en España el 23 de enero de 2020
Vibración y ruido insoportable,"1,0 de 5 estrellas","El ruido que hace al hacer café es horroroso y, a parte, como se puede ver en el vídeo, la taza se mueve sola de la propia vibración, teniendo que sujetar toda la cafetera para que haga café.",TheArmega,Revisado en España el 27 de septiembre de 2021
no funciona... articulo usado,"1,0 de 5 estrellas","En principio, llegó sin el precinto oficial, llevaba un precinto de Amazon... De todas formas, le di un voto de confianza y me dispuse a probarla, pero... el portacápsulas se atascaba, el café salía como si estuviera atascada, salía un hilito y hacía muchísimo ruido.
Compré la cafetera para sustituir una que tengo desde hace 6 años y he podido ver la diferencia de calidad.",Maria del Pilar Delgado Quintero,Revisado en España el 20 de octubre de 2019
Producto reacondicionado. Cafe imbebible.,"1,0 de 5 estrellas","El cafe que sale de la máquina es imbebible, sabor a plástico / disolvente que no desaparece tras varios pases y acciones indicadas en las instrucciones. Sabía que compraba un producto reacondicionado pero no esperaba que el problema estuviera en el sabor del café. Es entendible que Amazon no haga esa prueba en su departamento de calidad pero si un cliente lo ha devuelto por ese motivo no tendría que volverlo a vender ya que de otro modo somos los clientes los que les hacemos estas pruebas. Bastante decepcionado.",JVC,Revisado en España el 14 de julio de 2017
Nefasto!,"1,0 de 5 estrellas","Nefasto! La caja viene destrozada, las instrucciones no viene en su plástico sino sueltas en la caja. El cable del enchufe sin enrollar... en fin... dudo que no haya sido manipulada anteriormente. Para colmo las cápsulas q regalan están caducadas desde marzo 2019.",Pipsycola,Revisado en España el 30 de diciembre de 2019
No funciona. Solución vergonzosa,"1,0 de 5 estrellas","Acabo de recibir el producto y no funciona. Al realizar el primer paso que es limpiarla tal y como indican las instrucciones, no echa agua. Me comentan que tengo que llevarlo a correos y esperar 14 días para la reparación. Me parece vergonzoso la solución.",Esther,Revisado en España el 16 de octubre de 2019
Inutil,"1,0 de 5 estrellas",En la basura. Jamás pude hacer café. No subía el agua,INMA ALONSO alba,Revisado en España el 30 de julio de 2020
Mal presión y pierde agua,"1,0 de 5 estrellas","Esta en concreto mal, pierde agua donde la cápsula, mejor coger otra",toni,Revisado en España el 2 de abril de 2020
cafetera nefasta,"1,0 de 5 estrellas","Lo único que no me ha gustado es lo poco que me ha durado porque hoy he tenido que llevarla a reparar y aunque siga en garantía,dá lo mismo porque no me han contestado a mi último mensaje reclamando.Gracias",ariel rodriguez moscoso,Revisado en España el 30 de agosto de 2018
Engaño,"1,0 de 5 estrellas",Falta la cajax16 cápsulas que indica en las especificaciones.,amToscafamily,Revisado en España el 21 de abril de 2020
Se sale el agua por todos los sitios...segunda cafetera ya camino de la tercera,"1,0 de 5 estrellas",Es la segunda cafetera que compro y que le pasa lo mismo. Solo me ha durado 5 meses. El problema es que se sale el agua por todos los lados...deberían hacerlo mirar. Muy descontenta.,Clara,Revisado en España el 4 de noviembre de 2018
Pierde agua!!,"1,0 de 5 estrellas","10 días y tengo que devolverla ya que pierde agua!!
El sistema automático no es nada del otro mundo, he tenido siempre la manual y 0 problemas. Pero ha venido en mal estado, pierde el agua del depósito y agua el café...",sini,Revisado en España el 3 de abril de 2018
No me ha gustado la compra,"1,0 de 5 estrellas",Hace un ruido rarísimo cada vez que hace los cafés,Jaime Rodríguez Acebal,Revisado en España el 2 de febrero de 2020
No funciona,"1,0 de 5 estrellas",La maquina no saca el cafe menuda estafa no funciona,saul poquet,Revisado en España el 19 de diciembre de 2019
No compreis esta cafetera,"1,0 de 5 estrellas","Compre la cafetera el 2 de Diciembre de 2017 y ya se sale el agua. Intentare devolverla.

Otra que compre de la misma marca igual. Nadie me advirtió",Cliente 1,Revisado en España el 10 de septiembre de 2018
Malísima,"1,0 de 5 estrellas",No ha funcionado tuve que devolverla muy mal no salió nunca café,yurica valencia,Revisado en España el 19 de agosto de 2019
Malisima,"1,0 de 5 estrellas",No me he durado ni un año y no se como me cubrira la garantia. Crea posos del cafe. No sale bien. El modelo antiguo me duro mucho mas.,Javier,Revisado en España el 1 de agosto de 2018
Mal,"1,0 de 5 estrellas",Me habría gustado que funcionase,Kiko Igual,Revisado en España el 29 de octubre de 2019
"Funciona muy mal, no recomiendo su compra, no la devolví en su dia y deberia haberlo hecho,","1,0 de 5 estrellas","Funciona muy mal, no recomiendo su compra, no la devolví en su dia y deberia haberlo hecho, leyendo por internet tienen un fallo en el calentamiento de la maquina, la mia le cuesta la vida encender, muy mala compra",Javier,Revisado en España el 28 de julio de 2017
Carol,"1,0 de 5 estrellas",En 4 meses ya no funciona. Ocupa poco y es bonita. No tiene cápsulas compatibles. Es mejor comprarse una nesspreso,Carol,Revisado en España el 3 de agosto de 2016
Está qué da pena.,"1,0 de 5 estrellas","Me a llegado una cafetera diferente a la de la foto, creo que es el modelo anterior. Isada, dañada y sin limpiar. Vergüenza.",Cliente Amazonas,Revisado en España el 16 de octubre de 2019
Cafeteras de 2º mano,"2,0 de 5 estrellas","Las cafeteras de 2º mano , de 3 pedidas, dos no funcionan y le faltaron piezas.Sólo una funciona hasta ahora correctamente.",Maria,Revisado en España el 3 de diciembre de 2019
Muy ruidosa,"2,0 de 5 estrellas",Hace mucho ruido y vibra bastante. Anteriormente tenia una piccolo y el ruido era inferior. Me decante por este modelo por el sistema automatico pero de saber que hacia tanto ruido repetiria con el otro modelo.,Mon,Revisado en España el 30 de septiembre de 2018
Demasiado ruidosa,"2,0 de 5 estrellas","Se tuvo que devolver la cafetera porque el ruido y la vibración que tenían hacían incluso que la máquina se desplazara... Seguramente era un defecto de ese ejemplar en concreto. Voy a comprar otra a ver si sale normal. El café, muy rico y de todos los tipos.",Manuel,Revisado en España el 10 de enero de 2017
mariel strada,"2,0 de 5 estrellas",El único problema es que el deposito de agua pierde unas gotas..Y es un poco molesto cada vez q cambias el agua.,Cliente Terry,Revisado en España el 21 de junio de 2017
...y al final... falló!,"2,0 de 5 estrellas",Al principio muy bien pero al final (antes de 1 año) falló..... Una lástima.... En qualquier caso hemos repetido con Dolce Gusto,DXE Family,Revisado en España el 10 de noviembre de 2016
"Acaba de llegar, elegí la blanca y gris por discrección y oh sorpresa! El cable es rojo chillón!","2,0 de 5 estrellas",El cable de corriente es rojo chillón. Nada discreto. Elegí esta en vez de negra por ser discreta. Vaya plan,Abigail Huertas,Revisado en España el 5 de febrero de 2015
"Compacta, pero la calidad-cantidad de las bebidas no me convence","2,0 de 5 estrellas","He tenido la suerte de ser una de las agraciadas del blog The Insiders que ha podido probar esta máquina y tras varias semanas probando las diferentes variedades del producto, no termina de convencerme.

La máquina es compacta, con lo que se puede colocar en cualquier rincón de la cocina (¡incluso en mi diminuta casa de 30m2!), y el diseño es moderno y atractivo. Pero es la calidad y, sobre todo, la cantidad de las bebidas, lo que no me convence, ya que para preparar una bebida de tamaño normal (250ml) se necesita algo más de una cápsula, y ésto añadido al precio de las cápsulas en el mercado (casi 5€) hace que la relación calidad-precio no cumpla mis expectativas.",Leyre,Revisado en España el 27 de diciembre de 2013
Probando por Insiders,"2,0 de 5 estrellas","Resulté agraciado en la campaña de The Insiders para probar este producto. De esta cafetera me gustan sus reducidas dimensiones, la facilidad de manejo y limpieza y el hacer sencillamente tanto bebidas frías como calientes. Sin embargo no me gusta el pequeño tamaño del depósito y, sobre todo, que no te avise de que se está acabando el agua para rellenar antes de ponerte a preparar el café. Tampoco me convence ni su precio ni el de sus cápsulas en relación a otras cafeteras del mercado.",edo10,Revisado en España el 17 de diciembre de 2013
Se puede mejorar el diseño quizás.,"3,0 de 5 estrellas","Me gusto : lo fácil de usar
No me gusto : ensucia mucho y gotea continuamente manchando todo..",Daniel,Revisado en España el 20 de julio de 2020
"Cómoda, pero nunca duran","3,0 de 5 estrellas","Es la tercera igual que compro, te va a durar poco más de un año y punto. En mi caso, por comodidad, me compensa, pero son el mejor ejemplo de obsolescencia programada que conozco. Mientras dura, hace lo que tiene que hacer y lo hace bien.",Juanra,Revisado en España el 21 de enero de 2017
Muy bonita,"3,0 de 5 estrellas",Tiene buena pinta...pero me ha llegado sin las cápsulas d regalo y no he podido probarla todavía,susana,Revisado en España el 21 de abril de 2020
Pack bienvenida,"3,0 de 5 estrellas",Viene la cafetera sola sin el Pack de bienvenida con las seis capsulas.,Silvia,Revisado en España el 21 de abril de 2020
Sin cápsulas de bienvenida,"3,0 de 5 estrellas",Mi paquete no traía cápsulas!!! 😟😟,Andreea Diana Cioinea,Revisado en España el 17 de julio de 2020
Cafetera dolce gusto,"3,0 de 5 estrellas",Es la tercera que me compro.pero me gustan mucho las cafeteras dolce gusto .y esta en color blanco i gris me fascina lo.unico no me gusta el cable rojo,ana,Revisado en España el 4 de septiembre de 2017
Está bien,"3,0 de 5 estrellas",Como cualquier otra cafetera de cápsulas. Lo único que esta hace mucho más ruido. Donde hay que poner la taza se mueve bastante,MARIA ANGELES,Revisado en España el 18 de diciembre de 2017
Alberto Lázaro,"3,0 de 5 estrellas","La bandeja hace mucho ruido al preparar el café, en cualquier altura en la que esté colocada. Por lo demás bastante bien.",Alberto Lázaro,Revisado en España el 9 de noviembre de 2017
Bonita pero hace mucho ruido,"3,0 de 5 estrellas","La cafetera tiene un diseño muy bonito, pero hace muchísimo ruido y vibra un montón. Por lo demás todo correcto.",Cristina,Revisado en España el 12 de enero de 2018
cable rojo,"3,0 de 5 estrellas","la cafetera es lo que esperaba, en la descripcion pone blanco y gris, pero seria importante que pusiera que el cable es de color rojo",Mari Tere,Revisado en España el 23 de septiembre de 2015
NESCAFÉ® Dolce Gusto® MINI ME,"3,0 de 5 estrellas",Yo también la estoy probando gracias a The Insiders y la verdad es que es cómoda y práctica. Los peques cada fin de semana me piden su batido de chocolate mientras mi marido y yo disfrutamos de un café o un té u otras variedades de las muchas que ofrece. Me gusta que puedes optar por bebidas frías o calientes.,Patricia,Revisado en España el 18 de diciembre de 2013
Una gran máquina!,"3,0 de 5 estrellas","La cafetera es ideal para una cocina típica en blanco y gris.
No desentona. Encaja divinamente!
Prepara muy rápido los productos.
Pero para mi tiene una grandisima ventaja, NO gotea nada! De nada!
He tenido otras máquinas de café y esta es impresionante.
Puedes poner todo tipo de vasos.",Pedro_Barcelona,Revisado en España el 18 de diciembre de 2013
Bien calidad precio,"4,0 de 5 estrellas",Buena le falla el depósito pequeño y goteaa veces Pero en general bien la recomiendo más que la Nespresso ya que tuve que hacer devolución,Esther,Revisado en España el 29 de noviembre de 2017
Bonito color,"4,0 de 5 estrellas","Es muy elegante, queda muy bien en una cocina blanca, el cable es de color rojo, viene con 6 capsulas de muestra, lo único que el sistema de paro es un poco rudimentario.",Xavier,Revisado en España el 1 de abril de 2017
Es sencilla de usar,"4,0 de 5 estrellas",No se calienta mucho el café,Arual,Revisado en España el 12 de febrero de 2020
Muy contenta,"4,0 de 5 estrellas",Lo compré para un regalo. Y están muy contentos. Funciona muy bien y un tamaño perfecto. Al ser automática te despreocupas.,Ángeles,Revisado en España el 13 de enero de 2018
Estupenda compra,"4,0 de 5 estrellas","Es como la descripción, de muy buena calidad. Viene bien envuelto para evitar que se pueda romper y con unas capsulas de regalo.",Cliente Amazon,Revisado en España el 15 de septiembre de 2017
Café rico y rápidamente,"4,0 de 5 estrellas",Hace un café muy rico a toda pastilla.,juglarix,Revisado en España el 3 de noviembre de 2019
Cable de color rojo,"4,0 de 5 estrellas",Todo perfecto y con 6 cápsulas de regalo. No le doy un 5 porque el cable es rojo a pesar que en las preguntas afirman que no lo es.,Felipe,Revisado en España el 13 de septiembre de 2016
Quim,"4,0 de 5 estrellas",Diseño bonito y funciona muy bien. El dosificador de cantidad de café va genial. Además es rápida en preparar el café.,Quim,Revisado en España el 5 de septiembre de 2017
Se ajusta a mi demanda.,"4,0 de 5 estrellas","Esta cafetera cumple con mi requerimiento y se ajusta a lo indicado en la oferta.
Su funcionamiento es bueno hasta la fecha y no plantea ninguna dificultad su uso cotidiano.",JAVIER,Revisado en España el 30 de octubre de 2015
Cumple con su cometido,"4,0 de 5 estrellas",Para lo que se ha comprado cumple su cometido. Un poco ruidosa y el depósito de agua es pequeño. Hay que echarle agua muy a menudo.,Martinbarrena,Revisado en España el 11 de mayo de 2016
Recomendable.,"4,0 de 5 estrellas","Es bastante fácil de usar. Puedes regular la cantidad de agua que quieres en el café. El tamaño es ideal, ocupa poco espacio. Es algo ruidosa pero no molesta. Relación calidad -precio excelente.",Miguel Ángel,Revisado en España el 19 de agosto de 2014
Practica cafetera pero poco deposito de agua.,"4,0 de 5 estrellas","Cafetera automatica para aquellos que les gusta algo más que el cafe solo, por su gran variedad de capsulas de muchos sabores. El único inconveniente que la veo es el pequeño deposito de tan solo 0,8 litros.",Cliente Amazon,Revisado en España el 12 de enero de 2014
Automática,"4,0 de 5 estrellas",Cafetera automática.,Maria,Revisado en España el 13 de enero de 2019
victoria,"4,0 de 5 estrellas",Esta muy bien. Lo único el deposito del agua k se vacía enseguida y que se esboza bastante a menudo pero es sencillo de remediar,victoria,Revisado en España el 12 de mayo de 2015
Juan,"4,0 de 5 estrellas","Rápida y limpia, en pocos segundos obtienes un buen café. Prácticamente no precisa limpieza. La pega, el precio de cápsulas",Cliente Amazon,Revisado en España el 25 de diciembre de 2015
"la segunda, genial!","4,0 de 5 estrellas","bien por el precio, aunque tuve que cambiarla porque me llego defectuosa, pero como siempre amazon un 10",Javier Belver Garcia,Revisado en España el 3 de diciembre de 2014
Regalo ideal,"4,0 de 5 estrellas",Ya tenía una cafetera krups con la cual estoy muy contententa y ésta me pareció el regalo perfecto para mi hija,MERCEDES,Revisado en España el 27 de enero de 2014
Buena maquina para un buen café,"4,0 de 5 estrellas","He probado la maquina Mini me gracias a Insiders que es una pagina donde pruebas productos y después das tu opinión. Bueno, aquí va la mía:

La maquina es mucho mas pequeña que las demás, en concreto que la Tassimo de Bosh que tenía yo, que era un trasto enorme. Ademas respecto a esa tiene una ventaja y es que hace también bebidas frías, toda una alegría para el veranito. La maquina trae el típico recipiente donde echar el agua aunque este es pequeño por lo que tendrás que recargarlo cada poco tiempo. Al encenderla tienes que esperar unos 30 segundos, para mi, lo justo para ir a por la capsula. De la gran variedad de bebidas que tiene Nescafe he probado el te Marrakesh el cual sale muy caliente y con un olor a menta muy rico aunque tienes que tener cuidado y ponerlo en la medida justa que ponga en la capsula sino te puede salir aguado. El chocochino con el que me he quedado muy descontenta, ya que no sabe a nada a menos que le eches algo de azúcar y aun así da la sensación esa de aguadez, y el latte machiato caramel que aunque a mi no me gusta el café tengo que decir que el olor a caramelo que suelta y el sabor es muy bueno. Mi pareja ha probado el Lungo (aunque deberían llamarlo Curto porque es poquísimo café) y no le ha gustado su sabor tan fuerte. El precio de las capsulas rondan los 4 euros 16 capsulas... a mi gusto un poco caro.

Hay colores mas chulos de maquina y como ya he dicho no ocupa mucho espacio por lo que puedes tenerlo en la encimera puesto. Trae varias alturas para que le coloques la bandeja aunque yo siempre lo dejo abajo del todo porque utilizo tazas altas.

Aun me quedan por probar muchos mas pero esta claro que merece la pena, ahora bien, el agua no sale extremadamente caliente por lo que olvídate de hacerte otro té que no sea el de capsulas que por cierto vienen en polvo.

En general la opinión es buena, ocupa menos espacio, hace bebidas calientes y frías y tiene mucha variedad de sabores.",Atopersa,Revisado en España el 17 de diciembre de 2013
Dolce gosto,"4,0 de 5 estrellas","La cafetera me llego estupenda excepto por un detalle en la parte de arriba que se nota media abierta, no afecta al funcionamiento, por lo demás estupendo.",Olga Saucedo,Revisado en España el 28 de marzo de 2020
Nueva máquina monodosis,"4,0 de 5 estrellas","Hola, gracias a Insiders tengo la oportunidad de probar esta nueva cafetera de capsulas.
Esta es pequeña pero muy elegante, más cómoda que otras máquinas de esta misma marca, apenas ocupa sitio en la cocina. No se si lo han comentado anteriormente, esta máquina es fácil de limpiar, no se quedan las huellas a diferencias de otras que al final dan aspecto de estar sucias. Es automática, esto es muy importante, ya puedes dejar en marcha el café que está parará según el volumen de café que quieras. Puedes aprovechar estos segunditos para buscar las cucharillas, el azúcar, los pasteles,... que tu café no rebosará. Es cierto que su capacidad de agua es menor que otras pero es mejor porque así tendrás el agua fresca recién cogida del grifo o botella de agua mineral y no se acumulan los pequeños residuos que puede tener el agua.
Se apaga pasado un tiempo si no se utiliza, con lo cual, ahorras energía.
Otro dato importante a tener es que su base (donde colocamos la taza) es de plástico duro, ideal, de este modo no se mueve la taza o vaso. Con otras dolce gusto que tienen la base de metal o aluminio si se mueve la taza lo que impide que puedas retirarte.

Y bueno no puedo olvidarme de las muchisimas variedades de café, té, chocolate,... que hay. Todas ellas con un aroma intenso y deliciosas. Os garantizo que con esta máquina vuestras bebidas saldrán calientes y no templadas como ocurre con otras.

Os dejo aquí mi comentario tras haber examinado a fondo esta cafetera como una auténtica investigadora =D

Un saludo, voy a tomarme un latte machiatto caramel, mmm.",GATITANEGRA,Revisado en España el 29 de noviembre de 2013
Prueba de producto The insiders,"4,0 de 5 estrellas","He sido una de la 2.000 afortunadas de poder probar Dolce Gusto Mini Me, gracias a The insiders.
Es una buena cafetera que prepara buenos cafes y otras variedades(chocolate, te, latte machiato....), con la que puedes escojer la cantidad de líquido al poder graduarla. És automática por lo que se para sola.
La marca Nescafe es una buena marca con unas garantías de producto geniales, con la que podemos preparar nuestra bebida caliente en un plis plas. La maquina tiene un bonito diseño y no ocupa demasiado espacio. Es de las más pequeñas que he visto, por lo que también el deposito del agua es pequeño y debes rellenarlo a menudo.
El color blanco y gris de la maquina combina con todo y le da un toque elegante.
Es rapida al calentarse y el cafe o la variedad que quieras preparar sale bien calentito!! si no vigilas de quemas...
Tiene muchas variedades de bebidas y cafes y se encuentran facilmente en cualquier supermercado, así mismo puedes comprar en la web de nescafe dolce gusto donde hay una gran variedad de accesorios para la cafetera y para disfrutar de una doble sensación dolce gusto.
Decir que en casa ya teníamos la tassimo y quería comparar con dolce gusto, la verdad que estoy encantada, de manera que puedo combinar bebidas de una y otra en función de mis gustos y de la oferta de cada una de las marcas.

Cosas que no me han gustado: salpica un poco (pero todas las cafeteras del mercado lo hacen), el cafe con leche no me ha gustado mucho, es mejor preparar un buen café (que si que lo hace bueno) y ponerle leche de bric. El chocolate para mi le echaría menos agua (con lo que se puede regular).",Ann&Co,Revisado en España el 25 de noviembre de 2013
Excelente máquina de bebidas monodosis,"4,0 de 5 estrellas","Este nuevo modelo de Nescafé Dolce Gusto es de tamaño más reducido que los anteriores sin perder por ello calidad.

He optado por considerarla máquina de bebidas monodosis en lugar de cafetera porque como ya resalta la propia publicidad, ""el café no es solo negro"". Y es que la Dolce Gusto permite hacer una gran cantidad de bebidas (hasta 28 variedades), entre las que se encuentran el capuccino, latte macchiato, chococcino, té (incluso fríos) o chocolate. Para los cafeteros también hay, no os preocupéis: ristretto, espresso, lungo, café con leche...

La máquina en cuestión es muy sencilla de usar: se rellena de agua el depósito, se coloca la cápsula en el 'portacápsulas', se ajusta el nivel adecuado de cantidad (en la caja se indica el correcto para que la bebida tenga el sabor perfecto), se enciende y en medio minuto se puede dar al botón para en poco más de veinte segundos, disfrutar de una deliciosa taza de café/té/chocolate. En algunos casos es necesario usar dos cápsulas (por ejemplo, el latte macchiato tiene una cápsula para el café y otra para la leche).

Como punto negativo destacaría el ruido, que sin ser exagerado, es elevado. De cualquier modo, al tardar poco en hacer la bebida no es algo que os vaya a molestar.

En definitiva, máquina adecuada si os gusta tomar algo más que café aunque si la usáis solo para tomar éste, es también una buena opción sin llegar al nivel de excelencia de Nepresso.",Silver-Rob,Revisado en España el 11 de diciembre de 2013
Grata sorpresa,"4,0 de 5 estrellas","Es la primera vez que pruebo una cafetera de estas características y me ha sorprendido gratamente, desde su diseño compacto (algo que se agradece a la hora del espacio tan necesario en la cocina) a su practico uso y fácil limpieza.

Olvidarme de los engorrosos filtros es un alivio y al usar tu propia taza tampoco ensucias la jarrita de la cafetera,el tiempo es oro y cada detalle se aprecia! La temperatura también es un punto a favor al menos en mi caso, ya que en la mayoría del resto de cafeteras comunes el café sale hirviendo y tienes que esperar y soplar para poder bebertela, con la mini me, mi chococino estaba listo para tomar,a temperatura optima, para mi café antes de ir al trabajo es genial!.

Puedes ir más allá de un simple café y deleitarte con numerosas variedades, el sabor es intenso, paladeas gustoso lo que estas tomando y además puedes elegir la intensidad de las mismas con su regulador, no puede ser mas personalizable! el termino ""cafetera"" se le queda corto!. Lo único que le pediría seria un precio un poco más económico de las cápsulas o alguna tarjeta de cliente fiel que te ayudara a ahorrar, aunque si he visto que a través de la pagina web hay una opción para sumar puntos, creo que el calculo sale que cada 12 cajas que compres te regalan una, pero aún así me gustaría un ahorro un poco más favorable, por lo demás, perfecta.",missblogguera,Revisado en España el 23 de noviembre de 2013
Perfecta para un café recien hecho por la mañana,"4,0 de 5 estrellas","Gracias a la campaña de The Insiders recibí mi cafetera MINI ME para probar esta nueva máquina. La máquina además, traía una elevada variedad de cápsulas que pasaban del cafe con leche a té marrakesh.

Aunque ya tenía mi cafetera Melody de Dolce-Gusto, he podido comprobar que con la MINI ME aún es más fácil hacer las bebidas, ya que es automática y mientras haces el café puedes dedicarte a otra cosa (no mucho porque no tarda nada, pero aún así es más práctico).

El diseño es estupendo, pequeña, compacta y manejable.

Solo le pongo dos peros:
1º Bastante ruidosa y con vibración, la Melody no hace nada de ruido en comparación. Supongo que es debido a su pequeño tamaño y a que está fabricada completamente en materia plástico.
2º Debido al primer pero, tengo que poner la bandeja que sujeta los vasos en la base, por lo que se pone la bajada perdida de salpicaduras de la bebida en cuestión. Otra cosa que me ocurre, y no suele hacerlo con otras, es que a veces se sale el agua de la cápsula en el lugar donde se coloca y hace que se manche todo.

No obstante, pienso quedármela, porque un café recién hecho con esta máquina, es una delicia. Totalmente recomendable si quieres disfrutar de un buen café o té bien hecho, con tu espuma y sobre todo el olor a café que desprende.",Kayla,Revisado en España el 27 de diciembre de 2013
"Cómoda, económica, sencilla y rápida","4,0 de 5 estrellas","Es muy sencillo preparar cafés, infusiones y otro tipo de bebidas en muy poco tiempo. Se aprende a usar en un par de minutos. Como hay bastantes variedades de bebidas puedes permitirte el lujo de preparar una distinta para cada miembro de la familia o para cada invitado. Este modelo de Nescafé ""Dolce Gusto"" tiene una excelente relación calidad/precio. Yo la tengo a través del programa de testers ""The Insiders"". Yo hasta ahora usaba el modelo Piccolo, que es muy parecido a éste, pero en la Mini Me se puede programar la cantidad de agua que necesita la bebida y se apaga sola. Parece una tontería pero esto te permite sacar la taza para la siguiente bebida, poner el azúcar, preparar las pastas... mientras se prepara el café o el té. Desde luego, si hay poca diferencia de precio, merece la pena la Mini Me. Es pequeña así que no ocupa mucho espacio en la cocina y resulta perfecta para el uso que se le puede dar en una familia.

La parte negativa creo que la conocemos todos: El precio de cada taza de café o té resulta mucho mas elevado que el preparado con una cafetera tradicional. Hay que tenerlo en cuenta al calcular el coste total del uso de la cafetera durante un año.",Emilio.1,Revisado en España el 3 de diciembre de 2013
Variedad y buen gusto.,"4,0 de 5 estrellas","Respecto a las cafeteras de capsulas siempre había sido un poco reacia y no terminaba de decidirme a comprar alguna y eso que la mayoría de mis amig@s tienen una; pero gracias a Insiders tengo la oportunidad de probar la Mini me Dolce Gusto con algunas variedades de las distintas bebidas que se pueden hacer con esta cafetera y para ser sinceros... me ha impresionado gratamente. Fácil de usar, no ocupa casi espacio y la gran variedad de bebidas que se pueden hacer y todas deliciosas, hasta frías como el Nestea. Solo le veo un par de pegas ... bueno tres; La capacidad para el agua es poca, cuando tienes mas de dos personas tienes que rellenar varias veces. Hace un poco de ruido y si son las 5 AM, no pasa desapercibida, aunque lo veo normal en esta clase de maquinas y por ultimo el precio de las capsulas, que siguen siendo un poco costosas. Dejo un video preparando un Latte Macchiato Caramel, uno de los que mas gusta junto con el Chococino.",Joako,Revisado en España el 14 de diciembre de 2013
Ruidosa,"4,0 de 5 estrellas",Hace mucho ruido y vibra bastante. Por lo demás bien.,Sanchez P.,Revisado en España el 18 de noviembre de 2019
MÁQUINA AUTOMÁTICA DOLCE GUSTO,"4,0 de 5 estrellas","He podido probar a través de la campaña de INSIDERS la nueva cafetera y lo que más destaca es su versatilidad para preparar todo tipo de bebidas, desde la amplia gama de cafés, hasta té y chocolate además de bebidas en frío.
El sistema automático permite no tener que estar pendiente de cuándo tener que para la máquina para tener la cantidad adecuada de agua.
Calienta el agua rápidamente, además es compacta y limpia puesto que las cápsulas se desechan con facilidad y , además la máquina tiene una base para posibles goteos.
El depósito de agua aunque es un poco más grande (0,8L) que el modelo PICCOLO (0,5) se hace corto a la hora de preparar varias bebidas de gran cantidad de agua (latte machiato u otras similares).
Respecto al diseño es mucho mas ""moderno"" que otras cafeteras de la misma línea, yo en concreto tengo la blanca aunque la hay en negra roja y azul según web.
El precio de las cápsulas puede llegar a quedarse en 4€/caja por lo que el precio para consumir a diario es acorde a otras marcas de café en cápsulas.",Pabloportillo,Revisado en España el 25 de diciembre de 2013
Rápida y versátil,"4,0 de 5 estrellas","He tenido la fortuna de poder probar la cafetera NESCAFÉ® Dolce Gusto® MINI ME através da la campaña Los insiders en internet así que, me llevé la cafetera al trabajo y en el descanso, un grupo de compañeras estuvimos probando distintas variedades. Les sorprendió especialmente el latte machiatto caramel y el te de marrakesh, y sobre todo, el amplio abanico de posibilidades que representa la maquina, para toda la familia, no solo café y con una calidad muy buena. Todas encantadas con la espuma que hacía el café, como la del bar al que bajamos a tomarlo. Dos de ellas se la van a autorregalar y otras esperaran a ver si papanoel o los reyes son generosos y yo ya he comprado otras variedades a parte de las que ya venía en la caja de prueba, choco caramel, mocha, capuccino y capuccino ice (todo un invento que la máquina sirva para bebidas frías). La verdad es que no sé cuál me gusta más y sobre todo, me encanta lo rápido que se calienta y tienes la bebida lista y preparada",raquel,Revisado en España el 1 de diciembre de 2013
dolce gusto mini me,"4,0 de 5 estrellas","gracias a The Insiders he podido probar la maquina dolce gusto mini me, y es una maquina de buen tamaño, ya que la puedes colocar en cualquier sitio, no es pesada, por tanto la puedes transportar facilmente.
en cuanto a la facilidad de utilizacion de dicha maquina, es muy facil de utilizar, pones agua en el cajetin, la enciendes, colocas la capsula, le das a la palanquita para agua fria o caliente segundo como sea la bebida a tomar y en un par de minutos ya tienes lista tu bebida.
y del tema de la limpieza de la cafetera, es super facil ya que son pasar un paño la tienes lista, luego lavas el cajetin de la capsula y el reposatazas y listo.
recomiendo esta maquina, ya que es muy practica y facil de utilizar y no tienes que perder tiempo en hacer un monton de bebidas. y en cuanto a estas tienes muchas variedades de cafe, chocolates, tes, y por eso no tienes que tomar siempre lo mismo, segundo como te encuentres asi eliges la bebida que te quieres tomar.
la recomiendo totalmente",melina sambade casais,Revisado en España el 26 de diciembre de 2013
Una buena ocasión para decantarme a comprar una DolceGusto,"4,0 de 5 estrellas","Soy otra de las participantes en el estudio de The Isiders la cual cosa me ha permitido disfrutar durante un tiempo de esta maquina de cafe. Pequeña, compacta y de muy facil manejo, caracteristicas que considero básicas. Hacia tiempo que tenia en mente adquirir una cafetera pero no sabia por cual decantarme. He tenido la oportunidad de poder probar las dos opciones que tenia en mi lista: Nespresso y Dolce Gusto Mini Me. Hoy por hoy, dado que no acostumbro a tomar café solo, me quedo con la Dolce Gusto, que a parte de su reducido tamaño y sus prestaciones, me atrae mucho las 28 variedades que existen en el mercado. A dia de hoy ya tengo mis preferidas y no creo que falten en mi cocina. La variedad de Latte Caramel, Lungo y Bonka estan las primeras de la lista, seguidas por el Chococino ... cierto es que aun me quedan algunas por probar pero no tardaré demasiado. (En la proxima compra de cápsulas)Así que según mi opinión es una buena opción para aquellas personas donde encuentran que en la variedad está el Gusto.",celeste,Revisado en España el 17 de diciembre de 2013
MUY RAPIDA,"4,0 de 5 estrellas","He tenido la gran suerte de poder probar esta cafetera a través de la promoción de The Insiders sin ningún tipo de coste. A día de hoy me encanta porque es muy rápida a la hora de preparar un café. Antes de esta cafetera usaba una Saeco de brazo y la verdad es que tardas más tiempo. También confieso que no la cambio por ninguna pero cuando viene mucha gente estás demasiado tiempo preparando cafés. Con la MINI ME el surtido es increible, da igual que quieran té, chocolate, capuccino, café con leche, cortado,... todo lo haces igual de rápido y con la misma cafetera. Lo único que molesta un poco es lo rápido que se chupa el agua, tienes que estar muy pendiente de ella. Mi conclusión, si no eres un sibarita del café, sino que te gusta la variedad, esta es la mejor opción. Muchas gracias a The Insiders por esta oportunidad. si no llega a ser por ellos dudo que me la hubiera comprado por mi cuenta.",Yolanda,Revisado en España el 18 de diciembre de 2013
Muy práctica,"4,0 de 5 estrellas","He tenido la oportunidad de probar esta nueva cafetera de capsulas y quiero compartir mi opinión, para mí 2 claros puntos fuertes comodidad y variedad (poco más se podría pedir).

Funciona perfectamente y en todo el tiempo de uso no me ha dado ni un solo problema, error y algo que se atasque, además es muy rápida y limpia en la preparación.
He podido probar una amplia variedad de sabores pero lo mejor de todo es que hay aun más disponibles en tiendas y esto es una baza segura de cara a los diferentes tipos de cafe que nos puedan apetecer en cada momento y lo que es más difícil, responder a los gustos de nuestros invitados.

Adicionalmente apuntar el diseño y reducido tamaño de esta cafetera, creo que de las mejores que puede haber.
Es fácil acostumbrarse a ella pero resulta complicado imaginarse no tenerla una vez se ha probado.

Disfrutadla",RCMC,Revisado en España el 1 de enero de 2014
Una gran máquina a un precio reducido,"4,0 de 5 estrellas","Nosotros somos otros de los afortunados que hemos tenido la ocasión de probar la máquina gracias a la campaña de Insiders. La máquina es estupenda en relación calidad-precio. Tenemos una Melody 2 manual en casa y una Piccolo Genio automática en la oficina y ésta es tan buena o más como las otras. El diseño es muy bueno y los acabados también. Como todo, tiene cosas que nos gustan más en unas que en otras; en nuestro caso la Melody 2 nos da más capacidad en el depósito de agua, pero la comodidad de la Mini Me a la hora del preparado automático no tiene precio. Otra mejora respecto a la Piccolo es que calentaba demasiado las bebidas; sin embargo, la Mini Me la saca a la temperatura ideal.

En cuanto a la variedad de bebidas: un montón !!! ... el capuccino, el moka y chococcino son nuestros preferidos, pero existen muchísimas variedades de tes, cafés, descafeinados, etc...",Estefania,Revisado en España el 17 de diciembre de 2013
La cafetera más estilosa del mundo,"4,0 de 5 estrellas","Nada más abrir la caja, te impacta su diseño, compacta, discreta, te cabe en cualquier lado de la cocina (y eso que nos faltan espacios en la cocina) y queda muy bonita. Pero vamos a ser prácticos, lo mejor es lo sencillísimo que es utilizarlo, ¡tanto para bebidas frías como calientes!.
Es una pasada la variedad de bebidas que te puedes encontrar para la nueva Mini Me de Doce Gusto. Gracias a The Insiders por dejarnosla probar, desde los más pequeños de la casa con su chocolate a los que no son muy cafeteros con sus infusiones y cafés con leche, Hummmm el de caramelo está riquísimo; hasta los cafeteros cafeteros que disfrutan del sabor intenso del café.
La mejor opción para una máquina de cápsulas, sin duda, Dolce Gusto Mini Me. Por su diseño,por lo practica que es y el sabor de sus bebidas.",CARLOS,Revisado en España el 18 de diciembre de 2013
Gran evolución de la máquina dolce gusto,"4,0 de 5 estrellas","Estoy participando en la promoción the insiders y gracias a ellos estoy probando esta máquina. El chococino me ha encantado y la principal diferencias con las antiguas es el regulador de cantidad', así es mucho más facil. Solo te fijas en la cantidad que pone la cápsula, una, dos, hasta siete rallitas y tú se la pones a la máquina, No más cafes aguados o dejar la cantidad en la cápsula por miedo a que queden mal.!! De momento muy contento con ella. Como contra és un poco engorro lo de tener que poner dos cápsulas una de chocolate y otra de leche (chococino) está más bueno que tenerlo mezclado, creo que la solución seria tener un dispensador de 2 cápsulas en la máquina, asi poniendo la del chocolate y la de la leche despues, con solo apretar un botón saldria hecho.",manel,Revisado en España el 22 de noviembre de 2013
Excelente café con las capsulas originales,"4,0 de 5 estrellas","Excelente café por textura, aroma y crema. Yo le pongo 2 marcas más de las recomendadas en la cápsula y el café sale a mi gusto.
Solo puedo tomar café descafeinado y compro el expreso intenso descafeinado. Nunca he tomado un café descafeinado tan rico, excepto en máquinas de cafetería profesionales.",RicardoP,Revisado en España el 22 de septiembre de 2017
"Pequeña, compacta y elegante","4,0 de 5 estrellas","Ésta máquina me ha parecido mucho más cómoda que las máquinas de cápsulas manuales. Es muy fácil ajustar la cantidad y no tenerlo que hacer a ojo. La propia cafetera es bonita, compacta, y elegante: va estupendamente con mi cocina y me gusta mucho. El acabado de la superficie es muy agradecido: no se mancha al tocarla, y es fácil de limpiar.

La variedad de cafés Dolce Gusto es abrumadora, y siempre encuentro el capricho que me apetece en cada momento. Café, té, chcolate, capuchino helado, nestea, mocha... Todo está rico y todo tiene su momento.

La capacidad del deposito es un poco pequeña. Lógicamente, algo de tamaño de deposito hay que sacrificar si quieres una máquina pequeñita y cuca, pero es un poco aburrido tener que estar rellenándola cada 3 tazas.",Cattya,Revisado en España el 5 de diciembre de 2013
Facil de usar,"4,0 de 5 estrellas","Esta cafetera resulta muy facil de usar y como tiene las capsulas de cafe de nescafe dolce gusto, tienes un monton de variedades para tomar. El tamanyo de la cafetera es pequenyo, cabe en rincones de 20 cm de ancho por 30 de alto. El deposito de agua da por lo menos para preparar dos bebidas largas( de 2 capsulas cada una) lo cual se agradece. A mi las indicaciones de hasta donde se tienen que preparar cada bebida no me gustan porque el cafe se me queda pequenyo, asi que la utilizo como una cafetera manual. A mi gusto es un buen regalo y el precio esta bien, pero si te gusta ponerte lo que quieras de bebida ve directamente a una manual que es mas barata.",Pilar,Revisado en España el 17 de diciembre de 2013
DESAYUNOS MINI ME EN LA OFICINA!!!,"4,0 de 5 estrellas","Gracias a la promoción de NESCAFE DOLCE GUSTO, tengo la posibilidad de poder disfrutar GRATIS de la máquina MINI ME. En cuanto me la enviaron, me la traje al despacho para poder aprovechar todas las ocasiones del día y disfrutar de sus excelentes bebidas. Debido a la gran cantidad de variedades que tiene es ideal para poder desgustarlas a diferentes horas, por no hablar de lo cómodo que resulta disfrutar de un cremoso café, un magnífico chocolate o un oloroso té de marrakesh en tu propia oficina!!!
La máquina es muy potente para lo pequeña que es y se acopla en cualquier lugar.
Ha tenido una gran aceptación entre el público masculino.",isabelgpfi,Revisado en España el 17 de diciembre de 2013
Nescafe Dolce Gusto,"4,0 de 5 estrellas","La Dolce Gusto minime ha cumplido mis expectativas.Esta lista para utilizarla en segundos. Fácil,por no decir facilisima de usar. Viene con un folleto de puesta en marcha con dibujos de muy fácil comprensión.
La variedad de las capsulas es muchísima, cafés, tes, chocolates, bebidas frías y calientes (creo que en esto es única) y encima podes personalizar cada bebida.
El precio de la maquina es muy accesible, y por poco mas de 30 céntimos podes disfrutar de un cafecito exquisito en segundos.
Las primeras veces es un poco ruidosa y tiembla, pero cuando van asentandose los materiales esto desaparece.
Viene en varios colores.
Yo la recomendaría y la eligiria para regalar.",Nurilu,Revisado en España el 23 de noviembre de 2013
Calidad-Precio,"4,0 de 5 estrellas","Llevo pocos días disfrutando de esta cafetera, y debo decir que me ha sorprendido. Ocupa muy poco espacio, rápida y sencilla de utilizar, y qué decir de las variedades que ofrece de productos. Puedes comprar las capsulas en cualquier Súper. La tengo gracias a la campaña que está haciendo The Insiders España.

El precio de las capsulas es similar al Nespresso, os tenéis que fijar que vienen 16 capsulas en vez de 10 de ahí la diferencia del precio un poco mas caras.

Pero podemos decir que si te va la variedad esta es tu cafetera, hace tanto bebidas frías como calientes.",Marsi,Revisado en España el 17 de diciembre de 2013
Mi primera máquina de cápsulas,"4,0 de 5 estrellas","Había sido siempre reacia a este tipo de máquinas, pero ahora que tengo la Mini Me estoy muy contenta y me arrepiento de no haberla conseguido antes. Ya había probado cápsulas de otras Dolce Gusto, pero reconozco que la Mini Me es un paso más. Como diseño es ideal ya que es pequeñita y se acopla muy bien a espacios pequeños. Lo que más me ha gustado es la rapidez ya que en menos de 5 minutos tienes tu bebida preparada.
Y soy fan numero uno del Marrakesh Style Tea, mmmmm.
La tengo sólo unas semanas, pero me encanta!!!!!!",Nai,Revisado en España el 18 de diciembre de 2013
En campaña y probando,"4,0 de 5 estrellas","Buenas,
Le recomiendo esta máquina a todas aquellas personas que quieran un café, te o chocolate rapidisisisimo y de calidad. Lo digo con la experiencia de haberme tomado un chocolate, cosa que ya iba de malas porque no me gustan los chocolates a la taza, y este se nota que es nestlé ya que era suave y sabroso, como una tableta, pero sin empalagarte. También hay que decir que es pequeña, para la gente que como yo no tiene mucha cocina o llena de aparatos...Y siendo sincera hace ruido, pero son nos segundos!",Salo,Revisado en España el 27 de noviembre de 2013
The insiders,"4,0 de 5 estrellas","Fui seleccionado para probar la cafetera en la campaña The insiders y es la verdad que no me ha decepcionado.Lo positivo es la gran variedad de productos a elegir ,temperatura del producto mas elevada que en otras maquinas,rapidez para hacer el producto y el cafe conparado con nespresso no es muy inferior.Lo mas negativo de la maquina es ruido metalico molesto al preparar el producto y el recipiente para el agua no es muy grande.La verdad que en general es una buena compra y muy recomendable con el descuento.",javier,Revisado en España el 17 de diciembre de 2013
Un gran acierto,"4,0 de 5 estrellas","Tengo esta cafetera gracias a la campaña que está haciendo The Insiders, y la verdad que es una gozada. Es pequeña, práctica, muy fácil de utilizar y muy muy importante...tienes un montón de variedades para probar, no sólo café... sino también té, chocolate. En fin, que estoy encantada. Por supuesto sin olvidarnos del sabor que es fundamental, calidad garantizada.
La única pega que puedo poner (aunque no creo que otras marcas estén más baratas), es el precio de las cápsulas. Pero merece la pena la inversión.",Eulalia35,Revisado en España el 23 de diciembre de 2013
Un gran acierto,"4,0 de 5 estrellas","Gracias a The Insiders estoy probando esta cafetera y es estupenda. Es automática, por lo que no tienes que estar pendiente de pasarte y que se te quede el café aguado.

Además tienes 28 variedades de cafe diferentes para elegir. El Latte Macciatto de Caramelo está riquisimo!!

Su diseño es muy cómodo y bonito. Al ser más compacta que las otras de la misma marca, no ocupa casi nada de espacio y puedes ponerla en cualquier rincón de la cocina.",Tatiana Torres,Revisado en España el 17 de diciembre de 2013
Gran variedad de Bebidas,"4,0 de 5 estrellas","La verdad es que me ha gustado bastante
Tiene gran variedad de bebidas pero echo en falta más variedad de café
la maquina es pequeña y está muy bien eso de que tenga para cada bebida la selección del tiempo , lo que echo en falta es un departamento para qué caigan las capsulas es un poco engorroso eso de tener que quitarlas cada vez pero por lo demás está bastante bien , las bebidas están muy buenas",Pilukina,Revisado en España el 23 de diciembre de 2013
THE INSIDERS - NUEVA MINI ME,"4,0 de 5 estrellas","Estoy probando durante unos días la nueva Mini Me de Nescafe Dolce Gusto dentro de una campaña The Insiders, y me gustaria recomendarla, ofrece una seleccion de bebidas frias y calientes con bastante variedad y para casi todos los gustos. A mi me ha sorprendido la facilidad de uso y el poco espacio que ocupa. Seguramente me la quede despues de la campaña.",FESTSAN,Revisado en España el 14 de diciembre de 2013
Una cafetera muy cómoda,"4,0 de 5 estrellas","Hace un mes adquirí mi dolce gusto mini me gracias a una campaña de The Insiders, y la verdad es que me gusta mucho.
Me parece muy práctica ya que puedo preparar bebidas como cafe con leche en un sólo paso. También están muy bien los tés. Y hace poco he realizado un pedido con muchas variedades como nesquick!",Rosalía,Revisado en España el 17 de diciembre de 2013
Rápida y con mucha variedad,"4,0 de 5 estrellas","Tras probar varias semanas esta cafetera, me decido a escribir mi opinión:
- Estéticamente muy moderna
- Rápida
- Apagado automático tras 5 minutos
- Muchas variedades de cafés, infusiones, té, chocolate...
- Muy fácil de usar
- La bandejita de abajo con filtro para lo que gotee se puede subir o bajar de posición para tazas más pequeñas",purdesirdelilas,Revisado en España el 19 de diciembre de 2013
Toma de contacto,"4,0 de 5 estrellas","Tengo la máquina desde hace unos días y he probado algunas variedades: el té, el chocolate y el café con leche. Me parece que es todo un acierto que te seleccione automáticamente la cantidad de agua, sale justo en el punto! lo que no me está gustando mucho es el ruido que hace y las vibraciones.
Saludos!",estela7,Revisado en España el 28 de noviembre de 2013
Muy buena,"4,0 de 5 estrellas","Buenas tardes. Una maquina con gran variedad de bebidas y muy rápida en la preparación. Desde que la tengo mis invitados están encantados con los cafes, chocolate o té que prepara. Solo desean que las reuniones sean en mi casa para seguir preparando mas variedades. Un diseño compacto y fácil de colocar en cualquier lugar.",janneruda,Revisado en España el 24 de diciembre de 2013
recomendable 100%,"4,0 de 5 estrellas","La Mini Me ha superado mis espectativas. Pense que al ser multibebidas el sabor fuera raro, pero todo lo contrario,los cafes estan muy buenos, el chococcino tambien esta bastante bueno y el te esta genial. Despues de haber probado 8 variedades la recomiendo sin duda. La presion y la temperatura tambien son muy buenas.",usagui29,Revisado en España el 17 de diciembre de 2013
La mejor entre las cafeteras de capsulas,"4,0 de 5 estrellas","Para mi opinión es la mejor cafetera de capsulas monodosis. Tenia una nespresso y sin duda me quedo con esta. Tiene una gran variedad de productos para escoger. Quizá la única pega que tiene es el deposito un poco pequeño y que hace mucho ruido, por lo demás es genial!!",Vanessa,Revisado en España el 20 de diciembre de 2013
Una gran elección,"4,0 de 5 estrellas","Como muchos otros, he tenido la oportunidad de probar esta cafetera gracias a the insiders, y he de decir que estoy encantada. Tiene una gran variedad de cafés, tes, chocolates... El diseño es muy original y sobre todo ocupa poco espacio. Producto muy recomendable",Noemí,Revisado en España el 17 de diciembre de 2013
Buena máquina,"4,0 de 5 estrellas","Calidad-precio esta bien, las capsulas son un poco caras pero son muy cómodas y tenien variedades esquisitas.

La recomiendo, facil de usar.",jnignasi,Revisado en España el 3 de agosto de 2015
Genial!,"4,0 de 5 estrellas","La mini me es genial, compacta, y tiene muchísimas variadades de café disponibles, todas riquísimas y muy bien de precio, lo mejor es que las puedes encontrar en supermercados.",txime,Revisado en España el 23 de diciembre de 2013
NESCAFÉ® Dolce Gusto® MINI ME,"4,0 de 5 estrellas",Me gustaría poder probar laNESCAFÉ® Dolce Gusto® MINI ME . Ya que me encanta mucho tanto el cafe como chocilate y a ver si hay suerte.,vsc85,Revisado en España el 1 de diciembre de 2013
pequeña y facil,"4,0 de 5 estrellas","Una cafetera pequeña y muy funcional.,lastima que el depósito es pequeño.Muy practica,tamaño reducido y facil de usar y de limpiar",sonigica,Revisado en España el 18 de diciembre de 2013
Luis Aguilera,"5,0 de 5 estrellas","Simplemente, genial. Es cómoda y fácil de limpiar. La calidad del producto es muy buena. Yo la compre como producto reaconducionado y estaba nueva. Un 10 para Amazon. La verdad es que no da miedo el comprar, ya que te permite probar y devolver si no te gusta el producto.",LUIS MANUEL AGUILERA,Revisado en España el 16 de diciembre de 2015
Perfecta y pequeña,"5,0 de 5 estrellas","Desde que me llegó la he usado bastante y no da ningún problema. Hace el café y el té muy buenos, hay mucha variedad. La máquina es una maravilla porque no requiere estar pendiente, se para automáticamente según el tipo de bebida que estés preparando y lo que selecciones en la palanca. Diseño bonito, relativamente discreto. Recomendable",Javier C,Revisado en España el 19 de abril de 2016
Excelente...,"5,0 de 5 estrellas","Tras varias semanas de prueba, puedo decir que he hecho una compra estupenda, se trata de un producto de calidad, muy bien pensado, y prepara unos cafelitos muy ricos.

Pensé en comprar una más avanzada pero no me arrepiento porque ésta cumple perfectamente con el cometido.

Recomendada para todos!",Fran Exposito,Revisado en España el 19 de octubre de 2016
Todo bien,"5,0 de 5 estrellas","Al principio parece que haga muchísimo ruído, pero uno se acostumbra.

Podríais fijaros en la fecha de caducidad de las cápsulas de regalo de dentro de la máquina. Las mías caducaban en diciembre del 2014, y me compré la máquina en abril o junio de este año. Aparte de esto, todo correcto.",Kaz,Revisado en España el 8 de diciembre de 2015
Cafetera dolce gusto,"5,0 de 5 estrellas","Pedido a la entrega prevista, estupenda cafetera,estaba entre la nespresso y la dolce gusto y me decidí por esta ""dolce gusto"" y estoy encantada, funciona de maravilla y el café buenísimo y encima tiene aparte de hacer café para otras bebidas. Gracias",Mary Rodríguez,Revisado en España el 2 de julio de 2018
"Buena compra, cumple con lo esperado","5,0 de 5 estrellas","La cafetera cumple con las expectativas. Fácil de usar y de limpiar y con muchas opciones de cápsulas para todos los gustos. Recomendable.
Y por. lo que respecta al envío, escogí como vendedor Amazon y llegó en sólo dos días.
Buena compra.",Kilian Querol Cazorla,Revisado en España el 28 de abril de 2018
Cumple,"5,0 de 5 estrellas","Ya tenía una y cumplía con lo que necesitaba. Es fácil de usar. Lo que me gusta menos es la capacidad del depósito, es algo escaso",Tere Sánchez,Revisado en España el 22 de enero de 2020
Me encanta,"5,0 de 5 estrellas","No dejo de usarla, es limpia, cómoda y muy sencilla de usar. Tiene un montón de cafés compatible incluso de marca blanca. Un acierto.",Anacm81,Revisado en España el 4 de enero de 2020
Buen cafe,"5,0 de 5 estrellas","Tras haber tenido otros sistemas de capsulas de diferentes, he de decir que para mi, los cafés que hace esta máquinas son de lejos los mejores. La maquina es muy sencilla de utilizar, se agradece no tener que andar controlando manualmente el agua.",Eneko,Revisado en España el 30 de noviembre de 2017
Genial,"5,0 de 5 estrellas","Fue el mejor regalo que pude hacer a mi mejor amiga. Amante de los chocolates, los tes, y los cafés no muy fuertes. La maquina funciona perfectamente, tiene un tamaño ideal para no ocupar mucho espacio y un deposito idóneo para un par o cuatro cafés.",Garazi,Revisado en España el 26 de diciembre de 2016
Buena elección,"5,0 de 5 estrellas","Estaba entre ésta y el modelo Piccolo (que es más barata) y finalmente me decidí por esta por ser automática, y la verdad es que he hecho buena elección. Simplemente pones el temporizador en la marca que indica cada tipo de cápsula y para en el momento apropiado.",Juan,Revisado en España el 14 de noviembre de 2014
Calidad,"5,0 de 5 estrellas","Nada de puede añadir a ésta cafetera.
La. Reseña la escribo a 22 de febrero del. 2020, y sigue cómo el primer día.",Juan Carlos,Revisado en España el 22 de febrero de 2020
Andrés Párraga,"5,0 de 5 estrellas","La maquina funciona de maravilla. Como la usamos en el trabajo, podemos echar el café mientras seguimos con el trabajo, en vez de estar junto a la cafetera ""perdiendo tiempo"".
La única pega es que el depósito de agua es un poco pequeño.",Andrés,Revisado en España el 23 de octubre de 2017
"muy buena, la recomiendo","5,0 de 5 estrellas","tengo la tassimo, que pense que seria mejor que esta maquina, ahora comparandolas las dos, me quedo con esta de cabeza.. las bebidas las hace muy bien, son caras pero se pueden empalmar y hacer trapiecheos.. la tassimo es muy mala, esta si que vale la pena!!!!",David,Revisado en España el 23 de diciembre de 2013
Buena compra,"5,0 de 5 estrellas","La compré a un precio muy por debajo de lo que costaba en otras tiendas, y para mí fue una magnífica adquisición.",Jesús,Revisado en España el 9 de enero de 2020
Buen cafe,"5,0 de 5 estrellas","Me gusta mucho el café que tiene nespreso y la variedad de diferentes capsulas. Es una cafetera que ocupa poco sitio y quizás por ello el deposito hay que estar rellenarlo a menudo, pero no se puede pedir que ocupe poco y tenga un gran deposito,",PILAR,Revisado en España el 16 de enero de 2014
Genial,"5,0 de 5 estrellas","Ya tuve una cafetera parecida anteriormente de la misma marca que se me estropeó. Vi esta en amazon que costaba casi la mitad que en la web oficial y es la misma. Todo perfecto, y sin duda mucho mejor elegir automática.",zpkn,Revisado en España el 16 de junio de 2017
Fantastica,"5,0 de 5 estrellas","A medio camino entre el cafe de puchero que te haces con una cafetera italiana y el cafe de bar. Lo malo, vas a estar todo el día tomando café. Afortunadamente, hay más variedades y también tés. Y todo se hace en un ti-ta.",David,Revisado en España el 28 de julio de 2014
Comodidad y práctica,"5,0 de 5 estrellas","Es la segunda que compro , esta vez para regalar. Muy práctica y limpia. Muchas variedades compatibles.",Noelia,Revisado en España el 24 de enero de 2020
Ideal,"5,0 de 5 estrellas","Es diseño es precioso, moderno y elegante. Lo malo el cable del enchufe ROJO, que no tiene sentido",María,Revisado en España el 19 de febrero de 2020
Buena oferta de Amazon,"5,0 de 5 estrellas","Estoy muy contento con la oferta de Amazon. Ya tenía una Krups manual, pero con esta cafetera te despreocupas de cuando tienes que pararla ya que lo hace de forma automática y con distintas posiciones para elegir la cantidad que desees.",Antonio,Revisado en España el 5 de enero de 2017
Sencilla de usar,"5,0 de 5 estrellas","Salió muy bien de precio gracis al descuento y la promo de Nestle en que te devolvían cierto dinero.
Es muy pequeña y fácil de usar, estiy muy contento con ella.",Iván Seisdedos González,Revisado en España el 8 de julio de 2018
"Gran máquina, tamaño concentrado.","5,0 de 5 estrellas","He tenido la suerte de poder probar la Dolce Gusto Mini Me a través de “The Insiders”. Para todos aquellos que no conozcan esta página les invito a visitarla pues a través de ella podéis acceder a la prueba de nuevos productos en primicia. Si sois seleccionados, como en mi caso, os enviarán el producto a vuestra casa para que podáis crearos vuestra propia opinión al respecto del mismo y luego poder compartirla con vuestros amigos, familiares, o lectores. Yo descubrí su página hace bien poco, y no pude tener más suerte pues entré en la campaña de una de las cosas que más me gustaría probar, una cafetera. En este caso se trata, como ya os he comentado, de la campaña de la nueva Dolce Gusto Mini Me.

Después de unos días con ella estoy en disposición de aportar mi opinión, y las de los que la han probado. Decir que en casa somos usuarios habituales de cafeteras de cápsulas ya que contamos con la Krups Circolo de Dolce Gusto. La experiencia de haber contado con la Circolo nos ha valido para comparar y valorar a la Mini Me.

En principio, y nada más abrir la caja nos sorprendió sus dimensiones, realmente contenidas. Para nosotros es importante, pues ocupa muy poquito espacio sobre la encimare de la cocina (aunque tengo 4 metros lineales de encimera…). Vista de frente tenemos una dimensiones de 30.5 cm de alto, 24 cm de fondo y tan solo 16 cm de ancho.

El diseño es, bajo nuestro punto de vista, muy acertado. Minimalista, limpio, y encajará en cualquier cocina. Lo que sí que hecho de menos es ese toque “premium” de la Circolo que ilumina el vaso con una luz led de tono frío mientras permanece encendida. A alguno el diseño le parecerá demasiado simple y soso. Ya sabemos que sobre gustos…. De todas formas tenéis unos cuantos colores a elegir para que podáis combinarla con vuestros muebles de cocina.

La puesta en marcha del aparato es de lo más sencillo. Después de una limpieza del depósito y porta cápsulas con agua y jabón, nos dispusimos a probarla. Llenar el depósito, encender la máquina y esperar a que el botón se encienda de color verde. En ese momento, poner la cápsula, ajustar el número de barras que indica en la cápsula, y accionar la palanca hacia la posición de bebidas calientes o fría (según la cápsula introducida). Una vez hecho esto, te puedes olvidar, la Mini Me para de echar líquido automáticamente según lo que has ajustado. Muy cómodo. No es totalmente automático dado que tienes que regular tú manualmente el número de barras, pero llamémosle “semiautomático”. En las siguientes imágines podéis ver los sencillo que resulta elaborar una bebida fría u otra caliente. Da igual que la bebida consista en una o dos cápsulas, el funcionamiento es igual de sencillo, y sólo cambia el sentido hacia el cual accionaréis la palanca.

El depósito, tiene una capacidad sorprendente (0.8 litros) en comparación a las dimensiones de la cafetera, aunque eso sí es menos capaz que la de la Circolo (1,3 litros). De todas formas podrás “tirar” varias bebidas (dependiendo de cuales sean las seleccionadas) sin tener que estar rellenando el depósito cada vez que la usas.
Para las mañanas, en las que siempre vamos con prisa, la máquina está preparada rápido para tirar la bebida que seleccionemos en muy poco tiempo. Esto viene muy bien. Y oye, si se te olvida apagarla, a los 5 minutos se apaga ella sola! bien para ahorrar en estos tiempos.
Algo que ha gustado mucho en casa y que gana a nuestra Círcolo es la temperatura a la que salen las bebidas, 66ºC! Bueno realmente, no es la temperatura de salida, que será aún más alta. Esta temperatura es la que he medido ya en la taza o vaso una vez que la cafetera ha terminado de preparar la bebida.La presión que suministra, 15 bares, es más que suficiente para que las bebidas salgan con esa espumita que tanto gusta. No lo había mencionado antes, el consumo en funcionamiento de la cafetera es de 1.500W, exactamente igual que la Circolo.
En casa no estamos encasillados en una variedad o dos, y usamos “casi” todas. Cada una tiene su momento perfecto. Tenemos los expresos (Intenso, Bonka, ristreto..) para las sobremesas, los largos como el Lungo, o el Grande Intenso para los desayunos. A mi chica le encanta el café con leche, viene en una sola cápsula en el desayuno y merienda. Cuando llega gente a casa el “Mocha” y “Capuccino” vuelan. Si os gustan los Tés también están las variedades como el “Tea Latte”, el “Marrakesh” o el “Chai Tea Latte” con un sabor a canela buenísimo. En verano usamos bastante las variedades frías de Nestea, tanto la de limón como la de melocotón. El “Capuchino Ice” también lo tomamos de vez en cuando y está muy bueno. Mucha elección en este aspecto, y las variedades seguirán creciendo… El número de variedades es amplio y no creo que nadie tenga problemas de encontrar una o varias de sus favoritas en este catálogo. Hay algunas que puedes encontrar en cualquier supermercado o hipermercado y otras exclusivas y que sólo pueden ser adquiridas a través de la página online de Dolce Gusto. Esta última opción es la que yo uso siempre por comodidad. Dentro de no mucho tiempo tendremos una nueva variedad en España .

La calidad de las bebidas obtenidas es muy buena. Esos 15 bares de presión con los que cuenta hace que obtengamos una capa de espuma generosa y muy cremosa.

El único punto negativo que le hemos visto es que vibra un poquito, nada para echarse las manos a la cabeza, pero la vibración está ahí. Desde “The insiders” y Dolce Gusto España se nos ha recomendado que asentemos bien la cafetera. Por supuesto, la cafetera la tenemos bien asentada, está sobre la encimare y totalmente a nivel. Las vibraciones, están ahí, y las achaco al pequeño peso de la misma. Me explico, en cuanto entra en funcionamiento las vibraciones producidas por la bomba del agua son mayores de las que el peso de la propia cafetera puede contener. Con sólo ponerle un dedo encima, o apoyar el depósito contra la pared estas vibraciones desaparecen. Puede que sea sólo un fallo de nuestra unidad, pero de ser común a todas las unidades este aspecto debería ser estudiado y mejorado.
En resumen, una máquina muy recomendable, con muchos puntos positivos, y un precio ajustado. Dentro de las diferentes marcas de máquinas multibebidas, Dolce Gusto está por delante de todas, en mi opinión, debido a la calidad de las bebidas y a la presión que ofrecen sus máquinas (15 bares). Las Tassimo de Bosch, por ejemplo, creo que elaboran las bebidas con 3 bares de presión. En particular, La Mini Me, se elija en el color que se elija seguro que convence a aquel que la compre. Nosotros hemos guardado la Circolo manual y hemos situado en su lugar esta pequeña pero GRAN máquina: La Mini Me. Aquel que sea un cafetero puro preferirá los cafés de Nespresso (los mejores en mi opinión), pero para los que les gusta picar un poco de todo y tienen poco espacio en su encimera…esta es su cafetera.

Si después de leer esta revisión estás pensando en adquirir esta u otra cafetera Dolce Gusto que sepas que ahora mismo está vigente una campaña por la cual te descontarán 50 o 20 Euros del precio total de la cafetera, dependiendo del modelo elegido. Para la Mini me el descuento es de 50 Euros. Tenéis hasta el 15 de Enero de 2014 para poder acceder a esta prommoción. Además, una vez comprada la cafetera, cuando la registréis en la web de Dolce Gusto recibiréis un vale de otros 10 euros para gastar en la tienda online!

Esta revisión la podéis ver mucho más completa, ampliada, con fotos,vídeos y vales descuento para la compra de la Mini Me (De 55 euros) en mi blog universobinario(punto)wordpress(punto)com",jarucho,Revisado en España el 22 de noviembre de 2013
Todo lo que esperaba de ella.,"5,0 de 5 estrellas","Automática, gran capacidad de agua, gran cantidad de capsulas tanto originales como compatibles.
Dependiendo de las capsulas te hace un café u otra bebida muy bueno. y lo mejor es que no tienes que estar pendiente para apagarla.",Antonio Real,Revisado en España el 15 de mayo de 2017
cristian,"5,0 de 5 estrellas","fue un regalo para mi madre y le encanta, yo tambien lo probe y me gusta es muy bueno cuando tienes prisa te hechas una capsula y al ataque",cristian,Revisado en España el 17 de agosto de 2018
ENCANTADOS!!!,"5,0 de 5 estrellas","Estamos encantados con esta compra.
La única pega el cable rojo, pero todas las máquinas de Donce Gusto lo tienen así.
Por lo demás, hace unos cafés muy ricos, el diseño y color, perfecto para mi cocina.",Regina Serrano,Revisado en España el 9 de junio de 2015
Estamos encantados,"5,0 de 5 estrellas","Es muy fácil de usar y los cafés están muy ricos, más de lo que esperábamos. Lo que más nos gusta es que es pequeña y cabe en cualquier sitio.",Cliente Amazon,Revisado en España el 5 de marzo de 2018
Perfecta,"5,0 de 5 estrellas","tuve la Tassimo pero los cafés muy inferiores , pedí la nespresso pero limitada sólo cafés, esta hace cafés muy variados y están riquísimos. muy contenta",ValentinaBatt,Revisado en España el 6 de agosto de 2017
estupendo,"5,0 de 5 estrellas","AL principio costaba un poco retirar el envase del agua para rellenarlo, aun así funciona perfectamente. ya he comprado dos mas para regalo y son fantastico!!",Cliente Amazon,Revisado en España el 2 de junio de 2017
"Compacta, práctica y muy bonita","5,0 de 5 estrellas",Me encanta. Había tenido un modelo anterior de dolce gusto pero más aparatoso. Me encanta que puedas regular automáticamente la cantidad de Cafe,af,Revisado en España el 27 de noviembre de 2018
Excelente,"5,0 de 5 estrellas",Cafetera rápida y fácil de usar.,Patricia Justes Mayoral,Revisado en España el 5 de julio de 2020
"Muy cómoda, bebidas muy ricas","5,0 de 5 estrellas",Preparar una bebida en segundos es comodísimo. Es muy útil si hay pocas personas que la utilizan. Otra ventaja es la gran cantidad de sabores que admite. La recomiendo sin ninguna duda.,TBM,Revisado en España el 6 de abril de 2016
La recomiendo.,"5,0 de 5 estrellas","Hice el pedido y me la sirvieron muy rápido, aún no la hemos usado mucho, pero los cafés que hemos preparado geniales, riquísimos. Y estéticamente es muy bonita.",Cliente Amazon,Revisado en España el 30 de marzo de 2018
