title,rating,body,author,date
Buen producto,"5,0 de 5 estrellas",Buen producto,Marimar Laveda,Revisado en España el 18 de junio de 2024
Muy ruidosa,"3,0 de 5 estrellas","La cafetera es muy bonita y fácil de manejar, pero es muy ruidosa, todo el barrio sabe que estoy haciendo café....",Maria Elena,Revisado en España el 18 de junio de 2024
Buena cafetera,"5,0 de 5 estrellas","Estoy encantada con ella, el sabor del café espectacular , ocupa poco espacio,",Maria,Revisado en España el 17 de junio de 2024
Maravillosa,"5,0 de 5 estrellas",Funciona muy bien y sale gratis comprando cápsulas!,I. Rivas,Revisado en España el 16 de junio de 2024
Muy bien,"5,0 de 5 estrellas","Muy fácil de usar , el café sale muy bueno",Cliente Amazon,Revisado en España el 16 de junio de 2024
cafetera delonghi,"4,0 de 5 estrellas","la cafetera de toda la vida. facil de usar, de limpiar.",svac,Revisado en España el 15 de junio de 2024
Fantástica,"5,0 de 5 estrellas","Tenía una igual y me ha durado unos 10 años, funcionaba muy bien así que me he comprado la misma.",Malen,Revisado en España el 13 de junio de 2024
Perfecta,"5,0 de 5 estrellas",Un clásico,Juan,Revisado en España el 10 de junio de 2024
Buena calidad del café,"5,0 de 5 estrellas","Muy buena calidad del café, sencilla de utilizar y puede utilizarla con cápsulas de otras empresas que no sean Nespresso",Fabio,Revisado en España el 6 de junio de 2024
Calidad precio,"5,0 de 5 estrellas",Muy rápida eficiente,Milko faubla,Revisado en España el 6 de junio de 2024
Genial,"5,0 de 5 estrellas","Tenía una anterior a este modelo y era de 15 bares, ahora con 19 bares hace los cafés muy cremosos",Dani F.,Revisado en España el 5 de junio de 2024
Funciona bien pero suena como si fuese a despegar,"5,0 de 5 estrellas","La cafetera funciona bien, nos saca los cafés que es lo que queremos y además se calienta rapido.

Otro punto a favor es que la base ""se pliega"" y puedes poner una taza.

Como punto negativo, el sonido que hace, venimos de una cafetera que tiene más de 10 años y sonaba menos que esta.",adrian b.,Revisado en España el 5 de junio de 2024
Muchísimo ruido no la compreis,"1,0 de 5 estrellas",Mucho mucho ruido y no funciona muy bien...no la aconsejo,Cliente Amazon,Revisado en España el 5 de junio de 2024
Generalmente bien,"3,0 de 5 estrellas",No ha venido el pack de bienvenida de 7 cápsulas k si menciona la oferta !!,Cliente Amazon,Revisado en España el 2 de junio de 2024
Fiasco en todo,"1,0 de 5 estrellas",El embalaje vino roto y le falta el depósito del agua. Tampoco traía las muestras de Nespresso Hice la devolución el día 17 de mayo y hoy día 1 de junio aún no he recibido el reembolso. Lo dicho Fiasco,Silvia,Revisado en España el 1 de junio de 2024
Exacta a la que tenia.,"5,0 de 5 estrellas","La que tenia, con el paso de los años comenzó a fallar y vi esta y resulta que exactamente la misma. Perfecta.",jose Joaquín López Navarro,Revisado en España el 1 de junio de 2024
Va bien funciona perfecto,"5,0 de 5 estrellas","Si me a gustado y funciona bien,pero las capsulas de regalo no me han llegado.",Salvador,Revisado en España el 31 de mayo de 2024
La peor experiencia de compra jamás,"1,0 de 5 estrellas","Cuando se abrió, no había embalaje original en la caja. La jarra de agua estaba rota. Hay rastros de uso en la superficie. Obviamente de segunda mano.",YILI,Revisado en España el 30 de mayo de 2024
"No funciona bien, no calienta","2,0 de 5 estrellas","No funciona bien, y además hace muchísimo ruido no es normal, como si hubiera piezas sueltas por dentro",Isabel,Revisado en España el 25 de mayo de 2024
Toda marcada…,"1,0 de 5 estrellas",Recién sacada de la caja y viene toda llena de marcas y eso que es comprada como nueva. Pocas pruebas de calidad por parte de Nespresso. Espero que al menos funcione correctamente.,Toni,Revisado en España el 24 de mayo de 2024
Estupenda,"5,0 de 5 estrellas","Muy buena maquina, y la entrega perfecta.",Tefrigo Refrigeración SL,Revisado en España el 23 de mayo de 2024
Perfecto!,"5,0 de 5 estrellas",Perfecto!,APPLEKILLER,Revisado en España el 21 de mayo de 2024
"Que le deposito de agua esta roto, se sale por debajo","1,0 de 5 estrellas","La cafetera bien, el deposito roto sale agua por debajo",Gerardo L.,Revisado en España el 21 de mayo de 2024
El muy cómoda de usar,"5,0 de 5 estrellas",Yo la compre para regalar. Pero esta encantada con ella ..es cómoda no muy grande y hace muy bien el cafe,Josefa estevez facerias,Revisado en España el 20 de mayo de 2024
Calidad,"5,0 de 5 estrellas","Cómoda y fácil de usar, ruidosa como todas las de ese nivel pero muy practica",ATECVAL SLU,Revisado en España el 19 de mayo de 2024
Excelente,"5,0 de 5 estrellas",Me encanta la cafetera,josefa,Revisado en España el 19 de mayo de 2024
Cafetera usada o de alguna devolución,"2,0 de 5 estrellas","La cafetera me ha llegado en su caja original, precintada por todos los lados. Y no me viene el pack de bienvenida de 7 cápsulas. Normalmente me llega cada producto en otro en otro paquete metido, pero en éste caso no.
Sabía, nada más ver como ha llegado, q era de alguna devolución y no iba a estar el pack de bienvenida.",Yo misma,Revisado en España el 18 de mayo de 2024
Sin completar,"3,0 de 5 estrellas",A mi me llego sin instrucciones sin las capsulas y con la caja rota y con celo,Cliente Amazon,Revisado en España el 16 de mayo de 2024
Económica y eficiente,"5,0 de 5 estrellas","Buenas bonita y barata
Funciona muy bien y sin ningún problema para manejar debido a su sencillez",Cliente Amazon,Revisado en España el 15 de mayo de 2024
Sucio y caja rota,"1,0 de 5 estrellas","La caja llegó destrozada, la cafetera estaba sucia y del pack de 7 cápsulas ni rastro.",rokiu86,Revisado en España el 13 de mayo de 2024
Buen café!,"5,0 de 5 estrellas",Te obsequian cápsulas de regalo.,Cliente Amazon,Revisado en España el 13 de mayo de 2024
cafetera la mejor,"5,0 de 5 estrellas",una maravilla la uso todos los dias gracias amigos,paco dominguez,Revisado en España el 10 de mayo de 2024
Muy fácil,"5,0 de 5 estrellas",El café sale muy bueno y fácil de usar,Cliente Amazon,Revisado en España el 8 de mayo de 2024
Super contento!!!,"5,0 de 5 estrellas","Como aficionado al café puedo decir que esta pequeña máquina ha superado mis expectativas. Su diseño compacto es perfecto para mi cocina, que no es muy grande, y su peso ligero hace que sea fácil de mover cuando necesito más espacio. La presión es una característica que realmente marca la diferencia; el café sale con un sabor intenso y una crema perfecta, justo como me gusta. Además, la facilidad de uso es increíble, especialmente en las mañanas ajetreadas cuando necesito un café rápido antes de salir. Lo que más me impresiona es el calentamiento rápido y la facilidad de programación. No tengo que esperar mucho para disfrutar de mi primera taza del día, y eso para mí es vital. Y hablando del café, la calidad que ofrece esta cafetera es comparable a la de muchas cafeterías especializadas. Esto sin contar que vino con una promoción de 60 cápsulas del propio Nespresso. Finalmente, considero que la relación calidad-precio es justa. No es la cafetera más barata del mercado, pero definitivamente vale cada centavo por la calidad del café que puedo disfrutar todos los días. Es una cafetera que recomendaría sin dudar a cualquier amante del café que busque calidad, comodidad y buen diseño.",Humberto,Revisado en España el 27 de abril de 2024
Un imprescindible para los amantes del café en casa,"5,0 de 5 estrellas","Como amante del buen café, la Nespresso De'Longhi Inissia ha sido una adición fantástica a mi cocina. Esta cafetera de cápsulas Nespresso no solo es elegante en diseño, sino que también ofrece un café delicioso con solo presionar un botón.

Lo que más me gusta de la Inissia es su facilidad de uso. Simplemente insertas una cápsula Nespresso, eliges el tamaño de café que deseas (espresso o lungo), presionas el botón, ¡y en pocos segundos tienes una taza de café perfectamente preparada!

El café que produce esta máquina es increíblemente sabroso y aromático. Los 19 bares de presión aseguran que cada taza sea rica en sabor y tenga una crema deliciosa. La temperatura del café es óptima y nunca he tenido una taza amarga o insípida.

Además, la Nespresso Inissia es compacta y se adapta perfectamente a espacios pequeños. Es ideal para mi cocina, donde el espacio es limitado pero no queremos comprometer la calidad del café.

Otra característica que aprecio es el apagado automático, que ayuda a ahorrar energía cuando la máquina no está en uso durante un tiempo determinado.

El pack de bienvenida con 7 cápsulas incluido fue una agradable sorpresa y me permitió probar diferentes variedades de café Nespresso para descubrir cuáles son mis favoritas.

En resumen, la Nespresso De'Longhi Inissia es una cafetera excelente y práctica para cualquier amante del café que busque calidad, comodidad y un café delicioso en casa. Recomiendo encarecidamente esta máquina a todos los aficionados al café.",VaaTTi,Revisado en España el 27 de abril de 2024
Fata el manual y las cápsulas que están con la café,"1,0 de 5 estrellas",Está cafetera le falta el manual y las cápsulas que vienen en el pedido,Angels,Revisado en España el 26 de abril de 2024
Cafetera de diseño clásico y de uso más que sencillo,"5,0 de 5 estrellas","Una cafetera de diseño clásico, fácil de usar, eficaz y para disfrutar de un café humeante con cápsulas.

Tiene el sistema Flow Stop, exclusivo de Nespresso que permite indicar con exactitud la densidad de tu café en cada taza. El depósito de agua tiene una capacidad de casi 1 litro, para ser exactos, 0.7 litros. Comparada con la anterior que tenía (una Krups) aunque similar, tira un poco más o gasta más. No es de las más abundantes.
Luego de 9 minutos se apaga de manera automático después de usarla. Trae también un depósito, como las Nespresso (igual que mi anterior Krups) donde se juntan unas 10 u 11. Por lo que no hay que molestarse mucho después de usar la cafetera en tirar la cápsula. Eso sí, por favor, reciclarlas :) Eso sí, he notado que al caer se ensucia mucho la caja y el sitio donde recoge el café. También decir que una taza grande no entra y hay que mover o tirar para arriba (ya que así se puede) el sistema de goteo o recoge café. Por lo que es para tasas pequeñas y medianas.
Decir a su favor (a mi ve viene genial) que es bastante compacta. Entra perfecta en cualquier sitio. En mi encimera va genial.

* Un punto a favor al momento de comprar la cafetera es que viene con unas 20 cápsulas de regalo o una caja de cápsulas Nespresso, de esas que son un muestrario que te indican las cápsulas que son y en que consisten.
* También viene con un bono descuento para comprar más. El bono en concreto es de 20 euros.

En definitiva, una cafetera práctica, fácil de limpiar, sencilla de uso y en la que puedes hacer un café rápido por la mañana sin preocuparte demasiado. Y no por eso, pierde el gusto.

Si te ha gustado la reseña, no te olvides de darle a útil, que además de no costar nada, da buen karma ;)",Alex K.,Revisado en España el 31 de enero de 2021
SI NECESITAS HACER CAFE CON RAPIDEZ...,"4,0 de 5 estrellas","Si necesitas hacer café con rapidez, esta (o una similar) es tu cafetera.

Si la quieres comparar con las cafeteras clásicas (italianas), que se calientan al fuego de la cocina, o las de goteo, las cafeteras de cápsulas presentan muchas ventajas:
- Más fáciles de usar (introducir la cápsula y pulsar un botón)
- Más rápidas (café listo para tomar en menos de dos minutos)
- Limpieza más sencilla (tirar la cápsula a la basura y lista para un nuevo uso), sin hacer gasto de agua ni lavavajillas.
- No se desperdicia café (dosis individuales)
- Más variedad de sabores (incluso hay cápsulas de té y de cacao)

Y los puntos en contra:
- Las cápsulas son dífíclies de reciclar (en las tiendas Nespresso hay puntos de recogida, pero no pueden ir al contenedor amarillo). Dicen que los posos de la preparación del café sirven como abono casero para las plantas acidófilas (rosales, azaleas, hortensias o arándanos, p.ej.).
- Elaboración invariable (siempre misma cantidad de agua y de café)
- Más ruidosas
- Algo más voluminosas (pero menos que las express, de brazo)

Si la quieres comparar con otras cafeteras de cápsulas, las diferencias son mínimas. Ya casi es cuestión de manías personales el decantarse por una Nespresso, una Dolce Gusto o una Tassimo. Entre las Nespresso, la Inissia es el modelo de acceso, el más popular y más práctico. Las diferencias entre DELONGHI y KRUPS Inissia son prácticamente inexistentes (ambas marcas fabrican con la licencia de Nespresso), salvo por las oscilaciones de precio. Yo he comprado la DeLonghi por 69 €, aunque sé que en varias ocasiones ha estado a la venta en Amazon por menos de 60 €.",con P de Paco,Revisado en España el 9 de septiembre de 2018
"Funciona muy mal. Se obstruye y se ""come"" las cápsulas","1,0 de 5 estrellas","La tengo desde hace un año.
Es malísima. A pesar de usar siempre agua mineral y descalcificarla, con muy poco uso ya empezó a obstruirse, sacando poco café y echando parte del agua por la zona de la cápsula. Todo porque el café se obstruye en el filtro que hay entre la cápsula y el surtidor. Para poder desobstruir el surtidor, éste no puede sacarse para limpiarlo, sino que resulta que hay que desmontar la máquina entera. Un aparato que se obstruye tan rápidamente, al menos debería ser fácil de limpiar.
Además, estropea muchas de las cápsulas, las destroza al intentar meterlas, es difícil pillarle el punto para que esto no pase (como cuando una llave no gira bien y tienes que tantear para encontrar el punto). Y para empeorar aún más el panorama, de vez en cuando se le sale el agua por abajo....
Total, un absoluto desastre. Tengo otra parecida hace años (de estas pequeñas de nespresso, de otra marca), con la que uso las mismas cápsulas y nunca le pasado nada de todo esto! Compré esta por las valoraciones y porque era algo más económica, y en qué hora, me arrepiento totalmente.",Mercedes B,Revisado en España el 6 de agosto de 2024
¿Dónde has estado toda mi vida?,"5,0 de 5 estrellas","Creo que el título lo resume todo 😅 Cafetera compacta muy fácil de usar que no ocupa casi nada y que hace un café de escándalo. Tiene dos botones (espresso y lungo) para escoger cómo lo quieres y en ambos casos se pueden volver a pulsar para cortar y hacerlo a tu gusto (ristretto, por ejemplo). Me gusta el café solo y fuerte, así que para mí es perfecto el programa espresso. He probado otras cafeteras de cápsulas no Nespresso y qué puedo decir: no hay color. Se nota ya cuando está echando el café, que tiene cuerpo y el aroma es delicioso. Y la capa de espuma es tal que si meneas la taza el café apenas se mueve. Por otro lado, la oferta de los descuentos me ha permitido probar varios tipos de café y ya tengo mi favorito. Por cierto, que yo entendí que eran 30€ de descuento, pero no: es un pack gratis de 60 cápsulas a elegir por valor de 30€ y después sí, 10€ de descuento en 9 pedidos hasta recuperar el valor de la máquina. Escogí intensos y descafeinados y debo decir que el hasta el descafeinado está buenísimo, lo que es una alegría porque me encanta tomarme un buen café después de cenar. El único problema que le veo es que me ha vuelto completamente adicta 😅",Lilith Hell,Revisado en España el 26 de marzo de 2024
Es una maquina Nespresso a un precio muy bueno,"5,0 de 5 estrellas","Ademas de un uso muy facil hace un cafe muy bueno, puedes usar tazas grandes de desayuno y encima ademas de las 7 capsulas que te llegan con la maquina , nexpreso te regala 60 capsulas mas . Que mas puedes pedir",marcelino,Revisado en España el 23 de junio de 2024
Cafetera de Nespresso modelo INISSIA,"5,0 de 5 estrellas","Este modelo es de NESPRESSSO y es la más básica y sencilla y también la más económica.
En casa ya teníamos una desde hacía un par de años y esta la compramos para regalársela a mis padres.
Muy bien, funcionamiento simple y de fácil mantenimiento. Las cápsulas caen en una pequeña cajita de plástico que a la vez hace de ""recoge derrames"" y se extrae por completo para su fácil limpieza (hasta lo puedes meter en el lavavajillas).
Es recomendable de vez en cuando hacerle un ciclo con vinagre blanco y agua a la cafetera (le pones un poco de vinagre blanco en el depósito) limpiar el circuito interno y eliminar impurezas.
Es de tamaño compacto y de estética neutra y sencilla, así que se puede colocar en cualquier sitio que ni destaca ni ocupa mucho espacio.
Este modelo funciona con las cápsulas Nespresso de aluminio clásicas (las más pequeñas) y de las que más alternativas de marca blanca se pueden encontrar en el mercado.
La compramos en Amazon porque tenían una muy buena oferta y además te regalaban 30 euros en cápsulas originales Nespresso.
¡La recomiendo!",Karu,Revisado en España el 14 de julio de 2024
Funciona bien,"4,0 de 5 estrellas","Estoy contento. Tenía antes una Nespresso que tenía un botón para encender y apagar, es la única cosa que me falta en este modelo. Además funciona perfecto.
El color crema es muy amarillo un toque más a beige sería mejor",Karina Martinez,Revisado en España el 5 de agosto de 2024
Original cafetera de Nespresso,"4,0 de 5 estrellas","Temporizador de apagado y dos posiciones, corto y largo de café; el depósito de agua y el de cápsulas usadas, más pequeños que los de modelos anteriores.",croslip,Revisado en España el 9 de agosto de 2024
Hace ruido,"4,0 de 5 estrellas","Yo tenía otra igual y no me hacía el mismo ruido que está , no se por qué , el café perfecto",Jcf,Revisado en España el 29 de julio de 2024
"Para lo que sirve, hacer cafes","4,0 de 5 estrellas","Es ruidosa,molesta mucho si te levantas temprano por la mañana y hay gente durmiendo",Cliente Amazon,Revisado en España el 4 de agosto de 2024
Ruidosa,"4,0 de 5 estrellas","Funciona bien, no me gusta el gran ruido que hace.",Jorge,Revisado en España el 5 de agosto de 2024
Buena compra,"4,0 de 5 estrellas","Buena compra, pero especialmente el regalo de cápsulas extra estuvo muy bien. Bien de precio",Amazon Customer,Revisado en España el 25 de julio de 2024
☕LA MAQUINA NESPRESSO MÁS FIABLE Y DURADERA👌,"5,0 de 5 estrellas","➡️ Llevo usando Cafeteras Nespresso desde que comenzó la Revolución de las Cápsulas.
Pero de la Marca De’Longhi, y en concreto del Modelo Inissia, es la segunda cafetera que tengo.

• Diseño Sencillo y Funcional. Hay otras máquinas con un Diseño más Estrecho y semiautomáticas, pero es una pijada que no va conmigo. Y además las Encarece de forma exagerada.

• Yo busco que sea una cafetera Práctica y Duradera.
Además, personalmente me gusta más este Modelo:

1. Tiene una Base más Ancha que otras y eso le aporta un Extra de Estabilidad y Robustez.
Me recuerda a la forma de una Locomotora de Vapor, vista de frente🚂

2. El Sistema de Introducción/Extracción de las Cápsulas es de Asa. Es Mucho más Práctica, ya que la puedes Sujetar mejor y realizar un menor Esfuerzo que con el Sistema de Palanca presente en los Modelos más Estrechos.

3. Tanto el Depósito de Agua como el de recogida de Cápsulas, tienen buen tamaño y son fáciles de Extraer y Limpiar.

👉 Como he dicho, es la Segunda que compro de esta Marca y Modelo.
La Primera fue en 2017 y era de Color Crema. O sea que me ha durado 5 años.
Quizás no os parezca mucho, pero si contamos que en mi casa se hacen de media 5 cafés diarios, son:
365d × 5cps. = 1825 cps. al año
1825 CPS × 5 años = 9125 Cápsulas

👉 No había hecho nunca la cuenta, pero son muchos Cafés, con lo que considero que el Precio de la máquina está Amortizado.
No dejó de funcionar, pero perdía agua, por eso he tenido que comprar otra.
Esta vez la he cogido en Color Negro, con buena oferta a 69€ y con Código descuento de 30€ en mi pedido de Cápsulas Nespresso 😱😱
Era una oferta difícil de rechazar. Y sé que tengo Máquina para mucho tiempo 👌😁
Espero que me salga tan buena como la anterior.

A mí me ha funcionado y me funciona de maravilla, así que no tengo ninguna duda en Recomendarla.

Espero que os sea útil mi opinión y experiencia con este producto 👍👀",Nachove,Revisado en España el 24 de septiembre de 2023
Café más caliente.,"5,0 de 5 estrellas","He tenido dos cafeteras con estas mismas cápsulas de otras marcas y aunque la potencia es idéntica, ésta prepara café a mayor temperatura.",Raúl Nebot,Revisado en España el 6 de agosto de 2024
Cafetera Nespresso,"5,0 de 5 estrellas",Conozco el producto y me parece bueno,Angel E.,Revisado en España el 8 de agosto de 2024
El cafe,"4,0 de 5 estrellas","Tengo otra, me gusta, el único problema es el ruido q hace, te levantas temprano y despiertas, al vencindario, x lo demás estoy contenta con ella.",francisca Rodriguez,Revisado en España el 21 de junio de 2024
Nexpreso perfecta,"5,0 de 5 estrellas",Una cafetera de cápsulas perfecta dos tipos de carpe largo y corto es una maravilla,chatarrajr,Revisado en España el 30 de julio de 2024
Buenas cafetera,"5,0 de 5 estrellas","Buena máquina, funciona a la perfección y el tamaño es ideal para ocupar poco en la cocina",Amazon Customer,Revisado en España el 22 de julio de 2024
practica,"4,0 de 5 estrellas",ya lo conocia,Antonio Ballarin Ballarin,Revisado en España el 27 de junio de 2024
Muy bien,"5,0 de 5 estrellas",Llego rápido y funciona perfectamente,cruz felipe,Revisado en España el 27 de julio de 2024
Bom,"5,0 de 5 estrellas",Produto original espetacular,Quintinhas,Revisado en España el 29 de julio de 2024
Hace el café buenísimo,"5,0 de 5 estrellas","La única pega es el precio excesivo, pero hace un café muy bueno.",Cliente Amazon,Revisado en España el 19 de julio de 2024
en perfecto estado,"5,0 de 5 estrellas","compré el artículo ""USADO"" y está impecable. la caja como es lógico, deteriorada como ya avisaba el vendedor. La máquina no parece ni usada. GRACIAS!",APPLETISE,Revisado en España el 10 de julio de 2024
La mejor cafetera,"5,0 de 5 estrellas",He probado otras marcas de cafeteras de cápsulas pero esta ha sido el mayor acierto! El café buenísimo! El mejor para hacer en casa,Celia Díaz,Revisado en España el 5 de julio de 2024
Buen producto.,"5,0 de 5 estrellas","La cafetera un 10, pero la foto lleva a engaño.Segun la foto hay 14 cápsulas pero en realidad solo hay 7.",ANTONIO PADRELL,Revisado en España el 1 de julio de 2024
Excelente,"5,0 de 5 estrellas","Muy buena,hace café con la presión perfecta y espuma,me encanta.",Mar,Revisado en España el 12 de julio de 2024
"El tamaño pequeño, la calidad con que saca el café, lo rápida que calienta el agua.","5,0 de 5 estrellas","No me gusta el ruido que hace, debería de ser más silenciosa.",BLANCA,Revisado en España el 7 de julio de 2024
Calidad absoluta en la cafetera,"5,0 de 5 estrellas",Muy buena calidad/ precio. Es la segunda que compramos en años. Lo recomiendo,Juanjo,Revisado en España el 5 de julio de 2024
Todo lo necesario a un precio justo.,"5,0 de 5 estrellas","Es la segunda que compro de este formato y la quinta de cápsulas tipo nespresso, entre ellas he de decir que he tenido dos más caras y otra más económica que esta, y la verdad que todas cumplen su función y duran muchos cafés, no he notado mucha diferencia entre unas y otras, lo único que la más económica no tenia apagado automático, por eso elegí este modelo, y la más cara te avisa de que no le queda agua con una luz roja (hasta que se estropeó, y no es imprescindible para mi).
La otra que era como está pero de otra marca era color blanco y esta es más blanco roto o hueso.
Tiene lo básico para mi; programación de café corto y largo + auto apagado + poder rellenar el agua sin desmontar + y recogida de cápsulas usadas.
La recomiendo.",Ana A.,Revisado en España el 14 de marzo de 2024
Funciona sin encenderse el indicador de luz,"3,0 de 5 estrellas","Compré la cafetera para un regalo de cumpleaños de mi padre , a los pocos días se le estropeó el piloto de luz que indica que ya puede salir el café , por circunstancias pasó más de un mes en notificar la incidencia y Amazon ya no podía sustituirme el artículo por otro , solo podía gestionar su arreglo La mandé a arreglar después de un mes me la mandaron igual . La luz seguía sin funcionar , solo se encendió algunas veces igual que el primer día , ya hemos decidido dejarla así.",Jera,Revisado en España el 1 de julio de 2024
Una cafetera muy sencilla,"5,0 de 5 estrellas","Una cafetera sencilla, economica y café bueno con càpsulas de solo 4 gr de café",Wuilli,Revisado en España el 24 de junio de 2024
NESPRESSO,"5,0 de 5 estrellas",Perfecto,NAD,Revisado en España el 7 de julio de 2024
Funciona muy bien y el precio está bien,"5,0 de 5 estrellas","Me gusta mucho, tengo varias y el precio está bien para lo que es.",CARLOS,Revisado en España el 21 de junio de 2024
Fidedigno,"5,0 de 5 estrellas",Es tal cual esperaba!,Cliente de Kindle,Revisado en España el 27 de junio de 2024
Funciona perfectamente,"4,0 de 5 estrellas","Calienta rápido . Su sistema de recipiente de cápsulas es muy cómodo.
Goteo muy reducido.",Luis Martín Calleja,Revisado en España el 26 de abril de 2024
Mi “mejor amiga “,"5,0 de 5 estrellas","Je je. Ahora que encontré las cápsulas biodegradables compatibles con este máquina estoy súper contenta . Todas las mañas tomo este Caffe tan cremoso y sabroso ❤️ . Recibi la máquina el día siguiente en muy buenas condiciones , nueva y con cápsulas Nespresso de regalo. He probado todas y claro , buena calidad sin duda . También un código para pedir las cápsulas online y recibir buen descuento . Estoy contenta con mi compra 🌸🌸🌸",Daniela,Revisado en España el 13 de abril de 2024
Decente,"4,0 de 5 estrellas","Es una buena máquina, pero insertar la cápsula tiene su truco. Si la colocas mal en la ranura, muchas veces se queda atascada o pegada. Hay que inclinar la cápsula con el dedo estando dentro, y colocarle de una forma específica para que no se atore.
No es tan fácil de usar, aunque el café sale delicioso.",iMolime,Revisado en España el 10 de febrero de 2024
Cafetera básica,"4,0 de 5 estrellas",Es una cafetera básica que cumple bien con su objetivo,Enric Porta,Revisado en España el 16 de abril de 2024
Reemplazo de la primera maquina,"5,0 de 5 estrellas","Después de recibir el reemplazo al día siguiente de la primera que venía mal, estoy encantada con ella, el café tiene muy sabor, tenía una nespresso míni krups, que hacía un cafe muy rico pero se estropeo y me decidí por esta, por los comentarios ,yo ya había probado en alguna ocasión y me gustaba el sabor del café soy de descafeinado. Quitando que la primera no venia bien, ahora estoy encantada, y viene con su descuento de 30€, lo único que dice que vienen 14 capsulas y en la caja vienen solo 7.",TERESA,Revisado en España el 29 de febrero de 2024
Muy ruidosa,"3,0 de 5 estrellas",Mucho ruido,Jobkolo,Revisado en España el 27 de julio de 2024
Regalo imposible de conseguir,"4,0 de 5 estrellas","El pack de regalo de bienvenida es imposible de conseguir,he iniciado un chat con Nespresso,te ofrecen una solución que es poner otra vez el código de promoción y sigue sin aceptarlo,y ya no hay más opción de responderles,por suerte hay más marcas en el mercado",LLUIS BALAGUER,Revisado en España el 7 de febrero de 2024
Cafetera vintage,"4,0 de 5 estrellas","Me ha gustado mucho el diseño vintage, pero creo que para ser nueva hace demasiado ruido cuando haces café",Eva,Revisado en España el 21 de marzo de 2024
Boa maquina,"4,0 de 5 estrellas",Top... Funciona como esperado,Breezy,Revisado en España el 1 de abril de 2024
"Cumple su función, pero...","4,0 de 5 estrellas","La máquina está bien, pero suena como una taladradora. En mi opinión, excesivamente.",CarlosD,Revisado en España el 27 de marzo de 2024
Ruido,"4,0 de 5 estrellas",La máquina funciona muy bien pero hace mucho ruido cuando sale el café.,raquel jorge yuste,Revisado en España el 21 de marzo de 2024
Servicio de entrega rápido y eficaz,"4,0 de 5 estrellas","El servicio de entrega fue rápido y el producto llegó en perfectas condiciones. Como punto negativo, únicamente destacar que no iban incluidas 14 cápsulas como se decía, sino 7.",Estela,Revisado en España el 19 de febrero de 2024
CAFETERA BIEN. PROMOCIÓN AMAZON ENGAÑOSA.,"5,0 de 5 estrellas",La cafetera lo esperado. Cuidado con las promociones engañosas de Amazon. Incluía un bono con 30€ de café y resulta que la promoción que publicitan y envían por mail con un enlace está caducada en la página de Nespresso. PUNTO negativo para AMAZON ¡¡¡¡,FERRETERIA SALVIA,Revisado en España el 24 de abril de 2024
Faltan las cápsulas de regalo,"3,0 de 5 estrellas",En la compra iban cápsulas de regalo y no llegaron. Además el embalaje interior estaba roto y la cafetera iba suelta de un lado para otro. Le he utilizado y va bien.,España,Revisado en España el 23 de junio de 2024
TAl CUAL EL ANUNCIO,"4,0 de 5 estrellas","Simplemente lo que ponía en la descripción, ni más ni menos. BIEN!",Carmen,Revisado en España el 6 de marzo de 2024
Sencillez,"4,0 de 5 estrellas","Básica, pero suficiente para lo que se precisa de ella. 👍",luis gil,Revisado en España el 7 de marzo de 2024
Es la que yo pefi,"4,0 de 5 estrellas",Funciona bien pero hace mucho ruido,Cliente Amazon,Revisado en España el 16 de marzo de 2024
Ya llevo 5,"5,0 de 5 estrellas","Hola ya llevo 5 nesspreso y me gusta. Mucho pero lo que no entiendo es que todas y digo todas me tiran una gran cantidad de agua por abajo ,le he tenido que poner una bandeja, a alguien más le ha pasado? Gracias",maria jose,Revisado en España el 12 de marzo de 2024
"Ruidosa, muy ruidosa.","2,0 de 5 estrellas","Tuve una Krups y nada que ver, esta hace muchísimo ruido. La rotavator de mi abuelo era más silenciosa.

El otro día vinieron amigos a casa aprovechando que eran fiestas del pueblo, me puse a preparar cafés para todos y los que estaban disfrutando de la verbena de enfrente me llamaron al timbre porque no escuchaban la música. Los vecinos me han prometido que si me deshago de la cafetera me pagan un desayuno continental de por vida en el bar de abajo. Regalé una en el trabajo y el de seguridad ha obligado a usar protectores auditivos a todo el Departamento de Administración. El gato, sordo de nacimiento, se me ha ido de casa. Un sinvivir...",Ion,Revisado en España el 6 de julio de 2024
un poco liosa,"4,0 de 5 estrellas",Hay que tener cuidado porque algunas capsulas no entran bien y al cerrar se engancha,juan F.,Revisado en España el 20 de febrero de 2024
Excelente producto. Una de mis mejores compras.,"5,0 de 5 estrellas","Si eres un amante del café como yo, y buscas explorar nuevos mundos y sensaciones, si lo que buscas es viajar de países y culturas sin moverte de tu casa, si lo que buscas es la sensación de placer en el paladar después de un sorbo. Esta, querido lector, esta es tu cafetera. La recomiendo encarecidamente, me ha llevado a diferentes lugares del planeta, probando diferentes sensaciones como un ritual de especies. En pocas palabras, la magnificencia del café.",Philip Acosta,Revisado en España el 7 de febrero de 2024
Buena maquina,"4,0 de 5 estrellas",Es un modelo de hace años pero para mi va perfecta. Tiene un deposito superior al resto y no tienes que ir llenando el deposito como en las nuevas.,casasov,Revisado en España el 10 de enero de 2024
Mi mejor compra,"5,0 de 5 estrellas",Estoy encantadísima con esta máquina. Hace un café excelente. También depende del tipo de cápsula que utilice. Pero he probado la selección de café de la marca Nespresso y todas me han encantado.,Cristina,Revisado en España el 11 de abril de 2024
La mejor,"5,0 de 5 estrellas","Fácil de usar, fácil de limpiar, café buenísimo, sólo me molesta un poco el ruido que hace, por lo demás un 10",Loes,Revisado en España el 23 de abril de 2024
NO ESTÁ A LA ALTURA DE UN CAFETERO,"1,0 de 5 estrellas","Está claro que se trata de la gama más baja de Nespresso, pero aún utilizando sus cápsulas originales la presión del café con la que sale es bastante floja.
Si eres cafetero o con el paladar exquisito para el café debes optar por una máquina superior y otra marca.... con solo tres semanas de uso la presión casi se ha perdido saliendo solo agua sucia.
El mecanismo de caída de la cláusula falla bastante, por lo que debes empujarla tú cada vez con el dedo cada vez que cambias, del mismo modo el tanque que las recoge es bastante pequeña por lo que si sois cafeteros en casa y tomáis dos tres personas, cada dos días tendrás que estar desmontando y tirando el café.
En general como he dicho antes si eres exigente con el café no la recomiendo..... para una casa de alquiler una sola persona o algún café sin ser muy exigente está bien, pero si no es así no es tu cafetera.
El mecanismo de uso es sencillo y mediante la combinación de botones puedes cambiar la cantidad de café que salga en cada botón.
Espero que os haya sido de utilidad mi experiencia y consejos sobre este producto.
Saludos.",WonDer_wOm@N,Revisado en España el 7 de abril de 2024
Error,"1,0 de 5 estrellas","El producto enviado no se puede usar en USA, por las características electricas.
El producto enviado es de 220V y la red eléctrica de USA es de 110V.
Cuando se pide un producto que deberá ser utilizado en un país X deberéis saber que este no se podrá utilizar si las caraterísticas técnicas del producto no son compatibles.
He solicitado la devolución y me vuelven a cobrar el envío, cuando deberíais abonaro vosotros, ya yo pagué el envío del producto y enviáisteis un producto erroneo.
Pido me contacten y que la devolución se haga sin cargos adicionales.
Saludos,",Liliana,Revisado en España el 1 de abril de 2024
No funciona el circuito del agua,"1,0 de 5 estrellas","Esta cafetera es un suplicio!
Además de aplastar las capsulas, cada vez que he de rellenar el depósito del agua tenemos un problema.
Ahora mismo me termina de ocurrir, que tras rellenar el depósito del agua, no he podido prepararme un café. Empieza a hacer ruido, pero no sale el agua. Quito, pongo y vuelvo a poner y quitar varias veces el depósito, por sí estuviese mal colocado y nada. Lo quito. Seco bien el hueco. Nada.
Esto es pagar y llorar!
Y ahora, sí quiero una solución, se ka tienen que llevar a reparar y tardar un mes o más en devolvérmela. Mientras yo sin cafetera. La antigua no me la han podido arreglar.
No entiendo como, una cafetera que compré en el mes de julio y no me ha dado más que problemas ¿como se la llevan para reparar, en vez de devolverme mi dinero? Pues no quiero siquiera otra igual de lo ¡harta! Qué estoy de esta dichosa cafetera.
No la recomiendo en absoluto!!!",Cliente Amazon,Revisado en España el 24 de agosto de 2023
Estafa - Producto Roto y sin Pack de degustación,"1,0 de 5 estrellas","Paquete en mal estado, caja rota y golpes por todos lados, además de un orificio en la caja. Por si eso no fuese poco, la cafetera no funciona, no hace café, simplemente hace muchísimo ruido y vibra. La vibración es tal que el vaso se cae de la plataforma y la cafetera se mueve. Y para rematar, el artículo dice que viene incluido un pack de bienvenida de degustación y no vino, en la caja solo llegó la cafetera rota.",Ismael,Revisado en España el 30 de marzo de 2024
No funciona,"1,0 de 5 estrellas","No vino en caja original, supuestamente producto nuevo a estrenar, sin instrucciones ni ningún tipo de garantía.",María Elena,Revisado en España el 20 de julio de 2024
Horrible,"1,0 de 5 estrellas","Es un verdadero fiasco. Como se quede sin agua, lo que es fácil porque el deposito es pequeño, coje aire el sistema y hay que luchar con la máquina para que vuelva a funcionar hasta el punto de tener que descartar el café alguna mañana. Cuando funciona, la mitad de las cápsulas no las perfora bien, o no sale el café y se corta la presión o saca aguachirri. Con las que más falla es con las capsulas originales de Nespresso. Todo esto en menos de una semana desde que la compré. Se supone que es rápida, limpia y cómoda, y hasta ahora solo veo problemas típicos de un cacharro de muy baja calidad.",Rafael,Revisado en España el 6 de octubre de 2023
Producto sin revisar y roto,"1,0 de 5 estrellas","Esta es una cafetera de segunda mano, no la han ni probado, ya que en su primer uso solto toda el agua, me he encargado yo de desmontarla y substituir el manguito roto, era bien sencillo, lo cual demuestra que la empresa encargada no hizo ninguna prueba antes de mandarla… Otra sorpresa es que en el momento que pido un rembolso parcial, estos solo me ofrecen 13€ cuando he pagado 70€ por una cafetera rota… Descontento con el producto y el servicio, por si a alguien le sirve mi reseña para futuras compras. Un saludo.",Borja Serra 53,Revisado en España el 23 de enero de 2024
Producto ya usado y vendido como nuevo,"1,0 de 5 estrellas","Cafetera venia con restos de cafe, depósito de agua rayado, salpicaduras de café por la máquina, caja no original, sin instrucciones.....",Iván,Revisado en España el 11 de julio de 2024
Malo,"1,0 de 5 estrellas",Hace el doble de ruido que la dolce gusto,José luis,Revisado en España el 2 de agosto de 2024
Estado lamentable,"1,0 de 5 estrellas","La cafetera venía en un estado lamentable, la caja rota, la cafetera tenía más uso que la mia que tiene 3 años, el depósito del agua perdía a chorros y no picaba bien las cápsulas. No vuelvo a comprar un producto reciclado",David,Revisado en España el 23 de marzo de 2024
No me termina de convencer,"1,0 de 5 estrellas","No me termina de convencer porque hace muchísimo ruido y pierde agua en el depósito de las cápsulas. Cuando voy a vaciar las cápsulas, está inundado. Aún así buen café pero en general descontento",MANU,Revisado en España el 23 de abril de 2024
Cupon descuento sobre compra capsulas,"1,0 de 5 estrellas","El codigo del cupon descuento para la compra de capsulas que incluido dentro la caja (30€) ha sido ya utilizado.
Si hubiera comprado el producto directamente en tienda no hubiera ocurrido.",Cliente Amazon,Revisado en España el 25 de abril de 2024
Muy cuca pero...,"1,0 de 5 estrellas","Me pareció monísima para poner en mi cocina, a juego con el color de los muebles y ocupa muy poquito. La he devuelto porque con sólo un uso ya perdía agua...",Sonia,Revisado en España el 1 de abril de 2024
Es la segunda que no funciona inissia nesspreso,"1,0 de 5 estrellas",Que no funciona,asor avlis,Revisado en España el 19 de junio de 2024
Sin embalaje,"1,0 de 5 estrellas","La cafetera me llegó evuelta en plástico burbujas sin su embalaje ni papeles, era para tenerla en la empresa con lo que no me importó mucho, al hacer un café la cafetera me tira agua por debajo a si que nada me tocó hacer una devolución.",Daniel Salguero castillero,Revisado en España el 29 de enero de 2024
"Una decepción, lo siento.","1,0 de 5 estrellas",He tenido que devolverla porque no era nada fácil meter bien las capsulas. Las aplastaba y ya no valían.,Cliente Amazon,Revisado en España el 14 de abril de 2024
Cafetera,"1,0 de 5 estrellas","Cafetera enviada al departamento de reparación EN GARANTÍA y después de más de 40 días y 3 reclamaciones el departamento de atención al cliente me dice por tercera vez que en 48h se pondrán en contacto conmigo, es la misma conversación en las 3 reclamaciones, son deferentes personas pero dicen y explican con las mismas palabras. ES INA VERGÜENZA!!!!",Jimy78,Revisado en España el 1 de diciembre de 2023
Decepcion total,"1,0 de 5 estrellas","Me ha llegado la cafetera en una caja de cartón de Amazon. La caja de Nespresso y el regalo de bienvenida no estaban. Después de hablar con amazon y llegar a un acuerdo, conecto la cafetera y no funciona. Y la cafetera tenía algunas marcas de rozaduras.
Por cierto, fue comprada a través de volver a comprar. Era una compra nueva, no de segunda mano como parece.
Un desastre.",Amelia G.,Revisado en España el 18 de septiembre de 2023
No funciona,"1,0 de 5 estrellas","Recién entregada y no funciona, y además tendría que venir con una caja de cápsulas y no vienen . Seguro que es de segunda mano y nos la han metido por nueva",javier,Revisado en España el 2 de febrero de 2024
Venia incompleto,"1,0 de 5 estrellas",La máquina venia y funciona bien pero llegó incompleta .,Miguel Angel Sanchez Macias,Revisado en España el 25 de abril de 2024
Mal funcionamiento de la cafetera peor de Amazon,"1,0 de 5 estrellas","Tras apenas 2 meses de uso la cafetera está fallando. Hace unos ruidos raros y a veces no sale el café y la cápsula queda inutilizada… Amazon me ofrece recoger la cafetera y enviarla a reparar y darme solución en un plazo de 20 días laborables. En ese tiempo ya se habrán terminado mis vacaciones, así que café soluble. Solución ofrecida por Amazon completamente insatisfactoria. Esto ya no es lo que era…",Mal funcionamiento de la cafetera peor de Amazon,Revisado en España el 4 de julio de 2023
No tiene suficiente presión para bien café!,"1,0 de 5 estrellas","He probado varias y he metido la pata comprando esta máquina.
No tiene suficiente presión para un buen café, y eso q utilizo pastillas originales Nespresso.
No la volvería a comprar.
A parte hace excesivo ruido.
Mejor pagar algo más y comprar una buena máquina.",gus,Revisado en España el 8 de diciembre de 2023
No es nueva,"1,0 de 5 estrellas","He comprado un producto nuevo, y ha llegado con la caja sin embalaje adicional, abierta sin precintos, el porex de dentro medio roto, y la cafetera con signos de uso, como los que se ven en las fotos, raspadas y con marcas. Quisiera una solución.",Lalectora,Revisado en España el 1 de diciembre de 2023
Contenta con la cafetera pero no con el vendedor,"1,0 de 5 estrellas",Llevo intentando dias que me manden la factura y no hay manera. No hay manera de descargarla y no me hacen ni caso la próxima vez mejor compro en tienda.,Cliente Amazon,Revisado en España el 31 de enero de 2024
Producto defectuoso,"1,0 de 5 estrellas","El producto llegó defectuoso. Salía agua y no salía el café. Tuve que devolverlo. En la descripción pone ""pack de 7 cápsulas de bienvenida"" y no las incluía.",Juan M.,Revisado en España el 16 de enero de 2024
"No trae cápsulas y no va bien, es de segunda mano, y no funciona bien","1,0 de 5 estrellas","Es de segunda mano, ponía que su estado era bueno, Primero tenían que venir 14 cápsulas que no estaban, pero bueno, eso es igual, la cafetera no va fina, tendría que funcionar perfectamente, y si no vas con cuidado las cápsulas se quedan trabadas y es un follón sacarlas, en 2 días nos ha fallado 3 veces, seguramente la devolveremos, es de color crema, si la vuelven a poner a la venta no la compreis, no funciona",Cliente Amazon,Revisado en España el 16 de junio de 2023
Horrible y caro,"1,0 de 5 estrellas","Por el dineral y ser de segunda mano que encima venga rota , deja mucho que desear la revisión que se hace por parte de los empleados ..",Elena,Revisado en España el 11 de enero de 2024
Malisimo,"1,0 de 5 estrellas",La cafetera no funciona. Para conseguir que eche un café es toda una odisea. Malísima.,Cliente Amazon,Revisado en España el 14 de marzo de 2024
"A mi, no me ha funcionado","1,0 de 5 estrellas","No me ha gustado nada, aparte de machacar las capsulas (una me puedo confundir con la posición, pero todas....), aparte no deja de soltar agua y el café ni aparece.

Por lo cual, la devuelvo",Alfonso,Revisado en España el 8 de noviembre de 2023
doble decepción,"1,0 de 5 estrellas","Compre una inissia krups en un principio pera la tuve que devolver porque solo hacía ""agua con café"". Hice la devolución por la DeLonghi Inissia y para mi sorpresa la caja venía abierta, se notaba que alguien lo había abierto anteriormente. La cafetera venía con muchos arañazos en la parte exterior y ademas de haber gotitas de haberse usado por dentro y por el deposito de capsulas. Solicité un cambio y ayer recibí mi nueva cafetera, la cual venia otra vez abierta como la anterior e incluso peor, porque todas las cosas estaban fuera de su caja dentro de la caja de Amazon. Dentro uno de los corchos está rajado de punta a punta, lo que me lleva a pensar que la caja se ha caído y bien fuerte. La abrí y venía exactamente igual que la anterior, arañada y todo lleno de gotitas de haberse usado anteriormente. Muy decepcionada con Amazon ya que siempre he confiado en esta empresa. Se me confirmó que se comprobaría que el embalaje no estuviese forzado como la anterior y ésta viene peor. La cafetera es un regalo, y vaya cumpleaños está dando, ya van 3 devoluciones. He solicitado el reembolso del dinero ya no pienso comprar ninguna más aquí. Decir que la máquina tiene un cable de alimentación muy corto.",Lucy,Revisado en España el 21 de agosto de 2015
Averiada y sin respuesta,"1,0 de 5 estrellas","La máquina se rompió, la mandé a reparar hace más de un mes y no me dicen nada, solo que se pondrán en contacto conmigo en 24/48 horas…. Pero pasan las semanas y no sé nada",sonia r.,Revisado en España el 15 de diciembre de 2023
No sale agua,"1,0 de 5 estrellas","Producto defectuoso. El depósito de agua no encaja bien en la parte trasera, provocando que no salga agua a la hora de preparar un café. Conclusión, artículo devuelto y a la espera de la devolución del importe.",David,Revisado en España el 13 de diciembre de 2023
La cafetera no funciona,"1,0 de 5 estrellas","Venia en la caja original, pero toda rota, dentro de un plastico. Las capsulas que se anuncian no venian. Por supuesto el código tampoco. Al encender la cafetera, nunca llegó a funcionar. Se ha tramitado su devolución. Creo que si amazon vende devoluciones, deberian asegurar que los productos funcionen.",Miriam,Revisado en España el 4 de septiembre de 2023
Decepción producto segunda mano,"1,0 de 5 estrellas",Soy fan de Amazon por el servicio completo que ofrece pero está ocasión era la primera vez que compraba segunda mano y ha sido una decepción total. El producto no funciona y creo que siendo reacondicionado deberia de estar todo más controlado y comprobado ya que el consumidor compra algo a menor precio pero da por hecho que será de garantía total.,Raul,Revisado en España el 5 de agosto de 2023
Es muy pequeña y no cabe un vaso debajo .,"1,0 de 5 estrellas","Es demasiado pequeña , me creía q llevaría más capacidad , parece de juguete , hay que levantarle el soporte para poner un vaso de café , y si lo hago el café cae en el borde de la taza . No estoy contenta llevo una semana con ella .",Maria Nieves Lopez Franco,Revisado en España el 25 de septiembre de 2023
No funcionaba,"1,0 de 5 estrellas",El artículo estaba defectuoso y no funcionaba. Tampoco venían las cápsulas de regalo. Lo he tenido que devolver. Supongo que el que un artículo salga defectuoso puede pasar porque venía muy bien embalado. Lo que venga sin las cápsulas de regalo... no sé qué opinar. No lo compré por las cápsulas y me la hubiese quedado si no tuviera ningún problema pero me parece que queda un poco mal.,egc,Revisado en España el 15 de mayo de 2023
La descripción no corresponde a la realidad,"1,0 de 5 estrellas",Me ha llegado sin cápsulas de bienvenida y sin código de descuento de 40€. La he devuelto pero la segunda ha llegado igual. Entonces la descripción del producto no corresponde con la realidad,mario,Revisado en España el 16 de noviembre de 2023
Muy mal,"1,0 de 5 estrellas",Le falta una pieza pierde agua vino empaquetada con caja de Nespresso llena de celo porque la caja estaba rota,MONTSE RAMIREZ,Revisado en España el 22 de enero de 2024
"Producto averiado, usado, incompleto,.... llámenle como quiera.","1,0 de 5 estrellas","No me ha gustado, pero nada, que compre una cafetera, y no me funcione ni una sola vez. La envíe a reparar y me digan que esta rayada por uso, y deposito de agua con suciedad. Es imposible salvo que me hayan vendido una usada.... Al final, te compras algo nuevo averiado, o usado, que no se que es peor...
Espero que me digan algo...
gracias",Jose M.,Revisado en España el 28 de abril de 2023
"Malo, roto e inservible","1,0 de 5 estrellas","El producto ha llegado mal embalado, sin las cápsulas,no funciona, no enciende, no sale agua...
Un timo en toda regla.
Vergonzoso que Amazon venda este tipo de fraudes.",Cliente Amazon,Revisado en España el 7 de diciembre de 2023
Peor de lo esperado.,"1,0 de 5 estrellas","Llegó muy bien,cómo nueva,pero al ponerla y sacar el contenedor del agua,llenarlo y encajarlo...queda poco seguro...y da la sensación de que se va a salir..del compartimento..no me dio seguridad como el otro modelo que tengo (es más antiguo),y mira que es bonita, pero no me dio la seguridad suficiente y por eso no me la quedé..",Juanjose,Revisado en España el 14 de mayo de 2023
Maquina defectuosa,"1,0 de 5 estrellas","Pierde ya agua desde el día uno y a veces no coge bien las capsulas nespresso. Estoy decepcionada.
El sabor es bueno, facil de uso y todo pero que ya pierda agua y coja mal las capsulas es una pena,",Audrey,Revisado en España el 29 de agosto de 2023
Engaño en la descripción,"1,0 de 5 estrellas",En la descripción pone que hay de regalo 14 cápsulas y es mentira. No viene ninguna cápsula. He comprado dos cafeteras y en ninguna de las dos vienen las cápsulas. He reclamado y no me han hecho ni caso,Alfonso,Revisado en España el 21 de septiembre de 2023
Mienten en su anuncio.,"1,0 de 5 estrellas","En la promoción indicaban que la cafetera venía con un pack de 14 cápsulas, esas 14 cápsulas no venían con el pedido. Estas cosas hacen que dude de la veracidad en vuestras ofertas. Las cápsulas e lo de menos, yo tengo mis preferidas, pero la mentira me hace dudar de Amazon.
Sinceramente.
Luis de Santiago",Luis de Santiago,Revisado en España el 16 de mayo de 2023
No viene de españa,"1,0 de 5 estrellas",La cafetera viene en alemán y no puedes canjear el regalo de las capsulas,miguel angel martinez san julian,Revisado en España el 15 de febrero de 2024
Cafetera defectuosa,"1,0 de 5 estrellas","Desde que la tengo que no para de perder agua por el depósito, desde el primer día. Pensé que era algo temporal, pero sigue igual...y ya se paso el mes de devolución. Un fiasco...",Martín,Revisado en España el 13 de septiembre de 2023
Fatal,"1,0 de 5 estrellas",La compre el 18 de agosto y hoy he tenido que tirar 7 cápsulas xq se arrugaban al cerrar y se deformaban y solo caía agua. Le paso ayer a mi marido y pensé que lo hacia mal aunk no tiene mucho secreto.. este modelo fatal. Comentar que soy usuaria desee hace años de esta marca de cafeteras y es la 8 que compro para diferentes casas/regalo. No soy nueva…,Monica,Revisado en España el 13 de noviembre de 2022
una tomadura de pelo,"1,0 de 5 estrellas","Si pone Amazon una maquina de segunda mano y pone como ACEPTABLE, se supone que funcionará.
Pues no, esta perdia agua por todas partes y hemos que tener que comprar otra igual NUEVA.
Vaya tomadura de pelo AMAZON !!!",Merce,Revisado en España el 18 de agosto de 2023
Paquete manipulado,"1,0 de 5 estrellas","Ha venido la caja rota y manipulada, faltando el bono regalo de 20€.... desastre total, he visto que pasa a menudo. El problema es que no va sobre una caja de cartón de amazon sino directamente",Eva Iglesias,Revisado en España el 13 de agosto de 2023
Lo recibi sin el codigo de regalo de 30€ para compras de capsulas,"1,0 de 5 estrellas",Ademas faltan las cápsulas que deben ir junto con la maquina,Julia Metken,Revisado en España el 2 de febrero de 2024
"Buen producto, mala compra","1,0 de 5 estrellas","La cafetera buena, ya la he tenido antes, pero la que me han enviado mala. La caja venía perfecta y con su precinto, pero al abrirla parecía que se había desembalado antes, sin bolsa de plástico y el cable sin enrollar. Resultado no funciona, nada, y mientras la he llevado al lugar para la que fue comprada y probado ha finalizado el periodo de devolución. Lleva unos 15 días enviada para la reparación, sin haberse usado, y sin respuesta y esperando.",Cliente Amazon,Revisado en España el 14 de diciembre de 2022
Averiada,"1,0 de 5 estrellas",Pedí una que nunca llegó. La volví a pedir y averiada al mes de uso. Tardaron 6 semanas en repararla. Penoso,Nacho,Revisado en España el 2 de diciembre de 2023
Mala experiencia,"1,0 de 5 estrellas","La cafetera llegó sin su caja original. Además, estaba sucia y completamente raspada por ambos lados. Por si fuera poco, la pieza para llenar de agua estaba rajada en una esquina…",Andrés,Revisado en España el 15 de octubre de 2023
No funciona y no reembolsan,"1,0 de 5 estrellas","Fatal. La compramos no funcionaba ni una sola Vez la bomba de agua no subia agua. La devolvimos el mismo dia. La llevamos a un punto Celeritas y no nos han devuelvo el dinero. Hace un mes y medio.No tenemos ni cafetera ni dinero. Celeritas o no se quien la ha perdido y no nos reembolsan el Importe. Una verguenza, una estafa. Ojo!!!",GIO,Revisado en España el 13 de febrero de 2023
Al segundo día de uso se estropeó,"1,0 de 5 estrellas","Al segundo día de uso se estropeó y ya no funciona, tuve que devolverla. La capsula era de marca Nespresso oficial y se quedo atascada siendo imposible sacarla.",Economista,Revisado en España el 13 de septiembre de 2023
Pierde agua nada más llenar el depósito.,"1,0 de 5 estrellas","Ni un café he podido preparar!

Nada más llenar el depósito de agua empieza a perderla por debajo de la cafetera.

Como se ve en el vídeo, el chorro es constante hasta que se vacía completamente. He levantado la cafetera para que se vea bien pero apoyada y sin tocarla tiene la misma pérdida.

Es vergonzoso que una marca con tanto renombre no revise estos errores, por lo que he leído no soy al único que le ha pasado.

Una pena no echar cuenta a los comentarios negativos antes de comprarla.

Pues nada, a volver a embalarla para su devolución.

Espero que Amazon no me decepcione como Nespresso.",LeonMac,Revisado en España el 10 de mayo de 2020
Circuito de agua no funciona,"1,0 de 5 estrellas","El circuito de agua no funciona y, por tanto, no sale café. La tuve que devolver y ya no me fio de comprar otra por este medio.",Esti,Revisado en España el 29 de septiembre de 2023
Defraudado,"1,0 de 5 estrellas","No me gusto el producto ya que con el obtienes un café templado, aguado y con poco porte.
Por lo que sigo con mi Bialetti xD",Quique,Revisado en España el 7 de septiembre de 2023
FALTA UN ELEMENTO DEL PEDIDO,"1,0 de 5 estrellas","Mi pedido de cafetera Delonghi Inissia incluye 14 cápsulas Nespresso, pero solamente hay 7 cápsulas. Falta otro estuche de 7 cápsulas.
El paquete no estaba precintado.",Lola Caravaca,Revisado en España el 21 de octubre de 2023
No vino el pedido como indica,"1,0 de 5 estrellas","Este pedido vino sin pack de Bienvenida, no trajo las 14 cápsulas. He esperado varios meses por su venía más tarde. Pero nada de nada",Fernando A. Jiménez Ramírez,Revisado en España el 26 de septiembre de 2023
Fatal,"1,0 de 5 estrellas",No la recomiendo para nada.... se atascas las capsulas todo el rato y claro al aplastarlas ya no las puedes usar. Una perdida de dinero,Maria Amparo García Rodrigo,Revisado en España el 13 de septiembre de 2023
No funciona!,"1,0 de 5 estrellas",Nunca más cafetera usada,Miguel Angel,Revisado en España el 4 de febrero de 2024
Usada,"1,0 de 5 estrellas","La recibí usada, le faltaban las capsulas y la máquina no funcionaba. Una decepción",bruno,Revisado en España el 2 de noviembre de 2023
No han llegado las cápsulas de regalo,"1,0 de 5 estrellas",No es correcto,Me ha llegado 3 días tarde con una caja que no es de la cafetera y sin las cápsulas de regalo,Revisado en España el 10 de enero de 2024
SIN LAS CAPSULAS,"1,0 de 5 estrellas",Compré la cafetera en Prime Day con descuento y no llegaron las 14 cápsulas de regalo que venían descritas en el producto. No puedo devolverlo porque el valor actualmente es diferente. Quiero una solución.,Aline,Revisado en España el 20 de julio de 2023
Fatal,"1,0 de 5 estrellas","Lo mandan de un color diferente al solicitado, defectuoso porque hace un ruido espantoso, y sin las supuestas cápsulas de regalo. Todo un despropósito.",Susi Calpena,Revisado en España el 13 de septiembre de 2023
Faltan capsulas,"1,0 de 5 estrellas","No vienen todas las cápsulas de bienvenida, solo vienen 7 no 14",jose ramon delgado bejar,Revisado en España el 29 de octubre de 2023
Rota,"1,0 de 5 estrellas","Era de segunda mano,pero muy buena.Estaba nueva eso sí.Pero aconsejo comprar en Nespreso.Te beneficias de los descuentos y lleva las cápsulas regalo,que está tampoco las llevaba.",Mj,Revisado en España el 9 de agosto de 2023
No han llegado las capsulas de regalo!,"1,0 de 5 estrellas","La maquina en sí bien, pero de las 14 capsulas que normalmente traen de regalo ..NI RASTRO! Ahora donde reclamo?",Cliente de Kindle,Revisado en España el 1 de septiembre de 2023
Es un producto de segunda mano,"1,0 de 5 estrellas",Hace mucho ruido y las luces no funcionan e tenido mala suerte,Jose,Revisado en España el 26 de diciembre de 2023
Parece una taladradora,"1,0 de 5 estrellas",Compré esta máquina de café y desde el primer uso hace un ruido ensordecedor cuqndo hace café. He puesto dos bayetas sobre la base para amortiguar el sonido pero procuro no encenderla a las 6am cuando toda mi familia está durmiendo porque despierta a todo el vecindario. Llevo ya dos meses usándola y la intensidad del ruido no ha disminuido un ápice. No la devuelvo porque necesito café para ser persona.,Carmen Maza Sanchez,Revisado en España el 14 de junio de 2022
Pierde agua,"1,0 de 5 estrellas","Compré esta cafetera hacía un año y empezó a perder agua por el interior llenando el cestillo recoge cápsulas. Amazon me la cambió y al cabo del año empezó a hacer lo mismo (osea ya van 2 cafeteras con el mismo problema). Esta vez Amazon me dirige al servicio técnico Nespresso, después de un mes sin cafetera me la devuelven con el mismo problema. Esta vez Amazon ya no se hace cargo del problema porque cuando les llamé la segunda vez en lugar de proponerme cambiarla (estando dentro de los dos años) me hizo iniciar todo el periplo con el servicio técnico, con lo cuál ahora ya me dicen que está fuera de garantía, en lugar de mirar que les llamé estando dentro del periodo de garantía. Muy descontenta con Amazon y con Nespresso. No la recomiendo.",Silvia Brioa,Revisado en España el 19 de octubre de 2020
tanto cuesta adjuntar un librito de instrucciones ??,"1,0 de 5 estrellas","me llegó el producto ayer , las instrucciones son horribles, y difíciles de interpretar.
entro en internet y veo que unas instrucciones normales de la cafetera es algo muy buscado.

total .... de momento ni he probado la maquina hasta que tenga tiempo de ver tutoriales del youtube o de donde sea.

digo yo que por 100 euros que cuesta no les costaria tanto tener en cuenta estas cosas!",david rios fulcara,Revisado en España el 25 de mayo de 2022
Cafetera muy deficiente,"1,0 de 5 estrellas","No recomendado, no pincha bien las cápsulas, la he devuelto",Angel,Revisado en España el 16 de noviembre de 2023
¡NO CUMPLEN LO QUE GARANTIZAN!,"1,0 de 5 estrellas","La cafetera esta bien respecto a la calidad/precio. Pero Amazon me GARANTIZABA al ser prime que me llegaría a casa al día siguiente y llegó a los dos días previa reclamación. Y para colmo hizo perder a mi marido el día en casa esperando el paquete que nunca llegó sin avisarnos por teléfono. Cuando mi mujer miro en TOURLINE EXPRESS (compañía de transporte subcontratada por Amazon) ponía que no nos lo habían enviado por dirección incompleta, lo que hizo que inmediatamente reclamásemos a Amazon. La operadora muy amable pero nos volvió a engañar igual que tourline, diciéndonos que era un problema muy común de la etiqueta del producto deteriorada por el transporte. Milagrosamente al día siguiente llego sin habernos llamado tourline para completar la dirección y con la etiqueta intacta como adjunto.
Me gustaría concluir con una pregunta: ¿De que sirve ser usuario prime y que me GARANTICEN el envió al día siguiente?",Bignonia,Revisado en España el 12 de agosto de 2017
"Usado,y muy sucio","1,0 de 5 estrellas",Que se podía haber limpiado.En ese estado es lamentable.,Cliente Amazon,Revisado en España el 31 de diciembre de 2023
No hay capsulas,"1,0 de 5 estrellas",En la descripción indica que viene la cafetera con capsulas de regalo y nos ha llegado solo la cafetera.,Cliente Amazon,Revisado en España el 18 de septiembre de 2023
Mala calidad,"1,0 de 5 estrellas","La cafetera se supone que tiene para café largo y corto pero SOLO sale corto, aunque le des al botón de largo",Javier Garcia,Revisado en España el 15 de agosto de 2023
Roto el depósito,"1,0 de 5 estrellas","He comprado la cafetera en Amazon warehouse. Decía que tenia un pequeño desperfecto inapreciable. Hombre, depósito roto no es algo nimio. Nunca me había pasado. Pero esto creo que deberían haberlo dicho.",Pilar,Revisado en España el 20 de julio de 2023
Funcionamiento pésimo,"1,0 de 5 estrellas",La maquina es de baja calidad y las cápsulas se atascan a menudo estropeandose antes del uso ..,Mariateresa,Revisado en España el 4 de octubre de 2023
CUIDADO PUBLICIDAD ENGAÑOSA,"1,0 de 5 estrellas","La máquina funciona muy bien, no he tenido problemas. Pero en la descripción pone que incluye 14 cápsulas y 20 euros de crédito en café.
El cupón por el crédito no me ha llegado y Amazon luego de varias llamadas y mucho tiempo invertido no me ha solucionado el problema. La respuesta final ha sido que me comunique con Nespresso (lo hice y no tienen registro de la compre siquiera) o que devuelva el pedido.
en conclusión si su compra viene motivada por el crédito de 20 euros NO LA COMPREN. he leído varios comentarios que les ha pasado lo mismo.",Paula,Revisado en España el 27 de abril de 2021
Lo barato sale caro,"1,0 de 5 estrellas","Lo compre más barato ,ponía que faltaban cápsulas pero q funcionaba. Mi sorpresa, no funciona por lo que lo he tenido q devolverá. Creí que podri ahorrar un poco y me equivoqué.",ANA BARTA JIMENEZ,Revisado en España el 1 de mayo de 2023
Engaño,"1,0 de 5 estrellas","Acabamos de recibir el paquete, la caja del transportista venía bien pero en el interior la cafetera viene sin precinto, al abrirla nos encontramos con el problema de que las 14 cápsulas que vienen de prueba no están",Javi,Revisado en España el 18 de mayo de 2023
Cambiada 3 veces y sigue regular!,"1,0 de 5 estrellas","La he pedido por navidad la primera que me llego se veía usada tenia marcas de uso, la cambie la segunda que me envían botaba toda el agua del deposito y siempre estaba un charco de agua en la cocina decidí volver a cambiarla y ahora la ultima parece que es usada también porque después que hago el cafe bota restos por la parte de adelante en fin 3 maquinas diferentes y ya me rindo no la devolveré pero no la recomiendo.",jorge gomez,Revisado en España el 5 de marzo de 2022
no se pueden meter bien las cápsulas,"1,0 de 5 estrellas","Nada metes la cápsula y no entra bien, la deforma y no sale el café. La voy a devolver.",eva,Revisado en España el 17 de agosto de 2023
Ha llegado abierto y sin el descuento de los 30€,"1,0 de 5 estrellas",Falta el descuento de 30,Cliente de Kindle,Revisado en España el 24 de diciembre de 2023
Pack de bienvenida erroneo,"1,0 de 5 estrellas",En la descripción pone pack de bienvenida 14 capsulas. En realidad solo hay 7. 😡,Maite,Revisado en España el 6 de octubre de 2023
Deposito agua separado,"2,0 de 5 estrellas","La maquina me encanta como funciona pero el deposito de agua parace que se vaya a soltar, está separado unos milimetros en la parte superior. Vamos que no está bien.",Joaquin Pons,Revisado en España el 24 de julio de 2024
Ni 2 años y medio,"2,0 de 5 estrellas","Inicialmente muy contentos con la cafetera, nosotros teníamos una Siemens anteriormente que nos duró casi 12 años y esta ni ha llegado a los dos años y medio, cuesta 90 euros la cafetera, me parece mala relación calidad-precio. No la volvería a comprar.",mosai70,Revisado en España el 6 de julio de 2024
POR QUE FALTAN LAS CÁPSULAS,"2,0 de 5 estrellas",No entiendo que falte el genero de lo que compras,Belen santanatalia ledesma,Revisado en España el 4 de julio de 2024
Dejó de funcionar,"2,0 de 5 estrellas","La entrega llegó en la fecha indicada y la descripción coincidía con la cafetera.
A la tercera vez de usarla la máquina dejó de funcionar. Des de Amazon nos dieron la opción de enviarla al servicio técnico. Después de llamar, nos informaron que no era posible arreglarla ni tampoco recibir una nueva. No nos supieron decir el defecto. La solución finalmente fue hacernos un reembolso.",Ig,Revisado en España el 3 de enero de 2024
Hace más ruido que el mismo modelo de la oficina,"2,0 de 5 estrellas","No sé si es que ahora este modelo lo hacen con más ruido, pero tengo el mismo en la oficina y hace menos ruido. Creo que la cafetera que he recibido procedía de una devolución. El primer café lo hice sin cápsula y salía con restos de café. Lo he devuelto por el ruido que hace, que es algo subjetivo y porque el caudal del café es pobre.",Alberto,Revisado en España el 7 de septiembre de 2023
El paquete venia golpeado y la caja en muy mal estado,"2,0 de 5 estrellas","El paquete venia golpeado y la caja en muy mal estado
No es manera de entregara un paquete i mucho menos una maquina de cafe , sin embalage externo y dañado.",joan serrano,Revisado en España el 14 de diciembre de 2023
Cafetera,"2,0 de 5 estrellas","Muy bien el producto, pero el vale de 30€ de descuento para una compra de café es un engaño porque cuando lo aplicas te dice q a expirado el código, asike no te sirve de nada un engaño total",lorena garcia crespillo,Revisado en España el 4 de noviembre de 2023
Pack de bienvenida,"2,0 de 5 estrellas",Quiero informar que en la caja pone que regalan 14 cápsulas y me encuentro solo 7 además que en la descripción también lo pone y la caja estaba golpeada por suerte la cafetera está bien.,Cliente Amazon,Revisado en España el 26 de octubre de 2023
Entrega incompleta,"2,0 de 5 estrellas",El producto aclara que viene con 14 cápsulas de regalo y no me fueron incluidas en la entrega de la cafetera y no sé cómo contactarme con el proveedor para coordinar el envío.,El producto dice que viene con 15 cápsulas de regalo pero no fueron incluidas en mi envío. Solo me llego la cafetera.,Revisado en España el 5 de noviembre de 2023
Café muy bueno,"2,0 de 5 estrellas","Comentar que es un poco ruidosa por no decir muy molesta cuando la pones a las 6 de la mañana, por lo de más hace un café muy bueno.",Manuel,Revisado en España el 16 de noviembre de 2023
"Me llegó averiada, rompía las capsulas","2,0 de 5 estrellas","La primera vez me llegó averiada y destrozó un montón de cápsulas que hubo que tirar pero gracias a la buena atención al cliente de Amazon me la reemplazaron y ahora sin problema.
De tamaño es bastante pequeñita por lo que entra en cualquier esquina de la cocina. En cuanto al almacén de cápsulas no es muy grande y hay que cambiarlo cada 6 cafés más o menos.
El café sale con buen sabor, ya depende de las cápsulas que se utilicen.
Viene con un pack de 20 cápsulas de muestra Nespresso.
En general un poco básica pero tampoco se le puede pedir mucho por el precio. Se paga la marca más que nada.",Juan Carlos,Revisado en España el 19 de abril de 2022
Hace buen café,"2,0 de 5 estrellas","La verdad.. se atascan mucho las cápsulas. No entiendo que tenga tanto éxito esta cafetera.
Si lo sé, no la compro.",Frhan,Revisado en España el 19 de octubre de 2023
Pone que vienen 14 cápsulas y vienen 7,"2,0 de 5 estrellas",La cafetera era lo que me esperaba. Todo ok. Pero me siento estafado. Pone claramente que vienen 14 cápsulas y vienen 7…,German,Revisado en España el 24 de octubre de 2023
Suelta agua y muy ruidosa,"2,0 de 5 estrellas","Es la tercera cafetera Nespresso que compro,y he de decir que cada vez la experiencia ha ido a peor,es la mas ruidosa de las tres que he tenido y eso que es mas actual. Esto no sería un problema si no fuese porque prepararme un café a las 6 de la mañana es poner en pie a todo el edificio...
A parte de esto suelta mucha agua desde el primer dia,esto ya me venia pasando con la anterior y por ese motivo decidí cambiarla despues de dos años,pero esta ya suelta agua desde la primera vez que la puse en marcha.
No la devuelvo porque me costó nada y menos y estoy segura que todas van a ser la misma historia.
No la recomiendo para nada,si podéis elegir otra marca o quizás alguna de alta gama,os ira mejor.",Cliente Amazon,Revisado en España el 5 de enero de 2022
Acabamos cogiendo otra de la misma marca,"2,0 de 5 estrellas","La devolvimos. Mucho ruido (más de lo esperado) y a pesar de que la gente decía que sirve para cápsulas de otras marcas que no son Nespresso, en nuestro caso probamos y no era así. Acabamos cogiendo otra de la misma casa (una mini, creo que krumps mini se llama?) y mucho mejor. Menos ruido, más pequeña eso sí y con deposito de agua menor (para uso de 1-2 personas solo diria yo) y sirve con otras capsulas (al menos de momento)",Marta N.,Revisado en España el 3 de diciembre de 2022
Mala gestión en el envio,"2,0 de 5 estrellas","La cafetera es la clasica, facil de usar pero dificil de limpiar el filtro del agua. Lo que menos me ha gustado es la gestion del envio. Lo queria para un regalo de reyes y me la enviaron sin una caja protectora ni bolsa de proteccion y cuando me la trajo el transportista, mis hijos lo vieron, con lo que ahora ya no me sirve de regalo para navidad y encima las pegatinas estavan pegadas en la caja del producto, una caja que me llega sin precintar, que se podian abrir perfectamente las solapas (menosmal que el transportista fue honrado y no saco nada de la caja) y ademas la caja viene con golpes en las puntas y asi como cieja y desgastada como si fuese de segunda mano.... la verdad amazon me ha defraudado mucho",Andrea,Revisado en España el 27 de diciembre de 2021
Cafetera cápsula,"2,0 de 5 estrellas",Supuestamente venían con cápsula de regalo y no es asi,Isabel,Revisado en España el 21 de noviembre de 2023
Defectuaso,"2,0 de 5 estrellas","La cafetera a primera vista todo bien, pero la palanca parece un poco defectuosa, no termina de cerrar bien y de vez en cuando al hacer el cafe salta",Joana maria,Revisado en España el 13 de septiembre de 2023
La primera sensación no es buena.,"2,0 de 5 estrellas",Ha llegado abierta y sin embalaje.,Daniel,Revisado en España el 13 de diciembre de 2023
No funciona código promocional,"2,0 de 5 estrellas","La cafetera genial, pequeña, buen café, muy ruidosa, pero buena relación calidad-precio.

Problema: No funciona código promocional de 30€ en cápsulas.",laura,Revisado en España el 10 de septiembre de 2023
Que funciona bien,"2,0 de 5 estrellas","Estéticamente bonita, pero tira dentro mucho líquido y con poca capacidad de cápsulas gastadas",Francisco L.,Revisado en España el 13 de octubre de 2023
Se ha roto a los 2 años de uso,"2,0 de 5 estrellas",Justo terminó la garantía de 2 años y empezó a fallar hasta que dejó de funcionar completamente. Hasta entonces se usó a diario. Pero que una máquina de café de estas características sólo dure 2 años... me parece una broma de mal gusto. Huid de las máquinas de cápsulas,Martín Vara,Revisado en España el 16 de febrero de 2023
No trae las cápsulas de bienvenida,"2,0 de 5 estrellas",La máquina va muy bien pero no trae las cápsulas de bienvenida que describe el producto. La caja lo anuncia pero no las trae.,DAVID NOVAS BENAVIDES,Revisado en España el 7 de junio de 2023
Ruidosa!,"2,0 de 5 estrellas",No recomiendo la máquina Delonghi. Compra la de Krups mejor. Tengo las dos y esta hace MUCHO ruido.,Dee,Revisado en España el 7 de julio de 2023
No funciona correctamente,"2,0 de 5 estrellas","Despues de hacer 10 cafés ya no funciona bien
Quero devolver lo que tengo hacer",mario,Revisado en España el 16 de junio de 2023
Saber que es un producto desechable...,"2,0 de 5 estrellas","Mientras funcionan, todo perfecto. Pero hay que saber que cuando surgen los primeros problemas debidos al desgaste ( en el caso de las 3 máquinas que compramos a los 3/ 4 años ) no tiene sentido económicamente hablando mandarlas a reparar.",Amat,Revisado en España el 27 de diciembre de 2022
Ruidoso,"2,0 de 5 estrellas",La cafetera está bien pero es súper ruidosa pero muyyyyyy ruidosa,alfredo,Revisado en España el 29 de julio de 2023
Tan buena como las otras De'Longhi de años anteriores,"2,0 de 5 estrellas","He tenido varias De'Longui para Nespresso y esta es más o menos parecida. Digo que es más o menos parecida porque tiene sus cosas buenas y también sigue teniendo lo malo que ya tenían las anteriores. Lo bueno, que coge temperatura rápido y que el mecanismo es sencillo (como todas las de cápsulas, vamos). Lo malo: que las boquillas se obstruyen con extraordinaria facilidad y que le podían añadir algún led o pantalla adicional que diera algo de información sobre la máquina (temperatura a la que está, por ejemplo, o cuando está preparada para empezar a sacar el café).

Los materiales son los de siempre, plastiquillo plateado simulando metal y colores mate. Agradable a la vista y discreta para estar en una cocina o comedor.

En mi caso, he devuelto la unidad porque la que me sirvieron venía estropeada y con restos de café. Se nota que ya ha sido devuelta y se ha puesto a la venta sin revisarse.",Tecno Man,Revisado en España el 20 de marzo de 2019
Muy ruidoso!,"2,0 de 5 estrellas","Dado el precio q tiene, me sorprende el ruido w hace, x la mañana imposible usarla, despiertas a todo el mundo. El café está rico, pero me parece q con lo q cuesta el ruido no es normal. La anterior q tuvimos no hacía casi ruido, se supone que todo evoluciona, pero en este caso no ha sido así.",Mar,Revisado en España el 16 de marzo de 2022
Mala calidad,"2,0 de 5 estrellas","El acabado es bonito pero no me ha gustado nada
Positivo: Pequeña, es rapida al encender y se apaga sola
Negativo Suelta agua al arrancar ,el deposito para rellenar es muy pequeño , endeble .No tiene indicador,

Despues de varios meses de uso,, te das cuenta de que estas siempre recargando el agua, tanteando para colocar el tanque de agua y retirando del cajon de desechos",fvillanueva,Revisado en España el 6 de febrero de 2022
No funciona como es debido,"2,0 de 5 estrellas",No funciona como es debido los cafés los hace súper cortos se paran antes,Javier p,Revisado en España el 14 de abril de 2023
Descontento 😔,"2,0 de 5 estrellas","La caja de la cafetera vino abollada la pestaña de apertura estaba abierta sin precintar. Nada más abrir la caja pude Observar que la cafetera había si extraída de la caja anterior mente ya queda e estaba mar colocada y que había sido manipulada pues estaba todo fuera de sitio incluso la cajita de las cápsulas también había sido abierta la superficie de la máquina con rayones.
En las características decía que era de acero inoxidable y la máquina que me a llegado es de plástico. Me siento engañado.
Nota importante la chica de atención al cliente fue muy amable y atenta a la hora de es poner mi queja",Takupay,Revisado en España el 28 de noviembre de 2020
"Pierde agua, pero a lo bestia","2,0 de 5 estrellas","Mas o menos, un cuarto del agua que le pongo en el depósito cae a la bandeja que evidentemente he tenido que poner debajo. Es un rollo porque el primer mes funcionó correctamente y ahora no la puedo devolver. Por lo demás funciona bien, como todas las Nespresso.",PabloMB,Revisado en España el 8 de mayo de 2022
Un poco decepcionados,"2,0 de 5 estrellas","Decepcionados porque las cápsulas no encajan directamente en el compartimento, creo que tiene un problema de diseño o defecto de fabricación. Las cápsulas hay que orientarlas con el dedo para que al cerrar el compartimento no se chafen. La cafetera está en una oficina, en consecuencia, cada nuevo usuario que no conoce el truco chafa una media de dos cápsulas que quedan inservibles. Si invitas a alguna visita a tomar un café y no estás pendiente de preparárselo tú, al menos la primera cápsula la chafa. En la foto podéis ver todas as que se han chafado hoy. Estamos probando con otra marca de cápsulas, pero el resultado es el mismo.",Daniel Castro,Revisado en España el 9 de marzo de 2020
"Cómoda, pero suelta agua por detrás","2,0 de 5 estrellas","Es muy fácil de usar, cómoda y rápida. Es la segunda que compro, pero al poco tiempo enpieza a soltar agua por detrás. Esta nueva que he comprado no funciona, el agua no sale.",La,Revisado en España el 28 de septiembre de 2022
Gotea,"2,0 de 5 estrellas","La cafetera en si muy bien, el cafe sale muy caliente como en otros modelos, pero lo malo de este es que cuando sacas la capsula sale un chorro de agua seguido de la capsula por la salida del cafe teniendo siempre lleno y sucio con liquido la rejilla y cubeta de las capsulas.
Tambiel si pones un baso de cafe con leche el cafe cae justo en las paredes del vaso interiores, justito si no pegas el vaso a tope de la cafetera el cafe cae fuera.",David,Revisado en España el 14 de septiembre de 2020
Solo acepta cápsulas de su marca,"2,0 de 5 estrellas","Esta cafetera es la segunda que compro de Nespresso. La primera era una Krups y me duró casi 12 años y aceptaba todo tipo de cápsulas compatibles. Esta no. Ademas caben pocas cápsulas en el depósito de caída de dentro y poca capacidad de agua.
Tiene un fallo gordo, que si no vas con muuucho cuidado y sacas primero el vaso con el café y abres antes de sacar el vaso la cafetera para hacer otro café, el cabezal donde va la cápsula echa al suelo el vaso (ya he roto uno).
Quizás la devuelva... no me gusta...",Atam,Revisado en España el 29 de noviembre de 2020
Cápsulas bienvenida,"2,0 de 5 estrellas",falta las cápsulas de bienvenida que anuncia el producto,jose E.,Revisado en España el 4 de marzo de 2023
Caja abierta y con síntomas de haber sido usada y/o expuesta.,"2,0 de 5 estrellas","La caja de la cafetera viene bastante machacada, la pestaña de apertura estaba abierta, nada más abrir la caja, puedo observar que esa caja ya había sido abierta y recolocada, ya que está todo lleno de bolitas de corcho, el corcho estaba roto por dos sitios, la cafetera, con un papel protector por encima, al sacarla y revisarla, está llena de huellas y rayada (superficialmente, pero rayada) con claros síntomas de haber sido usada y/o expuesta durante mucho tiempo. Si pago por una cafetera nueva, lo que me espero es ser yo la persona que la manipula por primera vez, no encontrarme con esto. Pongo dos estrellas porque la máquina funciona correctamente. Tengo pruebas de todo esto ya que, según me vino el pedido, realicé un video. Muy descontenta!!",joaquin,Revisado en España el 14 de febrero de 2018
De juguete,"2,0 de 5 estrellas","Empezando por lo único bueno: el café sale bueno. Muy pequeño el recipiente del agua. Mejor no lo sueltes, llénalo sin quitarlo; de lo contrario es toda una aventura volverlo a poner y que no se vaya el agua.
Se malpierden muchas cápsulas (y no de las malas precisamente). El sistema que tiene hace que no se inserten correctamente. Un gran fallo de diseño.
No la devuelvo porque llevamos una semana usándola.",Luis,Revisado en España el 6 de abril de 2021
Lastima,"2,0 de 5 estrellas",Vino sin el bidón de cápsulas usadas. Una pena ya que la compré a un precio increíble y no pude volver a aprovechar el precio anterior.,María del Carmen,Revisado en España el 30 de agosto de 2022
Tenía otra más antigua 10 veces mejor,"2,0 de 5 estrellas",Se desconfigura el café largo hay que resetear la máquina de vez en cuando,Nina,Revisado en España el 6 de noviembre de 2022
Se echan a perder bastantes cápsulas,"2,0 de 5 estrellas","Se echan a perder bastantes cápsulas. Parece que el diseño de la zona de encaje de la cápsula o el sistema de presión sobre ella no está muy afinado, hemos perdido bastantes cápsulas porque no encajan bien al cerrar y presionar. La hemos cambiado por otro modelo de Krups y estamos muy satisfechos con el cambio. No da ningún problema la nueva.",Jesús,Revisado en España el 16 de abril de 2021
Buena máquina pero vino en mal estado,"2,0 de 5 estrellas","Lo primero que nos sorprendió es que la caja venía tal cual (ver foto), algo dañada y desprecintada. Al abrirla y ponerla sobre la mesa se comprueba como la máquina se queda coja e inestable.
Por todo, la volvimos a empaquetar y solicitamos su devolución.
Ojo: es una buena máquina que venía a sustituir a la que teníamos (idéntico modelo pero en distinto color) y que nos duró la friolera de cinco años.",Rubén C. M,Revisado en España el 20 de mayo de 2020
perdida de agua,"2,0 de 5 estrellas","pues la primera que hago sin café he sacado los recipientes de recogida de cápsula y mesale el agua por detrás de la boquilla , veré si no tengo que devolver, por que me la cambio por otra que tengo igual pero tiene 5 años y pierde agua por todos lados",Angel,Revisado en España el 2 de noviembre de 2020
decepción,"2,0 de 5 estrellas","Teníamos la versión antigua de esta cafetera, era más bonita y funcionaba mejor. La base donde hay que poner el vaso/taza y el depósito son pequeños. No es fácil de limpiar y nos mancha siempre el mármol. Una decepción... me quedaría con la antigua aunque tenga el depósito roto!",Laura,Revisado en España el 5 de diciembre de 2020
Producto ya manipulado antes de la compra,"2,0 de 5 estrellas","La caja venía claramente dañada y al abrirla el corcho estaba roto, el cable descubierto, los manuales arrugados, la caja de cápsulas rota y abierta e incluso la propia cafetera tenía daños. Una vergüenza.",Cliente Amazon,Revisado en España el 7 de septiembre de 2021
pequeña y hace buen cafe,"2,0 de 5 estrellas","Pero parece que viene preparada para que dura un poco más de dos años, esta mañana sin ir mas lejos explusaba las capsulas, por lo que me dá por sujetar la palanca que aprisiona las capsulas ha hecho un crack y ya no es usable, al menos para hacer café, para calzar una puerta ....todavia podria usarse.....ja, ja, ja, ja,",Cliente Amazon,Revisado en España el 7 de agosto de 2020
mete mucho ruido. La capsula de nespresso no encaja bien.....,"2,0 de 5 estrellas",mete mucho ruido. La capsula de nespresso no encaja bien.....,BRILO,Revisado en España el 7 de junio de 2022
Muy poco duradera,"2,0 de 5 estrellas",Qué poco ha durado. En menos de 1 año empezó a fallar. 1 café de 3 salía mal. La mitad del agua sale por la cápsula y la otra mitad por el depósito. Poco a poco ha ido aumentando y ahora cada café sale mal. La hemos disfrutado muy poco. Una pena,Dorarge,Revisado en España el 3 de junio de 2020
Publicidad engañosa,"2,0 de 5 estrellas",Los 20€ de descuento no llegan a dártelos.,Cliente Amazon,Revisado en España el 24 de mayo de 2022
Ruido de locos,"2,0 de 5 estrellas","Hace un ruido espantoso . Demasiado como para hacerse un café al levantarse, con los niños aún durmiendo ... se van a levantar acojonados por el ruido de la metralleta que es la nespresso( al menos esta)
Para cafés solos ok , como le añadas leche ko. Se disuelve toda la crema y queda en un suspirito",fmpando,Revisado en España el 5 de febrero de 2020
Estropeada al año (botón no suelta casi agua),"2,0 de 5 estrellas","Estropeada tras un año de uso.
El botón de café largo no suelta más que un poco de agua no llegando ni a los 20ml y se para. Hay que darle un montón de veces para sacar un café entero.",Clipp,Revisado en España el 25 de enero de 2020
Ruido ruido,"2,0 de 5 estrellas",Ruidosa como una máquina de tren del 1900,Diego,Revisado en España el 18 de enero de 2022
MAla calidad precio,"2,0 de 5 estrellas","Una cafetera que exige limpieza diaria y recarga de agua diaria por lo pequeña que es. Solo smos dos y tenemos que estar cada dia vaciando las capsulas y rellenando agua. Ademas no es estanca y gotea sobre la mesa y para usar tazas grandes es necesario quitar el scurridor, por lo qu eel avua manchada de cafe cae sobre la mesa y todo queda sucio. Una mala compra. Aunque es barata, al final te sale cara",@rafagimeno,Revisado en España el 8 de agosto de 2018
Sin cápsulas de regalo,"2,0 de 5 estrellas","La cafetera sin problemas, pero no vienen las 14 cápsulas de regalo que se indica",Cliente Amazon,Revisado en España el 15 de junio de 2021
Pierde agua,"2,0 de 5 estrellas",Pierde agua y has de introducir la capsula con más cuidado que en otros modelos Nespresso pues según como puede quedar mal colocada (cosa que no ocurre en otros modelos superiores),José M.,Revisado en España el 24 de diciembre de 2020
Tiene mucho ruido hacer café,"2,0 de 5 estrellas",Fácil usar pero despercia muchas agua,maria v.,Revisado en España el 25 de agosto de 2021
cafetera,"2,0 de 5 estrellas","El cafe muy bueno pero la cafetera hace muchisimo ruido, mas que la que tenia antes dolce gusto una pena porque cuando preparo el de la mañana tengo que cerrar las puertas para no despertar al resrto de la familia",Jorge,Revisado en España el 2 de septiembre de 2019
Parece que tiene pérdidas de vez en cuando.,"2,0 de 5 estrellas",Poca capacidad de agua,Laura fm,Revisado en España el 7 de septiembre de 2021
Normal tirando a regular.,"2,0 de 5 estrellas",Los botones de largo y corto están equivocados. Para hacer un café normal hay que presionar de tres a cuatro veces. Gotea mucho después de hacer el café. Recipiente de cápsulas usadas muy pequeño.,Miguel Pon,Revisado en España el 18 de octubre de 2019
Caja toda rota,"2,0 de 5 estrellas",La cafetera está bien pero la quería para regalo y ha llegado la caja toda rota y rozada. Y sin embalar....,Cliente Amazon,Revisado en España el 16 de julio de 2020
decepcion,"2,0 de 5 estrellas","es muy ruidosa, se bota el agua por el almacenamiento de agua, no es facil de limpiar, no me gusto... pienso que debi devolverla..",Orianna castillo,Revisado en España el 11 de mayo de 2020
Una decepción,"2,0 de 5 estrellas","La verdad una decepción, compré una e iva mal, me la cambiaron y todo perfecto... Hasta dos meses despues. No funciona bien, hace lo mismo que la primera. Le das a café largo y te lo hace más corto que el espreso.",Encarna,Revisado en España el 10 de abril de 2019
Defectuosa,"2,0 de 5 estrellas","La cafetera pierde agua al hacer el café. He hecho como unos 50 para asegurarme de que no era un fallo de inicio, pero sigue perdiendo agua. Las cápsulas que uso son originales Nespresso.",Fernando,Revisado en España el 24 de septiembre de 2019
No funciona bien cafetera,"2,0 de 5 estrellas",No me funciona bien además del ruido que hace ...ahora apretó el botón para hacer café largo y me hace café corto ..no funciona...que hago?gracias,Edith,Revisado en España el 2 de abril de 2020
Fallo donde se coloca la cápsula original,"2,0 de 5 estrellas",Se quedaba cogida al bajar para poner la cápsula. Impidiendo que está se colocase bien. Estando muy dura con sus cápsulas originales.,David PA,Revisado en España el 4 de junio de 2020
Muy mala,"2,0 de 5 estrellas","Tuve una como esta, pero el modelo anterior, era muy buena pero se estropeo. Compre esta pensando que era tan buena como la antigua, pero es una porqueria. No la compreis",Estafado,Revisado en España el 27 de septiembre de 2020
Decepcionado,"2,0 de 5 estrellas","E tenido varias nespresso,yo no se si es que funciona mal,pero me suelta un chorro de agua cada vez que la enciendo y otras veces cuando quito la capsula,el tanque de abajo siempre lleno de agua",Santino,Revisado en España el 2 de junio de 2019
Cafetera Nespresso,"2,0 de 5 estrellas","La cafetera tenía un defecto que machacaba las cápsulas...me la cambiaron y la nueva funciona perfectamente, el café es inmejorable. Y el servicio post venta de Amazon excelente.",Fernando P.,Revisado en España el 8 de octubre de 2020
Facil de usar y limpiar,"2,0 de 5 estrellas",Cafetera de cápsulas para el apartamento,Cliente Amazon,Revisado en España el 22 de junio de 2021
NO ES LA MEJOR,"2,0 de 5 estrellas","Poca capacidad del depósito de agua y de recogida de cápsulas usadas.
Bastante ruidosa.",Cliente Amazon,Revisado en España el 13 de marzo de 2021
Cápsulas,"2,0 de 5 estrellas",Me cuesta mucho trabajo meter sus cápsulas y muchas se estropean,Candela,Revisado en España el 28 de agosto de 2020
Cómoda pero con alguna pega,"2,0 de 5 estrellas","Fácil de usar,pero a veces arruga la cápsula y la deja inservible",Jose Angel,Revisado en España el 27 de febrero de 2021
Ocupa poco espacio,"2,0 de 5 estrellas","La tuve que devolver porque no funcinaba bien
Supongo que tuve mala suerte con esta en concreto porque tuve otra similar sin problema alguno.
Compraré otro modelo cuando me decida a volver a las cápsulas.",Maribel,Revisado en España el 8 de febrero de 2019
El aroma del café y su sabor,"2,0 de 5 estrellas",Lo compré para un regalo y he cumplido con las expectativas,Nazaret,Revisado en España el 29 de julio de 2020
Desencanto,"2,0 de 5 estrellas",Por desgracia salio defectuosa,Cliente Amazon,Revisado en España el 11 de diciembre de 2020
Incompleta,"2,0 de 5 estrellas","Me ha llegado sin el depósito del agua. Es como si hubiera estado ya en otro sitio, aunque parece nueva.
Después de estar esperándola con impaciencia, la tengo que devolver.
Decepcionada.",Horizonte,Revisado en España el 29 de abril de 2019
Ana,"2,0 de 5 estrellas",La cafetera bien promocion de capsulas fatal parece na mision especial para conseguir las capsulas .Te piden de todo para q resulte q tu correo no existe o la contraseña no va bien.Paso de los 20 euros de la promocion y me compro las capsulas compatibles q tambien funcion.Nespresso q tengais en cuenta q vuestra forma de tratar a los clientes hace q se van....,metamorfosis,Revisado en España el 31 de diciembre de 2017
Máquina defectuosa,"2,0 de 5 estrellas","No va muy bien introducir las cápsulas y cuando las meto se chafán o no sale café. Para un café gasto muchas cápsulas. Cuando sale, va muy bien. Pero sólo cuando la cápsula se coloca bien. Sin embargo, es complicado porque no encaja bien.",Noelia Melis,Revisado en España el 9 de mayo de 2018
Mala suerte con una buena marca,"2,0 de 5 estrellas","La máquina vino defectuosa (cosas que pasan) y la cambie por el mismo modelo pero de la marca Krups.
En la devolución cara y cruz...la atención al cliente de Amazon excepcional, pero la gestión de CELERITAS en la devolución lamentable...más de un mes para recoger el paquete. Si es cierto que el mismo día de la recogida tenía la devolución del importe.",Francisco,Revisado en España el 24 de marzo de 2018
No calienta bien,"2,0 de 5 estrellas",No sale muy caliente,jose j.,Revisado en España el 23 de febrero de 2021
Baja usabilidad,"2,0 de 5 estrellas","Cuesta poner correctamente la capsula. En la cafetera anterior es dejar caer la capsula y listo, mientras que en esta no siempre es así.",Carles S.,Revisado en España el 7 de marzo de 2019
Publicidad engañosa,"2,0 de 5 estrellas",Me gusta q ocupa poco. No me gusta q me engañasen porque decian q venia con 20 euros para cápsulas y no es cierto.,Inmaculada Aizpuru,Revisado en España el 16 de enero de 2019
Pierde agua,"2,0 de 5 estrellas","Después de un año de uso normal, dos cafés diarios, ha empezado a perder agua por una junta de plástico que hay debajo del surtidor del café.
De la medida de una taza de café, hecha media medida en la taza y la otra media lo pierde por la fuga.",GabyFRB,Revisado en España el 14 de febrero de 2018
Tres años y adiós cafetera. No Repito con esta marca.,"2,0 de 5 estrellas",Fenomenal. Práctica y ligera. Fácil limpieza. Rápida puesta en marcha. Sin duda la recomendaría. Precio estupendo para la calidad que tiene.,Patataenmascarada,Revisado en España el 8 de junio de 2018
"Bien de precio, color no muy bonito","2,0 de 5 estrellas","No está mal de precio, color regular",C.,Revisado en España el 14 de febrero de 2019
Nelson Caraballo,"2,0 de 5 estrellas",La máquina expreso no me funcionó jamás. Llego sin el enchufe primero y luego para colmo le compre e instale otro y aún así no trabajo.Espero una buena respuesta de ustedes ya que la distancia y el dinero que inverti fue considerable.,ERIS ARROYO,Revisado en España el 20 de enero de 2018
Carmen.,"2,0 de 5 estrellas","Me arrepiento de comprar ese modelo; de los tazones que hay ya hace mucho no cave lo pongas como lo pongas, Yo tengo de arcopal y esos si entran; Después de hacer 2 cafés ya revosa el agua en donde caen las capsulas, aún no se porque cae agua allí, Si a Mi no me cae una gota; Hoy compraría otra sin dudarlo.",Carmen.,Revisado en España el 21 de diciembre de 2016
Café bueno pero ruido espantoso,"3,0 de 5 estrellas","Yo tenía una de esta marca y me levantaba y podía hacerme el café porque no hacía mucho ruido, pero está es como si tuviera en casa una locomotora y despierto a todos en casa, la verdad no la volvería a comprar.",Maria Jose,Revisado en España el 3 de marzo de 2024
Caja cochambrosa y sin las cápsulas de promoción,"3,0 de 5 estrellas","La caja de la cafetera cochambrosa, toda con cinta de embalar.
La cafetera parecen buen estado.
No han llegado cápsulas de regalo ni información para obtenerlas",Monica,Revisado en España el 1 de abril de 2024
Fuga agua a los 2 años y medio,"3,0 de 5 estrellas",Ni 3 años y ya fuga agua por la zona donde se coloca la cápsula. La reparación no compensa frente al precio de una nueva.Una pena porque funcionaba todo bien y un tamaño pequeño pero no la recomiendo,Euducio,Revisado en España el 2 de marzo de 2024
Diseño precioso,"3,0 de 5 estrellas","Me ha decepcionado, la veo más endeble que la Dolce gusto . Pero bonita es .",Chus A,Revisado en España el 12 de abril de 2024
Buen cafe,"3,0 de 5 estrellas",Bien pero dice compatible y cuesta un poco entrar las capsulas no nespresso,MERCEDES POZO GIL,Revisado en España el 8 de abril de 2024
Tomar cafe,"3,0 de 5 estrellas",No me gusta el deposito de agua muy pequeño.solo para 3 tazas.,Gilles P.,Revisado en España el 15 de marzo de 2024
Bien pero....,"3,0 de 5 estrellas","Está muy bien, pero precisamente hoy Nespresso la ofrecía a la mitad de precio que me costó hace un par de semanas :-(",Max,Revisado en España el 26 de febrero de 2024
Cafetera básica,"3,0 de 5 estrellas","Es una cafetera muy básica, normalita",Cliente Amazon,Revisado en España el 21 de marzo de 2024
adecuada,"3,0 de 5 estrellas","Bien embalado
llega rápido
buena calidad
producto adecuado a lo que se describe
cafetera en linea con las de su linea",Brei,Revisado en España el 7 de marzo de 2024
Ruidoso,"3,0 de 5 estrellas",Funciona bien pero es ruidoso,Yoyo,Revisado en España el 8 de marzo de 2024
Fallo,"3,0 de 5 estrellas",Supuestamente pone que viene el producto con 14 cápsulas de bienvenida y viene con 7,Daniel piñeiro,Revisado en España el 27 de febrero de 2024
Ruidosa,"3,0 de 5 estrellas","Funciona correctamente, pero es un poco ruidosa. Tienes que colocar bien la cápsula, de lo contrario la aplastarás y tendrás que desecharla.",Cliente Amazon,Revisado en España el 11 de febrero de 2024
Falta el pack de regalo,"3,0 de 5 estrellas","No me ha venido con el pack de regalo de las 14 capsulas,",Cliente Amazon,Revisado en España el 4 de febrero de 2024
Cumple su función,"3,0 de 5 estrellas",Depósito de agua pequeño.,Patxi Bilbokoa,Revisado en España el 8 de febrero de 2024
La entrega no fue adecuada,"3,0 de 5 estrellas","Le producto está en las condiciones que se detalla, pero llego sin embalaje y una caja que seguramente era de una devolución. Una lástima porque no es la forma de entregarlo.",David Iborra,Revisado en España el 14 de diciembre de 2023
parece mentira lo que son capaces de hacer con tal ce vender,"3,0 de 5 estrellas","La cafetera por ahora funciona perfectamente, pero yó la pagué por nueva, y de eso nada, me han mandado una usada, sin ningún tipo de precinto y la caja super estropeada, pero mientras funcione me aguantare.",Andres Fernández,Revisado en España el 28 de noviembre de 2023
Cafetera básica,"3,0 de 5 estrellas","Es una cafetera básica, básica, pero dependiendo para que lo quieras puede valerte perfectamente. Yo la uso para hacer unos 4 o 5 cafés a la semana, por tanto ideal.",Gerardo,Revisado en España el 21 de noviembre de 2023
Ruidosa,"3,0 de 5 estrellas","Es una máquina de café que hace muchísimo ruido, por lo demás está bien, aunque ya digo que para madrugar y hacerte un café es despertar a toda la vencindad",Conchi Afonso,Revisado en España el 26 de noviembre de 2023
Buen producto pro problema con la promocion del cafe,"3,0 de 5 estrellas","No pude conseguir el cafe por nuevo cliente, con lo q el precio por esta cafetera es elevado",Cliente Amazon,Revisado en España el 20 de diciembre de 2023
Funciona bien,"3,0 de 5 estrellas",La entregaron a tiempo,Antonio,Revisado en España el 6 de enero de 2024
No pincha las capsulas,"3,0 de 5 estrellas",Los 3 primeros cafes perfectos pero yq casi no sale cafe y algunas ni las pincha,Fatima Leon clemente,Revisado en España el 9 de diciembre de 2023
Hace un ruido de mil demonios,"3,0 de 5 estrellas","Cafetera sin más, muy ruidosa. Cumple su función",ahlam,Revisado en España el 10 de diciembre de 2023
Faltan la mitad de las cápsulas,"3,0 de 5 estrellas",En cuenta a la cafetera de momento muy buen funcionamiento pero cuando la recibí la compré con 14 cápsulas de regalo y solo vinieron la mitad.,mariola moreno Navarro,Revisado en España el 20 de noviembre de 2023
Buena cafetera,"3,0 de 5 estrellas","Mejor sería si se pudiese reparar, lástima que por una junta tórica y la pequeña pieza en que se sujeta, se siga aumentando el monte de los residuos, me he guardado la anterior por las piezas que se puedan aprovechar, la máquina es exactamente igual",Ito,Revisado en España el 12 de septiembre de 2023
Regular y servicio postventa mediocre.,"3,0 de 5 estrellas","Hola,
Es la tercera máquina que tengo de cápsulas de café, y siempre me han durado sobre los 3 años con uso intensivo, salvo esta que siempre ha sonado regular y ahora para hacer un café tengo que darle 3 veces al botón y con un ruido importante.
He llamado al servicio de garantía y me dicen que tengo que enviarla y sobre 3 semanas con suerte la tendré arreglada... No sé si es cosa de Amazón o del fabricante pero muy mal.",Rogelio Pérez Lázaro,Revisado en España el 22 de abril de 2023
No trae 14 cápsulas,"3,0 de 5 estrellas",La cafetera está bien pero lo de q trae un pack de bienvenida con 14 cápsulas no es verdad la realidad es q dentro viene un pack de 7 cápsulas aunque en el embalaje ponga 14,LAC,Revisado en España el 23 de septiembre de 2023
No cumple con la descripción,"3,0 de 5 estrellas","Acabo de recibir la cafetera y nada más abrir el paquete me encuentro con que no vienen las 14 cápsulas de bienvenida (tal y como pone en la descripción), sólo vienen 7.",Yolanda,Revisado en España el 17 de octubre de 2023
Poca calidad de los materiales,"3,0 de 5 estrellas",Tuve otra Nesspresso y era mucho mejor de calidad en los materiales. Además hace mucho ruido al hacer el café. No la recomiendo.,Gabry,Revisado en España el 1 de noviembre de 2023
"No cumplen ,con lo que dicen que viene","3,0 de 5 estrellas","Hola, les pasó a contar compré está cafetera y decían que venían cápsulas de regalo y nada de na, ahora tengo que hacer una carta y no sé qué , y a perder mi valioso tiempo, desepción total , por cierto era para un regalo así que quede como si yo me quedé con las cajas de café , AMAZON 🧐👎",Norma alvez,Revisado en España el 16 de junio de 2023
Pedido incompleto,"3,0 de 5 estrellas",La máquina bien pero me dijeron que llevaría 15 cápsulas de regalo y no han venido,juan m.,Revisado en España el 5 de octubre de 2023
"Buena máquina, pero no viene con las cápsulas como dice en la descripción.","3,0 de 5 estrellas","Bien en el envío, en la envoltura y la máquina como tal. Sin embargo dice que viene con unas cápsulas de café y no es así. Mala publicidad allí.","Muy bien el envío, el pedido y la máquina; sin embargo dice que viene con algunas cápsulas de café y no es así, solo recibimos la máquina. Mala publicidad allí.",Revisado en España el 18 de septiembre de 2023
No traía las cápsulas,"3,0 de 5 estrellas",La información del producto Indica que lleva 14 cápsulas y en el interior de la caja no había nada y parecía que la habían abierto.,Mari,Revisado en España el 17 de septiembre de 2023
No llegaron las muestras de cafe,"3,0 de 5 estrellas",El producto llegó a tiempo pero dentro de la caja no había las muestras de café que venían especificadas en la descripción.,Arnau Blanch,Revisado en España el 10 de septiembre de 2023
Cafetera barata,"3,0 de 5 estrellas","Me gusta el precio
La calidad es mínima",Juan Manuel,Revisado en España el 4 de octubre de 2023
Pierde mucha agua y hace mucho ruido,"3,0 de 5 estrellas","14Oct22: Nos llegó sin embalar, directamente la caja original que no estaba ni precintada y además con rasguños y parecía haber sido abierta.
Al usar la cafetera perdía mucha agua en el circuito de limpieza (sin cápsula) y al hacer café (sin cápsula). Además de mucho ruido en ambos usos.
He tenido antes cafeteras nespresso y, aunque estas cosas acaban pasando por el uso de mucho tiempo, al principio la cafetera iba perfecta, ni ruido ni perder agua.
He pedido un cambio de producto y veremos que tal. Actualizaré la reseña con el recambio.",FRANCISCO A.,Revisado en España el 16 de octubre de 2022
"Bien, normal","3,0 de 5 estrellas",Fiable pero hace mucho ruido,Albert,Revisado en España el 23 de septiembre de 2023
cafetera básica,"3,0 de 5 estrellas",Va regular. Se atascan a veces las cápsulas usadas.,Lulu,Revisado en España el 28 de julio de 2023
Embalaje interior,"3,0 de 5 estrellas","Al recibir el pedido no he visto nada extraño,pero al abrir el embalaje de Amazon me ha llamado la atención el propio embalaje del proveedor que está muy deteriorado .Todavía no he querido abrirla,esperaré,pero ya no me inspira confianza.No hubiera estado mal un mensaje con :embalaje deteriorado.Si todo va bien,editaré la reseña.",Juanlumtb,Revisado en España el 3 de marzo de 2023
Porque mienten?,"3,0 de 5 estrellas",No biene las cápsulas de regalo,Isabel cerda Martínez,Revisado en España el 16 de septiembre de 2023
Faltante,"3,0 de 5 estrellas",Falta una caja de cápsulas,"Me ha llegado la caja abierta, y faltan 7 cápsulas de las 14 que dicen enviar …parece que lo han abierto y han sacado una caja de cápsulas",Revisado en España el 8 de septiembre de 2023
Muy ruidosa,"3,0 de 5 estrellas","Ha salido mala. Venía de una krupps y estoy muy decepcionada.
Se me pasó el plazo de devolución pero no creo que me dure 5 años como la otra.
No la volvería a comprar.
Los cafés no salen siempre con la misma cantidad de agua. Mete mucho ruido. Y ya pierde agua por debajo",MONIQUE CONDETTE,Revisado en España el 26 de febrero de 2023
El café lo hace muy bien.,"3,0 de 5 estrellas","Me ha gustado el diseño. Los botones de control fallan a veces, sobre todo el de café largo.",Nicolás,Revisado en España el 22 de julio de 2023
Cumplir,"3,0 de 5 estrellas","El producto me encantó, pero venia con 14 cápsulas de bienvenida y no llegaron",No ha llegado el pac de bienvenida de 14 cápsulas.que mal que no cumplan con lo que prometen,Revisado en España el 19 de julio de 2023
Perfecto menos por una cosa,"3,0 de 5 estrellas",Todo es perfecto funciona bien pero decía que venia co 14 cápsulas y solo viene con 7,Juan Carlos,Revisado en España el 23 de septiembre de 2023
Cafetera normalita,"3,0 de 5 estrellas",Me vino sin empaquetar. Podría haber sido un regalo. Aquí me creó la duda si era nueva o de segunda mano,Cartramar,Revisado en España el 15 de abril de 2023
Bonita,"3,0 de 5 estrellas","Hace mucho ruido y estoy casi segura que fue una devolución pero como la tengo para una casa de pueblo, no la devolví, por lo demás está muy bien.",A. Román,Revisado en España el 4 de marzo de 2023
Rompe las cápsulas,"3,0 de 5 estrellas","El café, bueno y cremoso. La cafetera, pequeña y bonita. Pero el sistema para introducir las cápsulas de café, malo. Difícil de ajustar. Si no entran bien a la primera, es difícil de manejar para cogerla y volver a introducirla. Y si cierras, como la cápsula no esté correctamente colocada, se destroza",Keffet,Revisado en España el 28 de octubre de 2022
buen café. Las cápsulas no se quedan bien colocadas siempre. Gotea mucho.,"3,0 de 5 estrellas","El café sale estupendo y muy caliente.
Las cápsulas no siempre se colocan bien, y algunas se estropean al intentar cerrar si no se ha colocado exactamente en su sitio.
Después de hacer el café gotea mucho. Cada 3 o cuatro cafés el depósito inferior hay que vaciarlo y limpiarlo porque se llena del agua que está goteando. No estoy seguro si esto tiene que ser así o mi cafetera tendrá algún problema y no funciona bien, terminaré de averiguarlo.
Edito tras un mes desde mi primer comentario: después de varias semanas de uso las cápsulas ya se encajan perfectamente en su lugar y no se estropea ninguna. También gotea mucho menos que al principio. El café sigue saliendo estupendo y bien calentito!",PACO VILLAMAYOR,Revisado en España el 9 de noviembre de 2020
Hace demasiado ruido,"3,0 de 5 estrellas","El cafe sale bien, pero hace demasiado ruido y pierde agua",Dani P,Revisado en España el 1 de mayo de 2023
Venía sin las cápsulas de café de obsequio,"3,0 de 5 estrellas",La cafetera llegó sin las cápsulas de obsequio que pone en la descripción del producto,Jimena,Revisado en España el 6 de marzo de 2023
Funciona bien pero hay que poner la capsula con mucho cuidado,"3,0 de 5 estrellas","La máquina funciona bien, además tiene una función muy práctica de plegar la base de la taza hacía arriba para poner una taza más alta, pero es muy delicada a la hora de poner la cápsula. Si entra solo un poco torcida se encalla la máquina y hay que forzar la palanca para extraer la cápsula. Si se va con sumo cuidado va bien.",Ursula,Revisado en España el 5 de julio de 2022
SUCEDANEO DEL CAFE.,"3,0 de 5 estrellas","Comodo de usar para hacer sucedaneo de cafe... lo que hacen estas maquinas no es cafe, es infusion de cafe como las maquinas de vending de una estacion o aeropuerto.... pero para gustos: colores.",Fermin,Revisado en España el 3 de diciembre de 2022
Cafetera,"3,0 de 5 estrellas","Funciona correctamente, y la oferta aquí era mejor que la de la propia casa de la cafetera, este modelo es un poco ruidoso",Pepe,Revisado en España el 3 de febrero de 2023
Venia roto,"3,0 de 5 estrellas",Tanto la caja de fuera como la caja de la cafetera venian extremadamente rotas. Por suerte la cafetera no sufrio ningun daño,Meritxell Alías,Revisado en España el 29 de enero de 2023
Cumple su función,"3,0 de 5 estrellas","hemos tenido la krups y nos deicdimos a probar esta.
Lo por de la cafetera es el ruido que hace, ni la primera de Nespresso (otra krups) hacia este ruido.",Alberto,Revisado en España el 27 de noviembre de 2022
A la semana ya fallava,"3,0 de 5 estrellas","La cefetera bien, pero la semana ya no funcionaba como el primer dia y se tiene que reparar",Cliente Amazon,Revisado en España el 29 de enero de 2023
Hace su función,"3,0 de 5 estrellas","Después de que mi anterior cafetera Nespresso del 2008 dejara de funcionar, opté por este modelo que aunque no está mal, la calidad no me convence del todo. Y mucho menos el ruido que hace al hacer el café. Creo que en estos tiempo eso debería ser más silencioso. Al menos la anterior lo era.",Rubén,Revisado en España el 29 de junio de 2022
Calidad justa,"3,0 de 5 estrellas",Falla de vez en cuando,Josep Mª Miró,Revisado en España el 19 de febrero de 2023
Práctica pero demasiado ruidosa,"3,0 de 5 estrellas","Finalmente hemos decidido devolverla por lo excesivamente ruidosa que es, incluso impide escuchar la televisión de la cocina. Comparada con el mismo modelo que teníamos de Krupps nada que ver en ese sentido.",Eduardo,Revisado en España el 15 de septiembre de 2022
De cafetería,"3,0 de 5 estrellas","Me gusta el diseño , pero Me está dando problemas , no perfora la cápsula y la deja inutilizable",Maria Carmen,Revisado en España el 14 de noviembre de 2022
Funciona regular o mal con las capsulas de Amazon,"3,0 de 5 estrellas","Antes tenía una de la misma marca pero un modelo anterior, ya con bastantes años y no tenía problema alguno con ninguna capsula. Ahora con esta, al poner usar las capsulas de Amazon (Solimo) el café sale muy lento llegando casi a pararse o cayendo gota a gota. Veremos si no la devuelvo...",Juan f.,Revisado en España el 13 de diciembre de 2021
Todo bien,"3,0 de 5 estrellas",Todo bien lo único que no sé ni es normal q cuando la enciendes salga agua sin poner cápsula por dónde tiene q salir el café,Cliente Amazon,Revisado en España el 14 de septiembre de 2022
A la segunda va la vencida,"3,0 de 5 estrellas","La máquina está genial, hace el café muy bueno y rápido. El ruido es el típico de estas marcas. Esta muy biennnn!
El problema fue que tuvimos que pedir el reemplazo porque nos enviaron una y tenía fugas (se salía a chorro el agua por debajo de la máquina y hacía incluso charco de agua) pero nos han enviado otra y esta funciona perfectamente. Esperemos que siga así. A la nueva le daria 5 estrellas pero como la otra estaba defectuosa le pongo un 3",Raquel,Revisado en España el 26 de marzo de 2021
Ruidosa,"3,0 de 5 estrellas",Hace muchisimo ruido comparado con otros modelos que he tenido.. no la recomiendo.,alejandro gonzalez gonzalez,Revisado en España el 31 de diciembre de 2022
Bonita cafetera pero demasiados fallos,"3,0 de 5 estrellas","Pedí la cafetera en negro ya que amo el color negro y ya tengo la misma en rojo. Me llegó bastante bien de tiempos pero SEUR, me trajo la caja sin precinto, sin caja externa, la caja de Nespresso rota y la máquina arañada y usada y hacia un ruido extraño al usarla. Di una nueva oportunidad y pedí mi reemplazo. La segunda que me vino a día de hoy, estoy contento aunque tarda bastante en salir el café por el conducto... Miedo me da",Manuel M.,Revisado en España el 19 de diciembre de 2020
Hace mucho ruido,"3,0 de 5 estrellas","Hace mucho ruido, por lo demás, muy bien.",Cèlia,Revisado en España el 20 de diciembre de 2022
bien,"3,0 de 5 estrellas",Funciona bien pero es muy ruidosa,alfredo,Revisado en España el 23 de diciembre de 2022
Ruidosa,"3,0 de 5 estrellas",Casi perfecta. Lo único negativo es que hace muchísimo ruido. Me han dicho los vecinos que escuchan cuando me tomo un café...,elegorliz,Revisado en España el 24 de agosto de 2022
"Va bien, pero hace mucho ruido","3,0 de 5 estrellas","La cafetera va bastante bien pero la bomba de agua hace mucho ruido, parece que esté en mal estado... El tema es que funcionar funciona, supongo que es así aunque he probado otros modelos y no suenan tanto.",Cliente Amazon,Revisado en España el 15 de marzo de 2022
luces y sombras,"3,0 de 5 estrellas","me ha gustado que es pequeña

lo que no me ha gustado es que sale agua. he llamado a Nespresso y han dicho que es normal que salga una o 2 cucharadas soperas de agua . pero no se yo ..me parece un poco extraño. tampoco me ha gustado que NO llevaba el cupón de la oferta de 20€ de las cápsulas que tanto anunciaban en Amazon. he llamado a Nespresso no sé cuántas veces y no me lo han solucionado . No me gusta que hagan ofertas que luego no sean realidad. Ya se me han ido las ganas de comprar ninguna cápsula Nespresso",Susi,Revisado en España el 8 de febrero de 2020
Cumple con su cometido,"3,0 de 5 estrellas","Lo bueno: Rapida, comoda y facil de limpiar. Lo malo: Ruidosa, si no colocas la capsula con cuidado se chafa y queda inutilizada. Si haces numeros un cafe te cuesta el triple que con una cafetera tradicional. Lo dicho, lo mejor rapidez y comodidad.",VFG,Revisado en España el 3 de febrero de 2022
Muy ruidosa,"3,0 de 5 estrellas",Me gusta el depósito mas grande 10/12 capsulas. Las capsulas no entra siempre al fondo tienes de manipular las manilla para que entra bien. Sobre todo el negativo es el ruido que hace. Es demasiado.,Frances,Revisado en España el 2 de diciembre de 2021
"Facilidad para todos .fácil? , Y decora","3,0 de 5 estrellas",En la segunda cafetera que tengo del mismo modelo para una segunda casa su precio 79? Pero Nespresso las vende a 49. Me puedes mandar un mensaje para convencerme siendo la misma cafetera. Espero gracias,manuel espinosa yebra,Revisado en España el 20 de febrero de 2022
Precio contenido,"3,0 de 5 estrellas","La carga de cápsula de esta máquina no está muy lograda, de cuando en cuando alguna se estropea, de tamaño y elaboración de café nada que objetar, suena mucho la bomba de agua al igual que mi antigua nx2003, ojalá me dure lo mismo( 17años) aunque sospecho que no, los materiales de esta cafetera no tienen la misma calidad que la de las primeras cafeteras Nexpresso",Juan Carlos,Revisado en España el 14 de marzo de 2021
Aceptable,"3,0 de 5 estrellas","La mquina es muy pequeñita pero mejor, el café no sale suficientemente caliente para mi gusto, la versión corta es la única válida porque la opción de café largo sale aguado.",Ana,Revisado en España el 27 de febrero de 2022
"No está mal, pero ojo con las capsulas compatibles.","3,0 de 5 estrellas","La máquina está bien, y le han añadido varios automatismos que la verdad mejoran mucho el modelo anterior que tenía. Por ejemplo, se apaga sola, se puede dejar seleccionado el café para que lo haga automaticamente cuando termina de calentarse, se desconecta si no hay agua, etc. Calienta más rápido también. Es pequeña, bonita y ocupa poco. Se pueden poner tazas y vasos grandes.

Lo que no me gusta tanto es que es más ruidosa que el modelo que tenía... es como si hubiesen ahorrado en aislamiento.

Por otra parte, lleva un nuevo mecanismo que solo funciona bien con las capsulas própias y alguna marca compatible, pero no la mayoría de compatibles dan problemas de capsulas chafadas, o falta de flujo. Además, se te pueden doblar las agujas del cabezal por usar capsulas compatibles.",Jose V.,Revisado en España el 15 de febrero de 2018
No vienen las cápsulas de regalo,"3,0 de 5 estrellas",No vienen las cápsulas de regalo,myriam,Revisado en España el 8 de noviembre de 2022
"Su precio, y es capaz de soportar ambos modelos de cápsulas de Nespresso","3,0 de 5 estrellas","No me ha gustado nada que en su publicidad regalaban de promoción una serie de capsulas para degustacion
Es una publicidad engañosa
Por lo demas cumple lo previsto",Aferse,Revisado en España el 7 de febrero de 2022
¿Como hacer 2 cafes seguidos en esta cafetera?,"3,0 de 5 estrellas","Holaa todos, quería haceros una consulta, hace poco que me compre la cefetera, el sabor del café esta bien y el uso es fácil pero esta mañana he intentando hacer 2 cafes seguidos y en el segundo no me coge la cápsula, tan solo sale agua ¿Alguien me puede decir por que? ¿Hay que hacer algo después de hacer el primer cafe? Muchas gracias",Damaris,Revisado en España el 23 de enero de 2021
Hace mucho ruido,"3,0 de 5 estrellas",Compré este modelo porque anteriormente es el que en casa se usaba se lo regale a una conocida y hace muchissimo ruido. nose si debe ser por las cápsulas que usa o por la fabricación.,Carlota,Revisado en España el 8 de septiembre de 2021
Regular,"3,0 de 5 estrellas",Hace ruiditos y gotea bastante agua,Alba G.G,Revisado en España el 3 de septiembre de 2022
Buen producto,"3,0 de 5 estrellas","Se trata de una cafetera sencilla, de fácil manejo y con una relación calidad-precio muy equilibrada.",Fernanda,Revisado en España el 5 de marzo de 2022
Va bien pero a veces le cuesta coger la cápsula,"3,0 de 5 estrellas",A veces no perfora la cápsula,Alfonso,Revisado en España el 31 de agosto de 2022
No apta para un experto cafetero.,"3,0 de 5 estrellas",La cantidad de cafe de las capsulas es de 6 gr. Para un buen cafe han de ser 8 gr. Es un gran problema si has de hacer un cortado con leche ya que no incorpora calentador de leche. Es justa para una oficina donde no haya cocina o microondas para calentar la leche.,Enric,Revisado en España el 8 de enero de 2021
"Pequeña y fácil, pero mete mucho ruido.","3,0 de 5 estrellas",Pequeña y fácil pero mete mucho ruido.,ROSA,Revisado en España el 20 de agosto de 2022
No es muy fiable,"3,0 de 5 estrellas",La opción de café largo dura nada,Luiso,Revisado en España el 24 de agosto de 2022
fácil manejo,"4,0 de 5 estrellas","Funciona bien, fácil manejo, se limpia fácilmente. Es bastante ruidosa",JulianRR,Revisado en España el 5 de febrero de 2024
Muchísimo ruido,"4,0 de 5 estrellas","La máquina en si se ve de calidad, el café tiene un punto de cremosidad y dispones de cápsulas originales y de marca blanca.
El principal problema que le veo es el ruido que hace, en el café de la mañana despierto a medio bloque.",Christian,Revisado en España el 17 de octubre de 2023
Que hace café,"4,0 de 5 estrellas",No venían las cápsulas de regalo como dice el anuncio,Fernando Gonzalez Amo,Revisado en España el 29 de enero de 2024
Buena oferta,"4,0 de 5 estrellas",Tenía que cambiar mi cafetera ya que tenía 3 años y a pesar de hacerle la descalcificación cada 6 meses el café ya no salía óptimo y cogí una muy buena oferta. Una vez pruebas las cápsulas Nespresso ya no quieres otras,Mila,Revisado en España el 3 de noviembre de 2023
Correcto pero faltan cápsulas de la promoción,"4,0 de 5 estrellas","En el anuncio, confirmación de pedido y factura se indica que el pedido de la máquina incluye un pack de bienvenida de 14 cápsulas, sin embargo sólo vienen 7.
Todo lo demás correcto según lo esperado.",Rodrigo,Revisado en España el 2 de noviembre de 2023
Es lo que buscaba,"4,0 de 5 estrellas","No es de la gama alta de cafés de cápsulas pero hace un café perfecto.
Las instrucciones son precarias. No se entienden bien ya ques son fotografías que no describen bien el acto.
He tenido que buscar un tutorial en internet para ajustar el volumen de café. Le he puesto cuatro estrellas por esto.
Por lo demás perfecta.",Patricia,Revisado en España el 24 de agosto de 2023
Cafetera,"4,0 de 5 estrellas",No me gusta que las capsulas de gama blanca las coje muy mal,Celso Abad Pelaez,Revisado en España el 21 de diciembre de 2023
Algo ruidosa,"4,0 de 5 estrellas","Mas ruidosa de lo esperado.
Tamaño ideal para espacios pequeños.
Depósito de agua suficiente para unos cuantos cafés.",Jesus María Santos,Revisado en España el 20 de diciembre de 2023
Funciona,"4,0 de 5 estrellas",Es pequeña y económica y hace bien el café. what else?,Cliente Amazon,Revisado en España el 12 de enero de 2024
Cubre mis necesidades perfectamente,"4,0 de 5 estrellas","Ya tenía una igual, que adquirí hace más de 15 años, se estropeó y he repetido porque es lo que necesito , es la más económica y ocupa poco espacio.",Angelina,Revisado en España el 11 de diciembre de 2023
CAFETERA,"4,0 de 5 estrellas",Todo correcto por el momento la máquina hace más ruido que la que se me averió que era una ESENZA MINI,Javier,Revisado en España el 22 de diciembre de 2023
Buen café,"4,0 de 5 estrellas","Play Video
El café muy rico. La cafetera sencilla de manejar, pero a mi juicio hace bastante ruido.",Chema F.,Revisado en España el 9 de noviembre de 2023
Bien,"4,0 de 5 estrellas",Vengo de otra igual,Cliente Amazon,Revisado en España el 27 de diciembre de 2023
no han llegado las 14 capsulas,"4,0 de 5 estrellas","no me ha gustado que solo hayan llegado en la caja 7 capsulas de las 14 CAPSULAS QUE SE ANUNCIAN EN EL PEDIDO, espero una respuesta",algonher,Revisado en España el 11 de noviembre de 2023
Perfecto todo,"4,0 de 5 estrellas",Muy buena máquina,Cliente Amazon,Revisado en España el 10 de enero de 2024
Comodidad,"4,0 de 5 estrellas",Muy cómodo y fácil de usar,Jumarpan,Revisado en España el 22 de diciembre de 2023
Muy buena poer...,"4,0 de 5 estrellas","Esyta muy bien , compacta, facil de usar. El unico inconveniente es que s un poco ruidosa",Luis,Revisado en España el 15 de noviembre de 2023
Buen cafe pero ruidosa,"4,0 de 5 estrellas",Hace muy bien el cafe pero hace mucho ruido al prepararlo . No es para nada discreta en la elaboracion del cafe . Yo no repetiria la compra. Probaria otra mas silenciosa,Amparo,Revisado en España el 11 de octubre de 2023
mi opinión,"4,0 de 5 estrellas","la maquina está bien, pero rs un poco ruidosa y cuando acabas de hacer el café aún gotea un poco.",nuri pous emilio,Revisado en España el 7 de noviembre de 2023
Un acierto,"4,0 de 5 estrellas","Es una máquina muy fácil de usar.
Las cápsulas de nespresso son sin lugar a dudas las que mejor sabor tienen. Anteriormente tuvimos una máquina ""dolce gusto"" y no tiene ni comparación.
El tamaño es el perfecto, pues no te quita mucho espacio en la encimera, tan necesitada en las cocinas. Es pequeña comparándola con otras del mercado.
Puedes utilizarla tanto con taza pequeña como con grande, simplemente levantando la base. Es muy práctico a la hora de hacer cafés largos o querer rellenar una taza alta. En otras maquinas no he visto esta opción.
En cuanto al ruido, hace un poco. Pero a decir verdad, son solo unos segundos. Tarda muy poco en prepararse (calentarse para salir el café). El tiempo justo para preparar la taza y coger la leche, por ejemplo.
Con la compra recibes una oferta de 20 € de descuento comprando al menos 100 cápsulas (10 paquetes). Es decir, pagas 20 por un pedido de 40 +/-.
En resumen, una compra muy acertada.",Cliente Amazon,Revisado en España el 27 de agosto de 2021
Descuento 30€,"4,0 de 5 estrellas","La máquina muy buena, hace bastante ruido pero no importa.
Lo que me indigna es que Amazon se lava las manos y no manda el código para obtener el descuento. ! Es una vergüenza!
Ahora me toca pelear con Nespresso para que me lo concedan sin el Codigo",Patricia G.,Revisado en España el 22 de agosto de 2023
Capacidad,"4,0 de 5 estrellas","El depósito es mayor que otras y cojen más capsulas de desecho que en otros modelos, con los mismos 19 bares de presión.",francisco javier,Revisado en España el 19 de octubre de 2023
Estado del envío.,"4,0 de 5 estrellas","Primero decir que la cafetera funciona correctamente, la recibí ayer.
La parte negativa es el envío viene directamente en su caja, sin embalado de Amazon. De esto te avisan cuando vas a pagar, por lo que tampoco es una queja. Lo que si es una queja es que la caja 'precintada' venía abierta con los precintos ya cortados y el interior aunque en buen estado surge la desconfianza al no ver precintos de seguridad de que nunca ha sido utilizada o los de seguridad como por ejemplo uno que sujete la cajetilla de las usadas (aunque no se si viene así. , el plástico que la cubre también superpuesto. Me sumo a los que desconfían de como viene o si ya ha sido usada. Suelo leer los comentarios y vi que lo advertían.... pero el precio a la que la he comprado ,69 €, no la voy a devolver si sigue funcionando igual que en los dos primeros cafés que nos hemos tomado en casa.

Después de dos semanas sigo pensando igual, una cafetera fantástica",kykeon,Revisado en España el 16 de enero de 2021
Exquisita,"4,0 de 5 estrellas","Simple, bonita, y un café buenísimo. ¿Anything else?
Si tuviera un depósito de agua interminable o el depósito de las cápsulas utilizadas algo más grande le ponía 5*",Jon Arruti,Revisado en España el 20 de septiembre de 2023
Aceptable,"4,0 de 5 estrellas",Es un poco ruidosa y la capacidad de cápsulas gastadas pequeña pero aceptable por la relación calidad precio,Jorge,Revisado en España el 7 de octubre de 2023
En general buena compra,"4,0 de 5 estrellas","Es la segunda vez que compro este modelo, tras tener otros modelos y cafeteras similares creo que es una de las mejores,la pega quizás sea que hace demasiado ruido para mi gusto y que escogí en color crema y la esperaba algo más clarita. En general todo bien,
Además tiene la ventaja que te devuelven el dinero de la cafetera en capsulas.",Raquel,Revisado en España el 7 de abril de 2023
"Algo ruidosa, pero efectiva","4,0 de 5 estrellas","Se trata de una buena máquina de café fácil de manejar, sencilla, y con un tamaño bastante reducido. Incluye un surtido de 14 variedades de café Nespresso para degustar.

FUNCIONAMIENTO

La máquina dispone de dos botones para dispensar café, uno para café largo y otro para café corto. Además cuenta con la función de apagado automático tras 9 minutos sin ser utilizada lo que permite ahorrar energía eléctrica si se nos olvida apagarla

Para encenderla basta con pulsar uno de los dos botones y esperar a que la máquina se caliente, algo que hace en muy pocos segundos. Cuando los botones dejen de parpadear, estará lista para dispensar café, tras haber introducido una cápsula y asegurarnos de que el depósito contenga suficiente agua.

Esta máquina es algo más ruidosa que otros modelos similares.

DISEÑO

La máquina cuenta con un diseño bonito y elegante, con buenos acabados y un material aparentemente resistente y duradero. No requiere demasiada limpieza ni un mantenimiento especial. Al contrario que en otros modelos de De'Longhi, se puede utilizar con tazas grandes y con tazas pequeñas.

RESUMEN GENERAL

PROS

- Prepara un café delicioso.
- Se calienta rápido.
- Pequeña, no ocupa mucho espacio.
- Bonito diseño.
- Hay cápsulas compatibles.

CONTRAS

- Es más ruidosa que otras cafeteras similares.

En general estoy muy contento con la compra. La necesitaba para usarla en un espacio de pequeñas dimensiones y la verdad es que se adapta perfectamente. Es un máquina muy recomendable por su excelente relación calidad/precio.",Sergio Jerez,Revisado en España el 20 de julio de 2018
Funciona bien pero un poco ruidosa,"4,0 de 5 estrellas","El sabor depende de las capsulas que compras. Hay marcas muy buenas y otras menos. Si es verdad que las capsulas son un poco mas caras que el cafe molido para la moka per al final desde que la compré
me estoy ahorro unos 30 euros al mes en cafés que antes me tomaba en el bar.
La única pega es el ruido bastante fuerte.",sergio tomassi,Revisado en España el 23 de febrero de 2023
Publicidad engañosa,"4,0 de 5 estrellas","La cafetera, bien, aunque bastante ruidosa. El descuento: una promoción engañosa: el ""descuento directo"" NO es para el primer pedido, es para el SEGUNDO. Para el primer pedido te exigen un mínimo de 100 cápsulas, y un mínimo de 39 euros para tener el envío gratis. Llamé para reclamar el descuento en el primer pedido, y me dijeron que ""eso es cosa de Amazon"", lo cual es dudoso, ya que la cartulina del descuento viene con el logo de Nespresso pero no consta Amazon por ninguna parte. No me ha gustado nada, opino que una empresa como Nespresso no debería ""promocionar"" sus productos de esta forma. Al pagar con tarjeta virtual, no he podido cancelar mi pedido, pero desde luego no pienso hacer un segundo pedido.",Louise,Revisado en España el 14 de febrero de 2022
Máquina básica,"4,0 de 5 estrellas","Es pequeña, funciona bien, pero es muy ruidosa.",manntara,Revisado en España el 30 de septiembre de 2023
Compacta,"4,0 de 5 estrellas","Tamaño ideal para espacios reducidos.
Buen café
Ruidosa
Promoción inesistente en el envio",Cliente Amazon,Revisado en España el 4 de septiembre de 2023
"Buena cafetera, buen precio.","4,0 de 5 estrellas","Funciona muy bien pero, es muy ruidosa.",Mariano,Revisado en España el 18 de septiembre de 2023
Si te gusta el cafe es tu cafetera,"4,0 de 5 estrellas","Es la mejor cafetera monodosis que he provado. Es compacta y eficiente.

El sistema nespresso es el mejor en cuanto a sabor que he probado de todos los sistemas monodosis ( comparandolo con tasimo, senseo y dolche gusto, ordenados de mejor a peor). En mi casa somos muy cafeteros y ofrece una gran gama de cafes con diferentes matices.
En cuanto a la variedad solo tiene cafes, de mil formas pero solo cafe. Pero sinceramente es tan bueno que no me importa que no tenga otras bebidas. Si investigas por internet puedes encontrar algun te pero no creo que merezca la pena.
Es facil de limpiar aunque hay que estar vaciando amenudo el deposito de capsulas y el deposito de agua es dificil de quitar y poner por lo que es preferible llenarlo con un vaso o botella.
Los mayores contras son una instrucciones casi imposibles de descifrar (solo vienen dibujos), por culpa de las cuales no se la diferencia a la hora de preparar un lungo, expreso o risqueto, y que el cafe es algo mas caro que para el resto de cafeteras
O sistemas momodosis.

En resumen el mejor cafe, algo mas caro y solo hace cafe",Jose Ignacio Guerrero,Revisado en España el 17 de octubre de 2019
Muy buena pero dura solo unos 2 años,"4,0 de 5 estrellas",Termina saliendo agua y no se puede reparar pero hace un café muy bueno y la promoción de cápsulas con Amazon es genial porque son originales y salen muy baratas.,Masha Lloyd,Revisado en España el 16 de agosto de 2023
Es pequeña está muy bien,"4,0 de 5 estrellas",Esta muy bien,Joaquin,Revisado en España el 28 de septiembre de 2023
En general normal,"4,0 de 5 estrellas","Lo que no me ha gustado es que vibra mucho y dependiendo del tipo de vaso(peso), este se va moviendo y acaba cayéndose .
Otra cosa es que las cápsulas originales , a veces no caen hasta el final de su alojamiento y cuando cierras la palanca, te la cargas la cápsula .",Irisnuma,Revisado en España el 15 de febrero de 2023
Cae agua,"4,0 de 5 estrellas","Cada vez que se hace un café, cae agua por detrás. El depósito debe vaciarse muy a menudo",raquel rivero,Revisado en España el 4 de septiembre de 2023
"Muy bien de precio, el color crema es precioso","4,0 de 5 estrellas","La cafetera esta bastante bien de precio, yo compre el color crema y es precioso, el deposito de agua es suficiente para realizar varios cafes sin preocuparse por que se le acabe el agua, en el deposito de cápsulas entran unas 10, quizás alguna más.
En cuanto al ruido hace el justo, de todas formas en hacerte el cafe tardas 30 segundos, por tanto no es muy molesto.
La cafetera incluye 16 cápsulas diferentes para probar la cafetera y ver la variedad de cafes que tiene Nexpresso, ademas incluye de regalo 40 euros en cápsulas, pero ojo, son 40 euros con una suscripción, es decir que tu pagas el 1º y 3º mes y Nexpresso te regala el 2º y 4º mes.",Rodrigo,Revisado en España el 19 de agosto de 2021
Recomendada,"4,0 de 5 estrellas","Es un poco más voluminosa y ruidosa que otras cafeteras que he usado pero tampoco es algo crucial, es poco tiempo el que tarda en hacer el café. Algo bueno que tiene es que no echa un chorro de agua antes de echar el café, cosa que sí hacía a veces la otra que tuve aunque está parece que echa más agua al compartimento que tiene debajo, destinado precisamente a conetener el agua que no es usada para el café",Eloi1,Revisado en España el 3 de julio de 2022
Cafetera básica-,"4,0 de 5 estrellas",Me ha gustado que es pequeña y se puede poner en cualquier sitio. El precio de las capsulas es caro.,Fernando,Revisado en España el 6 de junio de 2023
Pequeña y comoda,"4,0 de 5 estrellas",Buen cafe,Gatowee,Revisado en España el 22 de agosto de 2023
facil de usar y pequeña.,"4,0 de 5 estrellas","es facil de usar, pero no me ha venido reembolso de 20 € en compra de cápsulas Nespresso. devolverá producto porque no se ajusta a la publicidad.",ricardo,Revisado en España el 24 de mayo de 2023
Buena calidad precio,"4,0 de 5 estrellas","En mi opinión, a pesar de que el ruido puede llegara ser un poco molesto por las mañanas, lo compensa en cuanto a la relación/precio. Si se pulsa dos veces el botón del café largo o corto lo servirá de manera automática, pudiendo hacer el resto de cosas por las mañanas sin estar pendiente de ella.

Como inconveniente, hay determinadas cápsulas que por no ser de la misma marca, darán alguna que otra interrupción y se tendrán que tirar.",Javier,Revisado en España el 9 de julio de 2022
Falta capsulas,"4,0 de 5 estrellas",No han venido las capsulas,Nerea,Revisado en España el 14 de septiembre de 2023
Manejo sencillo,"4,0 de 5 estrellas",Cumple sus funciones,Cliente Amazon,Revisado en España el 30 de agosto de 2023
Sencilla en todo,"4,0 de 5 estrellas","Es la segunda que tengo. Mismo modelo y color.
Funciona bien. Te permite utilizar todas las capsulas tipo Nespresso.
Nivel de ruido aceptable (Lógico en bombas de presión)
Duración: Limitada. Con un huso de 6 a 8 cápsulas diarias la duración media de la máquina es de 27 meses. Constatado con las máquina usadas por mi hija y las mias del mismo modelo.
Fallos: Se agrieta el alojamiento de la cápsula, o falla el arrastre de cierre.
Aún así, hemos vuelto a comprar otra igual.
Funciona bien, tiene un buen precio, y arriesgarte a gastarte mas dinero con otras que su resultado va ha ser muy parecido, no merece la pena.",Felix A.,Revisado en España el 10 de abril de 2021
Buena relación calidad/precio.,"4,0 de 5 estrellas","Hola, la máquina tiene buena relación calidad/precio. Algun dato que puede interesar: la altura de la bandeja al grifo surtidor es de 9 cm, y el ruido de + o - 30 dB, en la publicidad dice 14 dB, si eres de los que te gusta el café ardiendo con esta máquina no lo obtendrás, para mí sale a buena temperatura pero otras calientan más, por lo demás todo bien, hace un café riquísimo, con su buena espuma y buen sabor. Gracias.",Mario,Revisado en España el 11 de marzo de 2022
Buena cafetera,"4,0 de 5 estrellas",Me gusta mucho el sabor que sale el café con esta maquina,Cliente Amazon,Revisado en España el 17 de julio de 2023
Hace buen cafe,"4,0 de 5 estrellas","Lq cafetera bien, es la esperada y funciona bien",Salvador Marti Malonda,Revisado en España el 25 de julio de 2023
Eficacia,"4,0 de 5 estrellas",Relación calidad-precio,Gajipa,Revisado en España el 1 de septiembre de 2023
Normal,"4,0 de 5 estrellas","Es compacta y fácil de usar, pero no aporta nada especial al café. En otras máquinas sale más cremoso.",Cliente Amazon,Revisado en España el 31 de mayo de 2023
cafetera,"4,0 de 5 estrellas","La cafetera es tal cual la foto ,al natural es mucho mas bonita ,me vino muy bien embalada y perfecta ,lo único es que no hace ni tres meses que la tengo y a veces cuando la pongo en marcha las luces parpadean tres veces seguidas y así sucesivamente y no se para la tengo que desenchufar y volverla a conectar y luego va bien esto me lo ha hecho tres veces ya ,he leído que puede ser que necesite descalcificar ,pero en tampoco tiempo y usándola tampoco ,si alguien lo sabe ,por lo demás el café buenísimo ,hace un pelín de ruido pero es normal ,gracias",Cliente Amazon,Revisado en España el 8 de diciembre de 2020
Que hace un café muy rico.,"4,0 de 5 estrellas","HAY UN PROBLEMA: En el cartón de la caja de embalaje ponía que junto con la cafetera, enviaban 14 cápsulas de café de regalo y esta cafetera no traía ninguna.",Andromeda.,Revisado en España el 25 de enero de 2023
Cómoda de usar,"4,0 de 5 estrellas","Me gusta para usar con cápsulas compatibles de otras marcas, pero he encontrado ya algunas que no valen.

Con las propias de Nespresso va bien.",susana,Revisado en España el 27 de marzo de 2023
Buena máquina aunque ruidosa,"4,0 de 5 estrellas","Me gusta el café que hace, rápido y muy caliente. Lo que no me gusta es que es más ruidosa que otras que he tenido al salir el café. Por lo demás estoy satisfecha con ella",MaJoMa,Revisado en España el 10 de diciembre de 2022
Merece la pena,"4,0 de 5 estrellas","Buena compra. Venía del modelo superior que se estropeó tras seis años de uso. Funciona perfectamente y funciona igual que el modelo más caro. Sólo le doy cuatro estrellas pues el producto que he recibido no traía ni un solo precinto ni plásticos pegados, lo cual quiere decir que me han dado el producto que otro ha abierto. No me parece de recibo de una marca co está. Deben venderlas como reacondicionado o casi nuevas... Una mala práctica que a veces encontramos en Amazon.",Daniel,Revisado en España el 29 de agosto de 2021
Buen precio,"4,0 de 5 estrellas",Todo depende de las cápsulas que utilices. Pero en general está bien.,Pablo Rodriguez Trigo,Revisado en España el 12 de marzo de 2023
Cafetera nexpreso.,"4,0 de 5 estrellas",Hola de momento va bien es sencilla pero para el uso que le doy suficiente. Gracias un saludo.,Antonio,Revisado en España el 24 de febrero de 2023
Buena máquina,"4,0 de 5 estrellas","Lo que no entiendo es que una máquina nespresso que es una de las mejores para mi opinión, haga el ruido ensordecedor que hace, no daba crédito cuando la usé.
Por lo demás, ninguna pega.",nch,Revisado en España el 27 de agosto de 2022
Hace más ruido que otro tipo de cafetera,"4,0 de 5 estrellas",Cambié la cafetera porque se quedaba las cápsulas atrapadas pero con la segunda vuelve a suceder aunque de vez en cuando y hace más ruido que otro tipo de cafetera Nespresso pero por el precio que tiene está muy bien.,Verónica G.,Revisado en España el 24 de agosto de 2022
Buen producto lo recomiendo,"4,0 de 5 estrellas","No le doy 5 estrellas porque hace demasiado ruido, aunque hace el café rapidísimo y al final no es para tanto",SGM,Revisado en España el 24 de noviembre de 2022
Hace buen café,"4,0 de 5 estrellas","Es una cafetera bastante silenciosa que hace buen café, para las cápsulas tipo nespresso
No tiene ningún accesorio extra como aviso de falta de agua o similar
Se limpia fácilmente y parece robusta, el tiempo lo dirá
La capacidad del depósito resulta un poco justa
Volvería a comprar",Ignacio,Revisado en España el 20 de marzo de 2022
el café de la mañana,"5,0 de 5 estrellas",perfecta cafetera de cápsulas para tener un buen cafe,Paula Martínez tortes,Revisado en España el 22 de abril de 2024
Buen café,"5,0 de 5 estrellas","Es practica, ocupa poco espacio y hace un buen café.",Clovis,Revisado en España el 19 de abril de 2024
La cafetera por excelencia,"5,0 de 5 estrellas","Qué decir de la Nespresso... Para mí, la mejor cafetera; no por la cafetera en sí, sino por el café que prepara y la grandísima variedad de cápsulas que puedes encontrar en cualquier supermercado, sea el que sea.

Lo que no resulta cómodo es la manera de introducir la cápsula, puesto que tienes que orientar la punta de la cápsula hacia abajo (hacia el conducto por donde se desliza) o se queda enganchada. Si se queda enganchada, puede quedarse bloqueada y hay que hacer fuerza para poder sacarla.

Respecto a si ensucia o no, sí es cierto que desprende más agua que la Dolce Gusto o la Tassimo, pero a mí el sabor del café me merece la pena.

Resumiendo: para mí, la mejor cafetera del mercado, aunque deberían de mejorar el sistema de introducción de la cápsula. Además, puedes encontrar muchísima variedad de cápsulas, incluso de marca blanca, en cualquier supermercado o tienda de barrio.

Consejo: si estás pensando en comprar una Nespresso, ten en cuenta que el modelo Vertuo usa otro tipo de cápsulas mucho más difíciles de conseguir y no compatibles con la Nespresso clásica.",Cliente__Vip,Revisado en España el 2 de enero de 2023
Buena,"5,0 de 5 estrellas",Hace su papel al introducir la cápsula va un poco dura.es el único pequeño problema que veo. Por lo demás funciona perfectamente,Yolanda Castillo Martín,Revisado en España el 15 de abril de 2024
Relación calidad precio óptima,"5,0 de 5 estrellas","La compramos para tenerla en una oficina donde somos muchas y nos ha salido muy bien. El funcionamiento es más que correcto, sencillo y limpio. Se puede regular la cantidad de agua para cafés más o menos largos. Con las diferentes promociones nos costó 3€ a cada una y además nos llevamos casi 100 cápsulas. Con que nos dure un año, habrá sido una buena compra.",Rosa,Revisado en España el 7 de febrero de 2024
Nunca me defrauda esta máquina,"5,0 de 5 estrellas",Es más rápido a la hora de calentarse que las antiguas. Me gusta la espuma que saca el café. Perfecto de caliente para tomar. Muy contenta con la compra.,Cliente Amazon,Revisado en España el 17 de marzo de 2024
Casi perfecta,"5,0 de 5 estrellas","Hace un café genial. Eso para una cafetera es muy importante. Jeje.
La única pega es que hace un poco más de ruido del deseable para hacer el café.",ivan,Revisado en España el 29 de marzo de 2024
Cafetera de pijos,"5,0 de 5 estrellas","Pues mira, os cuento... La pillé con una oferta y mi pareja es una pobre con complejo de pija y por eso quería esta cafetera. Solo tiene dos botones así que ya imagináis si es fácil o no porque ya sabemos que los pijos andan escasos de neuronas y tampoco compran por Amazon. También he de decir que yo odio el café, me quedo con mis zumitos pero mi padre, la persona más criticona y toca pelotas que es diciendo que lo suyo es mejor aunque sea mentira dice que este café le gusta mucho y eso ya es decir. La única pega que pongo es que no haya chocolates y cosas así pero también soy imbécil pidiendo eso ya que se llama CAFEtera.
En resúmen, mola, llega pronto, viene con cafés y se para sola cuando toca.
Pone que puntue el sabor pero me niego a chupar la cafetera",Damian,Revisado en España el 5 de noviembre de 2022
LA VERDAD DE NESSPRESO,"5,0 de 5 estrellas","Es la tercera máquina que tengo de la marca Nesspreso. Ayer se me rompió una y la he vuelto a pedir la misma, decir que el fallo de esta máquina es que no indica cuando debes limpiarla que si vives en una zona alcalina como la costa es cada 500 cápsulas de café sino cada 1.000 debes limpiarla con pastillas o líquido descalificador. Yo no lo hice porque esperaba que los botones me lo confirmasen como en el caso de Tassimo.

Otro problema que tiene es que Nesspreso suele tener “accidentes” por agua, el agua se sale por el conducto por donde sale café. Pero ojo no está rota (yo la tiré) sino que un técnico o si eres muy manitas deberá quitar esa tapa por donde sale el café y limpiar todo el grano de café y de cal acumulada y los orificios con palillos, etc. Para que el agua fluya y no se estanque.

Ahora el café está riquísimo, el mejor de cápsulas, además no ocupa mucho y de precio está bien, no me llego envasada como tal pero si protegida con la caja y toda la documentación.

Yo si la recomiendo, pero hay que leerse información en su página web y en foros y vídeos.

PD: Cápsulas son demasiado caras.",Yeray,Revisado en España el 12 de agosto de 2022
Muy contenta,"5,0 de 5 estrellas","La compré para hacer un regalo, quedé muy bien",Zulema Córdova,Revisado en España el 1 de abril de 2024
Que es de longuin,"5,0 de 5 estrellas","Es
fácil de usar y hace buen café nada me disgusta.",Carmen Hernandez,Revisado en España el 7 de abril de 2024
Calidad,"5,0 de 5 estrellas",Excelente calidad para tomar un buen café de cápsula es la mejor opción,Asdrubal Jurado,Revisado en España el 3 de abril de 2024
Buena cafetera,"5,0 de 5 estrellas",Es una cafetera que por su precio si tomas dos cafés al día es una opción muy interesante. Como consejo utiliza las cápsulas siempre de aluminio para alargar la vida de las agujas internas y hazle un ciclo de descalcificaciones cuando le toque y tendrás cafetera para años.,Raul casanova garcia,Revisado en España el 19 de enero de 2024
cumpkir las condiciones e venta abono descuento de 30€,"5,0 de 5 estrellas",He comprado una maquina nespreso con descuento de 30€ he tratado de comprar capsulas100 y el numero de cupon ES 172577133 y mee da un codigo 100,JUANJOSE,Revisado en España el 2 de marzo de 2024
Buena cafetera,"5,0 de 5 estrellas","Llegó antes de lo previsto. Compre una para el trabajo ya que tengo la misma en casa y estoy encantada. Lo único que en vez de 14 cápsulas que me ponía, llegaron 7",Lander Sustatxa,Revisado en España el 16 de febrero de 2024
Está bien,"5,0 de 5 estrellas","Este modelo de cafetera es la
Más básica , pero cumple con su función está bien en relación calidad -precio",Juliana,Revisado en España el 18 de marzo de 2024
Un 10,"5,0 de 5 estrellas",Muy buena maquina,Cliente Amazon,Revisado en España el 17 de abril de 2024
NESPRESSO MUY RECOMENDABLE,"5,0 de 5 estrellas","Estuve mucho tiempo con la duda de su compra, yo soy de italiana de aluminio. Y reconozco que es un acierto, buen café y a elegir según la cápsula, rápido, sin ensuciar y buen café.
Echando cuentas no es tan significativa la diferencia y tienes a elegir el tipo de café que te apetece en en momento.
Para mí un gran acierto y muy recomendable.",PABLO MORENO FERNANDEZ,Revisado en España el 30 de noviembre de 2023
Cafetera Nespresso Modelo De'Longhi Inissia EN80.B 2019,"5,0 de 5 estrellas","Cafetera automática y programable de capsulas monodosis con 19 bares de presión, muy sencilla de usar y de limpiar ya que apenas hay residuos directos en la cafetera “No hay posos”
Características:
Peso: 2.391 gramos
Dimensiones desplegada: 31 cm largo,12cm ancho, 24-32 alto (Elevada palanca)
Deposito de agua: 700ml
Potencia: 1260w
Tipo de capsulas: Nespresso y marcas compatibles como Starbucks,etc.

Pros: Maquina pequeña para hacer café por medio de capsulas (Fácil y limpio), es muy rápida a la hora de calentar ya sea desde apagada o haciendo más de un café rellenando el deposito de agua. Puedes programar los dos botones para que se adapte a tú medida correcta de agua para el café. Mete ruido, pero puedes hacer café por la noche. Actualmente tienes gran cantidad de tipos de café compatibles. Tienes una gran variedad de accesorios y Nespresso tiene un buen soporte comercial y técnico.

Viene con un regalo de 14 capsulas Nespresso para probar sus variedades y un cupón descuento de 20€ para usarse en nuestra próxima compra online, en tienda física o por teléfono (Recibiremos está información por correo por parte de Amazon)

La cafetera tiene un buen diseño, funciona muy bien y lo de poder programar los botones la hacen perfecta para mí
Contras: Por parte de las capsulas, aunque son de aluminio, para reciclarlas correctamente debemos retirar todo el café usado de su interior y limpiarlas para que no contengan restos orgánicos.",Emmanuel,Revisado en España el 8 de agosto de 2020
"Pequeña, funcional y buen café.","5,0 de 5 estrellas","Es la segunda cafetera que compro para regalar de éste modelo.
De tamaño pequeña por lo que es perfecta para cocinas de espacio reducido.
Funcionamiento muy fácil.
El café sale bueno.
Viene con cápsulas de muestra para probar y además te mandan un código (almenos en mi caso) para en próximos pedidos de café ir abonando vales descuento por el valor total de la cafetera.

Estoy muy contenta con la compra, y la persona destinataria del regalo también, así que la recomiendo sin ninguna duda 👍",TRIBE 💫,Revisado en España el 23 de julio de 2023
buena cafetera,"5,0 de 5 estrellas","La he comprado por que en el trabajo tenemos la misma y por eso me he decidido comprar la misma, también estaba de oferta. El tamaño ideal no ocupa demasiado espacio. Vengo de tener Dolce gusto pero ahora son muy caras... el café he de decir que me gusta mas.. la de Dolce gusto.
Sres. de Amazon mi pedido lo recibí sin envoltorio... todo el mundo vio que me he comprado una cafetera.. a nadie le importa que compro... por favor la próxima vez agradecería un envoltorio para los pedidos. Muchas gracias",marta,Revisado en España el 23 de agosto de 2023
Robusta,"5,0 de 5 estrellas",Caliente muy bien el café,juan posada martínez,Revisado en España el 11 de abril de 2024
Muy buena,"5,0 de 5 estrellas",Funciona perfectamente y el precio mejor que en la tienda,Ivis,Revisado en España el 23 de marzo de 2024
Perfecto,"5,0 de 5 estrellas",Todo muy bien !! Compra recomendable,Alex AP,Revisado en España el 31 de marzo de 2024
"Excelente como siempre, aunque el embalaje llego dañado","5,0 de 5 estrellas","La cafetera es excelente, como siempre. Pero el embalaje llego bastante deteriorado. Esto no deja en buen lugar al distribuidor.",Amazon Customer,Revisado en España el 14 de febrero de 2024
Hace mejor café que muchos bares.,"5,0 de 5 estrellas",La hubiera comprado igual pero viene con 7 cápsulas y no 14 como dice la descripción.,María José,Revisado en España el 4 de marzo de 2024
Que sea el mismo producto que se ofrece.,"5,0 de 5 estrellas",Es una máquina funcional 100×100.,Fernando,Revisado en España el 17 de marzo de 2024
Me encanta,"5,0 de 5 estrellas","Muy práctica, muy fácil de usar y fácil de limpiar",Lidia RP,Revisado en España el 4 de marzo de 2024
excelente cafetera,"5,0 de 5 estrellas","Me gusta casi todo excepto el recipiente de agua, que es pequeño, pero no es grave",Cliente Amazon,Revisado en España el 23 de febrero de 2024
Practica,"5,0 de 5 estrellas",Aún la tengo. Muy bien,NH,Revisado en España el 5 de abril de 2024
Café muy calentito y rico,"5,0 de 5 estrellas",Me gusta mucho espero q dure mucho tiempo,Tai_art.Toñy polonio martinez,Revisado en España el 6 de marzo de 2024
Un diseño maravilloso y funcionamiento inmejorable,"5,0 de 5 estrellas","Dejando de lado que la cafetera funciona perfectamente , el diseño de este modelo es ideal para personas ,como es mi caso, que tienen una cocina muy pequeña. Es muy estrecha , uno no se hace idea de lo pequeña que es hasta que no la tiene entre las mano.
El funcionamiento es sencillo, se baja la palanca se introduce la cápsula del café , se apreta el botón y en segundos tenemos un café perfectamente caliente.
Dentro de la caja viene un muestrario con 18 cápsulas Nespresso para que podamos probar todas sus variedades y además un cupón regalo de 20 € para gastar en las tiendas Nespresso.

PROS :
- Relación calidad/precio
- Tamaño muy reducido y mismas prestaciones
- Cápsulas de regalo dentro de la caja.
- Cupón regalo de 20 € .

CONTRAS :
Ninguno",Quién te lo ha dicho ֍,Revisado en España el 31 de diciembre de 2017
