title,rating,body,author,date
Dos meses de uso,"1,0 de 5 estrellas","Ruido infernal matutino pq el depósito de agua no encaja bien.
Usado con dos tipos de cápsulas y café molido. Para beber aguachirris, revienta las cápsulas y mete tanta agua que la hora de cambiar la cápsula o vaciar el café tienes que poner un cacharro debajo para el agua que la máquina suelta.
La medida de café pequeña es insuficiente y la grande excesiva....
99€ para nada, una cafetera que no satisface en ninguna de las tres versiones que he probado",AnitaBarbadillera,Revisado en España el 21 de enero de 2024
Cafetera,"5,0 de 5 estrellas",El producto no funciona duró poco para lo que costó,Nena Morales,Revisado en España el 15 de enero de 2024
Cumple su función,"4,0 de 5 estrellas","Cumple su función, el café sabe bien pero si es verdad que en general me da una sensación de baja calidad la máquina en si.",Alejandro,Revisado en España el 7 de enero de 2024
Calidad del producto...,"5,0 de 5 estrellas",Saca un café premium... Siempre y cuando utilices un café de calidad... La posibilidad de usar cápsulas de café... Un,PIBE,Revisado en España el 7 de enero de 2024
buen cafe,"3,0 de 5 estrellas","instrucciones no muy claras. Durante días no funcionaba el botón ""on off"" encendía pero para apagar había que desenchufar, ayer me planteé devolverla y empezó a apagarse con el botón off, algo que no había hecho desde que la recibí",Juana,Revisado en España el 3 de enero de 2024
Genial,"5,0 de 5 estrellas","Llevo ya dos años con ella y sigue funcionando perfectamente tanto con nespresso, como con las bolsas, como con las del otro tipo de capsulas.",iCue,Revisado en España el 3 de enero de 2024
estoy conforme,"4,0 de 5 estrellas",practica y facil de manejar,DVR321,Revisado en España el 31 de diciembre de 2023
"Buena,pero....","4,0 de 5 estrellas","Buena máquina,pero tiene algunos problemas,el sabor a plástico en los cafés tardo casi 1 semana en irse,y el segundo pero es que hay cápsulas del tipo dolce gusto que no funcionan bien del todo.
Por lo demás una buena máquina de café.",juan jose soler,Revisado en España el 31 de diciembre de 2023
Máquina increíble.,"5,0 de 5 estrellas","Compré esta cafetera porque llevaba ya tiempo buscando algo que pudiera aunar varias cápsulas de café, en lugar de tener tres o cuatro cafeteras para cada tipo de cápsula. Debo decir que es una maravilla, además de que la marca Princess siempre hace aparatos muy buenos y fiables.

La cafetera viene con tres adaptadores distintos y dos filtros de café. El adaptador para Dolce Gusto, el de Nespresso y el de Senseo, que es donde van los dos filtros de café: uno para Senseo y otro para café como tal. Es decir, se pone el café como en una cafetera normal y se hace.

Por el precio que tiene, me parece hasta muy barata sólo por la posibilidad de hacer cuatro tipos de café en una sola máquina y que tiene dos posiciones: café corto o café largo. Y es automática. No tengo que estar pendiente de cuándo necesito que pare. Además, se pueden alargar o acortar los tiempos, según el gusto de cada uno, para que haga los cafés cortos en formato micro-mini o más largos y los cafés largos en formato más corto o interminable. A elegir.

En cuanto al sabor, es bastante metálico en las partes metálicas, aunque las partes plásticas, curiosamente saben a plástico. 😝

El sabor del café es muy intenso. Con 19 bares de potencia, más que las máquinas de Dolce Gusto o Nespresso normales, que suelen tener 15, todo el sabor del café está asegurado. Y si es café de avellana o de caramelo... eso ya es otro nivel.

Una compra obligada si te gusta el café de cápsulas pero de vez en cuando también te gusta el café normal. NO muele el café ni nada por el estilo (no es una cafetera super mega ultra automática de esas) y no tiene espumador de leche ni nada por el estilo. Es, simplemente, una cafetera de cápsulas con opción a tres de las cuatro (o cinco) variedades de cápsulas del mercado y ya no te ves obligado a comprar sólo de una marca. Ahora puedes alternar entre unas marcas y otras o, simplemente, hacerte una taza de café molido.

Muy recomendable, repito, si te gusta el café de cápsula. Si lo que te gusta es que te lo muela, te haga espuma de leche y todas esas cosas, ésta no es tu cafetera. Para eso, una mega hiper ultra automática de esas, que no va con cápsulas, pero te muele el café y cosas así.

Espero que la reseña sea de ayuda.",JC,Revisado en España el 26 de julio de 2023
Se ve buena,"4,0 de 5 estrellas","La cafetera está bien y es bonita . Le puedes poner cápsulas de dolce gusto ,Nespresso y café normal molido de toda la vida . . Después del uso tenéis que coger el adaptador de las cápsulas y ponerlo un momento bajo el grifo para que no se acumulen restos de cafe por qué se puede obstruir que tampoco es gran problema se lavan y listo .. me gusta la cafetera lo que no me convence son los adaptadores de las cápsulas que son de plástico y no sé si se caen al suelo como puede acabar y también me pase agua hirviendo por una cosa de plastico . Al final nos comemos el plástico con todo hoy en día .",Antonio cano martin,Revisado en España el 5 de agosto de 2024
Cómoda y versátil,"5,0 de 5 estrellas","Andaba buscando una cafetera-para-todo y me animé a probar esta Princess por los comentarios positivos. Para mí, era importante que me permitiera usar café molido (es lo que uso habitualmente) y, además, cápsulas para los momentos en los que ando con prisa o me quiero dar algún capricho. Este es de los pocos modelos que admite cápsulas Nespresso y Dolce Gusto, además de monodosis Senseo y café molido tradicional. Es fácil de usar y de limpiar una vez le coges el tranquillo. Eso sí, no tiene depósito para cápsulas, por lo que debes retirar manualmente la cápsula después de cada uso, igual que debes limpiar el cestillo del café molido si esta es la opción que has usado. Para mí no es ningún problema, pero puede haber personas a las que esto les moleste.",A. M. Vozmediano,Revisado en España el 10 de julio de 2024
"Una maravilla admite cápsulas Nesspreso, Dolce Gusto, Starbucks, Monodosis y café molido.","5,0 de 5 estrellas","4 en 1 y lo mejor de todo es que la bomba gana presión muy rápido, tenía una cafetera de Oster y para que ganara presión tardaba varios minutos, aquí son segundos. La única pega es que no tiene las barritas de tiempo de las cafeteras Dolce Gusto. Eso significa, que el café hay que hacerlo a ojo. Si por ejemplo, vas a hacer un Capuccino y vienen dos cápsulas, la de leche y la del café, en las cápsulas Dolcre Gusto tienes unas barras que se programan para determinar el tiempo exacto. Aquí no, es a cálculo. El botón de taza grande son 100 ml y el de taza pequeña son 50 ml. Si tienes que hacer 175 ml de leche para capuccino, tienes que pulsar 1 vez el botón de taza grande, 1 vez el de pequeña y al terminar, otra vez más del de pequeña, pero no dejarlo terminar, lo tienes que cancelar antes. Suena complicado, pero no lo es, en 5 minutos le coges el truco. Merece la pena comprarse esta cafetera, porque puedes hacer todo tipo de cafés. El acero inoxidable es de calidad. La única pega (que no lo es) podría ser que el depósito de agua es pequeño, te sirve para unos 3 usos y tienes que rellenarlo. Mejor pequeño, porque te obliga a renovar el agua, nadie quiere tomarse un café con agua rancia de varios días, así que es perfecta.",jesús,Revisado en España el 19 de febrero de 2024
No es un 4 en 1. Hace café bueno pero decepciona en algunos aspectos,"3,0 de 5 estrellas","La cafetera hace un café muy bueno y sabroso, sin embargo tengo sentimientos encontrados hacia ella.

Nespresso y ESE son las cápsulas que normalmente utilizo y hacen un café delicioso, con ESE al principio hacía mucha espuma pero en apenas un mes noto que hace menos aunque sigue estando buenísimo. Limpio la cafetera y descalcifico todos los meses así que eso no es. Aún no he podido probar Dolce Gusto así que no opinaré de ella.

El café molido, lo probé pero era mediocre por no decir que sabía como el café de la cafetera típica de aluminio, aún así quería probar otras marcas pensando que podría deberse a la calidad del café pero ahora mismo no puedo hacerlo porque hay algo que más adelante explico que me impide variar entre ESE y café molido tanto como desearía.

DEFECTO GRAVE (-)
Las dos cosas que considero más graves es que hay veces que le da por hacer un RUIDO ESTRUENDOSO y la máquina se pone a vibrar más que de costumbre con lo cual tienes que estar pendiente y SUJETARLA PARA QUE NO SE DESLICE LA TAZA Y CAIGA. No sucede siempre pero cuando suena fuerte sabemos que hay que vigilar.

DEFECTO MUY GRAVE (--)
Pero lo peor y que considero más grave de todo es que ESE y café molido comparten el mismo porta cápsulas y lo que hay que cambiar es el metal interior, pero eso resulta imposible muchas veces dado que -imagino que por tema de dilatación del metal- A VECES EL CACHARRO NO ENCAJA con el porta cápsulas y cuando lo colocas EL METAL SALTA HACIA FUERA Y NO SE SUJETA, por lo que tienes que METERLO TODO A LA FUERZA y esperar a no cargarte la cafetera ejerciendo presión, ha habido varias veces que como se saltaba, chocaba con la parte superior de la cafetera, a parte del tiempo que hay que dedicar cada vez que quieres cambiar de monodosis justamente por eso.

Una vez que con el calor encaja, ya NO ME ATREVO IR VARIANDO ENTRE ESE Y MOLIDO porque cada vez que quito uno y pongo otro es un suplicio por no decir la cantidad de gérmenes que se acumularán allí porque no puedo desmontarlo, limpiarlo y montarlo con facilidad sino que dentro de un tiempo cuando quiera café molido tendré que hacer el cambio y dejarlo colocado largo tiempo.

Esta para mí ha sido lo peor y la razón por la cual no la recomendaría. Ese mecanismo tendría que encajar a la perfección y si no poner un porta cápsulas para cada uno. Porque si te compras una máquina de estas es para tener facilidad de elección y cambiar al gusto, no que me veo pudiendo utilizar solo ESE y sin poder tomar café molido cuando me apetezca y viceversa",Antonia,Revisado en España el 4 de marzo de 2024
Espectacular,"5,0 de 5 estrellas","Estoy encantada, calienta rapidísimo, me hace tres tipos de café, expreso, Nespresso y E.S.E. exquisitos. Si, hace un poquito de ruido...
Por este precio no se me ocurre nada mejor.
Espero que me dure mucho mucho tiempo que aúne quedan muchos cafés que probar.",Rakel,Revisado en España el 6 de julio de 2024
Gran idea,"4,0 de 5 estrellas","Es una gran idea una cafetera que puede ir con café molido tipo expreso, como las de los bares, y a la vez puedes usar las cápsulas típicas de moda. En cuanto a poder usar también monodosis duras es un poco tontería ya que por mucho que he buscado no he encontrado en ninguna tienda, supongo que ya no las hacen. Así que pagué más para nada. Funciona en general muy bien.",P,Revisado en España el 26 de abril de 2024
Excelente cafetera multicapsulas,"5,0 de 5 estrellas","Somos muy cafeteros en casa. Hemos ido probando diferentes cafés con el tiempo y diferentes cafeteras también.

Hay a quienes nos gusta una marca en concreto de café pero en casa hay un sinfín de gustos.
Tener la opción de poder usar capsulas nesspreso (o compatibles), capsulas dolce gusto (o compatibles), monodosis ESE (o compatibles) y finalmente café molido de toda la vida, es una verdadera maravilla.

La cafetera tiene un depósito que a diferencia de la mayoría de cafeteras, incorpora una tapa, es decir el llenado no requere la extracción del depósito, por lo tanto lo considero comodísimo.

Los adaptadores, funcionan correctamente, los he probado con todo tipo de capsulas (originales y compatibles y funciona bien con todas.

Tiene tres botones, el central de encendido, y dos a cada lado para el café corto o largo, aunque puede ajustarse la ""longitud"" de los cafés, presionando los botones mantenidamente los segundos necesarios para ajustar la cantidad.

Una de las cosas que podría considerarse negativa, y que a mi entender es en verdad positiva a largo plazo, es que cada vez que se hace un café hay que extraer el adaptador correspondiente, y aunque parece más engorroso que en una cafetera de capsulas convencional, donde estas caen en un depósito, lo cierto es que el sistema es más ""·limpio "" ya que no acumula capsulas usadas y restos de café en el depósito y a decir verdad en mi caso lo prefiero, ya que no se forman esos posos de café en el fondo del depósito.
La limpiea de los adapatadores es facilísima, basta con dejr caer agua del grifo unos segundos y trae una ventaja adicional, dentro la cafetera NO se ensucia, todo lo que sale de las capsulas queda en los adaptadores. Los que hemos usado cafeteras de capsulas normales sabemos que en el cabezal de salida (especialmente en las cafeteras para capsulas del tipo nesspreso) se suele ensuciar con facilidad y frecuentemente (si se usa mucho la cafetera claro) , y yo he tenido que desmontar muy frecuentemente la cafetera para limpiar, pero en los últimos modelos el desmontaje de las cafeteras es cada vez más difícil, por lo tanto esto de la limpieza lo considero un punto muy muy positivo.

Y finalmente para aquellos a quienes nos gustan las lineas de eectrodomesticos con menos plastico, esta me parece preciosa, el cuerpo es de acero inoxidable muy en la línea de los productos princess.

Asñi que en general la valoración es muy positiva para esta cafetera.",C. S. R.,Revisado en España el 23 de agosto de 2023
Cafetera compacta apta para espresso y capsulas muy practica,"5,0 de 5 estrellas","Pues despues de casi un mes con esta cafetera estoy muy contento con su resultado, el envalaje en el que vino es bastante correcto y la presentación es tambien decente, quizá viene todo envuelto en bolsitas sin ser necesario, pero bueno, por lo demas el acabado general es bastante bueno,.

Sobre los dos filtros que trae para el brazo portafiltros uno es para preparra un café individual y el otro doble, no tiene mas, es enrasar hasta la marca con café molido y apretar con la cuchara prensadora (es practimente la misma cuchara con prensador que traen todas las cafeteras de este rango de precios), congerle el punto a la presion que debes hacer y la cantidad de café te llevará algunas pruebas, pero lo bueno es que se trata de adecuarlo a tu gusto, una vez lo tengas pillado es relativamente facil, como detalle los filtros son de acera y son presurizados, es decir hasta que se pase de x presión no permiten pasar al líquido.

Ahora vamos al otro brazo que trae(que es más grande (ojo que esto puede ser importante) y que sirve para montan el adaptador de las monodosis tipo nespresso. Con este adaptador yo tube un pequeño problema con algunas capsulas compatibles que eran el brode exterior de plastico y solo el centro era alumini, y es que a la hora de montarla y que los picos que hay en el interior del portacapsulas la perforasen esta vailaba bastante e incluso se me llegabaa deformar, con ayuda de un destornillador plano enderecé los picos internos (para que estubiesen lo mas verticales posible) y a partir de eso 0 problemas tanto con las capsulas de aluminio tipicas de nespresso como las plasticas compatibles, de echo hasta me cierra mejor la tapa del portacapsulas ahora que he modificado eso.

Fuera del aspecto de uso de los filtros es una máqina de espresso, el sitio que hay disponible entre el deposito de goteos y la boquilla del portafiltros es de unos 7 centimetos aproximadamente por lo que entra pocillos de café pequeños y medianos sin mayor problema y algunas tazas bajas, si te gusta hacer café largo o lo quieres hacer con leche y usas una taza grande puedes sacar el deposito antigoteos inferios y le ganas unos 3-4 centimetrós de altura, esto importa especialmente con el adaptador de las capsulas pues es más grande que el portafiltro.

Otra cosa que importa es que si la cafetera te patina un poco la fuerza que hayq ue hacer para poder cerra el portafiltros es bastante sobretodo cuando se mueve la máquina pues al ser pequeña es muy facil moverla.

Como ultimo detalle está el vaporizador para calentar la leche o para sacar agua caliente para hacer una infusión, la cafetera calienta bastante rapido así que yo he pasado ausar esta para las infusiones en lugar de calentar el agua en el microondas, eso si para sacar agua caliente por el vaporizador tiene su truquillo: Partimos de la cafetera apagada, la encendemos y esperamos a que caliente (normalmente con que ronde la marca roja ya saldrá bastante caliente) en este punto y para que no se le de por echar agua por la salida de café abrimos un poquito (solo un poquito) el regulador del vapor y ponemos el recipiente donde vayamos a depositar el agua bajo la boquilla del vaporizador, uan vez echo esto pulsamos en el boton del café y procedemos a abrir de todo el regulador del vaporizador y nos echará un chorro de agua caliente por el vaporizador cuando terminemos de echar agua cerramos el regulador del vaporizador y pulsamos en el botón del café.

El proceso de agua caliente atambien sirve para purgar (recomiendan hacerlo una vez al mes) el sistema de la cafetera.

Como vaporizador deberemos usarlo siempre despues de hacer los cafés, pues al ser un canal unico para el agua habrá que esperar a que se enfrie el sistema tras sacar vapor para poder hacer otro café.",Elgetas,Revisado en España el 3 de febrero de 2021
Hace buen café,"5,0 de 5 estrellas","La cafetera tiene buen diseño y hace buen café dependiendo del gusto de cada uno, hay que elegir uno de calidad y a ser posible molido para expresso. El café sale con espuma y si se quiere con leche el espumador funciona bien, recordar limpiarlo deprisa para que no se seque la leche ahí. Primero el café y luego calentar la leche con el espumador poniendo la función vapor.
Despues de dos meses estamos contentos con la compra, la función de cápsulas la he usado un par de veces pero salen mejor con la nespresso, para un apuro vale pero su función principal es la de café molido",pacof,Revisado en España el 2 de junio de 2024
Me gusta,"5,0 de 5 estrellas","Llevo poco tiempo y de momento me gusta mucho, va bien con todas las cápsulas y con café molido. La recomiendo",Sonia,Revisado en España el 5 de agosto de 2024
Versátil y buen acabado..,"5,0 de 5 estrellas","Versátil y perfecto para Dolce Gusto+ Nespresso+ café molido.. Si dura... Por ahora 10/10, muy recomendable #princess",Martin Azcarate,Revisado en España el 7 de agosto de 2024
Buena cafetera a buen precio,"5,0 de 5 estrellas","Tras dos meses de uso, estoy muy contento con la compra.

Tras estropearse la Nespresso, decidí comprar este tipo para dejar de usar capsulas de aluminio por dos motivos: por economia y por ecología

En precio no hay color.
Comparando las capsulas compraba con el molido compro ahora (ambos de ventas en todos los supermercados de España) tenemos las capsulas por menos 4€ para 10 cafés, y por ese precio tengo un paquete de café de 250 gr
Que da para muchos más cafés. No lo he calculado, pero a ojo diría da al menos para tres veces más.
La cafetera cuesta poco más que una Nespresso barata así que amortizaré la diferencia rápidamente.

Y segundo por el medio ambiente: es infinitamente más limpio para el planeta.
Eso si, es un poco más sucio para tu cocina. Siempre cae algo de café cuando cargas o descargas el cacito.

+Precio compra y precio café
+Velocidad calentamiento (un poco más lenta que Nespresso tenía, eso si)
+Posibilidad cappucino
+Depósito fácil de llenar sin extraer
+Adaptador cápsulas Nespresso
+Dejar de contaminar con cápsulas aluminio

-Instrucciones.
las podeis descargar desde esta misma pagina de Amazon y vereis son mejorables.
Por ejemplo, el botón de encendido lo describe como un interruptor pero es un pulsador
Para apagar la cafetera, hay que mantener pulsado unos segundos

-Adaptador cápsulas Nespresso
Solo para hacer un café puntualmente.
Si quieres hacer varios, tras el primero esta muy caliente y lleno de agua.

-Suciedad en cocina

Café
Como de bar, con mucha espuma
Intensidad dependerá de la cantidad y del tipo de café usado
Después de probar varios, en casa compramos solo café con molido especial para cafetera espreso (más fino)
Y en España se puede encontrar en cualquier supermercado grande o pequeño
En casa nos gusta el café fuerte y con otros de molido más grueso, lo encontramos demasiado suave, casi aguado

Adaptador Nespresso
Funciona pero es un poco engorroso
Escogí esta cafetera de café molido frente a otras por el adaptador pero en casa no nos gusta el café hace
Lo probé con las cápsulas Nespresso sobraron de la anterior cafetera y no queda igual.
Pero para gustos los colores.

Capuccino
Funciona perfectamente para espumar la leche y lo hace en un momento
Y como no calienta la leche demasiado, podré usar en verano directamente o en invierno calentando antes la leche",x,Revisado en España el 15 de enero de 2022
Muy bien,"5,0 de 5 estrellas","Cumple muy bien su función, además me encanta que se pueda usar con prácticamente todo tipo de cápsulas y con café molido. Perfecto funcionamiento con todo, no soy súper entendida en café, pero si lo compras bueno sale bueno.",BEGO,Revisado en España el 9 de julio de 2024
Bien,"5,0 de 5 estrellas",Es la primera que tengo i funciona bien,Xavier T,Revisado en España el 6 de agosto de 2024
Interesante.,"4,0 de 5 estrellas","Al incluir distintos accesorios me permite alternar entre café molido, cápsulas, etc.",Cliente Amazon,Revisado en España el 22 de mayo de 2024
Ok,"5,0 de 5 estrellas",El mejor café del mundo,Isis María Vidal Vila,Revisado en España el 25 de julio de 2024
Incomoda,"3,0 de 5 estrellas","La compré pensando era súper útil pero lo cierto es que es un engorro el cambio de adaptadores
Y guardarlos por lo que ocupan, el depósito de goteo es súper pequeño y se sale en fin, me supo mal devolverla porque fue mi culpa elegirla pero la deseché y ya no la tengo",Antonio Sanchez,Revisado en España el 15 de julio de 2024
comodidad,"4,0 de 5 estrellas","cafetera muy versatil ya que te permite hacer casi cualquier tipo de cafe sea de la marca que sea y tenga la capsula que tenga...solo una pega, y es que supongo que por el exceso de bares el cafe con leche de la casa dolche gusto sale demasiado aguado en comparacion con las cafeteras originales, las capsulas nespreso supongo que son iguales, no lo se porque nunca tuve ninguna. y el cafe molido sale muy bien ya que eres tu el que regulas la carga de cafe....en conjunto una cafetera versatil y comoda, eso si.. no se quien dijo que era silenciosa, jajaja jel escandalo que monta cada vez que hace un cafe es de pelicula, parece que vaya a explotar, jajaja ( pero evidentemente no explota ). si no eres muy pero que muy exigente con la espuma, y quieres tenerlo tosdo en unao esta es tu cafetera.",juan,Revisado en España el 6 de noviembre de 2023
Sin Problemas,"4,0 de 5 estrellas","Llevo poco tiempo con ella, pero de momento cumple mis expectativas.

No he probado todas las opciones, pero sin duda el que sea 4 en 1 es lo que más me gustó.

El café sale con espuma y el sabor es bueno.",Ix,Revisado en España el 3 de abril de 2024
Fantástica,"5,0 de 5 estrellas","Una maravilla. Depósito de agua bastante grande. Y el poder utilizar cualquier cápsula es fenomenal.
Por este precio jamás compraría de una sola cápsula.",FAMILIA MARTIN FRANCO,Revisado en España el 30 de junio de 2024
La cafetera ideal,"5,0 de 5 estrellas","Una pasada, me encanta. Sobre todo tener opción de distintas cápsulas, sobre todo las ese, super ricas y baratas",sonia,Revisado en España el 29 de junio de 2024
la polivalencia de capsulas,"5,0 de 5 estrellas","lo mas importante la polivalencia en capsulas,tamaño,facilidad de uso,acabados buenos.
lo que se puede mejorar, el precio.",rommer,Revisado en España el 1 de julio de 2024
Versatilidad,"4,0 de 5 estrellas",Nos ha encantado el hecho que se puedan utilizar todo tipo de cápsulas de café. Es una idea genial,Cliente Amazon,Revisado en España el 9 de abril de 2024
Va bien con capsulas,"3,0 de 5 estrellas",Es minimalista ocupa poco espacio y la calidad para hacer cafe con capsulas es muy buena. Con cafe molido fue bien unos meses luego dejó de echar café. Asi que en realidad 3 en 1 fue solo unos meses.,Carmen,Revisado en España el 23 de junio de 2024
Cafes espectaculares,"5,0 de 5 estrellas","La cafetera lleva ya seis meses funcionando y el café sale espectacular. Es verdad que hay que tomarle la forma en la que te gusta mas el café pero una vez le pillas el truco esta buenísimo. La utilizamos a diario y hemos dejado de usar la cafetera tradicional. Inicialmente probamos la cápsula para café individual pero se quedaba corto de café asi que pasamos a la cápsula doble para hacer un solo café, sale mas intenso y cargado. Tambien empezamos a probar con café molido pero al experimentar con el grano y molerlo en casa nos gusto mucho mas el sabor. La leche bien espumada esta hasta para tomartela sola. Es muy muy importante limpiar el circuito con un producto descalcificador al menos una vez al mes o cada mes y medio. Al principio solo limpiabamos el circuito abriendo el gripo del espumador estando el boton del café abierto pero al cabo de los 2 meses dejo de funcionar el vapor ,,,, le dimos una limpieza profunda aplicando un producto de viangre y antical y tras dejar salir 4 depositos de agua completamete llenos comenzo a funcionar de nuevo. Para tomar el café realmente en su punto dejo calentar la cafetera hasta que llega a la marca de café y si no sube la aguja presiono varias veces y durante solo unos segundos el botón de la espuma lo que produce un calentamiento del circuito en general. Una vez que se calienta el circuito para la leche no se puede volver al circuito del café hasta que no se enfrie, para ello apagamos la cafetera y abrimos el conducto del vapor para que salga y asi nos acelera el procedieminto para volver a utilizar el circuito del cafe. En definitiva muy buena compra.",SILVIA,Revisado en España el 30 de mayo de 2022
calidad y envio rapido,"4,0 de 5 estrellas",es como lo describen y funciona bien,DAF,Revisado en España el 10 de abril de 2024
Buen cafe,"3,0 de 5 estrellas",Hace un buen café pero no mide un café corto o largo. Hay que parar manualmente,Ion lorenzo,Revisado en España el 6 de julio de 2024
Vale para todo tipo de cápsulas y granel,"3,0 de 5 estrellas","La regulación del agua no funciona bien , el café corto sale largo la mayoría de las veces , deja posos con todo tipo de cápsulas , no calienta por igual , unos cafés salen tibios y otros normal , y por último el depósito de excedente es mínimo y se sale el agua al hacer más de dos cafés , en resumen en teoría muy práctica pero muy defectuosa",albert casas esteban,Revisado en España el 30 de marzo de 2024
Cafetera polivalente,"4,0 de 5 estrellas","Me encanta que es apta para cualquier tipo de cápsula de café o café molido directamente .Si bien no me ha gustado que el café sin cápsula no sale con espumita (si el hecho con mis cápsulas habituales) Por lo demás, no es muy grande, lo cual es bueno. El soporte donde pones la taza o lo encajas o ésta cogea.",Valle gallardo arellano,Revisado en España el 26 de diciembre de 2023
Buena calidad,"5,0 de 5 estrellas",Hace buen cafe. Se maneja facil y se pueden usar todos los tipos de capsulas muy comodamente.,Kylo Ren,Revisado en España el 11 de junio de 2024
Cumplidora,"3,0 de 5 estrellas","La cafetera está bien, el que te de opción a hacer el café con diferentes cápsulas y ademas con café molido para mi es un punto muy a favor.
Los contras que le veo son dos: el primero es que vibra bastante al hacer el café y por lo tanto hace más ruido que la nespresso krups que tenía anteriormente.
El segundo contra es el peor, la base donde se deja el vaso/taza es una chapa de metal que no está fijada, por lo que con la vibración de la maquina la chapa se mueve y te tira el vaso. La chapa no encaja bien. Es un pero importante ya que no puedes darle al botón y ponerte a hacer otra cosa, tienes q estar sujetando el vaso.",Cliente Amazon,Revisado en España el 7 de noviembre de 2023
Perfecta,"5,0 de 5 estrellas","Es perfecta….me encanta la cantidad de cafés que se pueden hacer, todo en uno y muy fácil de usar ❤️❤️❤️❤️",Mari carmen,Revisado en España el 27 de mayo de 2024
Que el cafe no sale como se esperaba,"3,0 de 5 estrellas","La cafetera tiene una cosa positiva, es polivalente a 4 o 5 capsulas incluido el café molido. Pero... en realidad solo usamos una, es decir, la que nos gusta (en mi caso Lavazza). Peo lo que no me gusto fueron dos cosas, 1- El café sale muy aguado, aunque tenga una ligera espumita. y 2- Para hacer un café, cada vez hay que sacar el porta capsulas limpiarlo, esperar para hacer otro.. es decir es mucho trabajo para hacer un café por la mañana antes de ir al trabajo. Los que hemos tenido maquinas que guardan las capsulas en un cajoncito y no hay que limpiar cada vez, notamos esa incomodidad añadida. También demasiado plástico. Sobre el tema de DEVOLUCION de AMAZON doy un 10, aunque tendría de actualizar los ""puntos de devolucion"" ya que hay muchos señalizados que dejaron de serlo.",josep olivera,Revisado en España el 25 de octubre de 2023
Contento,"5,0 de 5 estrellas","Llevo pocos días con ella,pero de momento todo muy bien.",ildefonso,Revisado en España el 6 de junio de 2024
"Buenissimo Produto, mui contento estoy","5,0 de 5 estrellas","Es mui buena lá máquina, lá única cosa que le pone mala és no despejar lá cápsula vacia automáticamente. Pero esto yo ya tenia claro antes de comprar la.. De resto és un show....",R. Macedo,Revisado en España el 6 de mayo de 2024
Muy contenta con mi cafetera,"5,0 de 5 estrellas",Muy contenta con mi cafetera,Maria Moreno,Revisado en España el 10 de junio de 2024
Su funcionalidad,"5,0 de 5 estrellas","Me ha encantado, físicamente es bonita y cumple de sobra su función",Laura,Revisado en España el 2 de junio de 2024
Cafetera elegante y facil de usar,"4,0 de 5 estrellas",Va estupendamente. El sistema de cápsulas no es muy practico. Pero el resto de funcionalidades muy buen.,Mariona,Revisado en España el 28 de enero de 2024
"Después de 14 meses de uso, tuve que reclamar porque dejó de funcionar.","4,0 de 5 estrellas","El producto nos pareció el mejor de varios que habíamos probado anteriormente. Por su estética, tamaño y versatilidad. La capacidad de agua, la posibilidad de ""no anclarnos"" a un tipo de cápsula, y el espacio que nos ocuparía en la cocina, fueron los motivos por los que nos decantamos por este modelo y marca.
Había sido todo un acierto. Incluso, en ocasiones llamaba la atención cuando alguien la descubría en nuestro ""rincón del café"".
A los 14 meses, luego de una descalcificación de rutina, dejó de echar el agua por donde debía, y la devolvía al depósito de agua. Cómo si el circuito estuviera bloqueado.
Pudimos hacer uso de la garantía y afortunadamente, Amazon respondió como era de esperar. Bien.",PabloCC,Revisado en España el 8 de mayo de 2023
Calidad precio,"5,0 de 5 estrellas","Fácil de usar, hace un café bastante decente con buena espuma si utilizas café molido.
;con cápsulas no me ha gustado tanto ya que no sale tan buen café como molido.Calidad precio me parece una buena opcion",Jesus Moreno,Revisado en España el 28 de abril de 2024
"Buen producto, peeerooo ...","4,0 de 5 estrellas",Es buena cafetera pero tiene un gran defecto de diseño: la mayoría de las tazas altas no caben entre la base y el dispensador. Podrían haberle dado 2 o 3 centímetros más de alto y problema elimindo. Es increíble que ocurran fallos así.,JOSE L.,Revisado en España el 2 de diciembre de 2023
Leer despues de la compra.,"3,0 de 5 estrellas","Era una respuesta a una pregunta de un comprador pero como me parece interesante, lo pongo como opinión. Después de leer preguntas y respuestas, por que me he quedado sin espuma en el café, la espuma que salía al principio ha desaparecido. después de preguntar a Princess, y no tener respuesta clara. saque por las preguntas que me hicieron, que el problema es del porta filtros. En el centro de la parte de abajo existe un pequeño orificio, con una especie de rejilla, la rejilla esta obstruida Flecha roja, se depositan posos del café, y taponan la salida y el café sale por los agujeros laterales Flechas verdes por lo que el filtrado no existe o es menor de lo que debe. También este defecto se puede aplicar al café muy aguado. La solución es desmontar el filtro, por que desde fuera o con liquido por dentro , se saldria por los orificios de las flechas verdes He optado por desmontarlo, quitando los tornillos y llegando a la pequeña rejilla, ahora sale con mucha espuma y el café como el primero, lo que tenia que haber hecho es fotos para el desmontaje (no sabia si era la solución)",ANGEL,Revisado en España el 7 de noviembre de 2022
Muy buen café ace,"5,0 de 5 estrellas",Sale un café muy decente compatible con todas las cápsulas,Sergio,Revisado en España el 12 de mayo de 2024
regulera,"3,0 de 5 estrellas","La compre para mis padres y venia de otra princess parecida pero expresso y le da 20 vueltas a esta. No sale en ninguno de sus modos el cafe tan rico, ni con espuma con la anterior de princess. No la volveria a comprar",Titanicoh,Revisado en España el 7 de febrero de 2024
"20 bares mucho mejor que 15, y construcción más sólida que otras cafeteras de este rango de precio","4,0 de 5 estrellas","Antes de adquirir esta cafetera he comprado y tenido que devolver 2 cafeteras Gaggia (Viva Style y la 8423/12) por ofrecer unos acabados pésimos y un funcionamiento deficiente, impropio de marcas italianas de supuesto renombre. Tras leer opiniones similares para los modelos equivalentes de Delongui, me anime a probar con esta Princess por los 20 bares y por probar algo distinto. Me he encontrado con una muy buena cafetera de construcción aparentemente más solida aunque sin alardes, con buen acabado, y sobre todo que da un café buenísimo por la bomba más potente. Además, me encantada la facilidad de uso y limpieza, sobre todo para alguien que viene de tener una super automática Delongui de las que requieren limpieza, mantenimiento, etc. similar a tener una mascota, y estoy super contento. Lo de poder usar càpsulas no creo que le uso jamás, pero bueno es un extra. La única pega y por la que no le doy 5 estrellas, es porque el botón de encendido viene mal cromado como se ve en la foto. Aún así me la voy a quedar y darle una opotunidad, espero no sea una señal de que va a durar poco! Un saludo",jmlc,Revisado en España el 19 de noviembre de 2021
Café sin crema,"2,0 de 5 estrellas","La primera máquina la tuve que devolver porque no se encendía bien.
La segunda vez funcionaba pero no se apagaba a no ser desenchufar de la corriente.
Me la remplazan otra vez y esta vez funciona, pero llevo estos meses cambiado de marca y tipo de café, pues no hay manera de tener un poquito de espuma o crema como he tenido siempre con otra marcas de cafeteras.
No comprendo como pueden poner en el mercado un aparato así.",Francisco,Revisado en España el 6 de junio de 2024
Cumple el enunciado,"4,0 de 5 estrellas","Me ha gustado el que puedas emplear cápsulas de todo tipo y minidosis, no es muy cómoda pero hace un buen café",Manu Álvarez,Revisado en España el 23 de diciembre de 2023
Le recomendaría,"4,0 de 5 estrellas",Me a sorprendido la verdad tener la posibilidad de tener 4 en 1 dependiendo de tus preferencias me parece genial. El café que he hecho ha sido estupendo la verdad con su cremita y todo pero dependerá de la calidad de las cápsulas o el café molido,Oscar bueno sifres,Revisado en España el 18 de octubre de 2023
Gotea mucho,"4,0 de 5 estrellas","Me gusta la crema,la estética,y la variedad de cafés,pero con las cápsulas de dolce gusto cuando acabas y quitas la taza,se tira cinco minutos goteando,q no la bandeja de recojido es suficiente
E de quitar directamente la cápsula,con lo q ello conlleva,me quemo,para q no chorree mucho",Maria,Revisado en España el 14 de octubre de 2023
Hace buen cafe,"5,0 de 5 estrellas",Buen café y muy versátil sólo probado con café molido,Juan,Revisado en España el 24 de mayo de 2024
Cumple con todo lo indicado,"4,0 de 5 estrellas","El producto funciona muy bien. Se nota la presion con la que sale el cafe y eso le da un sabor muy bueno. Los diferentes filtros y portafiltros encajan muy bien. Lo unico es que el material general se nota algo mejorable, esperemos que sea solo una impresion y que en el futuro no tengo inconvenientes. El boton de power no funciona del todo bien, o sea, funciona para encender pero no para apagar.",Mauro Perez,Revisado en España el 4 de agosto de 2023
Decepcionada,"3,0 de 5 estrellas","La cafetera es muy bonita de aspecto, muy pequeña, ocupa poco espacio y es fácil de utilizar, pero el café no sale en absoluto como promete, el porta cápsulas queda bastante lleno de agua al finalizar el café, apenas sale espuma y el sabor con poca intensidad si te gusta el café. La he probado con todos los tipos de cápsulas que admite, y la única que me gusta y sale con espuma es la monodosis E.S.E. Devolví la primera pensando que podía ser un defecto de la cafetera, pero la segunda tiene el mismo problema. Eso sí, el servicio de devoluciones de Amazon (en este caso, cambio) perfecto.",Alicia F.,Revisado en España el 3 de octubre de 2023
Excelente,"5,0 de 5 estrellas","Es genial, la compré para usarlo con las ese de senseo, es verdad que son un poco más grandes pero entran y sale muy bien el café. Muy contento con la cafetera.",Cliente Amazon,Revisado en España el 4 de abril de 2024
Buena cafetera relación calidad / precio.,"5,0 de 5 estrellas","Ya llevaba tiempo con ganas de cambiar mi cafetera de capsulas por una cafetera ""express"", por dos razones; por un lado buscar
un precio mas económico a café en casa, y por otro, mirar de reducir residuos de difícil reciclaje.
Después de un tiempo mirando opciones, me decidí por este modelo en concreto por varias razones.
1.- Tamaño, sin ser tan pequeña como una cafetera de capsulas no ocupa un espacio excesivo en la cocina
2.- Presión de trabajo, los 20 bares de presión són suficientes para obtener buen café en cada taza
3.- Acabado en inox
4.- Espumador de leche, con el espumador puedo obtener la leche con espuma, que tan agradable hace el café con leche
5.- Facilidad de limpieza, se limpia realmente en un ""plis, plas"".
6.- Acabar de una vez por todas con las capsulas en casa. El café acaba siendo bastante mas económico y ""ecológico"" ya que reducimos
los residuos en cada taza que nos tomamos.
En resumen estoy muy contento con la compra realizada.",Ori,Revisado en España el 24 de enero de 2023
Buena presion,"5,0 de 5 estrellas","Bonita y robusta cafetera, fácil de cambiar los modelos de porta cápsulas",roberto,Revisado en España el 8 de mayo de 2024
BUEN INVENTO. PDTE. DE MEJORA,"4,0 de 5 estrellas","Muy buen funcionamiento con cualquiera de las opciones de cápsulas y café molido.
Le daría 5 estrellas, de no tener 2 pegas que, a día de hoy, si no se han corregido es porque se quieren guardar un as en la manga para próximos modelos:
1.- Si tuviera depósito de cápsulas, sería perfecto... pero el hecho de que no todas las cápsulas no sean iguales e incluso se pueda utilizar café molido, complica el invento para no tener que sacar la cápsula, con el goteo que conlleva, si tienes el fregadero o la basura alejado de la máquina.

2.- Que no haya espacio suficiente para meter una taza de tamaño normal... ya que no sólo se utiliza para hacer café (Cápsulas dolce Gusto)... si quieres hacerte un nesquik o un té, tienes que ladear la taza y esperar a que termine de hacerse (el concepto de automático, si tienes que estar sujetando una taza, desaparece).

Estos son las pegas que le saco... por lo demás, un gran invento. Recomendable!",AngelPdlo,Revisado en España el 20 de enero de 2022
Noe gusta el sistema,"3,0 de 5 estrellas",No hace bien el café sale muy aguado,Angela,Revisado en España el 26 de febrero de 2024
NO LA RECOMIENDO,"2,0 de 5 estrellas","compré la cafetera recomendada por una amiga, intentando huir de las capsulas de aluminio y con la intención de saborear un cafe más natural. Los primeros seis meses funcionaba bastante bien. Ahora lleva 1 año casi y la cosa ha cambiado. Ya no me sale el cafe de siempre, ha perdido presión y la calidad del cafe es horrible, muy flojo y sin cuerpo. La he descalcificado con productos recomendados y nada. Estoy bastante defraudada y el servicio técnico no me ha respondido, hace 1 mes que he reclamado.",Solange Prat,Revisado en España el 16 de abril de 2024
CAFETERA EXPRESO,"4,0 de 5 estrellas","Buena calidad, y café espectacular",Antonio Jesus,Revisado en España el 28 de diciembre de 2023
De momento estoy sorprendida,"4,0 de 5 estrellas","No tenía muchas expectativas pero la verdad es que estoy sorprendida. Puedes usar cafe molido, cápsulas Nespresso y cápsulas Dolce Gusto.
Ideal para todos los gustos y más si quieres un capuchino, un chocolate o cafe con leche ya hecho y caliente.
Lo mejor: cada adaptador es independiente y sólo se mancha el adaptador. La máquina no está en contacto con el producto, sólo con el agua. No quedan restos.
Lo peor: la distancia entre la salida del cafe y la base es muy pequeña y hay tazas que no caben. A parte el material es plástico poco estable.
No obstante, me la quedo por ahora.",Sara,Revisado en España el 17 de enero de 2023
Buena cafetera multicápsulas,"5,0 de 5 estrellas","Buscaba una cafetera que me permitiera hacer expresos con café molido, pero también con la opción de cápsulas para esos momentos en los que tengo más prisa, así que me decidí por este modelo y ha sido un acierto. Si bien es cierto que los primeros cafés saben un poco a plástico (ocurre con muchas cafeteras recién abiertas) a los pocos días ya sabe el café perfecto, sobre todo el molido. Es cualquier caso, sobre todo antes del primer uso, es recomendable fregar bien el depósito de agua y los distintos adaptadores, así como hacer varios ciclos sólo con agua para quitar ese olor a nuevo.

Sólo he probado cápsulas Nespresso y café molido, pero también permite Dolce Gusto y formato ESE. En cuanto a ruido, antes tenía una Nespresso Pixie y era más ruidosa que ésta. El único punto negativo es que no tiene almacén de cápsulas, pero bueno, es simplemente acostumbrarse a tirar la cápsula después de hacer el café.",Mikus,Revisado en España el 9 de enero de 2023
Encantada con la cafetera.,"5,0 de 5 estrellas","Me encanta la cafetera princess , donde podría pedir el repuesto del depósito de agua, se me ha roto el q venía .",Ángeles,Revisado en España el 14 de abril de 2024
Ocupa poco espacio,"5,0 de 5 estrellas","Me gusta porque ocupa poco espacio.
He probado todo los accesorios y funcionan bien, el café sabe bastante bueno. El único defecto que le puedo ver es que hace más ruido que la que tenía antes.",Pedro C.,Revisado en España el 22 de marzo de 2024
"Buena idea ,Mala ejecución","2,0 de 5 estrellas","En principio estaba encantada con tener una única cafetera ,Pero ha sido una decepción respecto al café molido ( imposible sacar el accesorio)que es el mismo de las Ese… con lo cual es el único café por probar… Nesspreso y Dolce gusto.. con menos crema que las anteriores que he tenidoy el molido muy aguado a pesar de tener 19 bares de presión.Una lástima por que la idea es muy buena … Les falta a los ingenieros de la marca darle una vuelta. La he devuelto con pena.",Ángeles,Revisado en España el 3 de abril de 2024
Genial y original,"5,0 de 5 estrellas",Mejor de lo que esperaba...,Paz,Revisado en España el 7 de mayo de 2024
Cafetera,"5,0 de 5 estrellas","Variedad de formas de hacer café, com cápsulas, polvo y pastilla",Amazon Customer,Revisado en España el 30 de abril de 2024
Solo una pega!,"4,0 de 5 estrellas","Cuando la vi, me pareció espectacular poder utilizar diferentes cápsulas y café molido en un mismo equipo. Mi única pega es que las cápsulas de Dolce Gusto, no sacan ninguna el café con intensidad, parece agua literalmente. Por lo demás, bien.",Niurka Díaz Moreira,Revisado en España el 29 de julio de 2023
Me encanta,"5,0 de 5 estrellas",Lo compramos por su versatilidad en el uso de cápsulas lo hemos probado con nescafe y lor van muy bien! Aún nos faltó usar café molido. Calienta rápido y es fácil de usar. Recordar purgar el conducto de agua antes de ponerla a funcionar!,Julieta,Revisado en España el 17 de febrero de 2024
Todo un acierto,"5,0 de 5 estrellas","Teníamos cafetera de cápsulas y queríamos cambiar a una cafetera de café molido por el ahorro del café que es muy significativo, pero tampoco queríamos renunciar a la comodidad del café en cápsulas, así que con esta cafetera con la que tenemos las dos posibilidades, hemos triunfado!!!!
Además de tener la posibilidad de café molido o en cápsulas, el espumador de leche ha sido un buen plus, y la bandeja que mantiene las tacitas calientes una opción muy buena.
Preparas un café o dos super rápido porque no tarda nada en estar preparada una vez la enciendes, cosa que cuando madrugas mucho, mucho, se agradece.
Tiene un diseño super bonito y compacto, que queda muy bien puesta en la cocina, mucho mejor que en la foto.
Además tiene una limpieza muy sencilla.
Ha sido todo un acierto!!!!",elisa,Revisado en España el 12 de febrero de 2023
Gratamente sorprendido,"4,0 de 5 estrellas","Más pequeña de lo esperado, más bonita de lo esperado, queda chulísima en la cocina, los materiales se ven de bastante buena calidad, y el poder usar distintos tipos de cápsulas así cómo café molido, la hacen de 10 (por ahora, solo dos semanas de uso).",Jesús,Revisado en España el 3 de julio de 2023
Cómo en la foto,"4,0 de 5 estrellas","Es pequeña pero fácil de ubicar en la cocina, hace buenos café. Por la calidad precio me parece bien",Lloel,Revisado en España el 18 de octubre de 2023
Complicada,"4,0 de 5 estrellas",Hace un café buenísimo tanto de mezcla como de cápsulas. Lo que ocurre es que la máquina pesa poquito y al tener que colocar el brazo parece que se va a desmontar. Aparte es complicado pillar la posición para colocar el brazo y tienes que tener mucho cuidado de que no se te mueva el depósito de agua porque si no te la tira toda gota a gota. Aparte como no uses tacitas expreso hay que desmontar la máquina porque no cabe un vaso normal y corriente y ya dos ni te cuento. No la devolví porque mi mujer dice que es muy bonita pero cuando se rompa no volvere a comprarla.,El Lolo,Revisado en España el 14 de agosto de 2022
Muy versatil y el cafe sale realmente bueno,"5,0 de 5 estrellas","Llevo 3 semanas utilizando esta cafetera y en casa estamos encantados con ella.
Ocupa muy poco espacio y aunque esto va a gustos estéticamente esta muy bien. Su construcción se ve solida, a ver como sigue con el paso del tiempo.
La utilizamos tanto con café molido, como con capsulas nespresso y en ambos casos el cafe resultante es muy bueno y con una buena cantidad de crema.
Sobre comentarios que habia leido de la temperatura del café, en mi caso sale bien caliente. En cuanto a que despues de finalizar el cafe gotea, si que es cierto que debido al diseño del porta capsulas cuando la maquina corta el agua aun salen unos milimetros más de café, pero teniendolo en cuenta y no retirando la taza hasta que no deja de gotear tema solucionado, si una vez finalizado levantas la palanca, ese cafe de más sale rapido y luego ya no gotea.",Pere,Revisado en España el 27 de septiembre de 2022
DECEPCIONADO,"4,0 de 5 estrellas","Al mes de comprarla dio fallo en el botón de encendido, me siento decepcionado porque en sí la cafetera hace muy buen cafecta y la he tenido que devolver por avería en el botón de puesta en marcha",SNL,Revisado en España el 3 de julio de 2023
Muy práctica con peros,"3,0 de 5 estrellas","Le tengo que poner 3 estrellas solo, porque dentro de lo práctico que es tener una ""multicafetera"", sería un detalle por parte del fabricante que hubiera metido algún sistema antigoteo, que cafeteras mucho más baratas lo tienen. El cambio de adaptador es muy sencillo, pero debes tener en cuenta poner algo debajo o te va a caer el resto de líquido encima. Por lo demás, muy práctico poder usar varios sistemas sin tener varias cafeteras. En particular el sistema ESE, que no conocía, es lo más cómodo que existe.

Edito en Mayo de 2023: de un día para otro, el motor de la cafetera dejó de funcionar. Agradecer el servicio de Amaon, que me ha permitido devolverla y obtener un reembolso completo.",Javierito,Revisado en España el 2 de marzo de 2023
Genial!,"5,0 de 5 estrellas","Llevamos meses usando esta cafetera y nos ha encantado! Se pueden hacer cafés de muchis sistemas de cápsulas y en todos salen muy buenos. Puedes utilizar tanto cápsulas compatibles con nesspreso o dolce gusto como las originales y funcionan perfecto! Y que decir de hacer el café molido tradicional, pues genial también. Sin duda recomiendo esta cafetera pues ahorra mucho espacio pues es delgada y bonita.",Frank,Revisado en España el 18 de diciembre de 2023
MULTICAPSULAS SIN DUDA,"5,0 de 5 estrellas","Realmente es una cafetera multicapsulas. Me van bien las tipo Nespresso y las tipo Dolce Gusto. Me va bien el cafe molido y las ESE no lo sè ya que no las uso.Para mi, que buscaba compatilidad con capsulas y cafè molido està bien elegida esta màquina. Sin dudas, la recomiendo. Veremos el tiempo que dura pero al menos tres años de garantìa durarà.",Francisco Vazquez,Revisado en España el 6 de diciembre de 2023
Excelente cafetera,"5,0 de 5 estrellas","El café expresso sale delicioso, con mucha espuma.",Anónimo,Revisado en España el 23 de marzo de 2024
Cafetera,"5,0 de 5 estrellas","De la cafetera al quitar el porta café te llevas toda la cafetera, pesa poco y no se sujeta a la basa . Por los demás sin problema , pero me busco las mañas.",Cliente Amazon,Revisado en España el 26 de enero de 2024
Calidad y ahorro,"5,0 de 5 estrellas","En casa de mis padres se suele consumir mucho el café. Decidimos cambiar la cafetera de capsulas por tema de ahorro en la compra de capsulas y la verdad es que estamos muy contentos.
El café de la cafetera es súper cremoso, tiene una buena presión la máquina, un deposito de agua que dura bastante debido a su gran capacidad y en definitiva si eres amante del café con una Máquina de café de esté tipo se nota la diferencia de calidad.
No he probado su compatibilidad con Nespresso y no puedo opinar.
Y como punto menos positivo es que al principio está bastante duro el filtro donde insertar el café en la cafetera pero es lógico.. con el tiempo se va poniendo más fácil de usar.
Sin duda un acierto!",El Objetivo,Revisado en España el 22 de noviembre de 2022
Encantada,"5,0 de 5 estrellas","Estoy encantada con la cafetera. Todo en una Nespresso, Dolce y café expreso. Vale tanto con las cápsulas originales como con las compatibles.",Cliente Amazon,Revisado en España el 24 de febrero de 2024
Decepción,"1,0 de 5 estrellas","La compré por qué tenía diferentes opciones de hacer café, tenía muchas expectativas referente a la cafetera después de leer las reseñas, mi decepción ha sido al hacer el café salía aguado como si hubiese hecho el café con la cápsula anterior, hice varios pero todos salen igual,la que tenía antes (dolcegusto) lo hace muchísimo mejor y me costó la mitad,",Ginesa,Revisado en España el 26 de mayo de 2024
Bloqueo de la máquina,"1,0 de 5 estrellas","Al principio funcionó normalmente, pero de golpe se ha quedado bloqueado. No se deja abrir. No se el porqué. La capsula se ha quedado dentro. La devolveré",cris esterlingot,Revisado en España el 9 de julio de 2024
Accesorios IMPOSIBLES de conseguir NO RECOMENDABLE,"1,0 de 5 estrellas","EDITO. QUE DESASTRE, NI EN SU WEB PUEDO CONSEGUIR ACCESORIOS. Hemos tenido la mala suerte de que se nos rompiera el casquillo de las cápsulas tipo Nespresso. No puedo conseguir el accesorio ni a través de Amazon (Lo que está a la venta no es exactamente igual que nuestra cafetera), ni a través de la web oficial. Por este motivo ahora no puedo hacer una buena valoración del electrodoméstico. Agradecería que alguien de su servicio técnico me de una solución",Cliente Amazon,Revisado en España el 12 de marzo de 2024
SE QUEDO SIN PODER ABRIRSE PARA SACAR LA CAPSULA,"1,0 de 5 estrellas","Tras un mes de funcionamiento, sin ser usada diariamente, al hacer un capuccino con las capsulas de dolce gusto, no se pudo hacer el capuccino y no dejaba abrir la tapa. He devuelto la cafetera.",Pilar,Revisado en España el 1 de julio de 2024
"Enfgorrosa, mal café","1,0 de 5 estrellas","Muy engorroso el funcionamiento y el mantenimiento, sitio muy escaso debajo del cacillo, no ves lo que va cayendo por este espacio escaso. El café, al menos el de cápsulas, no tiene buen sabor, a diferencia del de las exclusivas para cápsulas (aunque hay que decir que estas son un timo por la obsolescencia programada).
Me extraña que no existan mas comentarios negativos
Devolución inmediata.",Iñaki G.,Revisado en España el 26 de marzo de 2024
Mala experiencia,"1,0 de 5 estrellas","Compré la máquina por prestaciones q daba y por q me parecía una máquina con bonita estética. Decir q no hace buen café y su funcionamiento no responde a las indicaciones. No coge la presión q indica y para elaborar un café, realmente es de manera fortuita ya q fui incapaz de acertar con las indicaciones del manual para poder hacer café. No la recomiendo.",maite,Revisado en España el 5 de febrero de 2024
He tenido que volver a ka vieja cafetera,"1,0 de 5 estrellas","Por más que lavo el dispusitivo de la cápsula, funciona para un par de cafés y luego solo expulsa agua sucia. No me ha satisfecho.",Joaquín Cendrero,Revisado en España el 28 de abril de 2024
No desesperarte para hacer un café.,"1,0 de 5 estrellas","Lo que no me a gustado es la entrega el repartidor con la caja de la cafetera sin ningún precinto ni recubrimiento de ninguna clase, en fin...
Respecte a lo que me a gustado aun me lo estoy pensando.",RRC,Revisado en España el 15 de marzo de 2024
Fatal,"1,0 de 5 estrellas",No funcionó desde el principio y se desparramaba todo el café cuando salía. Además tener q mancharte y quemarte los dedos para cambiar la capsula es un fastidio. La devolví pq es imposible. Vale la pena comprar otra d una marca que de confianza y por el mismo precio. No la recomiendo para nada,meri,Revisado en España el 9 de febrero de 2024
No doy menos de una estrella porque no puedo,"1,0 de 5 estrellas","Fatal no lo siguiente, compré esta cafetera en abril y se me ha roto hace un mes, nadie quiere hacerse cargo , el vendedor es de lo peor porque dice que contacte con el servicio técnico y después de contactar con el servicio técnico no me contestan a mí solicitud de reparación y el vendedor no quiere hacerse cargo, no debería de tener una garantía este producto? Quien se hace cargo? Amazon tb dice que no se hace cargo",Antonia,Revisado en España el 18 de diciembre de 2023
Incomoda de usar y mal sabor de café,"1,0 de 5 estrellas","Me he equivocado totalmente con esta cafetera, la voy a devolver.

Como soporta diferentes tipos de cápsulas esto hace que sea más complicada de usar, por ejemplo para introducir una cápsula tipo Nespresso hay que extraer de la cafetera el contenedor de cápsulas, abrirlo, introducir la cápsula y volver a meter la pieza en la cafetera. No hay depósito recogedor de cápsulas.
Si haces 2 cafés, tienes que repetir la operación con cada cápsula y al hacer el segundo café y sacar la primera cápsula te quemas porque está ardiendo. Es muy incómodo de usar.

La pieza donde se apoya la taza se mueve, no queda bien sujeta y se sale continuamente. Todo esto hace que salga líquido y lo pones todo perdido. Es más sucia que las cafeteras habituales de cápsulas.

Y lo peor de todo es que no he conseguido que el café salga con el sabor habitual, me sabe raro.
Y esto me parece raro usando el mismo café que con mi cafetera anterior.",Enrique Riego,Revisado en España el 11 de enero de 2022
QUE ME DEVUELVAN EL DINERO,"1,0 de 5 estrellas","Fatal , lo peor . La compré con mucha ilusión, pero los cafés salían aguados y con un sabor raro la compré en noviembre del 2023, la devolví y siguen sin abonarme el dinero y estamos ya en febrero.",Manuela L.,Revisado en España el 6 de febrero de 2024
Problemas con la calidad del cafe,"1,0 de 5 estrellas","He comprado esta maquina hace unos meses y los primeros 2 meses me salio el café bien, pero despúes me sale el café super aguado. La he limpiado como me dicen en el servicio técnico, la he descalcificado y el café sigue saliendo de la misma forma.
He tenido muchos años una maquina de Philips y el café siempre me ha salido con la espumita del primer día. No recomiendo la compra de esta marca, no es fiable.",Cliente Amazon,Revisado en España el 17 de julio de 2023
Café sin espuma,"1,0 de 5 estrellas","La cafetera hace el café aguado, sin nada de espuma",Davinia,Revisado en España el 14 de abril de 2024
La devolví,"1,0 de 5 estrellas","Al. Principio bien, pero cada vez se atascaba más y, a pesar de limpiarla bien, cad vez más mlo el café. Por suerte Amazon me devolvió el dinero aunque hacía un año que la tenia. Bien por Amazon",Montse f.,Revisado en España el 2 de diciembre de 2023
No funciona,"1,0 de 5 estrellas","Muy bonita,la regalé con un montón de cápsulas, y no sale más que agua sucia. Da igual la cápsula, o molido.
Y ahora no se qué hacer con ella.
Mala compra",maria jose,Revisado en España el 25 de enero de 2024
Malísima y peor atención técnica,"1,0 de 5 estrellas","Al principio, muy contenta, café cremoso, caliente, buen espumador de leche. Tanto que compré otra a mis padres, pero la de mis padres no pasó ni un mes cuando dejó de salir el café cremoso y empezó a salir café acuoso y de mal sabor. La descambié. Pero la mía iba bien hasta el año, que empezó a ocurrirle lo mismo e incluso dejó de echar café. Me puse en contacto con el servicio de reparación de la marca. Me atendieron rápido y me dijeron que me enviaban una empresa de paquetería a la cual, después de 2 meses, sigo esperando (además de que no me ofrecían caja ni envoltorio de protección ;tenía que aportarlo todo yo). Gracias a San Amazon he podido devolverla.
No la recomiendo a nadie. La marca tiene cosas muy buenas, pero las cafetera de espresso, no son lo suyo.",Cliente Amazon,Revisado en España el 26 de enero de 2022
No funcionaba correctamente,"1,0 de 5 estrellas","La devolví porque no funcionaba el vaporizador. No conseguía llegar a la temperatura necesaria para generar el vapor. Comprar un producto nuevo y que no funcione me da muy mala imagen de la calidad de la marca, así que la devolví y no quise un reemplazo",J,Revisado en España el 3 de octubre de 2023
Sabe a plastico,"1,0 de 5 estrellas","Imposible hacer un cafe con las capsulas de dolce gusto, cafe aguado y lo peor es el gusto a plastico que deja, no se le quita por mas que la utilices, menuda decepción.",Jose Manuel,Revisado en España el 8 de octubre de 2023
No hacía crema,"1,0 de 5 estrellas","Las capsulas dolce gusto no tenían crema y salían aguadas y las nespresso sin crema
Y las otras no las probé",Francisco donaire Sánchez,Revisado en España el 3 de noviembre de 2023
Ni de coña¡¡¡¡¡,"1,0 de 5 estrellas","La maquina en si no tiene mala pinta...hasta que la enciendes.
El piloto que indica que tiene la presión necesaria para hacer una cafe...puede tardar 5 minutos en indicar que está preparado...o no estar preparada nunca y tener que apagar y encender la maquina hasta que reacciona. Cuando a los 5 minutos te has cansado de esperar y le das al boton para que haga el cafe..sale un poco..se para...sale otro poco..se para...el resultado) cafe aguado intragable¡¡
Dejamos el cafe molido vamos a las capsulas...funcionamiento aleatorio...pero cuando consigues que haga un cafe de capsula...las que hemos utilizado siempre...un horror de sabor¡¡¡¡ para tirar por el fregadero..
Seguiria...pero tengo que hacer el paquete para devolverla¡¡¡¡¡¡",JC,Revisado en España el 19 de febrero de 2022
Ha durado 16 meses,"1,0 de 5 estrellas","Tras 16 meses de uso familiar (3 personas haciendo una media de 5 cafés diarios) el cabezal de cápsulas Nespreso se ha estropeado por desgaste (el material no es tan resistente como una Krups, por ejemplo). Imposible encontrar recambio. Cierto que aún puedo hacer cafés Dolce Gusto o molido. Pero al final la utilizas solo para un tipo de café. Lástima porque no iba mal. Pero tiene una obscelecencia programada muy corta.",Arantxa,Revisado en España el 30 de octubre de 2022
"Que funcione, y que haga un buen café","1,0 de 5 estrellas","El cortado sale aguado, sin espuma. El expreso igual. Se derrama por los laterales, en fin. Se llamará Princess pero sólo eso.",María Delgado Rufián,Revisado en España el 5 de septiembre de 2023
Me duro un año,"1,0 de 5 estrellas","al principio muy bien , pero poco a poco se iba saliendo el agua por el calienta leches y poco café ,hasta que llego el día que no salió nada de café y todo el agua salió por el calienta leches",ANA,Revisado en España el 26 de mayo de 2023
El sabor del café es horrible,"1,0 de 5 estrellas","Tanto el depósito de agua como las piezas plásticas desprenden un olor a plástico muy desagradable que luego se transmite al café. Si tomas poco café con mucha leche, quizás no lo notes; pero si lo tomas solo y sin azúcar es insoportable. Hemos lavado las piezas con jabón varias veces, hemos hecho ciclos completos de limpieza, y el olor/sabor continúa. Espantoso, horrible, no la recomiendo para nada.",Miguel Á.,Revisado en España el 18 de junio de 2022
La máquina no es capaz de perforar las cápsulas.,"1,0 de 5 estrellas","La máquina no es capaz de perforar las cápsulas.
Es una lástima porque las opciones que da de múltiples forma de café (capsulas, pods y café en polvo) es muy buena idea.

La devuelvo.",albert font,Revisado en España el 18 de mayo de 2023
El Café sale con sabor y olor a plástico extremo,"1,0 de 5 estrellas","La cafetera en si funciona muy bien, pero pese a seguir las instrucciones para su puesta en marcha haciéndole los ciclos de lavado que marca el fabricante e incluso haciendo mas lavados de los que recomienda, sigue sabiendo y oliendo a plástico (es un sabor a plástico muy potente) y me da miedo intoxicarme. La devuelvo con mucha pena, ya que es bonita, funcional y hace el café ""perfecto"" pero oliendo y sabiendo a plástico",Elias,Revisado en España el 31 de marzo de 2022
Un café horrible.,"1,0 de 5 estrellas",Para el precio que tiene es una cafetera malísima.,mari nieves campillo mari,Revisado en España el 30 de agosto de 2023
Nefasta,"1,0 de 5 estrellas","Es la peor máquina que he visto en mi vida. Al hacer el séptimo café (contado) de esta máquina, me ha pegado una explosión de presión, soltandose la cazoleta y reventando el vaso de cristal y poniendo todo alrededor de café que parecía una matanza. Tampoco coge bien la temperatura y el café no sale nada del otro mundo. Gracias a Amazón por el servicio que me va a devolver el importe y volveré a las cápsulas.",Miguel Angel,Revisado en España el 4 de febrero de 2022
Regular,"1,0 de 5 estrellas","La máquina hace su función y el contenedor del agua es grande. No obstante No me gusta como queda el café: muy acquoso a pesar de comprar un buen café. Las capsulas para nada tienen el gusto de las de nespresso. La manilla del café molidi si no se fuerza, salta y ensucia todo. En cuanto a la máquina se ve que no es material de mucho calidad. Personalmente no la recomendaría. Mejor comprar dos por separado.",Lisenn,Revisado en España el 7 de febrero de 2022
"Una catastrofe de compra. No es un buen producto, es malo y caro.","1,0 de 5 estrellas","El cafe sabe a agua sucia. No sale CALIENTE, solo consigues cafe tibio. Tienes que calentar el cafe em el micro, luego de haberlo hecho, si lo quieres tomar caliente, si quieres un cafe tibio y aguado, esta es tu cafetera. Por otro lado la funcion de vapor te deja la leche aguada. Y ya el remate, está tan tan tan dura de poner que el unico que puede usarla soy yo, mi mujer ha desistido de usarla.",Cliente,Revisado en España el 21 de febrero de 2021
No hay garantia,"1,0 de 5 estrellas",La cafetera la compre hace 10 meses y ya no funciona haciendo uso normal.He intentado contactar con el vendedor pero no responde a mis preguntas sobre la garantia.,Cliente Amazon,Revisado en España el 11 de mayo de 2023
No la compréis,"1,0 de 5 estrellas","Nada recomendable. Después de devolver mi otra cafetera Sboly por tener defectos de fabrica y no haber más stock en Amazon, me decidí a probar esta de princess y es una decepción .

Sabor malo tanto de café molido como de cápsulas Nespresso, Mercadona, etc...

Tras dos días de pruebas dándole una oportunidad decidí devolverla.

Si os gusta el café no compréis está cafetera. Ojalá vuelvan a traer stock de la Sboly.",Juan,Revisado en España el 12 de marzo de 2021
Decepcionado,"1,0 de 5 estrellas",No me convenció y la devolvi,jesus sanchez,Revisado en España el 24 de agosto de 2023
"Tire su dinero a la basura, le dolerá menos","1,0 de 5 estrellas","Malísima calidad, no cierra bien, tira agua por donde solo a de salir aire caliente y si empiezas pronto para cuando te jubiles lo mismo té as tomado un café. Espero que solo quieras tomarte uno por que como tengas que hacer 5 o 6 lo aras antes si exprimes los granos de café a mano",David martinez martinez,Revisado en España el 13 de diciembre de 2021
"No es una cafetera de calidad, hasta el botón de encendido y apagado es un rollo.","1,0 de 5 estrellas","Parece de juguete, hace un café con una espuma un poco rara, pierde agua por el brazo y tiembla tanto que el vaso hay que estar aguantando lo con la mano para que no se salga el café.
Lo mismo el fallo es mío por comprar una cafetera de 80 euros y no una de 300 euros.",MIGUEL ANGEL,Revisado en España el 5 de noviembre de 2021
El sabor a plástico de los cafés,"1,0 de 5 estrellas",El aspecto a máquina de juguete y el sabor a plástico de los cafés,Angie,Revisado en España el 12 de julio de 2023
No sabe a café,"1,0 de 5 estrellas","La compré, después de compararla con otras cafeteras del mismo estilo, por su utensilio para hacer cafés de cápsula. He estado probándola durante 2 meses y el café sale muy aguado y sin sabor. He probado varios tipos d cafés, con las distintas cazoletas que lleva incorporadas y nada, el café me sale aguado. No me gusta nada!! No la recomiendo!! La compré bastante bien de precio pero al final, lo barato sale caro. Muy decepcionado",Cliente Amazon,Revisado en España el 26 de mayo de 2021
Mala experiencia,"1,0 de 5 estrellas","No hacía café con ningún tipo de cápsulas, solo con café molido.
La devolví y tuve que correr con los gastos de envío (16,5€).
No la recomiendo",Angel,Revisado en España el 31 de enero de 2023
he comprado varias cosas defectuasas 1 de ellas no me la quisisteis devolver,"1,0 de 5 estrellas",vino en tal mal estado la caja que no me la quede la devolví al momento,Octavio,Revisado en España el 16 de mayo de 2023
No es lo que parecía,"1,0 de 5 estrellas","Para hacer café con capsulas espresso és eficaz, aunque cada vez tienes que sacar la cápsula de la máquina, pero el café con leche o el chocolate de Dolce Gusto es imbebible. No sé si es porque falta alguna pieza que he visto que no, pero es aguachirri.
Elegí esta máquina por su versatilidad y he pagado las ganas. Una birria",Cliente Amazon,Revisado en España el 13 de diciembre de 2021
Rota,"1,0 de 5 estrellas","No pincha bien las cápsulas, así que tengo que devolverla",Cliente Amazon,Revisado en España el 19 de abril de 2023
Pierde agua,"1,0 de 5 estrellas",La delvolvimos pues perdía mucha agua al hacer el cafe,Carmen R.,Revisado en España el 17 de abril de 2023
El espumadera no funciona,"1,0 de 5 estrellas",Hace tiempo que me la compre 6 o 7 meses cadí no le he dado uso pero es que no se que le pasa que el espumadera no funciona y la temperatura a penas sube,Maria Isabel,Revisado en España el 8 de marzo de 2022
Parecia una cosa pero resultó ser otra.,"1,0 de 5 estrellas",Muy mal. Una gran decepción. La devolví. Para nada recomendable. Amazon se portó muy bien.,Cliente Amazon,Revisado en España el 1 de abril de 2023
Un desastre esta es un remplazo de otra indentica,"1,0 de 5 estrellas",Como adorno de está bien como cafetera es de chiste,Fernando V.,Revisado en España el 29 de enero de 2022
Cafe asqueroso,"1,0 de 5 estrellas","Mi marido toma el nespresso y yo el Dolce Gusto.
Compre la maquina por si nos podiamos quefar con una sola maquina y no tener las dos maquinas en la cocina.El nesspreso sale asqueroso y aguado y el Dolce gusto ,peor.Casi 100 euros tiratos a la basura.No la recomiendo.",Nico,Revisado en España el 18 de enero de 2022
"la cafetera no sé, pero Amazon ya no mola tanto.","1,0 de 5 estrellas","La devolución si izo correctamente, pero recibir una cafetera usada , ha sido lo peor que me ha pasado en Amazon, no se si volveré a comprar aparato para la higiene o el procesado de alimentos por aquí , muy mal sabor de boca, un saludo.",rotugrafica,Revisado en España el 16 de octubre de 2021
Perdía presión. Café aguado.,"1,0 de 5 estrellas",Todo iba bien hasta que pasado casi un mes perdió potencia y hacía el café aguado. La devolvimos y con el dinero devuelto compramos una Orbegozo similar que va de maravilla.,José Luis,Revisado en España el 22 de junio de 2022
Duró una semana,"1,0 de 5 estrellas","La cafetera estaba muy bien, muy completa, por tener la variedad que ofrece para poner diferentes tipos de café y es estéticamente bonita, pero a la semana, de buenas a primeras, deja de funcionar y sale el agua en lugar del café. Lógicamente la tuve que devolver....",María Viana,Revisado en España el 23 de diciembre de 2021
Mal sabor,"1,0 de 5 estrellas","El café sabe a plástico. Lo hemos intentado todo y no es problema del café que usamos el mismo desde siempre. Una pena porque la cafetera tenía muy buena pinta, pero al parecer le pasa a más personas por lo que veo en los comentarios.",frodo21_,Revisado en España el 31 de enero de 2022
Olor y sabor a quemado,"1,0 de 5 estrellas",La he comprado para mi madre y a cabo de unos días el café olía y sabía a quemado. No había forma de beberlo. Y he utilizado solo cápsulas,maria,Revisado en España el 20 de febrero de 2022
Buen cafe,"1,0 de 5 estrellas","Una máquina con buen café pero con un problema inexplicable, se sale el agua por la zona trasera de manera intermitente, se cambia la cafetera y la nueva tiene el mismo problema, determino devolviéndola por otra de marca diferente",juan carlos R,Revisado en España el 24 de febrero de 2022
Un desastre total,"1,0 de 5 estrellas",Entrega pésima. Tarde y en una caja abierta y usada. Máquina con señales de uso claras y sin funcionar. Un desastre,elena,Revisado en España el 6 de agosto de 2022
En dos semanas ya funciona mal,"1,0 de 5 estrellas","Al principio funcionaba muy bien, hacía un café con mucha crema y muy bueno. A las dos semanas, empezó a hacer un café totalmente aguado y la crema brillaba por su ausencia. La he devuelto, no la recomiendo para nada",Elena Alvarez Sánchez,Revisado en España el 23 de febrero de 2022
Mala suerte,"1,0 de 5 estrellas","La compre me llego super rapido, al dia siguiente seguí todas las instrucciones paso a paso, salio el café q no estaba bueno!! Solo hice uno. Al dia siguiente ya no me funciono no se encendió, asi q me toco tomar café en el bar de siempre.",Nor,Revisado en España el 16 de julio de 2021
"No funciona, devuelta!!!","1,0 de 5 estrellas","No funciona, la he tenido que devolver y comprar otra marca",Estrella Dieguez Vidal,Revisado en España el 12 de diciembre de 2022
tarda mucho en calentarse,"1,0 de 5 estrellas",Tarda mucho en calentarse y no se puede dar al boton para que salga hasta que no está ok la cafetera,Daniel,Revisado en España el 30 de marzo de 2022
Decepción,"1,0 de 5 estrellas",Muy ruidosa y el café sale frío.nada contenta con la compra,Miss Dark,Revisado en España el 21 de noviembre de 2022
Mal producto,"1,0 de 5 estrellas","Que me ha gustado? Absolutamente nada, ni el café ni la cafetera y sobre todo que mi taza NO SE PODIA USAR dado que al ser alta no entraba
Si pudiera la valoraría con un 0
PS: la he devuelto",Claudia,Revisado en España el 12 de junio de 2021
Mala.,"1,0 de 5 estrellas",Hace mucho ruido. El sabor deja mucho que desear. No es compatible con nesspreso.,Gemma Orteu Antin,Revisado en España el 12 de abril de 2022
No funcina,"1,0 de 5 estrellas",La tuve que descambiar ni funcionaba además muy cara...,Anais,Revisado en España el 13 de agosto de 2022
No merece la pena,"1,0 de 5 estrellas","No, me ha gustado, una gran decepción , no saca la crema como una verdadera espresso.",Angeles,Revisado en España el 3 de marzo de 2022
La linea,"1,0 de 5 estrellas","Fácil de usar,pero se estropea rápido,la tuve que devolver y la siguiente ni la pude usar porque no calentaba",Esther maria Sánchez Sánchez,Revisado en España el 28 de noviembre de 2021
No funciona correctamente ( no apaga en el on/off) y faltan piezas. Producto de devolución anterior,"1,0 de 5 estrellas","No usado por la ya explicado, solo prueba de funcionamiento, NO SUPERADA.",Cliente Amazon,Revisado en España el 4 de febrero de 2022
Dificultad para un manejo rápido,"1,0 de 5 estrellas",Es de uso muy incómodo y lento. La tuve que devolver,luiso48,Revisado en España el 24 de enero de 2022
Decepción total. El café no sale bueno,"1,0 de 5 estrellas",Tuve una cafetera de 5 bares que me costó muy barata y hacía el café mucho más bueno,Rosi,Revisado en España el 13 de agosto de 2021
Para cápsulas de nespresso no es lo más idónea porque el café sale nada cremoso.,"1,0 de 5 estrellas",Para cápsulas nespresso no es lo más idóneo porque el café no sale cremoso.,Jose,Revisado en España el 19 de noviembre de 2021
la trajeron hoy y se la llevan mañana no funciona el vapor,"1,0 de 5 estrellas",la trajeron hoy y se la llevan mañana no funciona el vapor,Jose Luis,Revisado en España el 25 de agosto de 2021
Difícil de usar,"1,0 de 5 estrellas","Era practicamente poner el filtro, no habías forma de encajarlo. He devuelto el producto",Alonso,Revisado en España el 20 de marzo de 2021
Solo me ha durado 2 años,"1,0 de 5 estrellas",No la compraría. Solo ha durado 2 años y 3 meses.,Ines,Revisado en España el 29 de marzo de 2024
No funciona,"1,0 de 5 estrellas","Funcionó el primer día , al siguien dejo de salir agua y el asa se quedó atascada no sube , está tan dura que parece que se va a romper",Luis,Revisado en España el 21 de noviembre de 2023
No funcionó al cabo de tres dias,"1,0 de 5 estrellas","No funcionó al cabo de tres dias, la devuelvo y decido comprar otra igual, espero que funcione.
Gracias.",Oscar,Revisado en España el 29 de junio de 2023
9 meses sabiendo a café. Después a quemado,"1,0 de 5 estrellas","Regalé la cafetera en enero del año pasado. Desde septiembre, comenzó a cambiarle el sabor al café, poco a poco sabía a quemado pero literal. Mi novio no me creía hasta que se ha hecho imbebible.
Fácil de usar y práctica.
No cambiando de marca de café, ni descalcificando… nada. Es fallo de la cafetera.
Espero que algo no tan objetivo, me lo solucionen . Modificaré reseña en tal caso.",francoba,Revisado en España el 15 de marzo de 2023
Mala,"1,0 de 5 estrellas","Parece práctica al darte la posibilidad de utilizar distintos tipos de cafés y de cápsulas. Aún así, es incómodo el cajón del café: para hacer 2 capucchinos de dolce gusto hay q abrir, sacar, tirar, reponer y cerrar el cajón 4 veces, estando las capsulas super calientes, no tiene receptáculo donde la cápsula cae automático como la maquina de nespresso. A su vez, el recogedor de goteo es flojo. Y lo peor de todo: el café sale con un gusto a plástico derretido tóxico que es intomable.",Delfina,Revisado en España el 12 de febrero de 2022
No la compres,"1,0 de 5 estrellas","Malisima experiencia de compra.
Bien he de decir que la cafetera es bonita, y en principio el poder usar cafe molido y capsulas me motivaba a la compra.
Una vez en casa la cafetera nunca cogió la temperatura adecuada y eso de que tenga los 20bares de presión ni en broma. Probé cambiando tipo de cafe.. agua y nada. Mucha marca Princess pero creo que se deben de dedicar solo a las planchas de cocina. Finalmente como el moka de bialetti.. ninguna cafetera.",Juanda García,Revisado en España el 18 de enero de 2022
Hace un café tradicional,"1,0 de 5 estrellas","Es como la cafetera tradicional, excepto si lo haces con cápsulas, necesita mantenimiento mensual y no lo encuentro nada rentable",Elena,Revisado en España el 20 de enero de 2022
Mala se sale el agua me han engañado!!!,"1,0 de 5 estrellas",Lo use como cafetera h es mala se sale el agua no aconsejo a nadie comprarla y además Amazon no atiende,Isabel Rodríguez Moreno,Revisado en España el 26 de diciembre de 2021
no funciona todas aplicaciones,"1,0 de 5 estrellas",no funciona bien,niculae olteanu,Revisado en España el 16 de septiembre de 2022
Mal sabor,"2,0 de 5 estrellas","Al principio muy bien pero la regresamos porque al poco tiempo el café salía fatal, es una pena porque está súper bien que tenga para uso de café molido y las cápsulas",Melanie,Revisado en España el 22 de mayo de 2024
No ha durado mucho...,"2,0 de 5 estrellas","La cafetera está bien si usas capsulas tipo Nespreso pero si las usas en formato Dolce Gusto sabe un poco raro...
Hace poco que la compré, solo la utilizo los fines de semana y ya pierde agua por el depósito..
Es bonita, es fácil de usar, pero no ha durado mucho",MiEspacioDeLectura @miespaciodelectura,Revisado en España el 7 de marzo de 2024
Decepcionado,"2,0 de 5 estrellas","Al principio todo muy bien. La utilizo más con café molido q con cápsulas.
Si prensas un poco el café, se quema y salen gotitas.
Cada vez tiene menos fuerza. Las cápsulas las abre con presión, ya ni las abre.
Un desastre. Voy a realizar la devolución, una lástima.",Diego Yuste Palomeque,Revisado en España el 23 de febrero de 2024
"Bien, pero llego una estropeada, devuelta.","2,0 de 5 estrellas","El sabor de los varios modos de preparar cafés está muy bien. Tanto en capsulas nespreso como en dolce gusto o cafe molido saben muy bien. El café sale caliente, y solo hay que elegir el tipo de cafe o capsulas de tu gusto.
Lo malo es que tuve que devolverla, mete un ruido inaguantable, es evidente que está estropeada, pero los cafés salen muy ricos.
Devuelta, pero compraré otra de este tipo, son un acierto. A ver si puedo poner un video del ruido que saca, en los videos que hay de otros comprdores se ve que el ruido es normal, no como en esta que devuelvo. Saludos
Me ha llegado un segundo pedido despues de devolver la anterior cafetera. Nada, igual, empieza con un ruido normal, como la de otros compradores, pero antes de sacar el café empieza con el mismo ruido que la anterior. La devuelvo.
No es que no pueda hacerme un descafeinado a las 12 de la noche, es que el ruido que hace a la tarde también molestaría a los vecinos, exagerando un poco....
Una pena, porque el sistema multiple y el café que saca está fenomenal.",joxelu,Revisado en España el 9 de marzo de 2022
El café con capsula sale aguado y sin sabor,"2,0 de 5 estrellas","He comprado esta máquina porque ofrecía la posibilidad de hacer un café con cápsulas o bien con café molido.
Excelente idea...
El problema es que no funciona bien con cápsulas pues el café si sale, pero muy aguado y sin sabor.
Tentei várias veces y como el resultado siempre era igual, devolvi la máquina pues no sirve su propósito.",Marc Veisen,Revisado en España el 16 de noviembre de 2023
Tres en uno,"2,0 de 5 estrellas","Para empezar la devolví por estar defectuosa. El boton de apagar no funcionaba. Sobre lo probado puedo decir.
A favor, 20 bares, la mayoría tienen menos, diseño, precio, ok segun lo visto en el mercado .
En contra, solo comentar que en el uso de capsulas nespresso, es un poco rollo el ponerla, y entre cambio y cambio para otro cafe, se demora en tiempo.
La q suelo usar es la basica de capsulas, y quito una y pongo otra y la cafetera hace su café sin demora. En esta debes de darle su tiempo para q coja la presion necesaria. Para mi, no es lo q busco. Por lo demas, como digo, la recomiendo.",J. Colome,Revisado en España el 12 de marzo de 2023
Nada práctica!!,"2,0 de 5 estrellas","Compré esta cafetera porque pensé que al ser 4 en 1 podría utilizar todo sin problema. Al menos, esto fue lo que me contaron en una tienda.

Tengo que decir que no estoy nada contenta y no la volvería a comprar ni se la recomendaría a nadie. No es nada práctica. No tiene depósito de cápsulas y cada vez que la tienes que cambiar te manchas y manchas todo. Además al acabar de salir el café, sigue goteando durante un rato y tienes que limpiar la base cada vez, sino al segundo café ya se derrama.

El cambio de cápsulas es muy incómodo, pero mucho peor si cambias de cápsula a monodosis o a café molido.

Lo peor de todo es el accesorio del café molido. Una vez el café está hecho, cuesta muchísimo retirar el café.

Estoy pensando en comprarme otra cafetera y eso que la tengo nueva. No la recomiendo a nadie!!",Monica,Revisado en España el 16 de mayo de 2022
Suficiente,"2,0 de 5 estrellas","La compre para sustituir a la dolce gusto y los cafés salen igual, imagine que saldrían mas cremosos. A los pocos meses dejo de funcionar el espumador y la devolvimos. El trato con el vendedor fue muy bueno en todo momento.",Marta Luque Cabello,Revisado en España el 2 de septiembre de 2023
No es lo que esperaba,"2,0 de 5 estrellas","No es cómoda de usar. El café tiene un pase, pero no es ninguna maravilla.",Carmen,Revisado en España el 14 de octubre de 2023
No caben las tazas normales de desayuno,"2,0 de 5 estrellas","El principal problema que tiene esta cafetera, es que no le caben las tazas normales de desayuno de forma natural. Para poder meterlas tienes que quitar la cazuela de abajo que recoge gotas y claro, ahi ya la has liado... porque cuando sacas el cafe sigue goteando un buen rato.
Parece pensada solo para cafe expreso con tazitas pequeñas. Si eres de tazon de cafe, no lo compres.
Las capsulas funcionan bien con el adaptador y el cafe molido tambien funciona bien. La capacidad del agua es suficiente.",Dani,Revisado en España el 14 de septiembre de 2022
La cafetera está muy bien pero...,"2,0 de 5 estrellas","La devolví porque la compre reacondicionada en estado como nuevo y me llegó ralladisima y encima algunas piezas no encajaban bien.
Hablé con atención al cliente para que me reemplazarán la pieza rallada que además era también la que no encaja bien y me dijeron que al ser reacondicionada no me podían ofrecer recambios, que la solución era hacer la devolución del producto, una pena.
A pesar de eso la idea de tener todos esos tipos de cápsulas en una sola cafetera es una pasada.
En resumen, si la compras, no la recomiendo coger reacondicionada.",Igone,Revisado en España el 3 de abril de 2022
PESA POCO Y SE MUEVE MUCHO,"2,0 de 5 estrellas","Debería tener mas peso o el cierre estar mas suave , cada vez que s pone hay que tener mucho cuidado porque se desplaza y puedes acabar tarándola , falla el diseño. El café tampoco es cosa de otro mundo ,hace muy poca crema , llevo 10 días y creo que la voy a descambiar",Cliente Amazon,Revisado en España el 31 de agosto de 2022
Deja un sabor a cualquier cosa que hagas raro,"2,0 de 5 estrellas",La cafetera es muy fácil de usar. Pero como inconvenientes que veo es que para una taza de té no vale porque no cabe de alto y por otro lado el sabor que deja al salir el agua. Es como si dejase un sabor de plástico nuevo y distorsiona el café o los tes que hagas. No me gusta nada. Estoy pensando en devolverla.,Cliente Amazon,Revisado en España el 12 de abril de 2022
El café de los más cerveceros,"2,0 de 5 estrellas","Hemos tenido máquinas italianas y dábamos por hecho que todas serían más o menos igual, siempre que tuvieran potencia y presión suficiente. Sin embargo, este modelo, por algún motivo INYECTA AIRE AL CAFÉ y sale siempre con muchísima espuma. Con ""muchísima"" me refiero a 1 dedo para una tacita de expreso y casi 3 dedos para un americano. Bastante más que cualquier cerveza mal tirada.
Creo que hay bastantes personas a las que les gusta semejante esperpento, porque le añades leche y ya tienes el perfecto fakepuccino. Pero si eres de los que quiere el café solo/expreso como debe ser, te adelanto que no te va a servir.
Una verdadera pena, porque la capacidad del depósito, materiales y tamaño son perfectos.",Cliente de Amazon,Revisado en España el 4 de diciembre de 2020
El producto dejó de funcionar y el vendedor (Vencobaix) esquiva hacerse cargo.,"2,0 de 5 estrellas","Falló a los seis meses de uso, y el vendedor (Vencobaix) esquiva hacerse cargo, pide enviarlo a su sede para repararlo, lo cual cuesta casi tanto como la cafetera. Y aun queda el envío de vuelta. Y previamente me dió el teléfono del fabricante, el cual no es responsable de la garantía, lo cual se supone que lo sabe.",JorgeG,Revisado en España el 26 de mayo de 2022
"Mal funcionamiento, mal café.","2,0 de 5 estrellas","La máquina en si no está del todo mal, pero, para mi gusto, no llega a hacer un café intenso. (Comparándolo con una Minimoka de hace 12 años y usando el mismo café Marcilla).
De hecho, la cafetera que me llegó, perdía agua y puede que eso influyese en la presión y por consiguiente en el café.
El sistema para cápsulas no está mal, pero poco práctico si quieres hacer unos cuantos seguidos. Creo que lo mejor, para esos casos, es una cafetera solo de cápsulas.
Después de pocos días de prueba la devolví.",Sergio,Revisado en España el 4 de diciembre de 2020
Ha llegado desencajada en la parte superior,"2,0 de 5 estrellas","La máquina tiene buena pinta, pero ha llegado mal ensamblada en la parte superior y no es posible ajustarla manualmente. He solicitado el reemplazo por otra.",JH,Revisado en España el 28 de agosto de 2022
Muy complicada de usar si eres práctica y la quieres para cápsulas,"2,0 de 5 estrellas","Para cápsulas tienes que usar un adaptador y hay que quitar y poner con cada cápsula, con lo que al ser para mi oficina, no puedo llenarlo todo de café tocando todo para cada cambio de capsula y me la he tenido que llevar a casa. Y no la uso. Tarda mucho en sacar el café. No es nada cómoda.",ROX,Revisado en España el 14 de abril de 2021
NO funciona bien,"2,0 de 5 estrellas","La idea es muy buena pero no funciona bien, el agua se sale por las juntas del portacapsulas, sobre todo en el de poner café molido.",FAL,Revisado en España el 18 de diciembre de 2021
Tarda mucho en calentar,"2,0 de 5 estrellas","Tarda bastante en calentar, nose si será un defecto puntual o son todas iguales.",David Raposo,Revisado en España el 11 de mayo de 2022
Normal,"2,0 de 5 estrellas",Economica,VICTOR,Revisado en España el 9 de enero de 2022
Café y leche con sabor a plástico recalentado,"2,0 de 5 estrellas","Recién comprada, vacíe dos veces su depósito de agua, para purgar sus sistemas e intentar que se le retirara el sabor a plástico sobre calentado, con el que quedaba el café y la leche al calentarla y espumarla, pero me di cuenta que no era posible quitárselo, así que la tuve que devolver.",Daniel L.,Revisado en España el 2 de marzo de 2024
Muchas aplicaciones positivas pero un resultado negativo,"2,0 de 5 estrellas","Compramos esta cafetera porque para nosotros tenía muchas aplicaciones muy positivas: se puede utilizar como cafetera con café molido y con cápsulas de nespreso. Tiene vaporizador para calentar la leche. Un depósito de agua con más cabida que con otras cafeteras. Parecía que calidad/precio era mejor que otras. Pero al utilizarla un tiempo nos hemos dado cuenta de los efectos negativos: tarda mucho en calentarse. El café sale con sabor a húmedo. Se tiene que pasar agua por el filtro del café después de cada uso. A lo mejor para hacer de una vez varios cafés sea más cómoda pero para hacer uno, la verdad es que no vale la pena. A destacar que el mejor café lo hemos conseguido con el filtro para el café con cápsula pero para eso preferimos la cafetera nespreso que hemos utilizado hasta ahora. La hemos devuelto y ya veremos si buscamos alguna más automática y con autolimpieza aunque su precio sea mayor.",PJ,Revisado en España el 13 de febrero de 2023
Mal sabor al calentar leche,"2,0 de 5 estrellas","Porque da mal sabor, cuando quieres calentar leche o agua? Sabe cómo a cloro.",Ana,Revisado en España el 16 de marzo de 2023
No me ha gustado,"2,0 de 5 estrellas","Tenía una Nespresso y para mi no tiene nada q ver,el café para mi gusto sale aguado",Carmen,Revisado en España el 28 de enero de 2022
Café poco denso,"3,0 de 5 estrellas","A pesar de la presión de 19 bares, el café tiene poca consistencia y está un poco aguado. No sé si es solo mi máquina, pero al parar la bomba sigue echando agua y deja el café muy líquido y estropea la crema.",UK0001,Revisado en España el 29 de julio de 2023
Funciona bien,"3,0 de 5 estrellas",Hecho de menos más espacio para un vaso grande,NURY,Revisado en España el 19 de octubre de 2023
Vibra mucho y hace ruido.,"3,0 de 5 estrellas","El café lo hace bueno, pero hace mucho ruido, por las mañanas sirve de despertador.",Cliente de Kindle,Revisado en España el 28 de septiembre de 2023
Bastante mala,"3,0 de 5 estrellas","En menos de 1 año se me ha estropeado 2 veces. En la 1ª ocasión la cambié por una nueva; pero a la 2ª vez he decidido que me devuelvan el dinero. La máquina es de plástico y no parece muy consistente. Los conductos de dentro se deben romper porque la 1ª vez se empezó a salir el agua por todos lados, menos por donde tenía que salir; y la 2ª vez ha dejado de salí vapor por el vaporizador, pero sin haber obstrucción en el vaporizador. Por lo que entiendo que se desenganchan los conductos interiores.",Javier Guijarro MIravete,Revisado en España el 26 de diciembre de 2022
Poca espuma,"3,0 de 5 estrellas",Buen café pero no sale espumoso...buen precio,manuel r.,Revisado en España el 22 de octubre de 2023
Versátil pero....,"3,0 de 5 estrellas","No me gusta que los adaptadores de cápsulas tengan ""recovecos"". El café no cae directamente de la cápsula sino que pasa por el adaptador para verter al vaso y es un engorro estar lavandolo. Tarda más en calentar que otra que tengo de diferente marca y hace ruiditos espaciales. Por lo demás es una cafetera para hacer café. La compré reacondicionada por la mitad de precio y está nueva, sin ningún tipo de uso, venía embalada en su caja deteriorada con todos sus accesorios nuevos y sin usar en sus plásticos. En el comentario indicaba que tenía unas marca laterales, que tenía rallajos vamos, si, los tiene, pero inapreciables a simple vista, si os queréis ahorrar una pasta........",Marcos Groba,Revisado en España el 1 de octubre de 2022
Mejorable,"3,0 de 5 estrellas","Tras una semana de uso, diría que es un quiero y no puedo. La temperatura del café es bastante buena y el sabor podría ser mejorable pero sigo probando combinaciones. Produce una cantidad enorme de crema bueno, mas bien espuma i como si le insuflara aire ( la definición de un usuario anterior de que parecÍa una caña mal tirada seria bastante cercana ) luego baja la cantidad y queda aguado. La parte de las cápsulas no esta mal.
En fin que no me acaba de convencer.",Francisco P.,Revisado en España el 28 de marzo de 2022
no era lo que esperaba,"3,0 de 5 estrellas",la compré por el tema de la compatibilidad de varios sistemas pero al final solo uso cápsulas tipo Nespreso. Para hacer café tambien sin capsulas pero el compartimento e sgrandisimo y el cafe en general sale muy fuerte. El principal problema que tengo es que mancha mucho cuando sacas y metes las capsulas lo cual es un poco incómodo porque pone la mesa perdida. la verdad no es lo que esperaba,Marisa,Revisado en España el 19 de febrero de 2022
Me encanta pero....,"3,0 de 5 estrellas","Me gusta mucho, llevo varios meses usándola y el café sale muy bueno. Pero últimamente el café no sale con espuma (antes salía con muchísima) y el espumador de leche tampoco tiene la misma potencia. Yo lo sigo usando igual y el café es el mismo pero no sé qué ha podido pasar.",Laura,Revisado en España el 29 de agosto de 2022
Facil de utilizar,"3,0 de 5 estrellas","El poder combinar capsulas con cafe molido es una gran ventaja, espero que dé buen resultado y sea duradera.",Marc,Revisado en España el 24 de enero de 2023
Caffè italiano,"3,0 de 5 estrellas","Que puedo decir? Una sorpresa, soy italiano y puedo asegurar que esta máquina hace café espresso, tanto la crema como la medida de café. También muy bien para el cappuccino porqué los 20 bares se notan.
Muy buena compra, la aconsejo en absoluto.

EDIT: A los 2 años escasos la máquina dejó de funcionar, tira agua después de cada café.",Manuel,Revisado en España el 24 de diciembre de 2021
No pesa y te la llevas al apretar!,"3,0 de 5 estrellas","Otras maquinas hacen igual cafe y són mas economicas, supongo que el diseño se paga. Aunque el cazo para poner el café parece de buena calidad y consistente, el resto es plasticote... Cuando lo aprietas tienes que sujetar la maquina porque si no te la llevas toda en la misma dirección, claro, el plastico no pesa... El café sale bastante bueno al cabo de 1 semana de uso, aunque la marca del café también influye. Yo uso marcilla creme para maquina expresso y sale bueno.
Resumiendo, diseño y cafe bueno, materiales medio bien.",Cliente Amazon,Revisado en España el 7 de marzo de 2021
La caja echa añiscos,"3,0 de 5 estrellas","La caja destrozada, no venia como otros productos dentro de una caja marron, esta a benido directamente la caja.... Discrepcion CERO!! ES UN REGALO DE NAVIDAD Y YA LO A VISTO TODA LA FAMILIA.... UN DESASTRE.....
No trae la jarra para calentar la leche y tiene pequeños roces la maquina....... Un chasco para lo que cuesta",Alejandro Fortes,Revisado en España el 8 de diciembre de 2021
le falta un arccesorio,"3,0 de 5 estrellas","la cafetera me ha gustado mucho, pero le falta uno de los cazillo de poner el café para una sola dosis, es que viene en fotografía en la caja e instruciones, ¿¿ me la pueden enviar?? o la devuelvo, gracias",aureli,Revisado en España el 4 de agosto de 2022
Calienta rápido,"3,0 de 5 estrellas","Es fácil de usar,el útil de las cadsulas,no las perfora,me puse en contacto con el fabricante y quedo en enviarme otro útil hace 10 días y aún no me a llegado, espero lo envien",Marcos Felipe garcia Quirce,Revisado en España el 10 de enero de 2022
Poco espacio y mucho ruido,"3,0 de 5 estrellas","Está correcta pese a hacer más ruido que la que teníamos antes y tener el espacio justo para una taza standar.

El café sale bastante caliente.",Sofia,Revisado en España el 10 de abril de 2022
Cafetera,"3,0 de 5 estrellas","No es para un uso rápido, no tiene una limpieza fácil. Pensé que sería de otra forma. El café sale bien.",Patricia L de San Román,Revisado en España el 21 de enero de 2022
Buen café,"3,0 de 5 estrellas",Buen café pero trabajosa de limpiar,Mili,Revisado en España el 20 de mayo de 2022
senheiser auriculares pxc550,"3,0 de 5 estrellas","no tiene la calidad esperada para el precio que tiene,si lo pudiera devolver lo haria me ha decepcionado.",jose,Revisado en España el 9 de enero de 2022
Buena segùn lo que busques,"3,0 de 5 estrellas","Para quien le guste un buen espresso,va a notar el café demasiado flojo.Yo la compré para poder tomar café momentaneamente mientras hago una mudanza muy larga y salir del paso.Para salir del paso está bien",Amazon Customer,Revisado en España el 25 de abril de 2021
Tienes varias opciones para hacer un café según la prisa que tengas,"3,0 de 5 estrellas","Me gusta tener varias opciones para hacer un café, 2 cafés y cápsulas de Nespresso. Necesitas esperar un rato a que se caliente",Cliente Amazon,Revisado en España el 24 de marzo de 2021
A veces bien y otras aguado,"3,0 de 5 estrellas","Pues la compré por los comentarios. Pero hay veces que el café lo hace bien y otras, haciendo el mismo procedimiento, sale aguado.
Las instrucciones son poco claras",yolanda,Revisado en España el 11 de enero de 2021
SE SALIA EL AGUA,"3,0 de 5 estrellas","La compramos para la oficina, la tuvimos que devolver, se salia el agua que parecia una piscina",Cliente Amazon,Revisado en España el 15 de febrero de 2021
Muy de plastico,"3,0 de 5 estrellas",No noto q sea fuerte,Mariano,Revisado en España el 12 de julio de 2021
relación calidad precio apropiada,"3,0 de 5 estrellas",esta cafetera expreso funciona bien. Tiene un punto en contra con respecto a la comodidad de uso del adaptador para capsulas . Está mal diseñado y conlleva cierta incomodidad el recambio de la cápsula.,Dante G.,Revisado en España el 3 de enero de 2022
Se averió al mes,"4,0 de 5 estrellas","En un principio funcionaba bien, he de decir que para entender su funcionamiento nos costó unos días. El café estaba bien, la temperatura del café era buena, el grifo del vapor era incómodo de limpiar y el botón para accionarlo también.
Al mes se averió.",Cliente AmazonBGA,Revisado en España el 30 de abril de 2023
Buena cafetera,"4,0 de 5 estrellas","La cafetera es muy buena, es lo que estaba buscando por su variedad de café que se pueden preparar, antes había tenido la prima latte 2 que es muy superior a esta, casi al año se averió y me hicieron la devolución del importe, esta prepara toda clase de café cápsulas y con un buen sabor, el inconveniente que tiene es que es muy ""guarra"", cuando terminas de preparar el café sigue goteando mucho tiempo y tienes que tener algún recipiente cerca, de lo contrario te pone la cocina ""apañada"", por lo demás es un buen producto y espero que dure bastante.",Juan M Sanchez Sanchez,Revisado en España el 14 de abril de 2022
Compacta y silenciosa,"4,0 de 5 estrellas","La cafetera es pequeña y hace muy poco ruido. Tarda muy poco en estar lista, y en general funciona bien. Hace crema, y tengo la impresion que practicamente aprovecha el café molido igual que mi antigua cafetera. Truco: para encenderla hay que darle al boton rapido, si dejas el dedo presionado, no se enciende.
No uso el mango para capsulas porque no tiene sentido pagar el cafe 10 veces mas caro que si lo compras en grano. No le doy el máximo de valoracion porque evidentemente por el precio que tiene no se puede pedir un cafe perfecto equivalente al que puedas conseguir con cafeteras que triplican el precio; pero para el uso diario para personas que usan café bio, y que buscan tuestes suaves, es definitivamente la cafetera ideal con muy buena relación calidad-precio.",Pilar,Revisado en España el 14 de julio de 2021
Cafetera expreso,"4,0 de 5 estrellas",No está mal esperaba algo más sobretodo por estar acostumbrada a las automáticas que paran solas y esta no tienes que estra pendiente al igual que a pesar que tardo la vida en llegar cosa muy mal porque era para un regalo y en un primcio venía a los dos 3 días y fueron dando largas... Pero bueno eso fue por la logística el producto es tal cual la descripción es cómoda al utilizar café molido y cápsulas pero a mi me pierde agua del depósito y la tengo 5 meses,Elena,Revisado en España el 29 de diciembre de 2021
Una buena compra,"4,0 de 5 estrellas","Algo ruidosa hay que tomarlo en cuenta. El platillo del café molido se atasca y es difícil de retirar para vaciarlo y hacer una segunda taza. Los cachivaches no son los más cómodos para limpiar. El lado positivo, cómoda de uso y rápida, el agua bien caliente, sus 4 opciones de suministro. Tiene casi 1 año y funciona muy bien",Estela,Revisado en España el 9 de noviembre de 2022
Impresionante cafetera multifunción,"4,0 de 5 estrellas","Muy contentos con esta cafetera que sirve tanto para cápsulas como para café molido, así como para espumar. Viene con todos los adaptadores necesario, no ocupa mucho y tarda poco en calentarse y funcionar. Como única pega es que es un un poco ruidosa y además vibra un poco y si la taza es pequeá y no pesa mucho se te puede incluso desplazar si no estás atento.",Trachemysta,Revisado en España el 9 de marzo de 2022
Cafetera,"4,0 de 5 estrellas",Complicado la extracción de la cápsula,Cliente Amazon,Revisado en España el 10 de julio de 2023
Sus reducidas dimensiones y sus prestaciones.,"4,0 de 5 estrellas",Reducidas dimensiones con unas prestaciones muy bien diseñadas. Negativo: Algo ruidosa.,Lois,Revisado en España el 2 de mayo de 2023
la variedad de capsulas que admite,"4,0 de 5 estrellas","El soporte de agua es inestable , facil de rellenar pero se mueve con facilidad.
lLa altura de la taza es demasiado pequeña si te quieres hacer un café con leche para desayunar. y lo peor el recoge gotas, es penoso . se desmonta solo con mirarlo . buena idea y versatil, pero el diseño es muy mejorable, de todas formas buen producto. me lo quedo",jesus ramon filgueira castro,Revisado en España el 9 de febrero de 2022
Todo correcto,"4,0 de 5 estrellas",Todo correcto.,Rafael,Revisado en España el 2 de junio de 2023
Cafetera para todos.,"4,0 de 5 estrellas","Por fin una cafetera en la que podemos usar café molido, cápsulas Dolce Gusto y Nespresso. Tan solo con un simple cambio de los dosificadores podrás disfrutar de el café que prefieras. Fácil de usar, de limpiar y práctica. El depósito de agua es muy accesible y sencillo de llenar. El cubilete donde cae el exceso o el goteo de café es también sencillo de limpiar. Una buena elección para los que no queremos usar siempre la misma marca de café.",Mario,Revisado en España el 9 de noviembre de 2021
"Hola, de momento va bien, lo bueno que tiene es que si tengo invitados pueden elegir.","4,0 de 5 estrellas","Fácil de limpiar, lo de controlar bien la poción del agua aún no le doy de como funciona.",Cristina,Revisado en España el 25 de febrero de 2023
Fantástica,"4,0 de 5 estrellas","Envío súper rápido, viene completa con todos sus accesorios y hace unos cafés increíbles",Belén,Revisado en España el 2 de abril de 2023
Por fin sé como funciona,"4,0 de 5 estrellas","Me ha costado entenderla a causa de las pocas descripciones de las piezas, pero ahora estoy muy contenta después de haberla aprendido.
Me hace muy buen café.",AMPARO,Revisado en España el 4 de diciembre de 2022
Precio acordé a calidad del producto,"4,0 de 5 estrellas","Buena cafetera acordé al precio, al principio sino estás acostumbrado a este tipo de cafeteras es más lento que prepararte un café de cápsulas, una vez cojes el ""tranquillo"" es fácil y para mí más calidad de café que las Nespresso aunque lo bueno de esta cafetera es que también puedes usar cápsulas, es buena compra.",rafael vazquez martin,Revisado en España el 2 de enero de 2022
Magnífica máquina de café multicapsulas,"4,0 de 5 estrellas",Algo ruidosa pero da mucho juego para realizar cualquier tipo de ☕️ cafe,juan sanchez,Revisado en España el 27 de febrero de 2023
Muy contenta con la compra,"4,0 de 5 estrellas","Me ha gustado lo rico que hace el café expreso y la opción de vapor. Incluso el de capdulas lo hace mejor que la Necpreso que tenía.
Es una buena opción si quieres un buen café y puedes esperar unos minutos a que se caliente l cafetera.",maria c.,Revisado en España el 17 de febrero de 2022
Buena calidad con espacio muy reducido,"4,0 de 5 estrellas","Buena calidad con espacio reducido. Habrá que ver su durabilidad, ya que el soporte donde van las cápsulas y el cartucho metálico del café molido no es metálico. Pero en general funciona muy bien al permitir programar el tiempo de los dos tipos de uso (café corto y cafe largo)",Domingo,Revisado en España el 25 de enero de 2022
Completa pero genera un extraño sabor y no sirve para bebidas frías.,"4,0 de 5 estrellas","Funciona bien con todos los tipos de cápsulas y con café molido. Muy bonita y con muy buenos acabados.
El inconveniente es que genera un sabor desagradable, que es posible que se quite con el tiempo.
No se pueden preparar bebidas frías, y hay cápsulas de Dolce Gusto para ello como el Nestea o un ColaCao frío.",Guillermo C.,Revisado en España el 9 de diciembre de 2021
Café buenísimo,"4,0 de 5 estrellas","Es fácil de usar, de limpiar y que tenga la opción de utilizar dos cápsulas es maravilloso
El café sale muy rico
Sin duda una buena compra",Susana N.,Revisado en España el 18 de noviembre de 2022
TODOTERRENO,"4,0 de 5 estrellas","Cafetera muy versátil, el cambio entre las diferentes cápsulas o cafe molido resulta muy rápido y sencillo gracias a sus diferentes adaptadores, también es de agradecer que venga una cuchara/prensador para preparar el cafe molido.
- como punto negativo destacaría que las tazas grandes no caben sin quitar la pequeña pieza de abajo",daniel perez,Revisado en España el 2 de febrero de 2022
Es bonita y cumple perfectamente su función de multicapsulas,"4,0 de 5 estrellas","Me gusta que pueda utilizar varios tipos de capsulas.
No me gusta el sitema de extracción de las capsulas, siempre sale agua y has de ir con cuidado para no manchar nada.
No regula muy bien el café corto o largo, es poco precisa.
De todos modos recomiendo esta cafetera, buena calidad precio.",OLGA,Revisado en España el 29 de noviembre de 2021
Cumple su labor sobradamente,"4,0 de 5 estrellas",El poder cambiar entre molido y capsula es lo que diferencia ha esta cafetera.,Pepgam,Revisado en España el 22 de noviembre de 2022
Buena,"4,0 de 5 estrellas","Esta muy bien porque tiene la compatibilidad de capsulas de nespreso y dolce gusto, quizá echo en falta la de tassimo. Pero en general, el sabor se nota, y muy buena cafetera.",Edurne,Revisado en España el 18 de julio de 2022
Muy buena máquina.,"4,0 de 5 estrellas","Es una máquina espléndida por sus prestaciones y por su estética. Se puede hacer café tanto con cápsulas como con café molido. Sin embargo, por lo que se refiere a la comodidad, está en desventaja con respecto al sistema Nespresso, porque hay que cargar el portacafé con la cápsula y fijarlo en la posición de funcionamiento, cosa que cuesta un poco de trabajo.
A quien no le importe está pequeña molestia, este producto le agradará sin duda.",Manuel,Revisado en España el 13 de diciembre de 2020
Muy buenos cafes y versatilidad.,"4,0 de 5 estrellas",El cafe que realiza está muy bueno y sale un crema cómo en las máquinas más profesionales. Que sea para capsulas y cafe molido a la vez le da versatilidad al aparato. Me gusta mucho el diseño un poco retro y en aluminio. Además no es muy grande. Un acierto de compra.,Federico Torija Preciado,Revisado en España el 17 de septiembre de 2021
Buena,"4,0 de 5 estrellas","La cafetera esta muy bien. Muy facil de limpiar, hace un cafe decente, todo bien pero al ponerla a funcionar con la vibración suena mucho la bandejita metálica y es un poco molesta la verdad.",Estíbaliz,Revisado en España el 22 de abril de 2022
Estoy contento con ella.,"4,0 de 5 estrellas","En las instrucciones no viene como se apaga la cafetera. Estuve a punto de devolverla porque NO sabía apagarla. SE APAGA PRESIONANDO EL BOTON DE APAGADO CUATRO SEGUNDOS.

Antes tuve una DELONGHI MAGNIFICA, - CAFETERA MAGNIFICA CUANDO FUNCIONA.",satrustegui,Revisado en España el 2 de diciembre de 2021
"Pequeña, práctica y rápida","4,0 de 5 estrellas","Es muy rápido y funciona con Nespresso y café de supermercado.
Como inconveniente: difícil de limpiar el cajón del filtro, y para sacar el café de supermercado es algo incómodo",Artur,Revisado en España el 8 de enero de 2022
Incomoda.,"4,0 de 5 estrellas","No es fácil usar.
Acertar con él depósito de cafe es un reto.
A los que nos gusta tomar café con
leche de vaso, olvida lo. No cabe. Tiene que ser taza y baja.
Calienta tazas. No sirve. No se apaga sola después de uso.
Espumadeera bien.
El café depende de cafe.
En general.
Incomoda.",Eta,Revisado en España el 10 de abril de 2021
Compacta,"4,0 de 5 estrellas","Pequeña cafetera, de facil uso y de agradable sabor, muy util para pode rutilizar más de un tipo de café..",Isabel,Revisado en España el 6 de abril de 2022
Buena opción para poder emplear café o cápsulas.,"4,0 de 5 estrellas","Las instrucciones son bastante pobres, yo me metí a YouTube a buscar un vídeo de como se usa ( hay varios ). Fuera de esto va perfecta y saca buen café. Una buena compra sobre todo por este precio",JR,Revisado en España el 2 de agosto de 2021
Bien,"4,0 de 5 estrellas","Para regalo, muy contento con su uso y funcionamiento la persona que lo recibió, todo un acierto y al disponer para uso de cápsulas fetén",Bruno,Revisado en España el 7 de noviembre de 2021
el producto excelente,"4,0 de 5 estrellas",Buen afe de eso se trata,Francesc,Revisado en España el 21 de septiembre de 2022
No sabría,"4,0 de 5 estrellas",No puedo opinar mucho ya que en mi caso ha tenido una pequeña tara y l he devuelto sin problema,msm,Revisado en España el 27 de febrero de 2022
Buen café a buen precio,"4,0 de 5 estrellas",Le falta facilidad para colocar la cazoleta del café. Por lo demás aceptable,Cliente Amazon,Revisado en España el 23 de marzo de 2022
Facilidad de manejo,"4,0 de 5 estrellas",Es decorativa. Fácil de manejar y además vale para capsulas ymolido,Mariampa,Revisado en España el 20 de junio de 2022
Buen sabor y buena temperatura,"4,0 de 5 estrellas","Hace un buen café, pero las instrucciones son confusas e incompletas.",Cliente Amazon,Revisado en España el 16 de abril de 2022
De momento bien...,"4,0 de 5 estrellas","Hace poco que la tengo, pero por el momento me va muy bien. Para mi gusto, el café en cápsula lo hace mejor que el café molido. Estructuralmente le falta un poco de robustez / consistencia, pero en general está muy bien.",Oscar Gual,Revisado en España el 9 de enero de 2021
Buen café,"4,0 de 5 estrellas","Buen café,muy rico",Cliente Amazon,Revisado en España el 19 de junio de 2022
La relación calidad-precio,"4,0 de 5 estrellas",El café qué prepara es muy rico y la relación entre el coste los materiales el diseño es muy bueno,jose ferreiro,Revisado en España el 1 de octubre de 2021
Calidad,"4,0 de 5 estrellas",Buena cafetera. Lo único que tiene una cubeta con poca capacidad de agua,Amadeus,Revisado en España el 30 de diciembre de 2021
Hace buen café,"4,0 de 5 estrellas","La he estrenado con muy buen gusto ha café. Por la parte técnica es fácil de utilizar y de momento no ha dado problemas, espero dure mucho tiempo.",Chito Rivero,Revisado en España el 18 de abril de 2021
.,"4,0 de 5 estrellas",Café rico y con mucha crema,Juan,Revisado en España el 10 de febrero de 2022
"Funcionamiento correcto es lo que esperaba, casi.","4,0 de 5 estrellas","De fácil instalación y cómodo uso el único inconveniente, que sería la falta de dosificación, se ha convertido en una ventaja para permitir un calentamiento rápido.
Con ella conseguimos un café de alta calidad.",Roman Garcia,Revisado en España el 12 de diciembre de 2020
Cumple su función,"4,0 de 5 estrellas","Está bien, pero el espumador es muy pequeño, la taza no venía en la caja y dónde se pone el café es algo complicado de poner ya que la cafetera es de plástico",Alfonso,Revisado en España el 26 de noviembre de 2020
Compatible con cápsulas y generación de vapor,"4,0 de 5 estrellas","Tiene generación de vapor, lo que valoro mucho, pero es un poco endeble y se atasca con facilidad.",Fj50,Revisado en España el 26 de junio de 2021
"Cumple con lo publicitado, buen producto.","4,0 de 5 estrellas","En general está bien, únicamente si el espacio para poner los vasos fuese tres centímetros más grande sería mejor. Muy buen café.",Cliente Amazon,Revisado en España el 20 de marzo de 2021
Funcional y práctico,"4,0 de 5 estrellas","Me ha gustado lo fácil que es programar, la presión, el café sabe mejor",elizabeth villalva,Revisado en España el 15 de septiembre de 2021
Calidad precio buena,"4,0 de 5 estrellas",para su precio esta muy bien,Jt,Revisado en España el 15 de octubre de 2021
Me gusta mucho,"4,0 de 5 estrellas",Buena cafetera para a los que les gusta el sabor de café.,ANTONIO CASTRO,Revisado en España el 27 de febrero de 2021
Buena presion,"4,0 de 5 estrellas","Funciona muy bien, puede que el cafe un poco flojo, con mucha espuma, pero satisfecho con la compra.",angel,Revisado en España el 27 de febrero de 2021
Versátil,"4,0 de 5 estrellas",Está muy bien. Puedes usar tanto cápsulas como café molido,Alex,Revisado en España el 21 de diciembre de 2020
Buen café,"4,0 de 5 estrellas","Me ha sorprendido gratamente está cafetera pues al utilizar varios tipos de capsula pensaba que haría el café algo flojillo pero no, diría que saca el dolce gusto mejor que las cafeteras de la marca y el café molido también muy bueno. Los ESE y NESPRESO todavía no los he probado, pero hay buenas expectativas visto lo visto.
Limpieza fácil.
Lo único que no me gusta es que el depósito de recogida del goteo es enano y tienes que quitar la cápsula inmediatamente despues de hacerte el café sino se llena con el primer café.
El depósito de agua es algo pequeño, pero teniendo en cuenta el tamaño de la cafetera pues no está mal.
También pienso que le falta un poco de altura desde el soporte de la taza a la boca de salida y también que tuviese salida para dos cafés, pero como he dicho hace buen café.",Eusebi,Revisado en España el 24 de octubre de 2023
CORRECTA PARA EL PRECIO QUE TIENE,"4,0 de 5 estrellas","Escribo la reseña tras usarla durante más de un mes. Fácil de usar y compacta. La cazoleta al principio resulta muy dura. Aunque es de inox tiene mucho plástico, lo que hace que pese poco para su tamaño. El café no consigue hacerlo siempre igual, en ocasiones te hace un café cremoso delicioso y otras más aguado. He de decir que depende mucho del café y de cómo esté de presión la cafetera. Estuve dudando con devolverla, pero por el precio que tiene se que no voy a encontrar nada mejor. Llevamos años usando Nexpresso y ahora solo uso esta, sobre todo por el ritual y el reto de lograr hacer un buen café. También he decir que el hecho de tener adaptador para cápsulas fue uno de los motivos para elegirla. La próxima será una semiprofesional con molinillo incorporado.",griselda,Revisado en España el 22 de marzo de 2022
Magnifica maquina espresso. Complicada en el uso. Merece la pena,"4,0 de 5 estrellas","Una buena maquina por el precio . Tiene la funcionalidad de las mas caras deLonghi a un precio de risa para su funcionalidad y uso.
Saca muy buen café crema y hace unos espumados increíbles.
Hay que practicar para no tardar 5 min. en hacer un buen café ,pero luego va rodado y merece la pena.",Jap,Revisado en España el 18 de octubre de 2021
Cafetera perfecta,"4,0 de 5 estrellas","Casi perfecta, el cafe expresso queda muy bueno, siempre que sea de calidad, el adaptador capsulas nespresso un poco duro de manejar, por lo demas altamente recomendable",xavier oset,Revisado en España el 6 de enero de 2021
Para todos los formatos,"4,0 de 5 estrellas","Funciona fenomenal y deja cremosos todos los cafés independientemente de su formato, lo único que no me gusta pero nada es la bandeja reposa tazas, se mueve todo el rato y optamos por no ponerla, con un mejor sistema y un apagado auto sería un 10",Rocío,Revisado en España el 10 de agosto de 2024
Fácil de usar.,"5,0 de 5 estrellas","Tamaño pequeño, fácil de usar y limpiar, y apta para café molido y diferentes tipos de cápsulas. Muy cómoda.",Ensoro,Revisado en España el 11 de marzo de 2024
Completa.,"5,0 de 5 estrellas","Me gusta mucho su diseño,y la posibilidad de poner café molido y cápsula y con la opción de calentar leche.
Es muy completa. calienta las tazas, es ideal.Ocupa poco espacio,la recomiendo
Contenta con el producto.",Beatriz,Revisado en España el 2 de febrero de 2024
Café buenísimo,"5,0 de 5 estrellas","El único modelo que he encontrado dual , para cápsulas y café molido. Muy contento con la compra",Alvaro R.G,Revisado en España el 4 de marzo de 2024
Recomiendo esta cafetera,"5,0 de 5 estrellas",Tiene la opción de hacer café con brazo y de cápsula también ! Los dos salen muy buenos,María Pilar García Torrente,Revisado en España el 14 de febrero de 2024
Muy buena cafetera,"5,0 de 5 estrellas","Se nos rompió una Krups y la cambiamos por esta porque permitía usarla en diferentes formatos. Quería mos pasarnos al café express para ahorra en cápsulas que dañan el medio ambiente. Va genial. Mis hijos la siguen usando combinado el cabezal para Nespresso, y nosotros usamos el cabezal para café express. El café sale muy bueno y es muy fácil de usar. Fantástica.",Cliente Amazon,Revisado en España el 12 de noviembre de 2023
Que funcione bien.,"5,0 de 5 estrellas","Las càpsula pequeñas y el café molido bien.
Hay que esperar entre dos cafés seguidos.",Cliente Amazon,Revisado en España el 10 de marzo de 2024
Cumple mis expectativas,"5,0 de 5 estrellas","Perfecta para lo que necesitaba, poder hacer el café molido y las capsulas de Nespresso (y compatibles).
Llevo usándola una semana y de momento todo perfecto. Es fácil de limpiar con cada uso. El sabor de los cafes creo que es bastante decente. Estoy muy contento con ella.",Salvador B.,Revisado en España el 6 de diciembre de 2023
Adios capsulas,"5,0 de 5 estrellas","He esperado algunos días de uso para dar mi opinión de esta cafetera, tras muchos años fiel a las capsulas no me arrepiento del cambio, hace un café cremoso y bueno como muestra la foto del café que estoy tomando mientras escribo esta reseña, la he probado con 2 marcas distintas de café y una me gusta mas que otra, con lo cual es indiscutible que el café que compres influye mucho.
He preparado un par de capuchinos con la boquilla de vapor para espumar leche y perfecto también.
Como punto negativo diré que dado que aún me quedan capsulas me hice un café usando el portacapsulas que trae la cafetera, y mantuve una lucha titánica para sacarlo de la cazoleta con mango una vez preparado el café, el portacapsulas tiene una pequeña protuberancia que hay que hacer coincidir con la ranura de la cazoleta para que este salga y no siempre lo consigues a la primera.",jose,Revisado en España el 20 de septiembre de 2021
Cafetera muy completa,"5,0 de 5 estrellas","Hacía tiempo que tenía ganas de comprar una nueva cafetera que tuviese la opción de café molido y café en cápsulas, porque en casa tenemos diferentes gustos. Nos decidimos a probar con este modelo y la verdad estamos encantados. El tamaño está muy bien y permite hacer dos tazas de café a la vez, y el déposito de agua tiene una buena capacidad para no tener que estar rellenándolo cada vez. Se calienta bastante rápido una vez la enciendes, y tanto con café molido como con cápsula sale un café buenísimo, y el detalle de poder espumar la leche en plan capuccino es ideal! Así que 100% recomendable",Noelia Carrasco Macias,Revisado en España el 3 de febrero de 2023
Una pasada de maquina!!!,"5,0 de 5 estrellas","Que os voy a contar,estoy mas que encantada de esta máquina,la compré de Amazon reacondicionado y tenía mis dudas.El café sale las que perfecto.Con el café que saca esta máquina no le tienes que invidiar a ninguna otra máquina.Ni en los restaurantes no he tomado mejor café que este.Aunque la compré en ofera y me salió barata,yo crea que vale la pena comprarla aún no estando en oferta.Yo di con la cafetera perfecta.Tengo amigos que tienen cafeteras de 300€ pa'riba y no saca un café tan bueno como esta.Yo la recomiendo!!!!
La foto que aparece es el café tal como sale de la máquina sin espuma de leche,es tal cual la saca la máquina!",Cliente Amazon,Revisado en España el 17 de octubre de 2022
Una cafetera de muy buena calidad,"5,0 de 5 estrellas","Lo tengo desde hace poco, pero realmente funciona a la perfección. Me ha sorprendido la buena calidad de los materiales y todas las diferentes formas de suministrar el café (cápsulas o café molido) proporcionan un café muy gustoso.. Muy recomendable",Javier Cabarrocas Oliveras,Revisado en España el 18 de noviembre de 2023
Hace un cafe muy bueno tanto molido como en capsulas,"5,0 de 5 estrellas","Venia de otra cafetera multicapsulas Ikohs y no tiene ni punto de comparacion. Con cafe molido hace un cafe fuerte y con bastante espuma, quizas en exceso pero el sabor es estupendo. Y con las capsulas es donde me he llevado la sorpresa porque lo hace igual que en una cafetera original. Es un poco engorroso poner la capsula pero merece la pena.
Los 20 bares de presion se notan. Ademas primero hecha un poco de agua para remojar el cafe y luego sigue pasando hasta que tu lo pares.
Es una de las mejores cafeteras que he tenido y han sido unas cuantas ya que me gustan este tipo de maquinas.
Supercontento con ella.",Nofumo,Revisado en España el 6 de mayo de 2022
Cafe de calidad a un precio excepcional,"5,0 de 5 estrellas","Me limitaré a lo importante, el café, la cuestión estética me la trae al pairo. Muchísima crema y buen sabor, utilizo cápsulas ese del Mercadona, salen a 0.06€ la unidad. El descafeinado con cápsulas dolce gusto también ofrece un café muy bueno. Una magnífica opción a un precio muy contenido. Fácil intercambiar capsulas de distintos formatos y limpieza.",Juan Pedro Carrillo Vargas,Revisado en España el 7 de septiembre de 2023
Justo lo que buscaba,"5,0 de 5 estrellas","Buscaba una cafetera que pudiera utilizar cápsulas nespresso y dolce gusto y también café molido, y está es perfecta, estoy muy contento con la compra, el café sale bueno y funciona muy bien. Probablemente compré otra para mis padres.",José,Revisado en España el 23 de diciembre de 2023
Encantado con la cafetera.,"5,0 de 5 estrellas","Para mí la mejor cafetera que he podido tener desde que uso Nespresso o dolce gusto, y el castillo que lleva para poner café de cafetera es genial, el café sale muy bueno.
El único inconveniente que le veo es que el vaso de agua de recarga es muy pequeño y que es muy ruidosa.",Fitness_54,Revisado en España el 21 de septiembre de 2023
Cafetera universal,"5,0 de 5 estrellas",Muy práctica.. exelente,Nata,Revisado en España el 21 de febrero de 2024
Versatil,"5,0 de 5 estrellas","Buen tamaño, muy versátil, buena potencia, un café perfecto",BENJAMIN GONZALEZ SEGURA,Revisado en España el 17 de febrero de 2024
¡Es una maravilla!,"5,0 de 5 estrellas","Me encanta esta cafetera. ¡Es una maravilla! Es súper bonita y compacta ya que ocupa muy poco. Hace un café exquisito, con una espuma que me hace disfrutar plenamente de mi café. Además tengo muchísimas opciones para poder disfrutar siempre del mejor café y del que yo prefiera en cada ocasión. He podido probar el café de cápsulas Dolce Gusto y el de Nespresso, además del café molido (aún no he probado el de monodosis ESE porque no suelo utilizarlo). Lo bueno es que cuando vienen visitas y tengo que ir un poco más rápido lo hago de cápsulas y queda exquisito y cuando puedo dedicarle más tiempo lo hago con café molido y me encanta. Es muy fácil de usar y de limpiar. ¡Encantadísima con mi nueva cafetera!",antonia ruiz,Revisado en España el 25 de octubre de 2021
Multicapsula,"5,0 de 5 estrellas","La cafetera está genial.
Tiene mucha más presión que la anterior que tenía.
Es un gran invento que sea multicapsula porque puedes comprar el café que te apetezca sin la limitación de exclusividad que te obligan las marcas.",Natalia,Revisado en España el 30 de octubre de 2023
Producto excelente,"5,0 de 5 estrellas",Llevamos dos años usándola (4-5 tazas al día) y funciona de maravilla. La compré como primera máquina de espresso para ver si tendríamos la paciencia de moler el café y hacerlo manualmente (en lugar de utilizar una máquina Nespresso). La idea era comprar luego una máquina más caro. Pero estamos tan contentos con la calidad del café que produce que seguimos utilizándola. Lo único que cambiamos eran las cestas (comprando cestas ‘profesionales’). MUY recomendable. Precio increíble.,Cliente Amazon,Revisado en España el 6 de mayo de 2023
Hay que cogerle el punto,"5,0 de 5 estrellas",La cafetera hace un café divino yo la utilizo un café de marca blanca que no es del otro jueves y los hace perfecto pero el truco está en poner la calentar como si fueras a utilizar el vaporizador y luego cuando está en el en el icono rojo de la tacita hacer entonces el café aunque te parpadee que lo dicen las instrucciones si lo haces como nada más enchufar lo de la tacita te sale espuma ni que fuera cerveza negra pero si lo haces con la temperatura más alta te queda un café bueno bueno de verdad yo tiro a tomar el café estilo americano muy cafés muy largos y me queda increíble,Cliente Amazon,Revisado en España el 21 de diciembre de 2021
"Inicio rápido, hace mucha crema","5,0 de 5 estrellas","Cafetera con buen diseño, fácil de utilizar. Hace buen café (aunque depende del agua y la calidad del café) y mucha crema. aunque es posible que a algunos no les guste, a mi si. la desconexión a los 25 min. si no se hacen cafés es muy útil para los despistados que no se acuerdan de apagarla. Si he de reseñar alguna pega, diré que la inserción del portafiltros es un poco difícil hasta que le coges la posición. No la he probado con capsulas Nespreso, con otras compatibles que compré no funcionó porque el borde de la cápsula es un poco alto y no cierra bien",Ferran,Revisado en España el 21 de abril de 2022
Versatilidad y elegancia,"5,0 de 5 estrellas",Tiene un aspecto fino y esperamos que duradero. El hecho de ser compatible con cápsulas y café molido hace que sea un producto perfecto para compartir en la oficina. El café lo prepara todo lo bien que puede salir de una cápsula y no es ruidosa.,Santiago Vaamonde Juanatey,Revisado en España el 11 de septiembre de 2023
Brazo depósito café,"5,0 de 5 estrellas","En general contentos con la compra y el café sale muy bueno y cremoso. La única pega que le veo es que para vaciar el depósito del café (zurrapa) cuesta bastante que salga y hay que golpearlo fuerte, lo cual, si no tienes un depósito donde hacerlo (en lo bares tienen un cajón especial con una especie de barra de espuma dura) además de ruidoso, el cazo que trae el brazo para el café acabará más de una vez en el cubo de la basura si es que lo vacías ahí o estropear el cubo (el mío es automático) como me ha pasado a mi. Al final quito la zurrapa metiendo una cuchara.",Chary,Revisado en España el 30 de enero de 2022
Magnífica compra,"5,0 de 5 estrellas","Magnífica compra.
En casa somos muy cafeteros y queríamos pasar de las máquinas de cápsulas a café molido. Ha sido una genial elección!
Hemos gastado las últimas cápsulas con el brazo adaptado para cápsulas. Trae otro brazo que está preparado para poner el adaptador de 1 o 2 tazas.

En cualquiera de los casos, el café siempre es cremoso y auténtico.

Creo que en el bar de la esquina ya no me vuelven a ver!",Ricardo Abad,Revisado en España el 12 de febrero de 2023
El mejor cafe,"5,0 de 5 estrellas",Es un lujo que admita 4 formas distintas. Pero mi preferida es hacer el café con café molido. Un gran café. No he tenido ninguna igual. Totalmente recomendable para los amantes del cafe,Belen,Revisado en España el 3 de diciembre de 2023
Excelente opcion,"5,0 de 5 estrellas","No sabía qué cafetera comprar, así que esta fue la elección perfecta. Puedes utilizar distintos tipos de cápsulas o café en polvo. Probé todas las opciones y funcionan perfectamente. Muy buena relación calidad-precio.",Fernanda Cassone,Revisado en España el 10 de diciembre de 2023
"Buenísima elección, me encanta!!!","5,0 de 5 estrellas","Sí eres de los que te gustan cambiar de cafés, infusión de diferentes marcas. Esta cafetera es la tuya, con sus diferentes configuración ""Nespresso, Dolce Gusto, café molido e infusiones""",Nacho,Revisado en España el 24 de octubre de 2023
Me encanta !!!,"5,0 de 5 estrellas","Estupenda cafetera, he probado con todos los tipos de café que admite y salen todos genial !!! Da igual que sea de cápsula o café molido , todos salen con su espuma. Estoy encantada con la compra",Margarita,Revisado en España el 24 de octubre de 2023
Me encanta va genial,"5,0 de 5 estrellas",A mi me va muy bien. Super contento con ella . Y gasto café molido hacendado. Y no veas la espuma que sale . Esta genial.,JUDAPE,Revisado en España el 2 de noviembre de 2023
Café de cafetería en tu casa.,"5,0 de 5 estrellas","Íbamos buscando una máquina de café que se pudiera usar tanto cápsulas como café molido. Es verdad que todavía no hemos usado el adaptador de cápsulas, por lo que no puedo opinar sobre ello, pero para el café molido es justo lo que buscábamos. Además tiene un adaptador grande para hacer café para dos tazas o el individual. Fácil de hacer y de limpiar. Rápido y limpio. Muy buen sabor del café, no sabe a requemado. Además tiene para hacer espuma en la leche, y quedan cafés como hechos en una buena cafetería. De verdad que es algo que ya he recomendado a una compañera de trabajo que tenía la idea de comprar una.",Carmen,Revisado en España el 6 de abril de 2021
Sobre seguro,"5,0 de 5 estrellas","He vuelto a comprar la misma que ya tenía, hace un grandísimo café para los verdaderos amantes del mismo",Juan,Revisado en España el 14 de noviembre de 2023
Hace el café muy bueno,"5,0 de 5 estrellas","Va muy bien. A veces cuesta un poco introducir el mango pero es cuestión de maña.
Lo mejor es que hace muy bien el café. Imagino que es gracias a los 20 bares de presión.
Hace unos 3 meses que la tengo.",Amelia,Revisado en España el 7 de julio de 2023
Muy completa,"5,0 de 5 estrellas","Pros: que se pueden preparar diferentes cápsulas y cafés molido, todo en 1.
Contra: chorrea un poquito al quitar un adaptador para poner el otro.",Sandra,Revisado en España el 1 de noviembre de 2023
Cafetera,"5,0 de 5 estrellas","Estoy encantada con ella, llevo un par de semanas y es la primera cafetera que tengo que hace café molido bueno.",Cliente Amazon,Revisado en España el 12 de noviembre de 2023
Perfecta,"5,0 de 5 estrellas","Una máquina de diferentes tipos de capsulas, para todos los gustos. Muy siñenciosa",Emanuela,Revisado en España el 2 de diciembre de 2023
Muy satisfecho,"5,0 de 5 estrellas",Llevo ya varios meses usándola con varios tipos de cápsulas con un resultado estupendo. Muy contento con la máquina.,Cliente de Kindle,Revisado en España el 14 de noviembre de 2023
Relacion calidad precio,"5,0 de 5 estrellas",De momento funciona perfectamente estupenda relación calidad precio,Cliente Amazon,Revisado en España el 26 de diciembre de 2023
Excelente cafe,"5,0 de 5 estrellas","Se denota muy buena calidad, excelente terminaciones, el cafe exquisifo, considerar que no entran las tazas de 400ml, por lo que tengan otras mas pequeñas disponibles para poder usarla.
Por el tamaño deberia entrar las otras capsulas, pero no he encontrado adaptadores para ello, si alguien sabe avise.",Emiliano,Revisado en España el 4 de abril de 2023
Cafetera con muy buen resultado,"5,0 de 5 estrellas","Hola, compré esta cafetera hace 2 semanas y el resultado es fantástico. El café sale buenísimo, tanto si usas cafe molido como las cápsulas. Con mucha crema y buen aroma. El espumador de leche también va muy bien. Estoy encantado. Leí muchas opiniones positivas aquí en Amazon y quería compartir que yo también estoy muy contento. Es fácil de usar, hay que hacer la primera puesta a punto tal como explican las instrucciones. De diseño es bonita, aunque es toda plástico y muy ligera. Muy silenciosa. Solo la uso los fines de semana, espero que dure. Un saludo.",Emilio H.,Revisado en España el 24 de septiembre de 2021
Cafetera multi capsulas compacta,"5,0 de 5 estrellas",Funciona con todas las cápsulas del mercado. Y con café molido. Buena calidad,JGB Murcia,Revisado en España el 9 de noviembre de 2023
