title,rating,body,author,date
Su calidad,"4,0 de 5 estrellas",Su diseño bonito,Saguntina,Revisado en España el 20 de febrero de 2024
Buen cafe y acepta capsulas de marca blanca,"4,0 de 5 estrellas",Buen tamaño y facil de usar. Puedes encontrar capsulas se marca blanca con lo que se ahorra. La recomiendo,Es economico y ejerce su funcion pero las teclas son de goma y no tienen mucha sensibilidad. Respecto a la cruceta para moverte por los menus hay que ejercer mucha presion en las teclas. Las señales de rebote no llegan al tv y si hay objeto entre la tv y el mando no llega la señal. El boton de control por voz es de adorno y no funciona.,Revisado en España el 9 de febrero de 2024
Muy contenta,"5,0 de 5 estrellas",Buen producto fácil de usar y café muy rico,Chelo Simón,Revisado en España el 30 de enero de 2024
Café horrible,"1,0 de 5 estrellas",Articulo devuelto. Café inbebible,"Calidad precio bien, me llegó tarde y aunque asigne un codigo de una tarjeta regalo al final pagué el precio sin el descuento; sigo esperando explicación aunque me he dirigido a atención al cliente ya que el pago que yo acepté fué descontando la tarjeta regalo.",Revisado en España el 15 de noviembre de 2023
Útil,"5,0 de 5 estrellas",Todo correcto,Cliente Amazon,Revisado en España el 10 de noviembre de 2023
Ya la conocía,"4,0 de 5 estrellas","La compré porque la anterior que tenía, de otro modelo, había empezado a fallar después de 10 años. No tengo experiencia en ninguna otra cafetera de cápsulas, pero he estado encantada con la que tenía, por lo que buscaba la que más se pareciera. Estoy contenta porque funciona igual de bien, pero no sé por qué ahora hacen en todos los modelos un depósito de agua mucho más pequeño. Supongo que habrá alguna razón, porque es muy poco práctico: hay que llenar el depósito cada 2 ó 3 cafés.",nubeblanca,Revisado en España el 28 de agosto de 2023
Resistente,"5,0 de 5 estrellas","El repartidor subió un grupo de cajas en un cesto a golpes en cada escalón, fueron dos pisos y medio y que cada golpe yo cerraba los ojos, cuándo llegó a mi rellano sacó la caja y la volvió a impactar en en rellano, junto dos paquetes más que me tenían que traer, cruzamos miradas de mi incredulidad y se piro corriendo escaleras abajo, total abrí la caja y saque la cafetera, funciona a la perfección, desde que salió de (sabadell) hasta llegar a (santa coloma) no quiero saber los metros que ha llegado a volar la cafetera lanzadola de almacén a furgoneta etc etc, así que es resistente y si hace buen café.",Georgio,Revisado en España el 18 de junio de 2023
No está mal,"3,0 de 5 estrellas",Pero después un año se rompió.,Mary,Revisado en España el 16 de junio de 2023
devolución,"1,0 de 5 estrellas","Esta cafetera ha sido devuelta. Cuando hice la petición de cafetera cápsulas universal, me apareció esta de Bosch- en mi casa somos de Bosch-, visto precio la solicité sin más. Al recibirla observo que las cápsulas que se detallan en su uso no son las que conozco, investigo en las cacterísticas de la cafetera y me dice que la cafetera solo utiliza cápsulas Tassimo. Motivo por el que declino esta cafetera. Saludos.",julio lópez sevilla,Revisado en España el 23 de mayo de 2023
Perfecta,"5,0 de 5 estrellas","Mucha variedad de sabores, ocupa muy poco espacio, es perfecta.",OLGA D.,Revisado en España el 11 de mayo de 2023
Producto fiable,"4,0 de 5 estrellas","La verdad es que hace exactamente lo que anuncian, aunque comparada con otras, quizás le falta un poco de presión para mi gusto.",Manuel FV,Revisado en España el 8 de mayo de 2023
Funcional,"5,0 de 5 estrellas",Funcional,653309900,Revisado en España el 16 de abril de 2023
COMODA// BUENA,"5,0 de 5 estrellas","Es muy comoda de usar y el café sale muy rico.
GRACIAS.",Neus Ferrer,Revisado en España el 10 de abril de 2023
Es lo mejor,"5,0 de 5 estrellas",Estoy muy contenta con la compra y hace buen café la única pega es que no hay cápsulas de marca blanca para esta cafetera lo cuál siempre tienes que comprar de tassimo pero sabes que es de calidad,Lalaloopsy17,Revisado en España el 28 de marzo de 2023
Practica,"5,0 de 5 estrellas",Pequeña,MARISA,Revisado en España el 12 de marzo de 2023
Muy buena,"5,0 de 5 estrellas",Muy buena,Nuria,Revisado en España el 20 de febrero de 2023
economica y hace buen cafe,"5,0 de 5 estrellas","un precio muy ajustado y funciona muy bien, con capsulas de Marcilla un cafe muy rico, ahora he comprado capsulas reutilizables",Arkamb r.,Revisado en España el 14 de febrero de 2023
Buen café,"5,0 de 5 estrellas","Hay poca disponibilidad de cápsulas, ya que sólo admite las suyas, a pesar que hace un buen café, por esta razón:
Hoy no la compraria",Jordi Estañol Franch,Revisado en España el 11 de diciembre de 2022
buen producto,"5,0 de 5 estrellas",buen producto relación calidad precio 👌,Leticia Sueiro,Revisado en España el 16 de noviembre de 2022
Buena cafetera,"5,0 de 5 estrellas",Buena cafetera de cápsulas. Fácil de usar.,PLOSTIS,Revisado en España el 9 de noviembre de 2022
Está bien,"4,0 de 5 estrellas","Funciona pero como se te ocurra poner mal la cápsula se te sale el café por todos lados y es un desastre. En lo que le agarras el truco no te vuelve a pasar. Me gusta que tienen muchas ofertas si compras en la página web de tassimo, te las envían periódicamente por email",PRS,Revisado en España el 23 de octubre de 2022
El tamaño,"3,0 de 5 estrellas","Tengo otro modelo en casa ( anterior más grande con la carga del agua posterior que me gusta mucho más, el doble de autonomía y más cómoda de usar",Eloisa,Revisado en España el 23 de octubre de 2022
No volvería a comprarla ni loco,"1,0 de 5 estrellas",Las cápsulas de su marca y ya. Pasando de productos cerrados.,Rafael,Revisado en España el 20 de octubre de 2022
Genial,"5,0 de 5 estrellas",Seguimos usándola tiempo después a diario y no ha dado problemas,Miguel,Revisado en España el 23 de septiembre de 2022
Muy práctica,"5,0 de 5 estrellas",Fácil de usar y rápida. El café tiene muy buen sabor además ocupa poco espacio y es robusta.,Vanessa,Revisado en España el 21 de septiembre de 2022
Muy bien,"5,0 de 5 estrellas","No somos grandes bebedores de café, solo alguno de vez en cuando, y esta cafetera nos parece que es ideal. Las cápsulas están muy buenas y se pueden conseguir en Mercadona. Te hace el café muy rápido y con gran sabor. Es algo ruidosa pero el ruido dura 10 segundos. Yo la recomiendo.",Naku,Revisado en España el 17 de septiembre de 2022
Gran Precio,"5,0 de 5 estrellas","para lo que hay por ahí, no tiene color el café que hace con lo que cuesta la cafetera…Es Insuperable
A partir de eso ya el tema encontrar las capsulas ,la variedad de las mismas y el,precio de las capsulas no puedo comparar…solo he tenido esta..y siempre bebo el mismo café
Ademas es super pequeña ,ideal en cocina con poca encimera",Javi,Revisado en España el 14 de septiembre de 2022
Hola la cafetera muy bien Gracias,"5,0 de 5 estrellas",Hola la cafetera muy bien porque es la segunda que compró la anterior me a durado bastante tiempo la tassimo los café muy buenos Gracias Amazon y al vendedor,Cliente Amazon,Revisado en España el 20 de agosto de 2022
2 cafeteras bosh,"1,0 de 5 estrellas","Compre dos cafeteras una para casa y una para mi hijo y ahora resulta que dejan de hacer café americano, es normal? Qué hago con las cafeteras? Indignada",Rosa V.,Revisado en España el 9 de agosto de 2022
LA MEJOR,"5,0 de 5 estrellas","Para mi, este modelo es el mejor. La he comprado de segunda mano y simplemente esta nueva, sin estrenar. Vale la pena ahorrar unos euros. Respecto a la cafetera: este modelo, el Vivy 2 , es para mi gusto, el que mejor cafés largos de marcilla hace... Tengo 3, una de cada color y una en cada lugar de residencia. Ni un solo problema con las anteriores y el sabor y la espuma del café es sencillamente espectacular... Buenísima comora",FRAN R.,Revisado en España el 16 de julio de 2022
ocupa poco sitio,"5,0 de 5 estrellas",ocupa poco sitio y el café lo saca bueno y buena espuma,Ismael,Revisado en España el 24 de junio de 2022
Es comoda de utilizar,"5,0 de 5 estrellas",Me encanta esta cafetera por todo comoda y fácil de usar,Escorpión,Revisado en España el 12 de junio de 2022
Así da gusto desayunar,"5,0 de 5 estrellas",En serio que da gusto desayunar con esta cafetera qie sin ser carisima cumple genial,Wismi,Revisado en España el 28 de mayo de 2022
Justo lo que buscaba,"5,0 de 5 estrellas",Es perfecta en tamaño y funcionamiento,Diego,Revisado en España el 26 de mayo de 2022
Muy mala calidad del pastico,"3,0 de 5 estrellas","Este modelo es de los peores ya que la tapa que aprieta la cápsula es muy frágil, incómoda y si no le prestas mucha atención puedes romper la tapa o desperdiciar una cápsula.

-Muy mala la verdad, no la recomiendo para nada.",Nastasia,Revisado en España el 18 de mayo de 2022
Muy fácil usar,"5,0 de 5 estrellas",Buena cafetera para mi y a buen precio,DONDO,Revisado en España el 16 de mayo de 2022
Blanca,"5,0 de 5 estrellas","Es blanca y súper bonita , lo único que las cápsulas son algo caras por buscarle algún pero ..",Juan,Revisado en España el 8 de mayo de 2022
"Mala nooooo, lo siguiente...","1,0 de 5 estrellas","la compré en diciembre 2021 y,a los 3 meses...(habré puesto unas 18 cápsulas) ya no las lee, además, pierde agua. Menos mal que soy ingenioso y toda la que pierde la uso para el WC...jajaja. Por otra parte, no veo ninguna opción donde reparar...ya que está en garantía, por ley.",V&S,Revisado en España el 6 de mayo de 2022
Es pequeña,"5,0 de 5 estrellas","Va muy bien,pones la cápsula y te olvidas y salen muy caliente los cafés.. ideal para invierno!!",Sergio,Revisado en España el 1 de mayo de 2022
Mi humilde opinión,"4,0 de 5 estrellas","Comprada en agosto de 2020 y tras usarla a diario (1 café por día) no ha llegado a durar 2 años. Apenas la devolví este pasado viernes y hoy me llega la de repuesto, ya que aún estaba en garantía.

El café sabe muy bien, siempre utilizo marcilla, y el modelo de café largo es genial para los cafeteros como yo. En tema sabor, espacio, ruido y facilidad le doy 5 estrellas, puesto que cumple perfectamente sus funciones.

Lo malo: Difícil de limpiar. Hay algunas veces (Me habrá pasado como 5 veces en 2 años) la cápsula no cierra bien, y se esparce el café por todos los lados. Quedan granitos de café por toda la zona de la cápsula que es super complicado de limpiar, por el surtidor, etc... Punto negativo.

Otro punto negativo es 'el porqué' se ha roto. Básicamente empezó a perder agua. Parece que el depósito no paraba de sacar agua y se inundaba todo el mármol de la cocina.

Para mi sería un 3,5 sobre 5. Puesto que es una máquina que sirve para el día a día, pero tiene algunas pegas que se podrían mejorar. Por el precio, nada mal.",Hector,Revisado en España el 25 de abril de 2022
"En menos de 4 meses, estropeada...","1,0 de 5 estrellas","En menos de 4 meses, una de cada 3 capsulas se procesa mal y genera una fuga de café que mancha toda la maquina y toda la mesa...No veo ninguna opción disponible para reparaciones ni cobertura de garantía.",Tomàs,Revisado en España el 16 de abril de 2022
Excelente!!,"5,0 de 5 estrellas","Fue un regalo de Navidad
Les gustó mucho, pero con el tiempo se dan cuenta, que para esta cafetera, no hay marcas blancas",veronica,Revisado en España el 13 de abril de 2022
Extraordinario,"5,0 de 5 estrellas","Espectacular! Cubrió todas mis expectativas y más, no pude elegir mejor!",Luisana,Revisado en España el 6 de abril de 2022
Buena compra,"5,0 de 5 estrellas",Todo genial. Lo único que no me gusta es que con el café largo saca demasiada agua y por eso el sabor no es tan bueno como con el café corto. Pero estamos muy contentos.,Cliente Amazon,Revisado en España el 3 de abril de 2022
Cómoda y el café muy rico,"5,0 de 5 estrellas",Funciona muy bien,raul,Revisado en España el 21 de marzo de 2022
Fácil y rápido,"5,0 de 5 estrellas","Variedad de bebidas en unos instantes.
Lo mejor la variedad, rapidez y facilidad de hacerlo con solo meter una cápsula y apretar un botón.
Lo peor que solo funciona con las cápsulas originales con su código que trae cada cápsula. No es que quiera ponerle de otra marca sino que son muy dificiles de encontrar en los supermercados. La opción más fácil es comprar las cápsulas por Amazon o en la web de la marca. Pero contenta con el precio que la adquirí.",Manolimo,Revisado en España el 8 de marzo de 2022
Se me ha estropeado en pocos meses y no consigo que me la cambien.,"1,0 de 5 estrellas",No la compren,Pedro López,Revisado en España el 7 de marzo de 2022
Creo que hay mejores opciones.,"4,0 de 5 estrellas","Estéticamente es bonita y de uso fácil pero en cuanto a la calidad y el sabor se sus cápsulas no es nada buena. Sería excelente que usará otras marcas de cápsulas,que seguro tendrán un mejor sabor.",Lilua,Revisado en España el 3 de marzo de 2022
La mejor cafetera de cápsulas,"5,0 de 5 estrellas","Me decidí por comprar esta cafetera porque me la recomendó un amigo, es verdad que las cápsulas son algo más caras que las de la competencia pero la calidad de esta es mucho mejor, tanto en sabor como en aroma no tienen nada que ver, la compré por Amazon porque tenía mejor precio que en ninguna otra tienda y el envío fue rapidísimo.",Selena,Revisado en España el 27 de febrero de 2022
Es rápida,"3,0 de 5 estrellas",Lo que no me gusta es que no hay en todas las grandes superficies cápsulas o si las hay poca variedad,M.Carmen,Revisado en España el 25 de febrero de 2022
Buenísima,"4,0 de 5 estrellas",Fabulosa. Desde que la tengo no he dejado de usarla. Compro cápsulas café con leche. No le doy cinco estrellas ya que las cápsulas son un poco caras y solo las hay de Tassimo.,amcap,Revisado en España el 12 de febrero de 2022
Se estropeó en 3 meses,"2,0 de 5 estrellas","Parecía buena, pero en 3 meses se estropeó. Empezó a echar agua por todas partes",Lys,Revisado en España el 10 de febrero de 2022
"Máquina barata, café rápido pero costoso","4,0 de 5 estrellas","POSITIVO: para hacer café de vez en cuando es ideal. Calienta muy rápido, hay cápsulas de la marca en casi cualquier supermercado y varias opciones (no demasiadas). Es muy barata y salvo alguna vez que la cápsula no se ajusto bien y derramó café, me está funcionando bien y llevo ya muchos usos. Con el lector de código de barras lee cada capsula y aplica el agua en función de la cápsula (café largo, cortado, etc..)

NEGATIVO: el gasto en cápsulas, generar mucho plástico por dosis de café. Opciones limitadas. Depósito algo pequeño. No es para alguien que adore el café y beba diariamente mucho. Hay que comprar cápsulas de la propia marca (lleva un lector de código de barras para preparar el tipo de bebida que sea).

CONCLUSIÓN: no recomendada para uso frecuente por el gasto en cápsulas al cabo del tiempo y todo el plástico y aluminio que genera. Ideal para ocasiones esporádicas. Su precio es muy económico y es fácil de usar y limpiar.",Cliente Amazon,Revisado en España el 9 de febrero de 2022
La rapidez que actúa.,"4,0 de 5 estrellas",Funcionan muy bien..,José Luis,Revisado en España el 9 de febrero de 2022
Muy bien,"5,0 de 5 estrellas","Va muy bien,el depósito un poco pequeño para mí gusto",Carmen,Revisado en España el 29 de enero de 2022
Buena inversión,"5,0 de 5 estrellas","Play Video
Muy fácil de usar.
Mi mejor inversión.
Cabe destacar que el café queda buenísimo.
Por poner alguna pega el depósito de agua me hubiera gustado mas grande.",Nilka,Revisado en España el 27 de enero de 2022
Encantado,"5,0 de 5 estrellas","Como bien digo de titulo estoy muy contento con la cafetera, si tuviese que poner alguna queja es que no existe leche sin lactosa como pueden tener otras marcas, pero por el resto no tengo ninguna queja",Amazon Customer,Revisado en España el 27 de enero de 2022
La relación calidad -precio,"4,0 de 5 estrellas",Buena relación calidad-precio.,Manuel,Revisado en España el 23 de enero de 2022
Cumple con las expectativas.,"5,0 de 5 estrellas","Fácil de usar, de limpiar y ocupa poco espacio. De momento funciona correctamente. En general, muy bien calidad y precio.",Montserrat,Revisado en España el 23 de enero de 2022
Cafetera mini a precio mini,"5,0 de 5 estrellas","Compré esta cafetera a precio mini (29€) para tenerla para invitados, ya que en mi casa no se toma café. Fue un acierto, no ocupa apenas espacio, las cápsulas son fáciles de encontrar en cualquier súper, y el sabor es insuperable.

Hay que cogerle el tranquillo a colocar la cápsula. Es la única pega que le podría encontrar.",MSL,Revisado en España el 21 de enero de 2022
Excelente,"5,0 de 5 estrellas",Hace tiempo estaba buscando una cafetera así; es genial. La recomiendo 100%,Isabel Cristina Cazorla Larez,Revisado en España el 20 de enero de 2022
Calidad y precio,"5,0 de 5 estrellas",Me gusta lo práctico y rápido de la cafetera,Gustavo J.,Revisado en España el 16 de enero de 2022
Contentos,"5,0 de 5 estrellas","Es una máquina más pequeña que el modelo antiguo, por lo que permite tener más espacio en la encimera, a cambio, tiene menos depósito de agua. No tienes que encender la máquina cada vez que la usas, se enciende sola y el cajón del nivel de la taza es más sencillo.",Rocio,Revisado en España el 14 de enero de 2022
Manejo sencillo,"5,0 de 5 estrellas",Rápida respuesta a la puesta en marcha,Marinacm,Revisado en España el 13 de enero de 2022
Buena cafetera y pequeño tamaño,"5,0 de 5 estrellas","Funciona muy bien, ya tenían mis padres esta cafetera y ahora la hemos comprado nosotros.
Comprando las cápsulas con subscripción periódica sale bastante bien de precio.
La recomiendo.",Estefanía Samaniego,Revisado en España el 13 de enero de 2022
Una cafetera muy recomendable,"5,0 de 5 estrellas","La llevamos usando unas semanas y todo sin problema, el sistema esta muy bien y se puede comprar cafes en prácticamente todos los supermercados, de momento un 10",Ragnarok,Revisado en España el 12 de enero de 2022
Excelente compra!,"5,0 de 5 estrellas","Excelente compra! Muy buena relación calidad/precio. Fácil de usar, limpia. El café sale buenísimo.",Cliente Amazon,Revisado en España el 12 de enero de 2022
Buena cafetera pero cápsulas de plástico,"4,0 de 5 estrellas","Todo positivo, pero las cápsulas sólo pueden ser de la marca Tassimo, y son de plástico, lamentablemente. El fabricante debería plantearse la opción del aluminio, entre otras cosas porque la Unión Europea va a prohibir las cápsulas de plástico.",Louise,Revisado en España el 12 de enero de 2022
Es súper cómoda de utilizar...solo hay que estar pendiente de que tenga agua por que ella sola.,"5,0 de 5 estrellas",Fácil manejo lo hace todo,Cliente Amazon,Revisado en España el 11 de enero de 2022
Estupendo,"5,0 de 5 estrellas","Llegó súper rápido y la cafetera va genial
Además la registras y te dan 20€ de descuento en la web de tassimo
No se puede pedir más a ese módico precio",raquel,Revisado en España el 10 de enero de 2022
Sabor,"5,0 de 5 estrellas","Al principio me costó un poco ponerla a funcionar, porque hay qe bajar hasta el fondo el soporte de la capsula, y en un principio me daba miedo empujar más, hasta tal punto que pensé que estaba rota, error mio. Me parece un aparato muy compacto de fácil uso y muy cómodo. El café es excelente y más, teniendo en cuenta que las únicas capsulas que puedes encontrar en el mercado son las originales, que por otra parte hay en cualquier sitio. Prefiero un aparato original en todos los sentidos. Lo recomiendo",Eugenio Pastrana Carvajal,Revisado en España el 8 de enero de 2022
Es Bosch....,"5,0 de 5 estrellas","La he comprado por 29€. Empecemos por ahí. Pillé una super oferta en Amazon. Funciona perfectamente, la puede manejar hasta un mono y el sabor es muy bueno, claro que depende del tipo café y marca que se elija. Una pena que Mercadona no haga cápsulas Hacendado para Tassimo. Cómprala con los ojos cerrados.",Adrian,Revisado en España el 4 de enero de 2022
SABE FATAL,"1,0 de 5 estrellas",Las cápsulas saben fatal.,Antonio CE,Revisado en España el 4 de enero de 2022
Mala compra,"2,0 de 5 estrellas","No es mala cafetera de cápsulas, pero solo un par de marcas que tienen capsulas, por eso su precio...",Vicente,Revisado en España el 2 de enero de 2022
Barata y bonita pero sin cápsulas compatibles.,"3,0 de 5 estrellas",La máquina es bonita y barata pero solo existen cápsulas de marca y no compatibles. Además está muy limitado en café con leche y el sabor es como aguado. No nos ha gustado.,Javier T. S.,Revisado en España el 1 de enero de 2022
Perfecto,"5,0 de 5 estrellas",Buena relación calidad precio,Yla,Revisado en España el 1 de enero de 2022
Compacta y algo diferente a otras marcas,"4,0 de 5 estrellas",Por ahora le he usado pocas veces y al principio es un poco diferente comparado con otras marcas pero tiene buen sabor. Una vez que te lees las instrucciones ya es todo mas fluido y además bastante compacta ideal para cocinas pequeñas o con poco espacio.,DRG,Revisado en España el 29 de diciembre de 2021
"Buena, bonita y barata","5,0 de 5 estrellas","Una de las mejores compras que he hecho. Es pequeñita y muy bonita, además funciona fenomenal a muy buen precio",NMc,Revisado en España el 29 de diciembre de 2021
Me encanta,"5,0 de 5 estrellas","Fácil de usar, con mi café sabe genial, limpia, relación calidad precio muy muy buena, recomiendo mucho su compra",Laura,Revisado en España el 29 de diciembre de 2021
BUEN PRODUCTO,"5,0 de 5 estrellas","La cafetera funciona perfectamente, y la verdad con un precio muy adsequible",FRANCISCO DELGADO,Revisado en España el 29 de diciembre de 2021
GENIAL,"5,0 de 5 estrellas","Calidad increíble, ya la tuve y vuelvo a comprarla, el sabor del café es muy bueno y no tiene nada que envidiar a la otras cafeteras de capsulas.",F.J.I.G,Revisado en España el 26 de diciembre de 2021
Excelente,"5,0 de 5 estrellas","Está muy bien x el precio que tiene ,hace muy bien los cortados ,de buen tamaño y no aguados,para mí lo único malo es el precio de las cápsulas",jose,Revisado en España el 24 de diciembre de 2021
Que el producto cumpla con las expectativas esperadas por el cliente,"5,0 de 5 estrellas","Me ha gustado todo de la cafetera, sobretodo su tamaño, no ocupa mucho espacio en la encimera y es muy fácil de usar",José Alba,Revisado en España el 23 de diciembre de 2021
Buena maquina en general,"4,0 de 5 estrellas",El único pero es que el café con leche de tassimo deja mucho que desear,alejandro,Revisado en España el 18 de diciembre de 2021
Su simpleza.,"5,0 de 5 estrellas","Todo,como me esperaba,por calidad precio.",SHIVADHARMA,Revisado en España el 15 de diciembre de 2021
Facil de Usar,"5,0 de 5 estrellas",Falta mas productos descafeinados,Eugeni,Revisado en España el 11 de diciembre de 2021
Perfecta,"4,0 de 5 estrellas",La relacion calidad-precio es perfecta. Las capsulas de cortado son las mejores. La única pega es que no he encontrado un café expresso de mi gusto,Pako,Revisado en España el 11 de diciembre de 2021
Cafetera perfecta,"5,0 de 5 estrellas",Regalo de Reyes👑,Juan E.,Revisado en España el 9 de diciembre de 2021
Sencillez y eficiencia.,"5,0 de 5 estrellas","La compré para reemplazar otra de la misma marca pero de un modelo superior, pero está cumpliendo como una campeona.",Isidro Navares.,Revisado en España el 5 de diciembre de 2021
Me gusta,"5,0 de 5 estrellas","Hay esto debajo de la máquina, y saldrá agua caliente si la colocas. ¡Impresionante!",elena,Revisado en España el 4 de diciembre de 2021
MAS QUE UNA CAFETERA,"5,0 de 5 estrellas","He tenido la oportunidad de probar la cafetera VIVY2 gracias a TRND, y sinceramente ya simplemente al sacarla de la caja me enamore de ella, es compacta y de tamaño pequeño con un color rojo intenso, por su tamaño no ocupa casi sitio y la puedes poner en cualquier rinconcito. El sistema de autolimpieza al terminar de preparar cada bebida es una maravilla pues asi no se mezclan sabores. El sistema INTELLIBREW que lee los Nde barras d cada T DISC hace que la bebida quede en su punto. Es muy facil de usar tu insertas el T DISC de lo que te apetezca tomar en ese momento por ejemplo cafe con leche, la maquina al leer el codigo de barras ya sabe la cantidad de agua que debe añadir y calienta el agua a la temperatura idonea. Yo solo tengo que pulsar un boton y listo, el resto es automatico. Ademas tiene un sistema de ahorro de energia que hace que la cafetera se apague sola y se ponga en funcionamiento cuando le volvamos a insertar otra capsula. Hace un poco de ruido al leer el codigo de barras pero casi nada y al expulsar el vapor para la utolimpieza. Tiene muchas variedades de bebidas para preparar, cafe solo, cortado, cafe americano, cafe con leche, capuchino, chocolate, tes.... ademas con el disco amarillo que trae en un lateral en la base nos sale agua caliente con lo cual puedes preparar toda clase de infusiones. Diferentes marcas de cafe y de intensidades. Los cafes salen muy ricos en su justa medida no salen aguados, el chocolate a mis niños les encanta. Yo la recomiendo al 100% es mas tengo otra maquina de capsulas y no tiene ni punto de comparacion (ya la he guardado). El precio de los paquetes de capsulas estan bien de precio y eso tambien es importante porque a mi los de la que tenian me salian mas caros. Por lo de pronto ya os he pedido otra para una amiga",PILAR MENDEZ,Revisado en España el 1 de mayo de 2018
"Si te gusta un buen café y no quieres esperar, es para ti.","5,0 de 5 estrellas","Cafetera muy fácil de usar y más fácil aún de limpiar (en 2-3 pasos y menos de 5 minutos está el café hecho y la cafetera completamente limpia).
Compré esta cafetera porque me apetecía empezar a tomar cafés a diario pero no me convencía la típica cafetera Krups ni tenía la paciencia para hacer el café en otro tipo de cafeteras más tradicionales.
Llevo usándola unos 4 meses y estoy profundamente encantada.

Las bebidas son muy sabrosas, y la gran variedad existente* de tipos y marcas da la opción de poder encontrar la que más se adecúa a tu gusto particular.
*La gran variedad incluye muchas marcas y variantes de: café americano, café solo (corto o largo), café con leche, capuccino, café latte, chocolate caliente, chai latte, infusiones...

La única pega que puedo ponerle es que solo se pueden utilizar las cápsulas oficiales debido al mecanismo que usa la cafetera para funcionar de forma automática.
Por lo demás, el precio de la cafetera es muy asequible y para comprar las cápsulas podemos acudir a casi cualquier supermercado y las habrá.

TIP, a título personal: para una mayor variedad de bebidas, packs de bebidas y accesorios, así como para tener opción de comprar con unos descuentos bastante jugosos recomiendo comprar las cápsulas en la página oficial de Tassimo.",Patricia,Revisado en España el 19 de abril de 2020
ESTOY MUY CONTENTA,"5,0 de 5 estrellas","El primer día casi me la cargo, porque ponía el agua, ponía la cápsula y no bajaba del todo la compuerta, no hacía “clac”, de forma que se perforaba un poco la cápsula, pero no hacía ni café ni nada...no hacía ningún ruido de motor o de agua. Después de desperdiciar 2 cápsulas, me di cuenta de que la máquina no estaba bien cerrada, pues empujé más hacia abajo la compuerta semicircular y oí el “clac” que hasta entonces no había escuchado. Lo malo fue que di con el quid de la cuestión cuando tenía colocada una de las cápsulas que había probado sin éxito y que ya tenía un pequeño orificio: cuando empezó a circular el agua, llené toda la máquina de churretes de café. Por tanto, dos consejos para el primer uso: 1) Hay que bajar la compuerta hasta que haga “clac” cuando hay una cápsula puesta (cuando no hay ninguna cápsula va suave y no hay que encajarla) y 2) Nunca hay que probar más de una vez con la misma cápsula, si ésta tiene algún pequeño orificio.
Al final, después de este ratito de desesperación, resultó que era facilísimo hacer café, chocolate, infusiones, etc., pues hay una gran variedad de bebidas diferentes que se pueden preparar. También puedes elegir entre varias marcas de café o de chocolate, por lo que no te limita la elección. Además, el precio es muy, muy asequible (a mí me costó 24 €). Estoy muy contenta.",Etel Carbonell,Revisado en España el 21 de noviembre de 2019
Para cocinas o espacios pequeños,"4,0 de 5 estrellas","Está genial, ya tenía otra pero más grande; se me había estropeado y ahora he conseguido arreglarla, pero a lo que vamos: ésta es más pequeña y ""cuquiña"" y ocupa mucho menos, pero como defectos veo que el espacio para el agua es como más falso, al tratarse de una solapa lateral en vez del depósito de la grande; y que no se pueden meter cápsulas de las grandes de las de chocolate (creo). Por lo demás, chapeau.
Su funcionamiento es sencillo, no hay ni que encender ni apagar; enchufando ya se enciente la lucecita y le damos al botón y sale el café, y si queremos aguarlo un poco (yo soy de esos...) pues cuando termine se le da otra vez y listo. Después se desenchufa (yo soy de esos también) y listo.
Para limpiarla es tan sencilla como la otra, con un paño o bayeta húmedos basta, o jabón neutro si tiene manchas, y es conveniente retirar las partes por las que sale el café (el pitorrito, vaya) para limpiarlo con frecuencia porque cambia MUCHO el sabor del café.
Antes de usarla es mejor hacer limpieza con la chapita al efecto, que viene en un lateral, yo no la encontré al principio pero está a simple vista.
Recomiendo su compra si está de oferta, y también la grande que es más cómoda pero más engorrosa en cuanto a ocupar más.
Como complemento, el dispensador de Hotussa de cajón con frente de madera es casi indispensable.
Recomiendo las tres compras (una cafetera o la otra según preferencias y el dispensador de cápsulas horizontal, un cajón encima del cual se coloca la cafetera).",RBK,Revisado en España el 14 de mayo de 2021
"Rápida, cómoda y poco ruidosa","5,0 de 5 estrellas","No puedo comparar con otras, porque no he tenido ninguna, pero lo que buscaba era una cafetera compacta, que no ocupara mucho sitio en la cocina, para un uso normal, barata y que tuviera variedad de bebidas. Esta cafetera cumple esto al 100% y además es poco ruidosa. El depósito de agua permite unas cuatro tazas, mas o menos, pero se llena en un segundo. Se limpia muy rápido también. Las cápsulas son baratas, no acepta marcas blancas pero no importa, hay cápsulas tassimo en cualquier super o a través de la web se puede comprar cafés, tés, chocolates, etc.",Fernando Cebrián,Revisado en España el 24 de septiembre de 2018
"Para muy cafeteros .,. pero .. No.","4,0 de 5 estrellas","la cafetera es la más barata de todas , casi siempre está en oferta La presentación es buena, el aparato es resistente y el sabor de los cafés es delicioso Aunque de las 4 marcas conocidas es la que tiene las capsulas más cara. además la máquina tiene lector de código de barras y es imposible encontrar marcas blancas . por último si te descuidas y colocas la capsula un poquito mal suele explotar , explosionar, de verdad. en fin casi un año después me he cansado de sus tonterías me cambio en breve a otra",raquel rs,Revisado en España el 2 de junio de 2021
Fallo de software,"4,0 de 5 estrellas","Le resto una estrella por un fallo de software.
Si le metes una cápsula pero no le das al botón mientras está encendido, la máquina ""se olvida"" que tiene una cápsula sin usar dentro, y por mucho que le das después al botón ya no arranca. No queda otra que abrir y volver a cerrar el compartimento de la cápsula, y como la cápsula ya está perforada, te cae polvo de café por el tubo en la taza.
Podría entender que la máquina se quedara sin información en la memoria si sufriera un corte de corriente, pero mientras esté conectada a la corriente debería ser capaz de memorizar que tiene una cápsula nueva dentro para poder usarla sin que haya un límite de tiempo entre que pones la cápsula y le das al botón.",Daniel Couto,Revisado en España el 6 de mayo de 2020
La mejor en calidad-precio,"5,0 de 5 estrellas","Tenía muchas dudas con respecto a qué tipo de cafetera comprar para tener en casa de mi novia. En mi casa tengo de cápsulas nespresso y senado. Por lo que me decidí a probar estar variedad animado por las cápsulas Tassimo y por el excelente precio del producto siendo de una marca prestigiosa como Bosch. No puedo estar más contento con el resultado, el café sale delicioso, las cápsulas en este formato de Marcilla están espectaculares, recomiendo a siempre darle al botón Intellibrew, para que la cafetera lea el código de barras y salga la cantidad justa.
En cuanto a calidad-precio-sabor esta es la mejor cafetera del mercado sin duda. El precio de las cápsulas oscila entre 5€ (16 cápsulas) y 6,5€(32 cápsulas con ofertas), y siempre está la posibilidad de comprar ofertas en la que vienen varios packs.
Muy recomendable, los que estéis dudando, esta opción es muy buena.",Ismagnar,Revisado en España el 17 de marzo de 2020
Pequeña y compacta,"4,0 de 5 estrellas","Me gusta el tamaño, porque es más pequeña que la Happy y tiene la misma función. La rapidez no es su virtud, pero para casa funciona bien. Salpica mucho, así que se debe usar una taza alta para no manchar todo.
En relación a las capsulas me parecen de precio medio entre 0,28 y 0,60 depende de lo que busques, el tema es que no tienes la opción de marca blanca ya que funciona por código de barras.
No tienes que medir el agua del café ya que el lo hace automático leyendo el código.
En resumen, bajo costo de máquina pero medio alto costo de cápsulas. (y poca variedad)",Simon Cardoza,Revisado en España el 7 de mayo de 2020
Fallo de cafetera Tassimo,"5,0 de 5 estrellas","Hola, estaba muy contenta con mi cafetera Tassimo, pero sin haberme dado problemas,durante el mes y poco que la tengo, hoy al ponerme a hacer mi café, ha empezado a salirse el agua sin parar y el café por supuesto no ha salido bien, pues sino paro la cafetera se habría salido todo el agua, no había manera de pararla, sino la desenchufo.
Quisiera saber qué debo hacer para que me manden una nueva, pues imagino que con un mes que tiene, tendrá una garantía.
He puesto la máxima puntuación porque me gusta mucho y es muy fácil de usar, pero debe de haberme salido defectuosa.
Espero me lo resuelvan cuanto antes.
Muchas gracias.
Un saludo.",Yoly,Revisado en España el 31 de octubre de 2020
Muy buena,"4,0 de 5 estrellas","es una cafetera muy buena,la marca tiene una amplia variedad de cafés,chocolates,infusiones,leche sola.Las cápsulas son redondas,se colocan en la parte superior de la cafetera,a mi me costó ponerla en marcha,porque no me había leído la parte de la instrucción que decía que se tiene q presionar 5 segundos en el botón del dibujo de la tazita.Abajo,en la parte izquierda tiene una ranura donde contiene una cápsula de plástico,ésta sirve para lavar la cafetera.Yo,antes de usarla x primera vez,recargué el agua,normal del grifo,le he puesto ésta cápsula del grifo y la he puesto a funcionar como si fuera un primer café para limpiarla x dentro.El defecto que le pondría es que:en el sitio donde va el agua siempre queda agua,no la puedes aprovechar toda,ya que la cafetera ya te pide que la recargues cuando se enciende un botón rojo.",Cliente Amazon,Revisado en España el 24 de agosto de 2017
La cafetera bien las cápsulas NO,"4,0 de 5 estrellas","La compré en una oferta por 24 euros y me a gustado bastante, es rapida y no muy ruidosa, la cafetera en sí es muy decente pero no me gusta que no haya cápsulas de marca blanca para tassimo, he visto de las marcas alteza, coviran incluso ,día más baratas sólo compatibles con Nespresso ,vamos que lo k me e ahorrado en cafetera me lo estoy gastando en cápsulas!
Es una pena porque supongo que esta la regalaré cuando me pueda comprar otra nescafe, solo por las cápsulas tan caras y sin posibilidad de marca blanca.. En el súper el capuchino 5e por 8 cápsulas! Muy caro!l",Mónica,Revisado en España el 24 de noviembre de 2019
Muy buena compra por el precio que tiene,"5,0 de 5 estrellas","Llevo usando este modelo de cafetera desde hace 3 años, antes usaba uno con boton de encendido. Este es de encendido y apagado automatico, hay que acostumbrarse. tarda muy poco en apagarse, es un minimo gasto pensando en lo que se puede ahorrar en energia si uno se olvidase el aparato encendido.
Su limpieza no es del todo sencilla, sobre todo la parte donde se coloca la capsula.
Recomiendo realizar limpizas periodicas del circuito, siguiendo las instrucciones.
Usé mis anteriores cafeteras de este modelo durante bastante tiempo con la luz de limpieza en rojo, no hubo inconvenientes aun estando encendida esa luz.
Compra recomendable 100%.
Calidad: 7/10
Precio: 9/10
Sabor: 8/10 ( Depende mucho de la marca que se elija )
Relacion Calidad/Precio: 9/10",N. Chilavert,Revisado en España el 14 de abril de 2020
"Para bebidas de café y chocolates va genial, facil y rápida.","5,0 de 5 estrellas","Pesa muy poco esta máquina (es todo plástico) pero para ser la más económica de Tassimo funciona muy bien por ahora.
De ruido, pues como todas, ruidosa.
Facil de rellenar el depósito de agua. Y tiene 4 o 5 tipos disntintos de chocolates (oreo, etc) y los niños no paran de usarla. El cafe la verdad es que prefiero la cafetera de brazo (tipo bar) que no tiene nada que ver.
Pero para otro tipo de bebidas está muy bien.
Las cápsulas mejor comprarlas en la tienda oficial, al registrar la máquina te mandan un par de cupones de 10€.
No pongo fotos porque no hay nada que destacar que no se vea en la descripción",Jacinto,Revisado en España el 9 de agosto de 2020
"Prometia por su precio, pero... lo barato sale caro.","3,0 de 5 estrellas","En si la cafetera no está mal, cumple su función, en minuto y medio tienes tu cafe listo, rapdio y limpio, es lo que buscaba, pero sacrificando algo que para mi es fundamental, el tomarse un cafe por la mañana recien levantado y espabilarte, la calidad y variedad del cafe que puedes tomar es aceptable, no tanto el gasto que llega a generar.
En 4 meses y medio e gastado en capsulas lo que antes en cafe para una italiana normal en un año, y me gusta el cafe, pero tambien que espabile. Es una pena la verdad pero visto lo visto, que lo barato sale caro, e decidido mejorar y comprar una espreso en condiciones y disfrutar del cafe como a mi me gusta.",carlos,Revisado en España el 2 de marzo de 2021
Me encantaaaa,"5,0 de 5 estrellas","El año pasado la compre por reyes a mis padres porque necesitaban una cafetera sencilla y me decidí por ésta. No ha fallado ni defraudado. Este año la he vuelto a comprar (esta vez en blanca) para regalar a mi chico pues también quiere una de éstas sin mucho rollo para el café mañanero. Está agotada en todos establecimientos pues de precio estaba genial y cumple su función perfectamente. Es rápida, práctica y ocupa poco espacio. Las cápsulas no son nada caras y el mantenimiento de la cafetera es bastante simple: rellenar el agua y limpiar el filtro de vez en cuando. No hace falta regular el agua ni meter 2 o 3 cápsulas para hacerte un cortado; viene todo listo y preparado para que la pongas una cápsula, des play y salga tu bebida calentita.",Cliente Amazon,Revisado en España el 19 de diciembre de 2017
Pequeña pero matona,"4,0 de 5 estrellas","Tassimo totalmente funcional, muy pequeña y manejable y fácil de usar. No llega al nivel de calidad de varios modelos superiores que he tenido en los últimos años, pero la diferencia de de prestaciones y de precio con ellos tampoco compensa el desembolso extra. El café aunque use las mismas capsulas de toda la linea es ligeramente más aguado y menos sabroso que el conseguido en modelos de gama alta y el depósito de baja capacidad te obliga a llenarlo con mucha frecuencia, pero por lo demás y si no le das mayor importancia a lo comentado es una inversión fantástica, no te arrepentirás de comprarla.",Vulcano,Revisado en España el 3 de junio de 2019
Mer,"4,0 de 5 estrellas","Es la primera cafetera de estas caracteristicas que utilizo me gusta los cafés que hace aunque sólo he utilizado una marca que es marcilla el resto de marcas son caras por eso pediria algo mas asequible al bolsillo y más variedad, a los fabricantes de Bosh les pediría como observación que en el libro de instrucciones se explicara un poco mejor su funcionamiento ya que las fotos ilustradas son un poco confusas, para ponerla en funcionamiento tuve que recurir al YouTube, no se si compensa comprar un producto económico como este si tienes que comprar las cápsulas que son bastante caras",Cliente Amazon,Revisado en España el 28 de septiembre de 2017
Me gusta mas que la nespresso,"5,0 de 5 estrellas","Hemos flipado con la tassimo. Queriamos una cafetera de capsulas porque mi marido tiene problemas de movilidad de una mano.

La cafetera es muy facil de usar, el deposito de agua es sencillo de rellenar y poner. El uso es sencillo, solo tiene un boton para todo, aunque las instrucciones no vienen demasiado claras.

Si pones la capsula la cafetera lee el codigo y pone el agua exacta, pero en mi caso me gusta el café más aguado de como viene... Si quieres poner más agua, manten presionado el botón hasta que esté a tu gusto, cuando sueltes el botón dejará de salir mas agua....

Lo explico porque me ha costado averiguarlo, no había manera.

Mi veredicto, me gusta más que la nespresso...

Y el cafe se compra en el super....

Genial...",EVA MARIA,Revisado en España el 4 de octubre de 2019
Excelente por donde se la mire,"5,0 de 5 estrellas","Primero que nada, hace rato que buscabamos una, y no nos terminabamos de convencer por el elevado precio de las Dolce Gusto. No queriamos Nespresso por que son diminutos los cafes, y queriamos tambien chocolates y demas bebidas. Esta ha cumplido con todo: Buena cantidad de bebida en la taza, amplisima variedad de capsulas, no hay que hacer nada, la cafetera pone el programa adecuado para la capsula. Silenciosa, y saca el cafe muy caliente como me gusta, y ademas, muy economica, la negra estaba a 28 euros.. Me salio casi lo mismo un porta capsulas. En Resumen: RECOMENDADISIMA.",Roberyto,Revisado en España el 20 de octubre de 2020
Es bonita y hace buenos cafés (y chocolates),"4,0 de 5 estrellas","La compré por una súper oferta sin saber muy bien qué tal era, pero ha sido una sorpresa. Los cafés están ricos y quedan tal cual te los muestran en las fotos. Una pasada, porque lee el código de barras de cada cápsula y la máquina opera según la han programado para ello.
El gran ""pero"" que tiene es que genera mucho residuo. Vale que es reciclable porque es plástico y papel de aluminio, pero da pena tirar tanto residuo para hacer un café (aunque en este sentido no es nada diferente a otros fabricantes)",TR,Revisado en España el 13 de febrero de 2019
BUENA,"4,0 de 5 estrellas","La compramos entre todos los compañeros para la sala de descanso del trabajo y la verdad que el sabor es muy aceptable para el precio que tiene. Llegó rápido como siempre. La única pega que le pongo son las cápsulas, no están en todos los supers y al ser muy diferentes al resto a veces son difíciles de encontrar. Pero con los packs que venden aquí en Amazon ya está bien.",Moñoñi,Revisado en España el 11 de mayo de 2020
facil de usar pero las capsulas son malisimas,"4,0 de 5 estrellas","La cefetera está bien, tarda un poco en hacer los cafes pero esta bien, lo que tengo que decir es que estas capsulas tassimo son malisimas, tengo que hacer media tasa con una capsula y media con otra para que no parezca agua sucia en vez de cafe.... muy mala, fue un error no haber gastado un poco mas y comprar una nespresso , pero aclaro que la cafetera hace su trabajo, el problema son las capsulas.",Fabri,Revisado en España el 2 de marzo de 2020
Cafetera cápsulas,"5,0 de 5 estrellas","Es la segunda cafetera que pido. Ambas son un regalo para mis padres. La primera era para una segunda vivienda y ésta para la vivienda habitual. Están encantados con ella. Muy fácil de usar. Diseño muy bonito. El sabor del café increíble.
La única pega es que trae la propia caja de la cafetera, no viene con embalaje de Amazon.",Mamen C.P.,Revisado en España el 26 de octubre de 2021
Cumple muy bien y los cafés son bastante buenos,"5,0 de 5 estrellas","Ya había probado cafeteras de este estilo Tassimo y la verdad que muy contento.
Suelo tomar el café Largo de Marcilla y está bastante bueno. Eso sí, siempre hay que gastar cuidado con el agua que se le eche dependiendo de la zona (por tema de cal obviamente).
Pero muy buena cafetera por el precio que tiene y muy fácil de usar (un único botón y a beber café jejejeje)",Marcos,Revisado en España el 29 de abril de 2021
Calidad y facilidad de uso,"5,0 de 5 estrellas","Nos encanta la cafetera ya que es muy sencilla de utilizar, sólo llenar el depósito de agua, introducir la cápsula y presionar el botón. Te saldrá una bebida fría o caliente, dependiendo el ""tassimo"" que hayas introducido. Las cápsulas tienen un código de barras que al leerlo la cafetera ya interpreta si precisa agua fría o caliente. Hemos probado varias preparaciones y los cafés son excelentes. No busquéis cápsulas de marca blanca ya que, de momento y que sepamos, no existen, será por el tema del código de barras.
En definitiva: buena compra si quieres calidad y buen precio (nosotros la adquirimos a un precio muy económico)",Quela,Revisado en España el 21 de marzo de 2019
Me encanta,"5,0 de 5 estrellas","Es super cómoda. Hay muchísima variedad de café y otras bebidas para elegir. Tienes que buscar las cápsulas tassimo, y ya ahí pues la marca que quieras. Yo todavía estoy probando. Por ejemplo el café largo no me gusta porque es tipo americano, pues le das al botón para que deje de echar agua y te queda uno normal. Está muy bien, solo que luego tienes que dar con el café que te gusta de toda la variedad que hay hasta dar con el tuyo. Yo la recomiendo totalmente porque es comodísima y rapidísima. A mi me gusta mucho",Cristina P.G.,Revisado en España el 19 de abril de 2020
Fácil uso pero cápsulas muy caras,"4,0 de 5 estrellas","El paquete llegó rápido, como el 90% de los pedidos de amazon. La cafetera en sí está bien, es sencilla de usar y tiene un buen depósito de agua. Pero solo hay cápsulas ""oficiales"", no hay marcas blancas compatibles y en una oficina con 4 trabajadores + clientes bebiendo café el dinero en cápsulas se va por las nubes. Lo mejor es que la preparas, pulsas el botón y la máquina se encarga de prepararlo sin tener que estar pendiente de si se vosa.",Adri,Revisado en España el 28 de diciembre de 2018
Decepcionada,"5,0 de 5 estrellas",Resulta que compró está cafetera para regalar a mi madre para navidad y me viene sin caja así tal cual! Cuál fue mi problema? Que yo vivo encima de mi madre y cuando hicieron la entrega no estaba en casa y lo recibió mi madre y claro ahora ya no puedo regalárselo para navidad porque la ha visto!! Podrían tapar los paquetes o meterlos en una caja que no cuesta nada!! Muy decepcionada es la segunda vez que me lo hacen,Anónimo,Revisado en España el 30 de noviembre de 2020
Calidad precio.,"4,0 de 5 estrellas","La acabo de recibir tengo otra en casa y está la he comprado para el trabajo, no la he probado todavía lo unico que la caja por abajo venía un poco abierta, si encuentro algún fallo en el funcionamiento volveré al comentario para exponerlo.",Ángel Lillo Fernández,Revisado en España el 19 de enero de 2021
Buena cafetera,"5,0 de 5 estrellas","Buena cafetera, el café sale muy bueno. Me gusta mucho la variedad que tiene para cafés y otras bebidas calientes. Me gustaría que tuviese la opccion de guardar una cantidad como por ejemplo el café largo. Me gusta el café largo pero no tan largo porque pierde intensidad. Por todo lo demás va muy bien",Cliente Amazon,Revisado en España el 28 de octubre de 2021
Buena calidad,"4,0 de 5 estrellas","Funciona muy bien. El único problema que le encuentro es que en invierno tengo que calentar la taza. Si no caliento bien la taza con agua hirviendo, el café sale tibio, casi frío. No se si las otras marcas tienen el mismo problema. Debería precalentar el mecanismo de salida del agua para que el café se sirva bien caliente. Si preparo 2 cafés seguidos, pasa lo mismo, se enfría al llegar a la taza.",Andrés,Revisado en España el 9 de enero de 2020
buena cafetera,"5,0 de 5 estrellas","excelente cafetera en su relacion calidad precio.Ideal para uso intermitente que es mi caso. las capsulas tassimo no tienen marca blanca ni son las mas extendidas en los super, pero buena variedad en su pagina aunque poco reciclables, para los mas ecologicos. Muy facil de usar, practicamente 2 botones pero el cierre de la capsula exige cierta dureza que al principio te da aprension. poco ruidosa. Solo he tenido el fallo de 1 capsula que al desbordarse exige retirada de piezas y pasar por agua. bien indicado en instrucciones. contento de la compra",obosan,Revisado en España el 23 de mayo de 2020
Funciona bien y las bebidas no estan mal y no son caras algunas,"4,0 de 5 estrellas","Facil de usar,sabor no esta mal y un engorro para limpiar sobretodo donde van las capsulas,por lo demas si tubiera mas deposito de agua perfecto..de momento la tengo un mes y algo,si no se rompe,recomendable con su precio",Jose lacal gil,Revisado en España el 30 de enero de 2021
Muy buena para su precio,"4,0 de 5 estrellas","Tuve un modelo anterior mucho más voluminosa y ruidosa, parece que eso lo han medio arreglado (sigue haciendo ruido pero no es excesivo) El envío llegó enseguida pero no en una caja de Amazon, directamente en la caja de la cafetera, cosa rara. No le doy 5 estrellas porque la máquina no tiene botón de on/off, se queda una luz encendida cuando deja de funcionar que se apaga al rato con lo cuál no sé si apagada gasta o no luz",Miguel Angel Hernández,Revisado en España el 20 de octubre de 2017
"Pequeño, práctico y fácil de usqr","4,0 de 5 estrellas","El producto está bien, pero es la segunda vez en una semana que Amazon describe un producto erróneamente.
En las características de este producto dice que el depósito de agua tiene un litro de capacidad. NO ES VERDAD.
Solo tiene 0,7 litros de capacidad.
Alguien debería corregir estos errores que inducen a comprar erróneas.",Luis,Revisado en España el 14 de junio de 2020
Calidad-precio correcta,"4,0 de 5 estrellas","La cafetera llegó a tiempo. En cuanto al resultado, cumple con las funcionalidades propias de este tipo de cafeteras. Relación calidad-precio correcta. La hemos comprado paralela a la que teníamos de cafe americano y cumple con su función. Ademas que la marca ofrece bastante variedad a elegir.",Rocio,Revisado en España el 14 de septiembre de 2020
Buena cafetera de tamaño reducido,"5,0 de 5 estrellas","La cafetera en sí es muy elegante, de tamaño reducido comparada con las anteriores y de un funcionamiento más refinado (en mi opinión) que los anteriores modelos. La hemos cambiado al parecernos que al antigua no tenia un funcionamiento muy correcto y hemos acertado. Hace un café muy bueno, bastante mejor que Dolce Gusto por ejemplo a mi padecer, y funciona de maravilla. El deposito es un poco pequeño, pero suficiente para hacer unos 7/8 cafés expreso (80ml). Si quieres bebidas largas toca rellenar más, pero es tan sencilla de rellenar al tener el deposito lateral que no molesta gran cosa. En definitiva, por 35 euros una buena compra.",Jose Antonio,Revisado en España el 6 de mayo de 2018
Compacta y fácil.,"5,0 de 5 estrellas","Una cafetera ideal para pisos pequeños, aún así su depósito permite hacer bastantes bebidas antes de reponer el agua. La compré a 21€ y ha sido un chollo. Los T-Disc suelen costar algo más que otras cápsulas, pero Tassimo suele enviar vales dentro de las máquinas para utilizar en las primeras compras. Al ser inteligente la máquina echa el agua justa que necesita cada bebida y no hace falta preocuparse por la cantidad de agua. Plataforma del vaso es ajustable en altura.",CR,Revisado en España el 10 de julio de 2020
Genial,"5,0 de 5 estrellas","Llevaba usando este modelo de cafetera pero la versión 1 alrededor de 5 años.
Ya tocaba cambiarla y por el precio que se encuentra en amazon es un regalo. En cualquier gran superficie lo encuentras por el triple excepto en ofertas puntuales. La cafetera es muy fácil de usar y de limpiar. Lo único que no me ha gustado es que el cable de corriente es un poco más corto que el de la versión 1. El café que hace es bueno.
La única pega es el precio de las cápsulas Tassimo ya que no se pueden comprar de marca blanca. pero aun así es una compra muy recomendable.",bull,Revisado en España el 27 de noviembre de 2018
"Una observación, tonta","5,0 de 5 estrellas","Una cosa curiosa, que me ocurrió, es que cuando la encendí.. no era capaz de que hiciera café, pues la tontería más grande, era que debes de encender (dal al botón) con la cafeta abierta, y una vez que esté la luz ámbar cerrar con el cartucho para que pueda leer la cantidad de agua. Llevo unos meses, y me parece fantástica la compra.",Lorena,Revisado en España el 14 de enero de 2021
Hace bien su función,"4,0 de 5 estrellas","Es buena cafetera, que sea automática me gusta y lo de poder poner dos cafés a la vez también, lo que menos me ha gustado es la poca capacidad del depósito... por lo demás, hace bien su función",Grupo O.,Revisado en España el 5 de noviembre de 2020
BUENA CAFETERA PERSONAL !!!,"4,0 de 5 estrellas","Esta cafetera era para reponer una anterior que ya teníamos, que tenía un problema de descalcificación. Pero repetimos, ya que el producto es muy adecuado.",JOSE MARIA PLANAS GIFREU,Revisado en España el 2 de mayo de 2021
"buena, barata pero poco ecológica y demasiado automatizada","4,0 de 5 estrellas","La cafetera es buena. Funciona correctamente, pero no me convence ni el exagerado automatismo con su lector de códico de barras para dosificar el agua, ni el sistema Tassimo en general.
¡Mucho plástico y poco café!
¡Esto no es ecológico!",Jorge Ganzúa,Revisado en España el 21 de octubre de 2020
Regular,"4,0 de 5 estrellas","El sabor esta mas o menos bien.
Pero el golpe de vapor que suelta al inicio, ni me gusta ni lo veo seguro",Mª Angeles,Revisado en España el 13 de mayo de 2021
Está regu-bien...,"3,0 de 5 estrellas","La cafetera está bien, aunque hay varias cosas que no me agrandan
1- no viene con caja de amazon, viene con la propia caja de la cafetera y sellada para cerrala con el precinto amazon, por debajo de la caja no llega la caja cerrada del todo..se ve lo de dentro.
2-las instrucciones no las entiende ni dios...tuve que recurrir a youtube, porque al ponerla en marcha hay que poner una cosa amarilla que viene con la cafetera que no se ni para que sirve.
3-bastante ruido
4- este punto es el que menos me gusta de todos....si cojo la cafetera el agua que hay en el deposito se sale....no entiendo porque, he tenido la cafetera dolche gusto y no se me ha salido nunca el agua....",Jennyfer A.,Revisado en España el 15 de noviembre de 2017
IDEAL,"5,0 de 5 estrellas","Esta cafetera es ideal, ya tengo una Nespresso y probé una Dolce Gusto para el despacho (desastrosa).
La Tassimo calidad precio es buenísima, fácil de usar, límpia, cómoda , asequible, las cápsulas de café que he probado, tienen un aroma y sabor que poco tienen a envidiar a las capsulas de Nespresso. Conclusión; Estoy muy feliz con mi Bosch Vivy 2 :) Ah! Se me olvidaba... ES SILENCIOSA (comparando con la Nespresso)",Sia,Revisado en España el 13 de junio de 2020
"Buen precio, buen café","4,0 de 5 estrellas","La cafetera es fácil de usar y dicen que el café está bastante bueno
Las cápsulas son un poco más caras que otras marcas y no tiene marcas blancas pero como yo lo uso de manera esporádica no me importa",Sandra,Revisado en España el 21 de agosto de 2020
"Cafetera bonita, barata y de calidad","5,0 de 5 estrellas","Venía de una Dolce Gusto, y tengo que decir que esta me ha gustado más. El café Marcilla está muy bueno. Yo diría que es menos ruidosa que la DG, y además las cápsulas, una vez utilizadas, no gotean nada, a diferencia de las DG, que no había dónde meterlas. Para colmo las cápsulas DG abultan el doble que estas. La cafetera es automática, se para sola. El precio de las cápsulas es similar a DG, pero si comprando en Amazon mediante suscripción hay buenos descuentos. Estoy contento con el cambio.",Eduardo Uribe Mendieta,Revisado en España el 15 de agosto de 2018
CONTENTOS CON EL RESULTADO,"4,0 de 5 estrellas","Es una buena cafetera por el precio que tiene funciona bien y rápido, si le pongo alguna pega por poner alguna es que no hay capsulas de marca blanca, tiene que ser tassimo, pero bueno hay una gran variedad",ANNA PUJOLAR,Revisado en España el 21 de agosto de 2020
Un regalo estupendo,"5,0 de 5 estrellas","Tengo una y esta era para regalo... Estupenda. Me gusta que es compacta, elegante y sin tonterias. Robusta y bien acabada otra ventaja es poder encontrar mas variedad que en otras los sabores... De echo el de bailey me encantó. Me gusta que siempre haga la misma mezcla exacta del agua, porque siempre sale igual el café o Milka en mi casa. El no poder elegir exactamente ,lo largo corto de su dosificación, puede ser bueno para algunos y no agradar a otros... Yo prefiero tomarlo siempre con el mismo sabor.",Nayara,Revisado en España el 5 de julio de 2018
Cumple su función,"5,0 de 5 estrellas","Quería una cafeteraa estilo a estas y no dude en comprarla.
Me está yendo muy bien
Tema de cápsulas tiene que ser la marca Tassimo si no es esa marca no funciona.
Porque probé con otras marcas y no me funcionan.
En la caja te pone con qué marcas trabaja y cuáles serían las que se deben de usar.

He hecho buena compra ya que estoy contenta con la cafetera",Cliente Amazon,Revisado en España el 31 de marzo de 2020
Buena relación/precio,"5,0 de 5 estrellas","Para lo barata que es, hace unos cafés buenísimos desde el primero. Lo pones que se lea el código de barras y te olvidas, se apaga sola y cuando pones la capsula nueva se pone en marcha. Yo uso café Marcilla y para mi perfecto, hace 1 mes que lo tengo y mi familia esta encantada. lo recomiendo 100%.",Miguel,Revisado en España el 24 de enero de 2021
Bien.,"4,0 de 5 estrellas","Buena cafetera, lo malo son las cápsulas , son las más caras, hasta 5€, pero bueno, el café está más rico y son cafés más largos que la diócesis gusto, sale más producto sin aguar el resultado, en la dolce gusto , como te descuides, te haces un agua chirri en un momento. Contenta, era para un regalo, al receptor le ha encantado!",Rocío Gonza-Loz,Revisado en España el 16 de enero de 2019
Maquina barata,"4,0 de 5 estrellas","Me gusta mucho los cafes de esta maquina, pero estan muy caros. Para lo poco que vale la maquina, las capsulas estan super caras y pocas capsulas. Mas vale comprar una nespresso y poder comprar las capsulas conpatibles con la maquina. Para la tassisimo solo vale los cafe de la marca.",Deus Larisa,Revisado en España el 25 de febrero de 2019
Excelente cafetera para uso ocasional,"5,0 de 5 estrellas","Soy muy tradicional y prefiero mis cafés hechos en microondas y con solubles no obstante he de decir que la cafetera por su precio y su fácil uso es perfecta para tener a mano para usos ocasionales. Si recibes visitas inesperadas, si de repente tienes un antojo de un café de especialidad pues para eso viene perfecta.

En casa nos vendrá bien e iremos probando poco a poco las diferentes variedades y combinaciones de cápsulas que ofrece Tassimo. Ah!, es muy fácil de montar, usar y de limpiar.",Ray Cubías,Revisado en España el 24 de noviembre de 2018
Esta genial por precio y calidad,"5,0 de 5 estrellas","Estoy encantada !!! Funciona de maravilla, sin ruido, café delicioso mejor de lejos que a Nespresso! Merece a pena de verdad por el precio de las cápsulas y de la máquina. Las cápsulas compré en Carrefour que son más económicas, me salen como 28 céntimos cada cápsula. La máquina tiene un lector de código de barras que no te permitirá comprar cápsulas “genéricas” solamente de Tassimo pero eso está bien por la calidad del café y la cantidad de sabores.",Iara S.Pavan,Revisado en España el 8 de abril de 2019
Funciona y es rápido,"4,0 de 5 estrellas","Funciona bien aunque un dia dio error pero al desconectar y enchufar se arreglo.
Donde vivo no encuentro los tes...solo uso para cafe.",Lola,Revisado en España el 1 de noviembre de 2020
"Compacta, silenciosa y rápida","4,0 de 5 estrellas","Tengo que usarla más tiempo para quizás cambiar mi puntuación en el futuro. De momento sólo lo he usado una vez. Es rápida, no hace ruido apenas, es muy compacta y muy mona. Me llegó muy rápido. En cuanto al café sólo he probado el negro 100%colombiano y me parece muy aguado... Lo dicho, probaré otras versiones.",Ruth,Revisado en España el 8 de octubre de 2019
Su sabor,"4,0 de 5 estrellas",tiene un buen sabor,Cliente Amazon,Revisado en España el 2 de diciembre de 2021
Muy bien,"5,0 de 5 estrellas","Cumple su función perfectamente. Es fácil de usar y de limpiar. El contenedor de agua tiene un buen tamaño también, alcanza para varios cafes. Las cápsulas, yo tengo las de café largo y sirven pra dos tiradas perfectamente. Muy contenta con la comprar",Paola,Revisado en España el 1 de mayo de 2021
Un completo fiasco,"1,0 de 5 estrellas","Buenas, mi experiencia va un poco condicionada con la experiencia que tenia de la marca dolce gusto...

Compré esta porque estaba muy muy barata, y las capsulas son más o menos igual de caras que las de la competencia asi que...

Total, que esta máquina estropea una 1 de cada 5 capsulas. La pones, le das al boton y se pone en rojo. Pones otra, y funciona... Pero si pruebas a usar la que ha agujereado pero no usado, no funciona... Pésimo.

Total, que los 25€ que pagué por ella, con todos los cafés que he perdido (tomo bastante) ya me ha salido por alrededor de unos 60€... Otro día compro otra marca...

Mi consejo es que gastéis algo más en otra marca que después lo agradecerá vuestro bolsillo.

PD: No la devuelvo porque tiré la caja.",Xavi,Revisado en España el 31 de agosto de 2020
no compreis esto a no ser que querais tener mil problemas con amazon.,"1,0 de 5 estrellas","Te dan 7 codigos de 5€ (no acumulables), así que tienes que hacer pedidos individuales y se aplica el descuento en cada uno.
Vamos, que te descuentan 5€ las supuestas 7 veces siguientes que pidas esos tipos de cafe.

Y digo supuestamente porque, de los 7 codigos, solo me ha salido como no utilizado 1 de ellos.
Tampoco he podido elegir el descafeinado que aparece como sí incluido en la promoción...

No sale a cuenta.

Al final después de pelearme seis veces con amazon devuelvo el producto pues no me dan solución a este problema...

La primera vez que tengo que devolver un producto xq amazon no cumple su promesa.

MENUDA DECEPCIÓN CON AMAZON Y CON TASSIMO",Charly,Revisado en España el 7 de julio de 2018
Fácil,"1,0 de 5 estrellas","Doy mi opinión sobre el aparato, a la cafetera dedico las cinco estrellas. Si tuviera que valorar el envío, no le doy ni una. ¿ que es eso de enviarla en su caja original y encima abierta?... falta total de profesionalidad.
La cafetera está muy bien, pequeña y muy sencilla de usar. El sabor de los cafés; algunos están buenos y otros no tanto, eso ya es cuestión de gustos. El expreso sabe de maravilla",Kadra,Revisado en España el 26 de noviembre de 2021
Decepción,"1,0 de 5 estrellas","Ha durado unos meses, la compramos para una empresa pequeña y claro, aprovechamos para pedir directamente a la web de fabricante cápsulas más “exoticas“ de lo que sueles encontrar en los supermercados y por aprovechar un vale descuento... no hemos llegado a acabar esas cápsulas y se ha estropeado, pones la cápsulas y no la lee... entonces claro, tienes que tirarla y probar con otra porque si se te ocurre poner de nuevo una cápsula abierta y funciona por casualidad pues se derrama el café/te por todos los huecos de la máquina.... ya estamos mirando nespressos, saludos",Miguel,Revisado en España el 26 de marzo de 2019
No compensa,"1,0 de 5 estrellas","Me ha defraudado mucho. El precio de la cafetera es muy competitivo, la cafetera en si está muy bien, ahora, las cápsulas son muy caras. En mi caso no compensa
Además te “regalan” un cupón de 20 euros (10 en primera compra y 10 en segunda) pero solo en compras online y con el añadido que en mi caso que vivo en Mallorca, aunque los gastos de envío me salen gratis, me cobran 15 euros de recargo por vivir en zona remota!! Esto aplica a todas las baleares
Estos detalles son los que ha hecho que devuelva la cafetera. No compensa",Tina,Revisado en España el 1 de junio de 2018
FALLO AL SEGUNDO MES,"1,0 de 5 estrellas","Des de el segundo mes de la compra dejó de funcionar, siempre con una luz roja permanente encendida.
Descalcificación echa tras una semana de la compra y la tengo guardada en la caja habiéndola usado solo 4-5 veces y sin recibir una solución por parte de esta empresa, ni me han facilitado un técnico ni reembolsado el dinero ni cambio por una nueva.
Nunca más pienso comprar ni este producto ni menos a esta empresa.",Miquel,Revisado en España el 12 de enero de 2021
Producto negativo,"1,0 de 5 estrellas","Desde el principio de comprarla, sale muy poco café, hace pocos días que la estamos utilizando y sale menos café todavía, no se pueden hacer cafés largos, pues no llega ni a llenar una taza pequeña, ni da la opción, de darle al botón para repetir la función con la misma cápsula. Tengo q poner 2 para hacer un café regular. No la recomiendo para nada. Hay veces q le das al botón para q salga el café y no funciona. Ya escribí al fabricante y no se dignan a contestar",PAT,Revisado en España el 17 de octubre de 2018
Decepcionada,"1,0 de 5 estrellas","La cagetera viene con unas instrucciones pésimas, sale muy poco café tienes que ooner dos capsulas para tener un cafe decente. Se encienden los pilotos rojos y no sabes porque, en el manual de instruciones no ecploca nada. Nos volvimos locos para arreglarlo. La compré en abril y hoy ha dejado de funcionar se ha abierto una capsula dentro y se ha ensuciado toda la cafetera. Voy a llamar a Amazón porque quizás esta unidad vino defectuosa porque no entiendo sino los comentarios tan buenos que tiene.",Cliente Amazon,Revisado en España el 1 de enero de 2019
Cafetera defectuosa,"1,0 de 5 estrellas","Compre las dos cafeteras una por error y la otra para uso, al usar la cafetera se salio toda el agua y el cafe; o sea que esta defectuosa;voy a Correos ya que vosotros me las enviasteis por ese medio y me dicen en Correos que tengo que pagar el importe completo de lo que pesen los dos paquetes que son bastante grandes y me sale muy caro. Les ruego me solucionen este problema. En espera de sus noticias. Reciban un saludo.",Mª. ANGELES GLEZ. DE ARA,Revisado en España el 12 de agosto de 2018
Decepcionante,"1,0 de 5 estrellas","La cafetera no es cómoda de usar, muchas veces da un error al colocar la segunda capsula para la segunda taza de café y no hay manera corregirlo. El sabor nos decepciono. Buscaremos una cafetera de otra marca.",Cliente Amazon,Revisado en España el 28 de junio de 2021
ENGAÑO,"1,0 de 5 estrellas","Le doy una sola estrella no por el producto, que sé que es bueno porque ya tengo otra igual, sino porque me siento engañada. Compre esta segunda máquina por la promoción de 7 códigos de5€ que regalaban para usar en cápsulas. No he podido canjear más que uno. El resto quería ir canjeándolos cada semana con la compra de más cápsulas y no me deja. El problema es que aún estoy esperando respuesta al correo que les escribí. Si no lo recibo la devolveré.",Rosana,Revisado en España el 5 de julio de 2018
"Hasta ahora encantada con Amazon, pero este problema me tiene enfadada","1,0 de 5 estrellas","En octubre compre la cafetera bosch , tassimo, tiene muy poco uso, pero ha dejado de funcionar, desde el primer día hace un ruido raro, hoy he estado descalcificandola y sigue mal, . Me podrían responder , gracias",Maria Jesus Sanchez Hernandez,Revisado en España el 18 de marzo de 2021
decepcionada,"1,0 de 5 estrellas","Tenia una Tassimo vieja y me la canvie por esta porque estaba muy contenta con esta cafetera. Pero resulta que esta me esta fallando. No hace la espuma que hacia al principio, el cafe sale con un gusto malo (y he cambiado con varias marcas i nada). Le he hecho varias limpiezas y la he descalificado varias veces tambien y sigue ocurriendo. Que puedo hacer? Nadie me pone solucion, no tengo manera de hacer una reclamacion...",Annuski,Revisado en España el 16 de noviembre de 2018
Mejor gastaste algo más a comprarte está,"1,0 de 5 estrellas",El primer mes muy bien todo cuando van pasando los meses 2 3 meses no llega a más no deja de dar problemas la mitad de las cápsulas las tienes que tirar por qué la máquina no las reconoce y muchas de ellas no puedes usar todo el contenido por qué se quedan dentro de la capsula,jesus G,Revisado en España el 3 de enero de 2020
Calidad no tiene,"1,0 de 5 estrellas",Mucho diseño poca utilidad malisima calidad con dos veces que hagas café largo se estropea ya el agua se estropea empezá a perderla y no haces más que gastar tres o cuatro pastillas de café para poder hacerte uno . Una asquerosidad NO RECOMENDABLE,Enrique,Revisado en España el 3 de septiembre de 2020
Dejo de funcionar en el primer servicio.,"1,0 de 5 estrellas","Creo que esta serie de fabricación de cafeteras puede ser defectuosa, pues la primera que fallo la cambie sin problemas por otra igual y esta segunda tambien fallo con los mismos sintomas que la primera en la primera puesta en uso. Yo desde hace 10 años uso estas Bosch y no he tenido problemas nunca. Por lo que desisti de volver a cambiarla por otra igual.",JUANIN,Revisado en España el 22 de mayo de 2019
Lealtad.,"1,0 de 5 estrellas","Se me ha roto el porta Cápsula, en menos de un mes y me dice pro componentes que me busque la vida con bosh con lo cual no se hacen cargo la devolución, vamos una estafa, no compréis ahi. No se hacen cargo de nada.",Silvia,Revisado en España el 4 de junio de 2020
Falta una pieza,"1,0 de 5 estrellas",Me falta el disco amarillo por lo que no la he podido ni poner en marcha,"Gonzalo Tores Elorza Coach Personal, deportivo y ejecutivo",Revisado en España el 27 de noviembre de 2021
Cafetera y su café muy corrientes,"1,0 de 5 estrellas","Cafetera muy mala, café peor no siempre sale el café correctamente, aparte tiene el inconveniente de que la cápsula de leche no la hay casi en ninguna tienda solo la sirven por Internet no la aconsejo en absoluto ni café ni la máquina",esecaioe,Revisado en España el 26 de junio de 2020
"No recomendable, las cápsulas explotan.","1,0 de 5 estrellas","Tras casi dos años de uso y múltiples explosiones de las cápsulas he de decir que no recomiendo para nada la compra de este producto, mil batallas de limpieza porque las cápsulas explotan aun haciendo mantenimiento casi a diario (con el disco amarillo de limpieza) y la descalcificación cuando toca... Una ruina",Sergio B.,Revisado en España el 13 de diciembre de 2019
LA PEOR CAFETERA,"1,0 de 5 estrellas","NÓ me ha gustado nada; no lee bien los codigos, derrama el cafe en polvo y te lo encuentras flotando en el agua o la leche.son las capsulas mas caras del mercado y para colmo no admite otras marcas, para llegar a hacer un cafe tienes que tirar 3 capsulas. NO LA RECOMIENDO EN ABSOLUTO",Teresa Cabrera Mora,Revisado en España el 26 de septiembre de 2019
TRES CAFETERAS Y NINGUNA FUNCIONA,"1,0 de 5 estrellas","Compré 2, ya que tenía buenas opiniones, una era para mí y otra para regalar.
Devolví una porque no funcionaba, me la descambiaron de momento.
La que me llegó nueva, tampoco funcionaba, la que regalé tampoco.
Pedí la devolución del dinero.
Debo decir que en la gestión no ha habido problemas.
Pero con respecto al producto no puedo dar buena opinión de el.",Eva,Revisado en España el 21 de marzo de 2019
Mal,"1,0 de 5 estrellas","Compre la cafetera por el precio, pero no consigo las cápsulas de café con leche si no es por Amazon. Estoy descontenta, puedo comprar cápsulas de otra marca o de marca Blanca y usarlas como instantáneas, la próxima vez voy a comprar un calentador de agua.",Cliente Amazon,Revisado en España el 17 de febrero de 2020
Sabe aguado. No la recomiendo.,"1,0 de 5 estrellas","Una basura pero bueno para el precio que tiene.... sabe aguado el café y precio de las cápsulas muy caras.
Yo la usó para el trabajo para días puntuales. Se me pasó el plazo de devolución, sino la hubiera devuelto.",Cliente,Revisado en España el 10 de junio de 2020
No la recomiendo,"1,0 de 5 estrellas",No la recomiendo !!! Con pico más de un mes y poco uso ya van dos veces que sake café por todos lados .no me gusta nada .,Alejandro,Revisado en España el 12 de febrero de 2021
Cafetera de cápsulas Tassimo,"1,0 de 5 estrellas","Es una cafetera muy práctica para llevarla de viaje, ya que no es ni muy grande ni muy pequeña. También es muy fácil de usar, solo tienes que poner la cápsula de café y presionar un botón.",Alba,Revisado en España el 1 de agosto de 2020
Disgustada,"1,0 de 5 estrellas","Muy descontenta. No funciona bien, me ha perdido agua en dos ocasiones y hay cápsulas que explotan. Se enciende la luz Roja y es complicado hacerte el café",Mar,Revisado en España el 12 de noviembre de 2020
Mal trato al paquete.,"1,0 de 5 estrellas",La caja venía abierta y es para un regalo lo que da muy mala impresión la cafetera no sé qué tal será pero cruzaré los dedos de que funciones pues el trato que le han dado al paquete no ha sido muy bueno.,Rubentrirunning,Revisado en España el 27 de diciembre de 2019
Mal funcionamiento,"1,0 de 5 estrellas",La he utilizado unas 5/6 veces y ya no funciona. Hace un ruido muy fuerte y los botones no funcionan correctamente. Toda una decepción.,Ana Muñoz,Revisado en España el 28 de enero de 2021
Me salió con fallo,"1,0 de 5 estrellas",Apesar que parecía una buena cafetera a las semana dejo de funcionar no calentaba..,JULISSA,Revisado en España el 21 de julio de 2021
PESIMO,"1,0 de 5 estrellas",En menos de 1 mes se ha roto.,Mercedes Herrera Sánchez,Revisado en España el 26 de noviembre de 2021
Hace mucho ruido,"1,0 de 5 estrellas",Hace mucho ruido y las cápsulas son bastante caras,Cliente Amazon,Revisado en España el 2 de noviembre de 2021
No es muy practica,"1,0 de 5 estrellas",no es muy manejable. Al poco de usar ya pierde agua.,Steve Carreté,Revisado en España el 8 de octubre de 2021
CAFETERA PARA TASSIMO BOSCH,"1,0 de 5 estrellas",Funciona fatal. Se atasca continuamente. Hay días que es imposible conseguir que funcione. Tenemos que apagarlo y dejarlo para otro día. En definitiva un error de compra. Desde luego no lo recomiendo.,Cliente Amazon,Revisado en España el 16 de junio de 2020
SE HA ESTROPEADO EN MENOS DE UN AÑO,"1,0 de 5 estrellas","No funciona bien, ha de de sacar cafes y no lo puedo utilizar",imanol,Revisado en España el 22 de junio de 2021
Llegó en mal estado,"1,0 de 5 estrellas",No la he podido usar ya que el producto llegó roto y en mal estado. La voy a devolver,Isabel MG,Revisado en España el 5 de enero de 2020
Gusto malissimo de la cápsulas,"1,0 de 5 estrellas","Pues la tengo en casa casi nadie toma el café es muy malo , no me gusto para nada . Lastima que he tirado el dinero . Dolce gusto era mejor en precio posibilidad de comprar en todas partes",Cesarina A.,Revisado en España el 29 de octubre de 2019
Decepción,"1,0 de 5 estrellas",No me funciona y las cápsulas son especiales muy desilusionada,🤗,Revisado en España el 9 de mayo de 2021
Mala opción,"1,0 de 5 estrellas",Sólo puedes usar pastillas Tassimo y a mi gusto tienen poca variedad. No puedes modificar a tu gusto la bebida ya que sólo puede prepararla tal cual la pastilla se lo indica. Habría preferido pagar más y tener una máquina con más libertad.,Daniel,Revisado en España el 19 de julio de 2018
Cápsulas carisimas,"1,0 de 5 estrellas","No existen cápsulas de café con leche descafeinado y además no hay compatibles y las que le sirven son muy caras
No merece la pena conprar esta cafetera",Isabel,Revisado en España el 29 de mayo de 2020
Es la primera vez que me pasa,"1,0 de 5 estrellas","Sin caja y con un golpe, es para un regalo y no me ha gustado nada la manera en la que lo han enviado, la probare y vere que no este deñada por dentro",Sandra,Revisado en España el 15 de enero de 2020
Se me ha roto en menos un año,"1,0 de 5 estrellas",Rota en menos de un año,Cliente Amazon,Revisado en España el 20 de octubre de 2021
Mala cafetera,"1,0 de 5 estrellas","A todo el que quiera comprar una cafetera, que no se le ocurra comprar esta.
Al mes de comprarla no me reconoce las cápsulas de marcilla compradas en amazon. Una porquería de cafetera.
Llamaré a bosch a ver que solución me dicen.",Cliente Amazon,Revisado en España el 24 de julio de 2018
No funciona,"1,0 de 5 estrellas","Se enciende la luz pero no sale el agua, la cabsula no se sabe cómo ponerse pues no lo dice en las instrucciones.",Raquel Orozco Bermejo,Revisado en España el 27 de agosto de 2020
No funciona el primer dia,"1,0 de 5 estrellas",Lo he probado hoy por primera vez y no funciona!!! Fatal!! Ya dicen que lo barato sale caro. Lamentable.,Juan,Revisado en España el 1 de noviembre de 2020
Pongan bien la descripción,"1,0 de 5 estrellas","En la descripción pone que es de acero inoxidable y NO LO ES, es totalmente de plástico",Belen,Revisado en España el 8 de diciembre de 2020
mal,"1,0 de 5 estrellas",sólo funciona con cápsulas de tamaño especial que no se encuentran en el mercado. Además me pareció complicada en uso.,marina p.,Revisado en España el 2 de septiembre de 2019
Que funcione bien y no tenga fallo,"1,0 de 5 estrellas","No wstoy muy conforme con la cafetera, rompe facil la casula y suelta todo el café y hay que limpiarla",Yo,Revisado en España el 8 de septiembre de 2020
Se le sale el agua,"1,0 de 5 estrellas",Nueva de ayer y no la puedo.usar. Se le sale el agua x bajo y falta la.pieza negra que sujeta la boya gris...era reacondicionada la tuve que devolver.,maribel,Revisado en España el 7 de marzo de 2019
Falla muchisimo!,"1,0 de 5 estrellas",Falla muchisimo! Sale poca cantidad de cafe y muchas veces reboza agua fuera de la salida del cafe.Muy mala compra,Monica,Revisado en España el 4 de septiembre de 2020
"Me ha decepcionado, pero Amazon me lo ha resuelto enseguida gracias","1,0 de 5 estrellas",Me está dando problemas el lector de capsula no se porque a veces no la lee y aunque lo limpio se pone rojo muyamenudo,Monica Ruiz de santos,Revisado en España el 17 de mayo de 2019
Muy Deficiente entrega,"1,0 de 5 estrellas","Muy descontento, recibí el paquete tirado en la entrada de casa y tal vez por eso esté estropeado y no da la presión esperada de otras cafeteras del mismo tipo que he tenido.",julian,Revisado en España el 13 de octubre de 2018
No puedo opinar porque jamás compre está cafetera,"1,0 de 5 estrellas",No compre nunca está cafetera .,Tulipan,Revisado en España el 22 de abril de 2021
Me gustaría poder devolverla o q me den una solución malísima,"1,0 de 5 estrellas",Es malísima un mes y ya rota,Pilar sola,Revisado en España el 15 de abril de 2021
Mala,"1,0 de 5 estrellas","Por qué simplemente no echa café, y si es una cafetera, lo suyo sería hacer cafe",José javier,Revisado en España el 25 de agosto de 2020
NEFASTO,"1,0 de 5 estrellas",Ha llegado NEFASTO. Sin su caja oficial. ¿Esto es un producto nuevo?,Héctor,Revisado en España el 5 de noviembre de 2020
Defectuosa,"1,0 de 5 estrellas",No Lee bien el Código de barras de las cápsulas.. Así que la e devuelto,maria,Revisado en España el 10 de julio de 2019
Café no bueno,"1,0 de 5 estrellas",El café no sale bueno y hay q mantener siempre el botón para hacer más largo el café,Cliente Amazon,Revisado en España el 22 de junio de 2020
Fatal,"1,0 de 5 estrellas",Sale muchisima agua sabe todo a agua que asco,pilar.,Revisado en España el 26 de diciembre de 2019
Fallos en la descalcificacion,"1,0 de 5 estrellas","A los 2 dias de usarla ya me pide hacer una limpieza con un programa de descalcificacion, que por cierto no funciona por lo que no puedo usarla",Cliente Amazon,Revisado en España el 22 de octubre de 2018
Es muy mala.tarda mucho tiempo y a veces no funciona.,"1,0 de 5 estrellas",Mal funcionamiento,Santiago,Revisado en España el 3 de mayo de 2020
No la recomiendo,"1,0 de 5 estrellas",No me ha gustado porque se me ha roto al tercer día de usarla. Material de plástico endeble. No la recomiendo. Las cápsulas son más caras que las de Nespresso.,Luna Sanchez Rincon,Revisado en España el 30 de julio de 2018
Hace un ruido muy raro y parece que va a explotar,"1,0 de 5 estrellas","Hace mucho ruido y cuesta de cerrar la tapa cuando pones la capsula, aparte tampoco sale bien el café",Miriam,Revisado en España el 18 de abril de 2020
Necesita una mejora en el mecanismo.,"1,0 de 5 estrellas","No deja echar más agua o espuma (sin tener k abrir la parte de arriba).
Me gustaría k se pudiera parar o poner en marcha pulsando un botón, creo k no tiene un mecanismo eficiente.",Aránzazu,Revisado en España el 23 de abril de 2019
Nada satisfecha,"1,0 de 5 estrellas",Pensé que tenía las cápsulas universales al menos eso lei un tongo no es lo q pone en la descripción,margarita,Revisado en España el 1 de marzo de 2020
Malo,"1,0 de 5 estrellas","Mal resultado
No funciona bien
Tiramos muchas cápsulas porque no funciona adecuadamente",Cliente Amazon,Revisado en España el 18 de agosto de 2020
Mala opinion de esta cafetera !! Comoda por su tamaño nada mas solo usada una vez y ya fallo complicada para usar,"1,0 de 5 estrellas",Muy mal complicado para usar falló él primer uso!! Y caras las cápsulas dé café qué sólo puedes utilizar EN está marca y funciona con un código dé barras! Estas limitado á comprar siempre la misma marca dé café!!,Maria Elena Ferro hermida,Revisado en España el 27 de septiembre de 2017
No va bien,"1,0 de 5 estrellas",Sale muy poca cantidad de cafe,Asun,Revisado en España el 6 de diciembre de 2020
"El llenado, solo eso","1,0 de 5 estrellas","No merece la compra, es mala de insertar la cápsula. La voy a tirar",Cliente Amazon,Revisado en España el 30 de abril de 2019
No me gusta,"1,0 de 5 estrellas","Es todo plástico ,y lento...
No me gusta.
Lo siento",Iratxe,Revisado en España el 28 de julio de 2019
En prueba de nuevo,"1,0 de 5 estrellas","Se rompió antes de un mes, y me devolvieron el dinero. Compré otra igual. A ver que tal esta",Sonia G.,Revisado en España el 5 de febrero de 2020
Buena maquina pero muy caro el café,"1,0 de 5 estrellas","Hace bien el café pero sale carisimo a la larga, bastante ruidosa",Sergi116,Revisado en España el 23 de junio de 2020
Calidad precio,"1,0 de 5 estrellas","Sencilla,comoda. Cumple mis espectativas.",Joguma,Revisado en España el 9 de diciembre de 2019
Se ha roto a los seis meses,"1,0 de 5 estrellas","La cafetera está bien pero a los seis meses exactos se ha roto el lector de códigos y ya no funciona. Es barata, pero para durar seis meses... pues no.",MILABORATORIO WEB SL.,Revisado en España el 10 de junio de 2019
Decepción,"1,0 de 5 estrellas",No es lo que esperaba hace un ruido que parece un tractor.horrible,Rafael Jimenez.,Revisado en España el 12 de mayo de 2020
me duro 2 dias,"1,0 de 5 estrellas","se rompio, a parte las capsulas son dificiles de encontrar y solo puedes comprar las originales, nespresso mucho mejor",Amazon Customer,Revisado en España el 29 de noviembre de 2018
Excelente,"1,0 de 5 estrellas","Me gusta mucho, su uso es muy sencillo.",M. Carmen,Revisado en España el 23 de agosto de 2020
Producto roto,"1,0 de 5 estrellas",me ha venido roto el depósito de agua.,Cliente Amazon,Revisado en España el 10 de agosto de 2020
No compres este modelo,"1,0 de 5 estrellas","En menos de dos semanas en la cuarta vez q estalla una cápsula, tanto la marcilla como la propia de Tassimo. He utilizado otros modelos de cafetera Tassimo y jamás me había pasado. No la recomiendo",Javier,Revisado en España el 26 de noviembre de 2018
producto malo,"1,0 de 5 estrellas","He pedido esta cafetera, en septiembre y la he usado 5 veces y ya no funciona",AITOR,Revisado en España el 19 de diciembre de 2018
No funciona en 3 usos,"1,0 de 5 estrellas","No funciona , A los 3 usos se queda la luz amarilla fija y no hay forma de que se restablezca",SATURNINA,Revisado en España el 2 de octubre de 2019
"No es lo que me esperaba, mal producto","1,0 de 5 estrellas","No me gusta, hace los cafés muy cortos y café malisimo",Juan Diego,Revisado en España el 25 de marzo de 2019
No me funciona,"1,0 de 5 estrellas",Me llego el domingo y la puse ayer lunes a funcionar y no ne va como hago para devolverla,Martha Isabel ramos,Revisado en España el 5 de noviembre de 2019
No me gusto,"1,0 de 5 estrellas","La primera q mandaron no funcionaba y la segunda le costó arrancar.vaya, Pues si q es difícil hacer un café",Cliente Amazon,Revisado en España el 11 de junio de 2018
Se sale café,"1,0 de 5 estrellas","Es muy mala cafetera
No me gusta y no la uso lamentablemente",Virginia,Revisado en España el 28 de diciembre de 2019
No es buena calidad,"1,0 de 5 estrellas",Solo a Durado un año !!,N.Y.Collins,Revisado en España el 5 de mayo de 2020
Sin embalaje,"1,0 de 5 estrellas",La cafetera es muy lenta y amazon la envio sin envolver,Eva,Revisado en España el 26 de diciembre de 2019
"Yo la he retirado, no la recomiendo","2,0 de 5 estrellas","La he cambiado enseguida porque el lector se ensucia, algunas cápsulas revientan sin motivo... O las lee una vez, te despistas, vas a activarla y te la lee como repetida... Demasiado rollo para una cafetera de cápsulas, en un par de meses la he retirado y me he vuelto a comprar la Dolce gusto",Anc,Revisado en España el 10 de abril de 2020
La promoción tiene trampa,"2,0 de 5 estrellas","Te dan 7 codigos de 5€ (no acumulables), así que tienes que hacer pedidos individuales y se aplica el descuento en cada uno.
Vamos, que te descuentan 5€ las supuestas 7 veces siguientes que pidas esos tipos de cafe.

Y digo supuestamente porque, de los 7 codigos, solo me ha salido como no utilizado 1 de ellos.
Tampoco he podido elegir el descafeinado que aparece como sí incluido en la promoción...

No sale a cuenta.",Jose Ricardo López,Revisado en España el 29 de junio de 2018
El sabor,"2,0 de 5 estrellas",Me gusta todo porque ya conocía el producto por eso lo he comprobado,María Luisa Martín Rodríguez,Revisado en España el 7 de noviembre de 2020
Solo valen capsulas originales,"2,0 de 5 estrellas",Tiene qe ser capsula originales pero esta muy bien,Silvia,Revisado en España el 29 de abril de 2021
Qué fuera más práctica y no tan cl,"2,0 de 5 estrellas","La compré por qué estaba en oferta
Pero no me gusta nada
La información viene muy mal explicacion son gráfico viene muy mal tuve que llamar a la casa
Y las casulas son cara tarda mucho en acerse",Yo no quiero vender el libro yo lo que quiero es recibir el libro entonces como no recibo el libro por eso hacía la reclamación yo quiero recibir el libro en mi domicilio y lo quiero en papel no lo quiero electrónicoaría presentación González leon,Revisado en España el 4 de abril de 2020
Cafetera,"2,0 de 5 estrellas",El producto llegó a tiempo pero no estoy satisfecho hace mucho ruido parece un tractor,Rachid,Revisado en España el 12 de abril de 2020
Decepcionante,"2,0 de 5 estrellas","Tienes lo que compras, sencilla y barata... Mucho mejor la de la competencia",maliayu,Revisado en España el 16 de mayo de 2020
cafetera tassimo,"2,0 de 5 estrellas","basicamente la maquina esta bien, pero desecho muchas muchas capsulas debido a su sistema, ya que una vez pinchadas no las reconoce, y la verdad es que el 50% de ellas las tengo que tirar sin utilizar",Lady Astaroth,Revisado en España el 18 de octubre de 2018
A parte de lo de antes va bien y hace buen cafe,"2,0 de 5 estrellas",La maquina va bien pero al hacer el cafe sale agua por los lados,J. B.,Revisado en España el 3 de agosto de 2019
No admite cápsulas marcas blancas,"2,0 de 5 estrellas",Es mejor comprar una cafetera que admite cápsulas mass económicas ! Tassimo solo va con original!,Cliente Amazon,Revisado en España el 17 de diciembre de 2018
han tardado un montón.,"2,0 de 5 estrellas",Han tardado casi dos semanas en traerla.,Elgrien,Revisado en España el 17 de marzo de 2019
El café no es de mi agrado,"2,0 de 5 estrellas","La
Máquina va muy bien y es fácil de usar. El problema es q no me gusta el café q tengo q usar",marta,Revisado en España el 5 de septiembre de 2018
No me gusto. Amazon cumplió como siempre en envio y devolución,"2,0 de 5 estrellas",Demasiado grande y complicada para usar. Las instrucciones en italiano y nada claras. Las cápsulas no me convencieron y la limpieza complicada. Amazon sin problemas para la devolución,Cliente Amazon,Revisado en España el 9 de marzo de 2018
Khadija,"2,0 de 5 estrellas",No en 1 año has cambiado 2 veses,ATTAR KHADIJA,Revisado en España el 16 de noviembre de 2018
Calidad muy baja,"2,0 de 5 estrellas",Tenia otra Tassimo ya vieja y cambié por esta. A ver cuanto dura porque la calidad es bastante mala. No la recomiendo,Natalia,Revisado en España el 17 de noviembre de 2017
No vinieron todas las piezas del producto,"2,0 de 5 estrellas",No vinieron todas las piezas del producto,Glehiverth Rodríguez,Revisado en España el 7 de julio de 2021
Para pijitos,"2,0 de 5 estrellas","Sencilla pero a la vez inservible,porque o compras de la marca Tassimo o mejor te vas al bar,te acaba saliendo mas económico",FelixCeGa,Revisado en España el 28 de enero de 2020
Bastante ruidosa,"2,0 de 5 estrellas","Ocupa poco espacio, pero cada vez que arranca hace mucho ruido, como una carraca. Tambien destacar que SOLO pudes comprar las capsulas originales, no existen marcas blancas ni capsulas para rellenar a tu gusto. El café bastante pasable, el chocolate milka muy aguado y poquita variedad para elegir. Arrepentido de no coger un dolce gusto...",Ares,Revisado en España el 26 de diciembre de 2017
Malas condiciones de recepción,"3,0 de 5 estrellas","La cafetera va bien, lo que no me gustó es que vino sin embalaje, sin caja, solo la caja de la cafetera y casi abierta x la parte de abajo, además se escuchaba que venían piezas sueltas. Espero que no le pase nada, la probé y funcionaba, pero en esas condiciones no la volvería a comprar aquí. No subo las fotos porque no me deja la aplicación.",Sonia,Revisado en España el 12 de septiembre de 2020
NO ESTÁ MAL,"3,0 de 5 estrellas",No está mal pero hay que tener demasiado cuidado en como colocar la cápsula... He tenido cafeteras de este estilo en las que no había que tener tanto cuidado... Por lo demás todo bien. Café rico y funcionamiento correcto.,Cliente Amazon,Revisado en España el 11 de junio de 2021
Salía poca agua,"3,0 de 5 estrellas","Las instrucciones de la cafetera son bastante malas, creímos que venia defectuosa y viendo otras opiniones teníamos el mismo problema de los demás y es que salía POCA AGUA para el café.
Luego de leer y pasarnos mucho rato, encontramos información donde decía que si mantienes apretado el botón del café, sale más agua ya que la máquina según que capsula de café, saca más o menos agua, si notas que saco muy poca puedes regularlo manualmente manteniendo dicho botón antes de que termine el proceso.",Amazon Customer,Revisado en España el 10 de febrero de 2020
Calidad precio justito,"3,0 de 5 estrellas","Es una cafetera muy básica, no se si es el tipo de cápsulas que yo he comprado o un problema de la máquina pero sale muy poco café como quieras uno solo tienes que gastar varias cápsulas.
Es un poco lenta y hace ruido. Si la comparas con un modelo superior esta es un asco ahora bien por el precio que tiene hace la función que debe.
Los comentarios de que solo se puede usar las cápsulas tassimo es q es de lógica hasta que alguna marca las copie",Adriana,Revisado en España el 28 de diciembre de 2018
Poca variedad de capsulas en supermercados,"3,0 de 5 estrellas",La cafetera en si está muy bien y por ahora funciona sin problemas. La principal desventaja frente a la competencia es que tienes poca oferta en los supermercados en comparación con las otras. A penas un par de variedades de cafe y poco más. Solo en algunos sitios tienen más cosas... Es una pena ya que la oferta de bebidas de Tassimo es muy amplia pero cuesta mucho de encontrar en los comercios.,Aitor,Revisado en España el 12 de diciembre de 2018
Hace un poco de ruido,"3,0 de 5 estrellas","La verdad que es la cafetera es de calidad, y de buena marca, porque tenía una antes, me ha durado 2 años, pero este hace mucho ruido, las cápsulas de tassimo son un poco caras pero tienen gusto.",Sofia wh,Revisado en España el 12 de enero de 2021
Buen producto. Buena calidad,"3,0 de 5 estrellas","Fácil manejo, Fácil limpieza, Fácil desmontaje.",Máximo Berdugo,Revisado en España el 25 de noviembre de 2021
Cumple su función,"3,0 de 5 estrellas","Me gusta el diseño aunque pensé que era más pequeña. La compré para la caravana y tiene un pase, pero acostumbrada a la express que tengo en casa este café no me gusta tanto. No suelo tomar en cápsulas asi que no sé realmente si es la cafetera o el sistema de cápsulas que no hacen en general un café tan bueno como las exprés.",Anna M.,Revisado en España el 24 de octubre de 2018
Buena calidad...pero...,"3,0 de 5 estrellas","Es de buena calidad, pero tiene poca presión y lo peor es que las cápsulas no las venden en todas partes. Igual que su competidor directo lo hay por todos lados, las de esta no se encuentran, y eso está mal. Además, que no te venga un simple pack de degustación está mal, encima que es difícil encontrar...",Antonio,Revisado en España el 4 de junio de 2018
Precio elevado para lo que realmente és...,"3,0 de 5 estrellas","Se trata de una máquina sencilla, no me ha gustado el precio tan elevado de las cápsulas para lo que es la cafetera en sí. Para ser de la marca Bosch creo que tendría que tener más calidad tanto en el material como su utilización.",Dolores ALONSO,Revisado en España el 23 de julio de 2020
"La compré porque pone que es de aluminio, pero es de plástico!!!","3,0 de 5 estrellas",La tengo desde hace menos de 1 semana y por ahora los cafés y las bebidas que he hecho están bastante buenos. Pero he quedado muy defraudado debido a que la compré porque ponía que era de aluminio y cuando me ha llegado he visto que es de puro plástico!!!,Cliente Amazon,Revisado en España el 1 de mayo de 2020
"Bien, sin más","3,0 de 5 estrellas","Acostumbrada a otro tipo de cafeteras, reconozco que el café no sale tan bueno, pero por le precio cumple con las expectativas. Es compacta, rápida... Pero el sistema de cápsulas que utiliza no me gusta nada. ¡Demasiado packaging para un café!
Pero para una segunda residencia, o para tomar un café de vez en cuando, no está mal.",Cliente Amazon,Revisado en España el 10 de junio de 2018
Las capsula compatibles son carisima,"3,0 de 5 estrellas","Es barata peró las capsula comoatible son carisima, deje de utlizarla
No vale la pena",Lorenza 1986,Revisado en España el 27 de abril de 2021
Me gusta pero la promoción es un timo!,"3,0 de 5 estrellas","Comprada con la promoción de 7 códigos de 5€, sólo he podido usar 1, el resto no deja aplicarlos. Lo reclamé hace meses y sigo sin tener una solución. Con lo sencillo que sería aplicar un descuento o abono en cada compra... Caducan en Diciembre, a ver si espabilan, si no, va de vuelta.",Cesalru,Revisado en España el 21 de septiembre de 2018
Comoda,"3,0 de 5 estrellas","La cafetera está bien de momento, la única pega que le puedo poner es la cantidad de café que sale por unidad me parece escasa y las cápsulas caras, compré una de reacondicionado y ha venido muy bien, si no le veo utilidad la dejare para hacer chocolates.",Lolo,Revisado en España el 27 de enero de 2019
Se atascan las capsulas a veces,"3,0 de 5 estrellas",A veces se atascan las capsulas... Por lo demás nada malo que decir,LORENA,Revisado en España el 24 de abril de 2021
Solo 2 paquetes,"3,0 de 5 estrellas",La cafetera está muy bien y es barata pero me compré la opción de Cafetera+5 paquetes de café con leche y me llegaron únicamente dos paquetes... Me siento timada por eso..,Cliente Amazon,Revisado en España el 12 de septiembre de 2020
"Muy facil de usar, café aguado","3,0 de 5 estrellas","La máquina tiene un tamaño ideal, es pequeña por lo que ocupa muy poco y su uso es ultra sencillo.
La parte negativa es que quizás en este modelo, por falta de presión el café que se obtiene es bastante insípido, independientemente de la marca de las cápsulas que se utilicen.",Francisco,Revisado en España el 19 de julio de 2019
Relación calidad precio buena,"3,0 de 5 estrellas","La he comprado para una regalo y he sido una de las primeras en probar el café. Sinceramente no es nada del otro mundo por el precio que tiene, pueda que merezca la pena pero si lo que buscas es un café intenso creo que hay mejores cafeteras",Maria,Revisado en España el 1 de diciembre de 2018
BUen producto PERO dificil encontrar capsulas compatibles,"3,0 de 5 estrellas","Me gustó mucho el producto pero de verdad que llevo unos días con la maquina y se me hace muy difícil encontrar capsulas para la Tassimo. En los super de cercanía NO HAY, por lo menos en barcelona.",Flavio,Revisado en España el 20 de mayo de 2020
Cafetera Tassimo,"3,0 de 5 estrellas","Después de probar varias cafeteras de este estilo me sigo quedando con la Dolce Gusto, es mi opinión personal aunque este café también sea bueno y sencillo de preparar.",antonio jesus fernandez mora,Revisado en España el 22 de julio de 2020
Funciona,"3,0 de 5 estrellas",Funciona correctamente. Hace su función. Lo triste es que el producto llegó con una semana de retraso sobre la fecha prevista. Amazon nunca me supo dar una explicación.,Adolfo Juan Soto Lopez,Revisado en España el 30 de julio de 2020
"Bien,pero deberían tener más cuidado en el reparto cuando sea el paquete fragil","3,0 de 5 estrellas","El paquete bien y está bien la cafetera. Pero venía abierta la cafetera como de haber pillado un golpe por el repartidor,,supongo..",Gines,Revisado en España el 27 de abril de 2020
Hace buen cafe,"3,0 de 5 estrellas","No dispone de interruptor de encendido, se tiene que enchufar y desenchufar de la corriente cada vez que quieres usarla, tengo otras dos cafeteras de Bosch y no tienen este problema",Cliente Amazonpedro,Revisado en España el 14 de agosto de 2019
Estuve apunto de debolverla,"3,0 de 5 estrellas","Es muy cómoda y ocupa poco lugar, el café no es de lo mejor que he probado, he usado varios tipos y diferentes marcas y la verdad que son muy parecidos, parece el café de máquina dispensadora.",Maria r.,Revisado en España el 14 de octubre de 2019
Es de tamaño medio,"3,0 de 5 estrellas",Me gusta la cafetera en sí pero lo malo es que no es compatible con la mayoría de las cápsulas,CARMEN JIMENEZ JIMENEZ,Revisado en España el 9 de mayo de 2020
Está bien,"3,0 de 5 estrellas","Funciona bien y es práctica, me gusta pero las cápsulas son un poco caras. Pero para el previo esta bien",camila,Revisado en España el 5 de octubre de 2020
Cafetera correcta,"3,0 de 5 estrellas","La cafetera es correcta, sin más, por el precio no se puede esperar una gran cafetera, es bastante rápida haciendo el café, no hace demasiado ruido y el café se puede beber.... calidad precio está bien!",Paula,Revisado en España el 17 de enero de 2019
Precio economico,"3,0 de 5 estrellas",Me gusta el café que hace. Me disgusta lo complicado que es hacerte una bebida más larga que un expreso.,Tomas Garcia Copano,Revisado en España el 11 de abril de 2020
Menos consistente de lo que parece,"3,0 de 5 estrellas",Es muy endeble el mecanismo de encapsulado y tiene menos presión que la que tenía anteriormente y que también era el modelo básico de hace 5 años.,Rafael,Revisado en España el 25 de agosto de 2019
No está mal.,"3,0 de 5 estrellas","Tiene un café bastante aceptable, no hay mucha variedad de cápsulas en mi ciudad Melilla, el caso es que estaba de oferta por 24 euros en el eroski, pero por lo demás bien.",Mimon,Revisado en España el 27 de diciembre de 2018
Simple y básica,"3,0 de 5 estrellas","Tassimo no es que brille por su amplia gama de cafés, sin embargo para algo básico es suficiente. Solo tiene un botón ... mas simple no se puede ser.",Arturo San Feliciano,Revisado en España el 16 de abril de 2020
El sabor,"3,0 de 5 estrellas",Esta bien pero solo se puede usar casula de su marca ....pensé que era más pequeña ..pero bueno ...,Milagros,Revisado en España el 29 de septiembre de 2019
No la he usado apenas,"3,0 de 5 estrellas","No la he usado apenas,ya que las dos cajas de capsulas que recibí de regalo no son compatibles con dicha cafeter.",Jose J.,Revisado en España el 24 de agosto de 2019
No esta mal,"3,0 de 5 estrellas","Esta bien para el precio que tiene pero tengo en casa un modelo casi igual (no sabria decir cual es exactamente) que nos regalaron en su dia y esta cafetera saca el cafe con menos crema, es como si tuviera menos presion.",Xabizaba13,Revisado en España el 23 de agosto de 2017
Prescindible.,"3,0 de 5 estrellas",Personalmente y por convicción no vuelvo a comprar una cafetera de cápsulas en la vida. Ya la vendí con unos 15 usos...,Alejandro,Revisado en España el 1 de junio de 2020
Solo cafetera,"3,0 de 5 estrellas",Va bien la cafetera pero pensaba que se podia hacer agua caliente pero no.,Ana Carolina,Revisado en España el 13 de octubre de 2019
Regular,"3,0 de 5 estrellas",Esperaba mucho más pero hace cafe,Pilar,Revisado en España el 27 de mayo de 2020
"Buena maquina, cafés y bebidas poco naturales.","3,0 de 5 estrellas","La máquina es buena, peto los consumibles tienen muchos productos poco saludable (toda una colección de Exxx)",Carutsus,Revisado en España el 13 de junio de 2020
Artículo devuelto,"3,0 de 5 estrellas","Compre el articulo y al ponerlo en marcha no funciona, lo he devuelto, una decepción.",RICARDO PEREZ SARRION,Revisado en España el 8 de septiembre de 2019
Funciona bien para quien le guste Tassimo.,"3,0 de 5 estrellas","Es más compacto que otros modelos y realiza las mismas funciones.
Por tanto mejor calidad precio.
Por el precio que cuesta muy recomendable.",rcastres,Revisado en España el 7 de octubre de 2018
Capsulas dejan que desear,"3,0 de 5 estrellas","Las capsulas me han tirado todo el café fuera, me la han cambiado sin problemas. Pero el café solo no tiene comparación con los de la primera marca de mono capsulas.",David Gómez,Revisado en España el 15 de diciembre de 2017
Calidad precio,"3,0 de 5 estrellas",No me gusta que solo son sus cápsulas y son muy caras,amozonista,Revisado en España el 13 de febrero de 2020
Bonita cafetera y práctica pero tiene poca potencia y sale poco caliente,"3,0 de 5 estrellas",Es muy coqueta pero le veo falta de potencia y me gustaría que saliera más caliente el cafe,Lorena Martín bautista,Revisado en España el 15 de noviembre de 2018
No tiene boton de apagadoo,"3,0 de 5 estrellas",Un detalle importante no tiene boton de apagado para mi super importante devolucion iniciada,miguel angel,Revisado en España el 10 de diciembre de 2018
Buena,"3,0 de 5 estrellas",Buena,Ana Maria,Revisado en España el 13 de mayo de 2020
Sencilla,"3,0 de 5 estrellas","Calidad/precio aceptable, una cafetera sencilla y simple",Sergio Gamon Laviana,Revisado en España el 1 de agosto de 2020
Razonable por su precio,"3,0 de 5 estrellas","No esta mal a este precio. Es de apariencia endeble, pero muy rápida al ahora de funcionar y cómoda de manejar.",Eduardo,Revisado en España el 13 de febrero de 2018
No me gusta como cierra cuando le pones la cápsula; da la sensación que se va a atascar o a romper.,"3,0 de 5 estrellas",No me gusta como cierra cuando le pones la cápsula; da la sensación que se va a atascar o a romper. Lo demás todo bien.,Cliente Amazon,Revisado en España el 15 de septiembre de 2017
La rapidez con que hace el cafe,"3,0 de 5 estrellas",No destaca por nada sobresaliente ni por nada malo,A.B.,Revisado en España el 13 de enero de 2020
Moi boa,"3,0 de 5 estrellas",Perfecta,Ignacio,Revisado en España el 1 de mayo de 2020
Capsulas demasiado caras,"3,0 de 5 estrellas",La cafetera me gusta pero las cápsulas resultan bastante caras con respecto a otras,PURA,Revisado en España el 9 de septiembre de 2019
.,"3,0 de 5 estrellas",Un poco lenta comparada con otras,Ana,Revisado en España el 12 de enero de 2020
No hay cápsulas marca blanca,"3,0 de 5 estrellas","Muy buena, pero no hay cápsulas compatibles, en eso fallan",Ricardo Montilla,Revisado en España el 1 de junio de 2019
Variedad en cápsulas.,"3,0 de 5 estrellas",Lo único es que necesita variedad en cápsulas.,Manuela d.,Revisado en España el 28 de julio de 2019
Precio ajustado,"3,0 de 5 estrellas",La sencillez. Lo peor las Intrucciones,Cliente Amazon,Revisado en España el 13 de julio de 2019
"Cafetera bien, cápsulas carísimas y sin opción marca blanca","3,0 de 5 estrellas","La cafetera no está mal, me sorprendió un poco el tema de que al milka o le pones azúcar o sabe a agua, pero bueno. El problema que tiene, y que yo desconocía, es que no tienen cápsulas de otras marcas, y seamos sinceros, son caras de narices!sobre todo si es milka o cosas así. Si lo llego a saber me pillaba otra, porque al final la estoy usando sólo para cuando tengo prisa porque me arruino. Sólo por eso no la volvería a comprar.",Monikavila,Revisado en España el 10 de enero de 2020
El fallo de lectura de capsulas,"3,0 de 5 estrellas","Entre una y dos capsulas por paquete dan error y no funciona, por lo que se duplica el precio de las capsulas",Manuel Ferrer,Revisado en España el 16 de mayo de 2019
Cápsulas muy caras,"3,0 de 5 estrellas","La cafetera funciona genial, es pequeña y hace un café rico pero las cápsulas son carisimas en comparación a las de otras cafeteras de cápsulas y además no existe marca Blanca para este tipo de cápsulas. Compensa comprar una cafetera mas cara.",Anónimo,Revisado en España el 9 de septiembre de 2017
es pequeña y está bien pero es puro plástico,"3,0 de 5 estrellas","Yo pensaba que era acero como decía en la descripción, pero no, es plástico. la devolví.",Cliente Amazon,Revisado en España el 3 de junio de 2021
Bien,"4,0 de 5 estrellas","Es una cafetera muy practica y muy facil de usar. El sabor del cafe depende de la cápsula tassimo que le pongas, pero no suelen ser muy intensas",YediYT,Revisado en España el 1 de diciembre de 2020
Buen producto a mejor precio,"4,0 de 5 estrellas","Muy buena por 21€ q quereis..? He leído comentarios sobre q el cafe lo hace demasiado corto,pero una vez la he probado,he de decir q los SOLOS para mi gusto los hace mas bien largos. Y las cápsulas por online bien d precio. No he mirado precio en las grandes superficies.",Rosemary,Revisado en España el 7 de enero de 2020
Buen café a buen precio,"4,0 de 5 estrellas","Es una cafetera barata , pero ser de Bosch ya es una garantía. Yo tenía una nespreso pero me perdía agua . Como me pedían 75€
para arreglarla . Opté por la tassimo y estoy satisfecha . Desde luego es toda de plástico y las cápsulas no son baratas. Pero hace un buen café.",Ana,Revisado en España el 12 de octubre de 2019
bonita,"4,0 de 5 estrellas","La compre basicamente para cumplir con un compromiso, no me fije por ejemplo que las capsulas NO son comunes. NO hay de marca blanca, aunque de esta marca SI que hay mucha variedad. La cafereta esta preciosa y es bastante pequeña. A mi esposo le gusto mucho y la usa casi diario ademas de que es facilisimo de usar..",norma angelica chavez,Revisado en España el 25 de noviembre de 2017
"Eficacia buena, diseño mejorable en cuanto a limpieza.","4,0 de 5 estrellas","Cómoda, bonita, ocupa poco espacio y hace bien el café. Las pegas, va un poco duro al encajar la cápsula y hay que darle fuerte (con lo que esto supone) y se limpia fatal si se desparrama el café o el interior de la cápsula.",4nuski Saland3r,Revisado en España el 10 de agosto de 2019
Es muy sencilla,"4,0 de 5 estrellas","Es muy sencilla aunque a veces le cuesta coger la cápsula pero cumple, no hace mucho ruido pero por lo que vale no está mal",Carlos,Revisado en España el 8 de septiembre de 2020
Compacta y funcional,"4,0 de 5 estrellas",Llego a tiempo. Ya habia tenido esta marca y me he acostumbrado a ella asi q decidi comprar ortra vez un modelo básico. Este modelo es compacto ocupa poco espacio por lo que me viene genial. La pega la pondría en que viene sin embalar...con la caja del producto directamente,Luis P,Revisado en España el 22 de octubre de 2018
Menos mal que no era un regalo....,"4,0 de 5 estrellas","Funciona perfectamente, ha sido rápido el envío pero la caja no venía embalada a parte de la caja de la cafetera, simplemente pusieron la pegatina del envío encima y vale, eso es lo que no me ha gustado. Por lo demás todo bien.",Guerrera,Revisado en España el 25 de diciembre de 2019
es un buen producto,"4,0 de 5 estrellas","Para uso personal es genial, preferiría más capacidad de agua, pero para ello ya hay otros modelos de la marca que ofrecen esa y otras opciones y que son igualmente recomendables.",Thor,Revisado en España el 31 de julio de 2020
Es muy rápido,"4,0 de 5 estrellas","Compramos la máquina para tener cafés interesantes ocasionales. Terminamos usándolo día tras día. Es muy rápido, un poco ruidoso, no requiere mucho mantenimiento. Sin embargo, las opciones de café en las tiendas son muy limitadas, para obtener sabores más interesantes, necesitamos ordenarlos en línea. Las ""Pastillas de limpieza y descalcificación para cafeteras TASSIMO"" son muy caras.",Evi B.,Revisado en España el 13 de febrero de 2019
Garantia,"4,0 de 5 estrellas","La cafetera dejó de funcionar como debido, no sale en ningún lado el tema de Garantia, solución plis thx 🙏
Si será cambio, quiero la más nueva , gracias 🙏",Dexter,Revisado en España el 8 de junio de 2020
Cumple su función,"4,0 de 5 estrellas","Bastante eficiente, fácil de utilizar. Lo único que necesita es un depósito de agua más grande.

La cafetera tiene un lector de códigos de barra que reconoce la cápsula que colocas, el nivel del café sube o baja automáticamente.",Eduardo c.,Revisado en España el 13 de septiembre de 2019
Estoy muy contenta con mi compra,"4,0 de 5 estrellas","Usé este producto xq tuve otra de hace ya más de 9 años k me ha durado y nos encanta,y la nueva a pesar de ser otro modelo....me encanta igual",Miriam G.,Revisado en España el 3 de junio de 2020
Especial,"4,0 de 5 estrellas","Calidad precio estupenda, fácil de usar y con la ventaja de productos de primeras marcas como Marcilla, Milka, Suchard, L'or,... Sin dalir más caros q las cápsulas de otras marcas",Scorpio,Revisado en España el 23 de mayo de 2020
Muy buen producto,"4,0 de 5 estrellas",El café es riquísimo y con esta cafetera me obligo a comprar marca oficial y no marcas blancas que terminaron por arruinar mi antigua nespresso,Sandra,Revisado en España el 6 de noviembre de 2020
Va bien.,"4,0 de 5 estrellas",La máquina es muy buena. Pero la cosa es que sale sabor de cafe de polvo. Pero calidad precio esta bien. Hasta que no acabe cuarenta va bien esta cosa.,Dmitrii Khvatov,Revisado en España el 12 de mayo de 2020
Discreta.,"4,0 de 5 estrellas","Es muy pequeña ,no ocupa mucho.
Hace el cafe rapidisimo.
Se puede encontrar las capsulas en la mayoria de supermercados.
NO EXISTEN CAPSULAS PIRATAS,TUENEN Q SER ORIGINALES.
Sale como a 0, 30€ el cafe.",J.l.s.p.,Revisado en España el 8 de marzo de 2020
Bien,"4,0 de 5 estrellas","La cafetera funciona perfectamente y es tal y como esperaba , pero la pedi para un regalo de reyes y me llego con la caja tal cual , la de la cafetera, por suerte para quien era no lo vio pero eso me parecio fatal ..",Maria Gutierrez,Revisado en España el 12 de enero de 2019
Perfecto si la envolvieran,"4,0 de 5 estrellas",La cafetera me gusta mucho pero no envolverla o meterla en una bolsa o paquete no me gustó. La pillé en la calle y tuve que pasear por todo el pueblo con la cafetera y todos mirando y opinando de la compra,juan jose montemuiño vila,Revisado en España el 16 de febrero de 2019
CAFETERA BARATA Y CAFÉ SABROSO,"4,0 de 5 estrellas","Me encanta esta cafetera, tanto es así que es la segunda que compro en año y medio. Lo único que no me gusta es el precio de las cápsulas, pero al ser la cafetera tan barata compensa una cosa por la otra",Cliente Amazon,Revisado en España el 5 de octubre de 2019
Que no se si benia algo de regalo y por eso abren las cajas y venia mal cerrada por lodemas vien,"4,0 de 5 estrellas",Por ahora funciona vien pero lo que no me gusto es que la caja vino como avierta y mal cerrada,Ester,Revisado en España el 21 de agosto de 2020
Buen precio,"4,0 de 5 estrellas",Práctica y fácil de utilizar,Paco Gandia Martínez,Revisado en España el 22 de marzo de 2021
Caja rota,"4,0 de 5 estrellas",La cafetera está muy bien hace poco ruido . la he probado y parece todo correcto pero la caja llegó rota y como es para un regalo la verdad que es un fastidio y por eso no doy cinco estrellas.,esperanza,Revisado en España el 3 de diciembre de 2018
Muy cómoda y versátil,"4,0 de 5 estrellas","Muy versátil, puedes hacer multitud de bebidas, no solo café. Además, con la opción de sólo agua, te permite hacer infusiones con los típicos sobrecitos. Es cómodo y una vez pulsado el botón (siempre que la taza sea la adecuada), puedes dejar de mirar, se acaba por sí solo y se apaga.",Manesri,Revisado en España el 14 de enero de 2018
"Pequeña y funcional, un café muy bueno en poco tiempo","4,0 de 5 estrellas","Me ha gustado el diseño, que silueta tamaño es compacto y no demasiado grande. Lo único que al principio me costó fue entender si quería más cantidad de café porque es automática pero enseguida se entiende y es muy fácil de usar.",Ana Belen Roman,Revisado en España el 6 de octubre de 2018
Bien,"4,0 de 5 estrellas",Fué para mi madre y siendo tantos tomando tantos cafés y las marcas que se pueden usar sale caro pero bueno.. En si la máquina bien.,Sandra,Revisado en España el 1 de mayo de 2020
Cafetera tassimo bosch,"4,0 de 5 estrellas","Me ha encantado, pero no encontrar cápsulas compatibles, no. Las originales son caras, pero es cierto que el café es bueno",Patricia,Revisado en España el 10 de julio de 2020
Calidad/Precio correcto,"4,0 de 5 estrellas","Buena cafetera, la tengo 1 mes y de momento ningún problema, el café que hace esta bueno, las cápsulas son más caras pero se compensan por el precio de la cafetera.",José Garcés,Revisado en España el 14 de febrero de 2020
No es facil para personas Mayores,"4,0 de 5 estrellas","Producto excelente, pero el primer café es complicado.
Hay algo en las instrucciones que no es claro del todo. Asi y todo super recomendado cuando ya has conseguido el primer café.",Cliente Amazon,Revisado en España el 30 de enero de 2020
Pequeña y funcional,"4,0 de 5 estrellas","Es pequeña y para mi el café esta muy bueno. La parte mala ya se sabe antes de comprar,cápsulas no compatibles. Bueno también que se pueda calentar agua que sierve para poder hacer infusiones sin recurrir a las cápsulas",Ester P.,Revisado en España el 26 de agosto de 2018
Fácil de usar aunque instrucciones escasas,"4,0 de 5 estrellas","La cafetera está guay para lo que vale y las cápsulas de Tassimo, aunque son caras tienen variedad de varias marcas. Lo peor las instrucciones que se entienden un poco mal, aprendí a limpiarla pero no a descalcificarla.",Jose Carlos Espinosa,Revisado en España el 1 de septiembre de 2018
Recomendable,"4,0 de 5 estrellas",Buena cafetera y práctica,inma buzon,Revisado en España el 16 de febrero de 2021
Mi fiel compañera para el estudio,"4,0 de 5 estrellas","Por un precio económico tienes un buen café. Además existe bastante variedad de té,chocolate y café.",Elisabeth,Revisado en España el 1 de agosto de 2020
Para varias marcas de café,"4,0 de 5 estrellas","Buena cafetera con mucha variedad y marcas de café disponible.
La única pega es que sólo se puede hacer café caliente, o al menos eso creo.",Almudena,Revisado en España el 14 de marzo de 2020
Buen producto calidad/precio,"4,0 de 5 estrellas","En general lo considero buen producto, por decir algo diría que es ruidosa y que los materiales son de calidad media, pero por lo que vale... no se puede esperar mas",Cesar Torres Alemañ,Revisado en España el 1 de enero de 2020
Todo Bueno,"4,0 de 5 estrellas","es una cafetera muy bonita y buena
tenia una sobrina igual y por mediación de ella me he animado a comprarla
y creo que no me arrepiento
en cuanto a la entrega tengo que decir que ha sido muy buena",Cliente Amazon,Revisado en España el 24 de febrero de 2018
BUENA CAFETERA POR EL PRECIO,"4,0 de 5 estrellas","Hace un buen café, pero no de los mejores, no se puede pedir mas por el precio que tiene, y otra cosa no me gusta es que el café tiene que ser de Tassimo, no deja otros productos.",Manuel Marin P.,Revisado en España el 15 de abril de 2018
Poco ruidosa,"4,0 de 5 estrellas",Es poco ruidosa,Ignacio,Revisado en España el 11 de junio de 2021
Cafetera TASSIMO,"4,0 de 5 estrellas","Otro tipo de café diferente al de siempre.
Dependerá de la marca que uses, sabrá de una u otra forma, L'or, Milka, Marcilla...",Ignacio,Revisado en España el 4 de abril de 2020
cafetera,"4,0 de 5 estrellas","me gusta mucho su rapidez y lo compacta que es. tengo una en casa y para la oficina compre otra igual, no le pongo 5 estrellas porque el cafe aunque es bueno es un poco caro.",Moises,Revisado en España el 17 de agosto de 2018
Rápida y silenciosa,"4,0 de 5 estrellas","Debido a que es un sistema nuevo, no se encuentran sus cápsulas en todos lados. Aunque es posible encontrarlas en su web.
La variedad de gustos y bebidas que tiene llama la atención
Los cafés que probé me gustaron bastante.",Sergio Suárez López,Revisado en España el 30 de noviembre de 2017
Hace bien su trabajo,"4,0 de 5 estrellas","Después de varios años de uso en el trabajo, sigue siendo mi cafetera de cápsulas preferida y he comprado otra para casa. El mayor inconveniente es el precio de las cápsulas propietarias respeto a la competencia.",Cliente Amazon,Revisado en España el 27 de junio de 2018
Funcionamiento correcto,"4,0 de 5 estrellas","Tal como debe ser el funcionamiento es el correcto.

Cómoda por lo pequeña pero claro eso conlleva que hay que llenarla de agua muy a menudo, es lo que hay.",Jabidoya,Revisado en España el 14 de marzo de 2019
Buena compra por el momento,"4,0 de 5 estrellas","Teníamos un modelo anterior que se averió después de muchos años. De momento todo perfecto. Hace el ruido normal de estos aparatos, menos q la más antigua. La única pega es q Rocio depósito es pequeño y hay q rellenarlo casi Ena cada uso.",Pablo,Revisado en España el 16 de noviembre de 2017
Muy bien de precio la de color negro.,"4,0 de 5 estrellas","Es muy barata y la verdad es que no funciona mal. La quería para una casa no habitual, sin grandes pretensiones y ha cumplido mis expectativas.",Chema y.,Revisado en España el 12 de febrero de 2020
"Buen producto, recomendable","4,0 de 5 estrellas","Hace buen café en poco tiempo, el problema es el depósito de agua que es pequeño y por mi situación debería estar detrás para llenar con más facilidad.",CARLITOS CARLANGA,Revisado en España el 13 de septiembre de 2019
Excelente compra,"4,0 de 5 estrellas","La máquina funciona a la perfección, el café con leche sale un poco Aguado pero el resto está delicioso. Muy buena compra, fácil de usar y también sirve para hacer infusiones.",Nelo Alcántara,Revisado en España el 13 de diciembre de 2018
Una buena cafetera,"4,0 de 5 estrellas","Es una buena cafetera, calidad precio. El único pero es la manual de instruccione que debe mejorar. Tuve que buscar en YouTube por mi cuenta de cómo funciona el aparato.",Cliente Amazon,Revisado en España el 1 de agosto de 2019
la comodidad de poder comprarlo por internet,"4,0 de 5 estrellas","me ha costado mucho saber como funciona ( me puse en google ) y lo averigue
pero una vez sabido funciona bien y el cafe sale bueno",maria vives,Revisado en España el 11 de enero de 2020
Precio ganga,"4,0 de 5 estrellas","Precio increíble para la calidad de la máquina. Hace un café muy bueno. El color, muy atractivo. La única pega que le pondría es que hay que esperar para desenchufarla. Por lo demás, genial.",Tamara M.,Revisado en España el 18 de mayo de 2019
calidad precio excelente,"4,0 de 5 estrellas","el precio i la calidad son muy correctos. el unico peroes que el depósito de agua es extremadamente pequeño, no llega para hacer 3 cafés largos.",davidquart,Revisado en España el 30 de abril de 2019
Embalaje en mal estado,"4,0 de 5 estrellas","Una cafetera de Bosch fantástica, lo que no me gusto es que la caja llego abierta y en mal estado.",Javi,Revisado en España el 23 de marzo de 2020
"Cafetera funcional, en poco espacio","4,0 de 5 estrellas","El depósito del agua es pequeño, salen 2 cafés largos. Por lo demás, es un producto correcto para su precio, ocupa poco espacio y Hace bien su función.",Cliente,Revisado en España el 22 de diciembre de 2018
Buena maquina,"4,0 de 5 estrellas",Nos gusta el cafe pero demasiado escaso por capsula.Tenemos que hacer como minimo dos capsulas por persona por lo que nos sale mas barato ir a la cafeteria,Rodolfo,Revisado en España el 22 de julio de 2019
Cafetera Tassimo,"4,0 de 5 estrellas","Cafetera reacondicionada, pero que estaba en perfecto estado y funciona de maravilla. El precio fue insuperable. Tienes para escoger varios tipos de bebidas para hacer, lástima que no haya cápsulas compatibles.",Manel,Revisado en España el 2 de agosto de 2018
Funcional,"4,0 de 5 estrellas",Cómoda sencilla y hace buen café,Jesus Juarez Martinez,Revisado en España el 18 de octubre de 2020
Buena cafetera aunque el café sale un poco aguado,"4,0 de 5 estrellas","Me ha gustado mucho ...calidad precio está genial...tienes muchas bebidas para elegir ...
Lo único q el café sale un poco líquido ...más tipo americano ...deberían mejorar un poco la calidad del café",daverock,Revisado en España el 15 de agosto de 2018
Cafetera perfecta,"5,0 de 5 estrellas","Buena cafetera, en mi opinión recomendada al 100%, aunque también es cierto que, hasta ahora, solamente he tenido dos cafeteras y de la misma gama. Es muy bonita en cuanto a estética, Personalmente me gustan más que la de dolce gusto, para mí tienen una mejor variedad de capsulas. y aunque no tengan capsulas compatibles el precio no varía demasiado con respecto a las originales.

No hace demasiado ruido y la capacidad de agua está bien. Muy buena cafetera calidad-precio.",José Manuel Moreno González,Revisado en España el 15 de febrero de 2019
Contenta con la compra,"5,0 de 5 estrellas","Tenían otro modelo de tassimo hace años. En comparación, esta es más pequeña pero también vale menos. Pocas cafeteras de cápsulas se encuentran por menos de 50 euros! Funciona muy bien. Se enciende sola al poner la capsula y se apaga sola unos minutos después del uso. Muy fácil de usar. Estoy contenta con la compra.",BEATRIZ,Revisado en España el 18 de noviembre de 2020
Excelente,"5,0 de 5 estrellas","Encantado de haber adquirido una tassimo, venden un cartucho recargable para que lo rellenes del café de tu preferencia encantado con esta cafetera no tiene que envidiarle a ninguna del mercado",Emilio ferro,Revisado en España el 26 de noviembre de 2021
Recomendable al 100%,"5,0 de 5 estrellas","Probé esta misma cafetera en la oficina y quedé gratamente sorprendido. Muy fácil de utilizar, práctica y cómoda. Ocupa muy poquito espacio y el rendimiento es excelente.
La compré gracias una oferta compuesta por cafetera + 80 cápsulas por 46€ y contentísimo hasta la fecha.
Para mi gusto, prefiero un café de esta máquina que los que preparan en muchísimos bares (y a mejor precio).",6R1MM,Revisado en España el 29 de agosto de 2020
Muy Buena relación calidad precio,"5,0 de 5 estrellas","Nunca imaginé que fuera tan sencilla de usar y hace muy buen café, el tamaño es reducido y se regula para tazas altas y bajas , además no es muy ruidosa y con la gama que hay de café, té y chocolate, ya estamos servidos en casa, amazon también tiene un cajón muy chulo para poner las cápsulas que además soporta el peso de la cartera,con lo que el espacio se aprovecha al máximo, cuando lo compre envío una foto",sandra,Revisado en España el 7 de febrero de 2019
Calidad precio insuperable,"5,0 de 5 estrellas","La verdad que no tengo ni una sola queja. Venía de otra Bosh tassimo de hace años y me dio muy buen resultado. El tamaño es muy compacto, y el café muy bueno para mi gusto. Bastante silenciosa. El precio muy económica y además si registras la máquina en tassimo te dan 20€ en cápsulas, con lo que la cafetera te sale prácticamente gratis. Compra muy recomendable.",D.H.,Revisado en España el 27 de abril de 2020
"Marcilla, mucho mejor que Nescafe","5,0 de 5 estrellas","Ya tuve una Tassimo, pero empezó a fallar al no calentar bien, también tengo una Dolçe Gusto, pero las capsulas de Marcilla de Cortado o Cafe con leche son insuperables. Me ha llegado hoy y va perfectamente siendo muy sencilla y rápida, si hay que ponerle una pega seria la capacidad del deposito de agua que no es muy grande comparado con otras, pero eso si, es mas practica al ser mas pequeña para colocarla en cualquier lado.",Cliente Amazon,Revisado en España el 4 de abril de 2019
Relación calidad- precio,"5,0 de 5 estrellas","Tengo un apartamento muy pequeño y esta cafetera ha cumplido su objetivo con creces.. es más compre otra igual por el buen resultado desde el primer día... compacta... fácil de usar y limpiar... rápida y muy buen sabor con Gran variedad de capsulas.
Es más... quede tan encantada que compre otra igual para otro estudio... es perfecta para sitios pequeños y muy sencilla y práctica. La recomiendo totalmente y por el precio mucho más.",Yoli,Revisado en España el 4 de mayo de 2019
Muy buena compra,"5,0 de 5 estrellas","Va de lujo la maquina posee un lector que si compras cápsulas originales hace el café como lo indica
Indica si le falta agua antes de hacer el café
Va genial no derrama
Esta muy bien
Sorprendido con esta cafetera y más con el precio",Angelo de vita,Revisado en España el 28 de enero de 2021
Que cuando te apetece un café solo o con leche sabe muy ESQUISTO,"5,0 de 5 estrellas",Ya tuve otra hace tiempo y la verdad es que la vida que me va a dar tomando un café express. Lo que supongo que es compatible con cápsulas para todos los modelos de café descafeinado y normal. Sólo me gustaría saber que modelo de cápsula es compatible?. Por lo que ruego me hagan saber que tipo de capsulas de café descafeinado y con leche son compatibles.,Fernando Zurdo,Revisado en España el 28 de marzo de 2020
"Buen diseño, excelente relación calidad-precio, diversidad de cápsulas (incluido chocolate)","5,0 de 5 estrellas","Es la misma tecnología que hace 10 años, pero con una máquina de dimensiones mucho más pequeña y fácil de limpiar. Muy recomendable. Además tiene la ventaja de vender las cápsulas de café con leche, con lo cual no tienes que tener la leche aparte, resultando muy cómodo. También tiene la posibilidad de adquirir el chocolate caliente, una ventaja respecto a otras marcas.",IGNACIO DELGADO MINGORANCE,Revisado en España el 28 de diciembre de 2019
"Buena, bonita y muy barata.","5,0 de 5 estrellas","Es súper sencilla, bonita y el café está bueno. Me parece baratísima. Somos dos en casa, con dos cafés al día cada uno y va de sobra. El único inconveniente es que a veces en algunos supermercados no tienen cafés para Tassimo o no hay mucha variedad, pero yo siempre compro las cápsulas en Amazon o en la web de Tassimo y me va perfecto.",Gabi Tena,Revisado en España el 14 de mayo de 2020
Encantada con mi cafetera!!,"5,0 de 5 estrellas","La verdad estoy feliz con mi cafetera Tassimo, no puedo pedir más, es pequeña, cómoda y muy práctica de utilizar. Las marcas que venden sus cápsulas tienen muy buenos sabores, y aunque no hay cápsulas genéricas debo decir que no sale tan costoso como otras, ademas, el precio de la cafetera de por si ya fue más bajo que el resto. La recomiendo por ahora, esperemos a ver con el tiempo que tal es su durabilidad.",Cliente Amazon,Revisado en España el 5 de marzo de 2019
Muy buena cafetera,"5,0 de 5 estrellas","El envío fue rápido, es muy cómoda de hacerla funcionar ya que solo tienes que poner la capsula y darle al botón de puesta en marcha para que salga justo el café que quieres. Mucho mejor de lo que esperaba. Se puede regular la altura de la plataforma para la taza según el producto que se quiera. Totalmente recomendable para hacer un regalo o para uno mismo para casa.",Cliente Amazon,Revisado en España el 8 de octubre de 2018
Muy buena cafetera,"5,0 de 5 estrellas","Compre una para la oficina, sobre todo por el precio. Pero después de usarla me gustó tanto que acabe desechando mi vieja nespresso y comprandome esta. Mas barata, un diseño bonito, mas rapida y con capsulas de cafe de marcas conocidas (l'or, marcilla...). Después de varios meses de uso estoy encantada. Le doy un uso normal (un café o dos diario).",Mmiramon,Revisado en España el 20 de junio de 2019
Sencilla y cafés vistosos.,"5,0 de 5 estrellas","Los cafés resultan tal y como se ven en los dibujos o fotos. La descripción de la cafetera coincide con la realidad, esto es, sencilla, compacta, no mezcla sabores entre diferentes bebidas y el tiempo de preparación es breve. La máquina la encuentro agradable y muy útil para este tipo de bebidas -todo tipo de cafés, chocolate y tes.",Juan Andrés Esparza,Revisado en España el 11 de enero de 2020
"Perfecta, pequeña y facil de usar","5,0 de 5 estrellas","Teniamos el modelo antiguo un poco más grande y hemos vuelto a comprarla despues de muchos años funcionando. Este modelo es el XS, un poco más pequeña pero mucho mejor, ocupa menos espacio y hace la misma función. Utilizamos cafe l’or y sale riquisimo.",Anna C,Revisado en España el 2 de enero de 2021
Muy buen sabor,"5,0 de 5 estrellas","La mejor que he probado hasta el momento, ahora siempre compro esta por las capsulas de cafe largo (con leche) que aun sin echarle azucar tienen un sabor exquisito, nada que ver con las nestcafe que sabe a rayos.",Pedro López,Revisado en España el 10 de marzo de 2021
Muy buena cafetera,"5,0 de 5 estrellas","El sabor no lo da la cafetera, lo da el cafe.
Pese a ese detalle, la maquina funciona muy bien. Comoda, facil de usar y de limpiar.
De momento, desde el dia que la estrene y de esto ya hace varios dias, la maquina funciona ala perfeccion.
No en vano, es una Bosch y, esa marca, es de plena confianza a mi entender.",Manu Sanchez,Revisado en España el 7 de noviembre de 2019
Funcionamiento sencillo y cómodo,"5,0 de 5 estrellas","Es una cafetera de uso sencillo, solo hay un botón. Basta con ponerle agua en el depósito y la cápsula, en pocos segundos se puede tomar un café u otra opción de las que ofrece el sistema Tassimo. La acabo de comprar y no sé si va a durar mucho o no, pero parece una buena compra.",Jordi,Revisado en España el 29 de julio de 2019
Muy contento,"5,0 de 5 estrellas","compre la cafetera para remplazar la que tenia ya que me perdia agua por la zona de abajo , solo tomo cafe para el desayuno y me gusta mucho tassimo y su sabor (compro Marcilla) desde hace muchos años y me costaria cambiar ahora mismo de marca tanto de cafe como de cafetera",ana maria,Revisado en España el 14 de marzo de 2020
Bien por amazon,"5,0 de 5 estrellas",No pude estrenarla ya que la devolví antes de que me llegara debido a un error en la descripcion del artiuclo el cual no entendí o comprendí como debia. La cafetera la tiene un amigo mio y es muy buena y toda automatica ya que las capsulas tienen un codigo con el que la maquina sabe la cantidad de agua que debe aplicar y cuando parar.,Joselini,Revisado en España el 24 de julio de 2018
"Calidad, precio, uso.","5,0 de 5 estrellas","Si buscas una una ""cafetera"" que haga de todo, (cafés, capuchinos, infusiones, etc) esta es la tuya. Comodidad un 10, fácil de usar un 10, precio un 10. En tan solo un minuto o menos tienes tu bebida favorita. A parte de esro, si registras tu cafetera en la pagina web de Tashimo te daran descuentos oara comprar sus cápsulas. No te preocupes si no te gusta comprarlas por Internet, en lls supermercados también hay.",Jose Daniel Garcia Jiménez,Revisado en España el 2 de diciembre de 2018
Ideal,"5,0 de 5 estrellas","Si buscas una cafetera económica esta opción que nos ofrece Bosh es ideal. El único problema es a la hora de encontrar cápsulas Tassimo, aunque en la actualidad ya están disponibles en cualquier supermercado, incluyendo mercadona.",Ignacio Sala,Revisado en España el 22 de marzo de 2021
Facil de usar,"5,0 de 5 estrellas",Es muy bonita muy facil de usar ocupa poco espacio.y el café estupendo con un monton de espuma.lo unico malo que no hay todos los sabores en supermercados y en su web el pedido gratis es a partir de 50€ y los codigos descuento solo se aplican con esa cantidad minima.y el envio bien caro tambien .pero la cafetera estupenda.,Ana,Revisado en España el 21 de marzo de 2019
cafetera BOSCH Tassimo,"5,0 de 5 estrellas","Una de mis mejores compras en mucho tiempo,.....barata...funciona a la perfección y despues de unos meses y haciendo casi 20 cafes diariamente esta como el 1º dia.....No me ha dado ningun tipo de problemas (hasta ahora).
Es evidente ke esta marca BOSCH es para capsulas Tassimo de las cuales solo puedo decir ke estoy muy contento, eso si, respetando los gustos de cada uno.",Gonzalo,Revisado en España el 17 de noviembre de 2018
Estupenda 👏🏻,"5,0 de 5 estrellas","Tan facil de limpiar no es porque el plastico es un poco delicado pero es una cafetereza !! Esque hasta me he inventado la palabra, estoy muy contento con ella. Ya llevo mas de 3 meses dandole a tope y va de lujo.",Luis R.,Revisado en España el 9 de diciembre de 2020
Calidad-Precio,"5,0 de 5 estrellas","Me ha sorprendido tanto el buen café que hace como lo caliente que lo saca. Buena cafetera a muy buen precio. Uso el café marcilla largo, no he probado otras bebidas que se le puede añadir, por lo tanto no puedo valorar que tal son",Volcom,Revisado en España el 5 de noviembre de 2020
Excelente,"5,0 de 5 estrellas","Excelente producto, me encanto y tienen muchos sabores en su web..
Me gusto tanto que compre otra para regalar a un familiar.
Fácil de usar, de limpiar y excelente calidad en sus cafés, tés y chocolates.",Nélida Cadenas,Revisado en España el 19 de febrero de 2021
Muy contento,"5,0 de 5 estrellas","Hace unos cafés excelentes con su bomba de 3.3 bares, y posee una variedad de bebidas óptima y sin tener que complicarme con la cápsula (T-Disc) que coloco, porque mediante el código de barras ya sabe lo que tiene que hacer.
Haberle incorporado la desconexión automática fué un acierto y en cuanto al tanque de agua, para dos personas es perfecto, porque siempre tenemos el agua fresca.",Juan M.,Revisado en España el 24 de abril de 2018
Buena compra por sólo 24 €,"5,0 de 5 estrellas","Va genial igual que la anterior que tuve , bueno viene más mejorada pues no tiene botón de encenido y apagado lo hace de forma automática al abrir para poner la cápsula se enciende y cuando termina al minuto aproximado se apaga
Relación calidad precio genial",Anabel,Revisado en España el 5 de septiembre de 2020
Muy facil de usar,"5,0 de 5 estrellas","Es una cafetera ideal. No ocupa casi espacio y es muy sencilla de usar.
Las capsulas de Tassimo, hacen café muy bueno y lo que más me ha gustado es que no acumulan agua dentro de la capsula. Parece una tonteria, pero las otras capsulas siempre me llenaban la basura con agua y acababa gotenado, cosa que me parece bastante desagradable.",Jasmine grubenmann,Revisado en España el 20 de septiembre de 2019
"Perfecta, calidad-precio","5,0 de 5 estrellas","Es perfecta le doy un uso intensivo todos los días ya que tomamos mucho café en casa y va como el primer día haciéndole sus limpiezas de vez en cuando ella te avisa automáticamente.
Ademas tassimo tiene muchas marcas de café y tiene buenos precios son de calidad.",Jose Z.,Revisado en España el 18 de abril de 2020
Muy contenta con la compra,"5,0 de 5 estrellas","Funciona genial, tamaño compacto pero con buen depósito, 4 vasos diría yo. Las cápsulas lo único que no pueden ser genéricas, pero en la página web de Tassimo hay buenas ofertas y el café está muy bueno. Puedes elegir el tamaño de tu bebida y no es muy ruidosa. Envío muy correcto.",Ana Belén,Revisado en España el 31 de mayo de 2020
Super recomendable,"5,0 de 5 estrellas","Muy buena relación calidad precio. Estamos encantados, la usamos a diario desde que la compramos y por el momento todo bien. Al principio parece un poco dura cuando quieres cerrar con la cápsula pero luego ya se hace y va perfecta. La recomiendo, no hay mejor precio con esa calidad.",Cliente Amazon,Revisado en España el 19 de junio de 2020
"Pequeña, sencilla y perfecta","5,0 de 5 estrellas","¡Me encanta! Compré esta cafetera en sustitución de otra Tassimo que se me estropeó (y que me salió bastante buena, pues creo que era de los primeros modelos que salieron por el 2010 o así) y estoy encantada con ella. Es muy pequeña y práctica y el café sale perfecto. Espero que me salga tan buena como la anterior que sustituye xD.",Nedyah,Revisado en España el 21 de mayo de 2018
Muy buena máquina para el precio que tiene,"5,0 de 5 estrellas","Me encanta esta cafetera, es la primera que compro de cápsulas y la verdad que estoy muy contento. El diseño es muy bueno y la taza se puede poner a distintas alturas para distinto tamaño.
Me gusta que las cápsulas no se acumulan en un depósito por lo que la limpieza es más sencilla. Además el café se encuentra en los supermercados y es bastante barato.",Pedro,Revisado en España el 12 de julio de 2018
